accession	label	cell_type	tissue	_source_name	_study	__sample	__bsrate	__meth	__depth	__mapping	__uniq	__sites	__hmr_size	__hmr_count	__pmd_size	__pmd_count
DRX015008	Cell Line	NA	NA	NA	DRP001914	DRS014504	0.993	0.617	6.317	0.856	0.707	0.739	7805.57	41844	873754.24	1127
DRX015009	Cell Line	NA	NA	NA	DRP001914	DRS014505	0.993	0.467	5.368	0.846	0.774	0.740	14946.8	16521	813539.04	1529
DRX015012	Cell Line	NA	NA	NA	DRP001914	DRS014508	0.993	0.620	6.973	0.843	0.612	0.797	7588.3	39692	953301.08	842
DRX015015	Cell Line	NA	NA	NA	DRP001914	DRS014511	0.992	0.458	6.336	0.836	0.690	0.774	14431.02	29657	655977.15	1730
DRX015016	Cell Line	NA	NA	NA	DRP001914	DRS014512	0.993	0.584	5.899	0.852	0.637	0.742	8079.63	31587	951714.84	1182
DRX015017	Cell Line	NA	NA	NA	DRP001914	DRS014513	0.993	0.595	5.511	0.833	0.629	0.737	7396.05	40989	823858.48	1022
DRX077947	IMR90	NA	NA	NA	DRP003407	DRS039492	0.994	0.614	2.984	0.826	0.623	0.852	10431.0	39979	880118.06	1267
DRX077948	IMR90	NA	NA	NA	DRP003407	DRS039492	0.994	0.612	2.992	0.828	0.616	0.853	10443.9	39191	875554.05	1272
DRX077949	IMR90	NA	NA	NA	DRP003407	DRS039492	0.995	0.561	3.043	0.826	0.608	0.854	12207.42	32555	877157.85	1257
DRX077950	IMR90	NA	NA	NA	DRP003407	DRS039492	0.995	0.591	2.591	0.827	0.711	0.828	10518.81	33813	970841.97	1132
DRX077951	IMR90	NA	NA	NA	DRP003407	DRS039492	0.993	0.613	5.681	0.508	0.825	0.910	9269.54	44809	823680.29	1381
DRX077952	IMR90	NA	NA	NA	DRP003407	DRS039492	0.993	0.613	4.977	0.509	0.822	0.897	9006.82	42688	878910.45	1289
DRX077953	IMR90	NA	NA	NA	DRP003407	DRS039492	0.994	0.611	3.750	0.506	0.825	0.864	8529.77	38447	970110.9	1133
DRX077954	IMR90	NA	NA	NA	DRP003407	DRS039492	0.994	0.594	4.088	0.523	0.864	0.879	9559.65	37659	897639.82	1243
DRX077955	IMR90	NA	NA	NA	DRP003407	DRS039492	0.994	0.592	5.329	0.517	0.805	0.907	10031.79	40850	870549.11	1303
DRX077956	IMR90	NA	NA	NA	DRP003407	DRS039492	0.994	0.592	3.837	0.513	0.818	0.868	9311.53	36744	921101.34	1202
DRX077957	IMR90	NA	NA	NA	DRP003407	DRS039492	0.991	0.604	6.579	0.489	0.812	0.926	10092.27	45775	748081.16	1542
DRX077958	IMR90	NA	NA	NA	DRP003407	DRS039492	0.993	0.603	5.333	0.499	0.817	0.909	9960.26	42581	808673.97	1419
DRX077959	IMR90	NA	NA	NA	DRP003407	DRS039492	0.994	0.601	3.870	0.502	0.819	0.873	9322.44	37985	911778.19	1236
DRX077960	IMR90	NA	NA	NA	DRP003407	DRS039492	0.984	0.609	4.159	0.026	0.811	0.880	10127.78	40295	859742.34	1319
DRX077961	IMR90	NA	NA	NA	DRP003407	DRS039492	0.984	0.606	3.667	0.034	0.852	0.867	10049.77	39100	897138.76	1250
DRX077962	IMR90	NA	NA	NA	DRP003407	DRS039492	0.984	0.604	2.701	0.046	0.875	0.824	9423.7	34095	992685.22	1104
DRX118406	iPSC	iPSC	NA	NA	DRP004736	DRS085881	0.980	0.752	16.126	0.789	0.611	0.942	1063.84	37659	15797.88	1861
DRX118407	iPSC	iPSC	NA	NA	DRP004736	DRS085882	0.980	0.742	13.607	0.791	0.572	0.939	1100.84	35823	15497.62	2212
DRX118408	iMeLC	iMeLC	NA	NA	DRP004736	DRS085883	0.981	0.759	17.858	0.788	0.580	0.943	1027.05	39922	12412.25	3686
DRX118409	iMeLC	iMeLC	NA	NA	DRP004736	DRS085884	0.981	0.750	14.073	0.794	0.542	0.940	1098.59	36308	17144.3	2433
DRX118410	PGCLC	PGCLC	NA	NA	DRP004736	DRS085885	0.982	0.704	16.923	0.800	0.463	0.942	1003.67	47389	8769.85	3070
DRX118411	PGCLC	PGCLC	NA	NA	DRP004736	DRS085886	0.983	0.680	19.119	0.799	0.507	0.943	1023.73	47555	9032.87	3163
DRX118412	aggregate cultured PGCLC	aggregate cultured PGCLC	NA	NA	DRP004736	DRS085887	0.985	0.359	17.990	0.754	0.553	0.944	3562.2	51228	202597.04	1061
DRX118413	aggregate cultured PGCLC	aggregate cultured PGCLC	NA	NA	DRP004736	DRS085888	0.983	0.361	15.574	0.754	0.478	0.941	3660.29	49621	231851.48	747
DRX118414	aggregate cultured PGCLC	aggregate cultured PGCLC	NA	NA	DRP004736	DRS085889	0.985	0.271	17.900	0.764	0.508	0.943	11793.14	22544	465848.3	135
DRX118415	aggregate cultured PGCLC	aggregate cultured PGCLC	NA	NA	DRP004736	DRS085890	0.984	0.219	16.968	0.738	0.513	0.943	18171.21	13093	382520.35	306
DRX135683	iPSC	iPSC	NA	NA	DRP004736	DRS085908	0.981	0.759	23.163	0.773	0.485	0.943	1015.2	45713	26408.14	3776
DRX135684	aggregate cultured PGCLC	aggregate cultured PGCLC	NA	NA	DRP004736	DRS085909	0.984	0.200	23.328	0.740	0.481	0.944	19714.75	13311	379249.13	378
DRX135685	aggregate cultured PGCLC	aggregate cultured PGCLC	NA	NA	DRP004736	DRS085910	0.985	0.140	12.250	0.716	0.582	0.937	43335.73	5381	285573.99	1310
DRX135686	aggregate cultured PGCLC	aggregate cultured PGCLC	NA	NA	DRP004736	DRS085911	0.982	0.146	20.599	0.731	0.475	0.942	21416.38	22366	186760.12	2482
DRX218759	Glioma	glioma	NA	NA	DRP006124	DRS139336	0.986	0.550	10.270	0.681	0.600	0.959	8728.59	100180	381587.18	2789
DRX218760	Glioma	glioma	NA	NA	DRP006124	DRS139336	0.988	0.579	12.483	0.706	0.648	0.958	7805.4	111330	383257.35	2772
DRX218761	Glioma	glioma	NA	NA	DRP006124	DRS139337	0.987	0.562	11.685	0.693	0.573	0.961	8152.0	107033	377546.77	2799
DRX218762	Glioma	glioma	NA	NA	DRP006124	DRS139337	0.988	0.582	13.108	0.688	0.589	0.961	7671.52	113626	384089.65	2750
DRX239216	Primary Cancerous	NA	primary cancerous tissue	NA	DRP007963	DRS213089	0.988	0.725	10.828	0.583	0.269	0.966	1274.05	60065	21423.32	1820
DRX239217	Primary Cancerous	NA	primary cancerous tissue	NA	DRP007963	DRS213090	0.987	0.738	5.091	0.591	0.316	0.927	1434.85	44473	34940.08	623
DRX239218	Primary Cancerous	NA	primary cancerous tissue	NA	DRP007963	DRS213091	0.988	0.689	4.478	0.545	0.213	0.919	2095.26	32451	1433521.92	768
DRX239219	Primary Cancerous	NA	primary cancerous tissue	NA	DRP007963	DRS213092	0.988	0.703	4.652	0.553	0.212	0.922	1999.84	31521	1361482.85	822
DRX239220	Primary Cancerous	NA	primary cancerous tissue	NA	DRP007963	DRS213093	0.988	0.636	9.095	0.573	0.237	0.963	2377.82	47765	1452744.71	798
DRX239221	Primary Cancerous	NA	primary cancerous tissue	NA	DRP007963	DRS213094	0.987	0.651	4.058	0.582	0.267	0.907	2554.62	36525	1711046.06	698
DRX239222	Primary Cancerous	NA	primary cancerous tissue	NA	DRP007963	DRS213095	0.988	0.648	10.909	0.579	0.293	0.964	3753.19	46450	975592.77	1200
DRX239223	Primary Cancerous	NA	primary cancerous tissue	NA	DRP007963	DRS213096	0.988	0.662	5.533	0.581	0.319	0.934	3761.26	38546	1258554.71	892
DRX239224	Primary Cancerous	NA	primary cancerous tissue	NA	DRP007963	DRS213097	0.988	0.650	10.339	0.579	0.307	0.962	2355.9	50612	752348.45	1405
DRX239225	Primary Cancerous	NA	primary cancerous tissue	NA	DRP007963	DRS213098	0.988	0.661	6.418	0.592	0.349	0.945	2431.49	41575	908771.14	1144
DRX239226	Primary Cancerous	NA	primary cancerous tissue	NA	DRP007963	DRS213099	0.988	0.593	13.518	0.596	0.317	0.968	6326.07	40941	1383367.65	884
DRX239227	Primary Cancerous	NA	primary cancerous tissue	NA	DRP007963	DRS213100	0.988	0.605	6.096	0.627	0.338	0.934	6628.14	34964	1663606.61	697
DRX239228	Primary Cancerous	NA	primary cancerous tissue	NA	DRP007963	DRS213101	0.988	0.549	13.928	0.609	0.389	0.966	11942.2	65346	442867.65	2792
DRX239229	Primary Cancerous	NA	primary cancerous tissue	NA	DRP007963	DRS213102	0.987	0.563	8.887	0.635	0.408	0.954	13803.76	51301	528559.56	2323
DRX239230	Primary Cancerous	NA	primary cancerous tissue	NA	DRP007963	DRS213103	0.988	0.499	13.217	0.598	0.372	0.966	26307.09	22881	697107.21	2339
DRX239231	Primary Cancerous	NA	primary cancerous tissue	NA	DRP007963	DRS213104	0.988	0.518	6.937	0.629	0.384	0.944	31679.13	12494	829818.51	1917
DRX239232	Primary Cancerous	NA	primary cancerous tissue	NA	DRP007963	DRS213105	0.987	0.642	13.086	0.607	0.335	0.968	3264.04	54008	1197917.57	964
DRX239233	Primary Cancerous	NA	primary cancerous tissue	NA	DRP007963	DRS213106	0.988	0.656	5.705	0.642	0.312	0.934	3200.39	41879	1553364.4	683
DRX239234	Metastatic Cancerous Tissue Obtained From Lung Metastasis	NA	metastatic cancerous tissue obtained from lung metastasis	NA	DRP007963	DRS213107	0.987	0.727	7.243	0.598	0.355	0.955	1235.85	38960	14614.88	1255
DRX239235	Metastatic Cancerous Tissue Obtained From Lung Metastasis	NA	metastatic cancerous tissue obtained from lung metastasis	NA	DRP007963	DRS213108	0.986	0.730	4.114	0.597	0.437	0.912	1358.73	33194	30257.9	399
DRX239236	Metastatic Cancerous Tissue Obtained From Lung Metastasis	NA	metastatic cancerous tissue obtained from lung metastasis	NA	DRP007963	DRS213109	0.983	0.678	5.561	0.542	0.325	0.943	1429.99	30836	33284.19	361
DRX239237	Metastatic Cancerous Tissue Obtained From Lung Metastasis	NA	metastatic cancerous tissue obtained from lung metastasis	NA	DRP007963	DRS213110	0.982	0.679	4.770	0.578	0.355	0.918	1524.66	29762	30553.4	368
DRX239238	Metastatic Cancerous Tissue Obtained From Lung Metastasis	NA	metastatic cancerous tissue obtained from lung metastasis	NA	DRP007963	DRS213111	0.984	0.644	8.486	0.545	0.402	0.959	2489.64	45105	1367719.22	857
DRX239239	Metastatic Cancerous Tissue Obtained From Lung Metastasis	NA	metastatic cancerous tissue obtained from lung metastasis	NA	DRP007963	DRS213112	0.984	0.648	2.558	0.566	0.467	0.831	2950.36	29116	2173881.88	492
DRX239240	Metastatic Cancerous Tissue Obtained From Lung Metastasis	NA	metastatic cancerous tissue obtained from lung metastasis	NA	DRP007963	DRS213113	0.986	0.632	10.558	0.552	0.436	0.961	4151.43	49727	926706.72	1223
DRX239241	Metastatic Cancerous Tissue Obtained From Lung Metastasis	NA	metastatic cancerous tissue obtained from lung metastasis	NA	DRP007963	DRS213114	0.986	0.636	4.375	0.585	0.484	0.904	4352.3	35794	1325702.39	818
DRX239242	Metastatic Cancerous Tissue Obtained From Hepatic Metastasis	NA	metastatic cancerous tissue obtained from hepatic metastasis	NA	DRP007963	DRS213115	0.975	0.679	8.840	0.594	0.439	0.954	1340.24	33995	23669.07	1242
DRX239243	Metastatic Cancerous Tissue Obtained From Hepatic Metastasis	NA	metastatic cancerous tissue obtained from hepatic metastasis	NA	DRP007963	DRS213116	0.975	0.685	3.128	0.603	0.490	0.862	1762.94	28155	51113.46	331
DRX239244	Metastatic Cancerous Tissue Obtained From Lung Metastasis	NA	metastatic cancerous tissue obtained from lung metastasis	NA	DRP007963	DRS213117	0.985	0.665	7.961	0.550	0.365	0.958	1441.78	35272	1231938.57	944
DRX239245	Metastatic Cancerous Tissue Obtained From Lung Metastasis	NA	metastatic cancerous tissue obtained from lung metastasis	NA	DRP007963	DRS213118	0.984	0.668	6.122	0.589	0.406	0.939	1569.15	33034	1667807.46	659
DRX239246	Metastatic Cancerous Tissue Obtained From Lung Metastasis	NA	metastatic cancerous tissue obtained from lung metastasis	NA	DRP007963	DRS213119	0.986	0.561	8.691	0.582	0.482	0.958	14730.3	47477	521914.0	2427
DRX239247	Metastatic Cancerous Tissue Obtained From Lung Metastasis	NA	metastatic cancerous tissue obtained from lung metastasis	NA	DRP007963	DRS213120	0.987	0.575	7.762	0.598	0.515	0.952	14667.89	46587	547594.12	2301
DRX239248	Metastatic Cancerous Tissue Obtained From Distant Lymph Node Metastasis	NA	metastatic cancerous tissue obtained from distant lymph node metastasis	NA	DRP007963	DRS213121	0.988	0.473	10.807	0.559	0.529	0.960	31709.28	21570	551362.88	2973
DRX239249	Metastatic Cancerous Tissue Obtained From Distant Lymph Node Metastasis	NA	metastatic cancerous tissue obtained from distant lymph node metastasis	NA	DRP007963	DRS213122	0.988	0.481	5.016	0.559	0.562	0.926	50439.73	6779	699690.69	2294
DRX239250	Metastatic Cancerous Tissue Obtained From Lung Metastasis	NA	metastatic cancerous tissue obtained from lung metastasis	NA	DRP007963	DRS213123	0.980	0.553	9.779	0.560	0.582	0.957	10039.81	38886	905810.7	1345
DRX239251	Metastatic Cancerous Tissue Obtained From Lung Metastasis	NA	metastatic cancerous tissue obtained from lung metastasis	NA	DRP007963	DRS213124	0.980	0.558	3.611	0.600	0.558	0.874	9474.91	26762	1225155.83	975
DRX248952	MDA-MB-231	NA	NA	NA	DRP007001	DRS173523	0.997	0.493	12.024	0.833	0.716	0.944	14530.29	75683	465508.81	2707
DRX248953	BT-474	NA	NA	NA	DRP007001	DRS173524	0.996	0.779	22.516	0.845	0.765	0.942	2162.13	67096	61819.52	2306
DRX334515	TSLprimed	TSLprimed	NA	NA	DRP008243	DRS229891	0.988	0.440	14.811	0.632	0.752	0.937	17148.54	65421	315196.17	4305
DRX334518	TSLprimed	TSLprimed	NA	NA	DRP008243	DRS229892	0.988	0.463	15.750	0.631	0.743	0.938	15660.65	64056	354287.46	3642
DRX488704	T-iPS	T-iPS cell	T-iPS cell	NA	DRP014307	DRS524599	0.976	0.786	31.763	0.883	0.817	0.968	1160.8	42978	9171.34	4651
DRX488705	iPS	iPS cell	iPS cell	NA	DRP014307	DRS524600	0.975	0.814	31.223	0.881	0.824	0.964	1198.65	43075	15607.65	4684
DRX578365	Small Airway Epithelial	NA	Small airway epithelial cell	NA	DRP012061	DRS407886	0.992	0.676	24.569	0.875	0.659	0.961	945.63	99444	12879.51	2845
DRX578366	Small Airway Epithelial	NA	Small airway epithelial cell	NA	DRP012061	DRS407887	0.988	0.675	27.496	0.874	0.629	0.961	960.19	100804	12944.98	2943
DRX578367	Small Airway Epithelial	NA	Small airway epithelial cell	NA	DRP012061	DRS407888	0.971	0.682	24.644	0.871	0.655	0.960	1001.96	96760	14921.78	2574
DRX578368	Small Airway Epithelial	NA	Small airway epithelial cell	NA	DRP012061	DRS407889	0.965	0.682	22.694	0.870	0.667	0.959	1016.85	94338	14472.17	2781
DRX578369	Small Airway Epithelial	NA	Small airway epithelial cell	NA	DRP012061	DRS407890	0.972	0.680	23.569	0.871	0.673	0.960	1000.39	96113	14335.49	2744
DRX578370	Small Airway Epithelial	NA	Small airway epithelial cell	NA	DRP012061	DRS407891	0.971	0.684	29.456	0.870	0.604	0.961	1005.28	99669	14161.34	3094
ERX10332595	Colon	NA	colon	NA	ERP144942	ERS14634570	0.983	0.526	4.578	0.842	0.871	0.826	2197.96	31416	46224.25	199
ERX10332596	Colon	NA	colon	NA	ERP144942	ERS14634571	0.983	0.528	5.471	0.870	0.744	0.800	1654.51	31616	40418.12	324
ERX10332606	Colon	NA	colon	NA	ERP144942	ERS14634581	0.984	0.534	6.648	0.850	0.690	0.817	1914.98	28874	48950.12	124
ERX10332608	Colon	NA	colon	NA	ERP144942	ERS14634583	0.984	0.480	5.805	0.854	0.738	0.759	1610.09	31450	48426.19	369
ERX10332609	Colon	NA	colon	NA	ERP144942	ERS14634584	0.984	0.553	7.016	0.850	0.689	0.847	1957.6	27936	38583.81	190
ERX10332612	Colon	NA	colon	NA	ERP144942	ERS14634587	0.983	0.512	4.191	0.876	0.777	0.734	1770.78	30744	56455.44	286
ERX10332625	Colon	NA	colon	NA	ERP144942	ERS14634600	0.983	0.572	6.010	0.845	0.868	0.884	1533.96	35863	29776.54	581
ERX10332636	Colon	NA	colon	NA	ERP144942	ERS14634611	0.983	0.547	3.488	0.838	0.893	0.765	3663.99	27878	1269586.07	880
ERX10332647	Colon	NA	colon	NA	ERP144942	ERS14634622	0.984	0.538	3.751	0.844	0.890	0.762	1669.51	31474	47413.21	350
ERX10332658	Colon	NA	colon	NA	ERP144942	ERS14634633	0.984	0.500	5.645	0.858	0.708	0.763	1787.53	31793	59947.1	173
ERX10332669	Colon	NA	colon	NA	ERP144942	ERS14634644	0.983	0.502	4.897	0.850	0.697	0.737	1725.52	32496	58547.13	273
ERX10332680	Colon	NA	colon	NA	ERP144942	ERS14634655	0.983	0.547	4.209	0.869	0.764	0.726	4625.88	27091	1182680.05	968
ERX10332688	Colon	NA	colon	NA	ERP144942	ERS14634663	0.983	0.528	3.548	0.869	0.819	0.716	2057.05	29727	100231.42	108
ERX10332691	Colon	NA	colon	NA	ERP144942	ERS14634666	0.983	0.544	6.058	0.871	0.779	0.830	1746.29	32072	34464.52	382
ERX10332702	Colon	NA	colon	NA	ERP144942	ERS14634677	0.983	0.487	6.287	0.856	0.784	0.847	14270.62	18620	848773.37	1527
ERX10332706	Colon	NA	colon	NA	ERP144942	ERS14634681	0.984	0.554	3.804	0.863	0.838	0.722	1960.84	28784	110257.83	103
ERX1048326	ESC	NA	NA	NA	ERP008742	ERS700729	0.969	0.511	2.470	0.430	0.982	0.784	4494.68	22326	510351.26	1076
ERX1048345	ESC	NA	NA	NA	ERP008742	ERS700729	0.969	0.511	2.488	0.429	0.983	0.786	4540.48	22492	498502.03	1140
ERX1051905	Breast	NA	NA	NA	ERP011276	ERS804004	0.995	0.452	32.022	0.802	0.844	0.931	8036.14	72564	214382.17	2970
ERX1051906	Breast	NA	NA	NA	ERP011276	ERS804005	0.994	0.509	13.441	0.688	0.930	0.920	9560.56	64462	236524.87	2845
ERX1201829	hES1	NA	NA	NA	ERP008742	ERS791830	0.980	0.241	2.828	0.578	0.808	0.767	2416826.0	1	0.0	0
ERX1201830	hES2	NA	NA	NA	ERP008742	ERS791831	0.977	0.265	2.650	0.569	0.719	0.755	2130947.0	1	0.0	0
ERX1201831	hES3	NA	NA	NA	ERP008742	ERS791832	0.981	0.251	3.110	0.604	0.776	0.780	2190405.0	1	0.0	0
ERX1201833	hKSR2	NA	NA	NA	ERP008742	ERS791834	0.975	0.667	2.617	0.460	0.955	0.760	1565.51	29017	53667.84	248
ERX1201834	hKSR3	NA	NA	NA	ERP008742	ERS791835	0.974	0.661	2.735	0.518	0.957	0.767	1583.3	28693	51621.73	249
ERX1201835	hES1	NA	NA	NA	ERP008742	ERS791830	0.979	0.242	3.054	0.576	0.789	0.785	1619072.0	1	0.0	0
ERX1201836	hES2	NA	NA	NA	ERP008742	ERS791831	0.976	0.266	2.853	0.565	0.692	0.773	1746724.0	1	0.0	0
ERX1201837	hES3	NA	NA	NA	ERP008742	ERS791832	0.980	0.252	3.356	0.602	0.754	0.797	0.0	0	0.0	0
ERX1201839	hKSR2	NA	NA	NA	ERP008742	ERS791834	0.975	0.670	2.863	0.460	0.950	0.781	1544.39	29358	44837.37	368
ERX1201840	hKSR3	NA	NA	NA	ERP008742	ERS791835	0.974	0.665	2.983	0.518	0.953	0.787	1559.98	29289	44729.76	353
ERX1201841	hES1	NA	NA	NA	ERP008742	ERS791830	0.979	0.242	3.036	0.575	0.791	0.784	2132278.0	1	0.0	0
ERX1201842	hES2	NA	NA	NA	ERP008742	ERS791831	0.976	0.266	2.834	0.564	0.695	0.771	2152285.0	1	21019798.0	1
ERX1201843	hES3	NA	NA	NA	ERP008742	ERS791832	0.980	0.252	3.336	0.601	0.756	0.796	1619174.0	1	14735572.0	2
ERX1201845	hKSR2	NA	NA	NA	ERP008742	ERS791834	0.975	0.670	2.844	0.460	0.951	0.779	1559.15	28985	49160.64	290
ERX1201846	hKSR3	NA	NA	NA	ERP008742	ERS791835	0.974	0.665	2.967	0.517	0.953	0.786	1563.45	29141	51264.33	208
ERX1201847	hES1	NA	NA	NA	ERP008742	ERS791830	0.979	0.243	3.025	0.575	0.794	0.783	2132174.0	1	0.0	0
ERX1201848	hES2	NA	NA	NA	ERP008742	ERS791831	0.976	0.266	2.833	0.565	0.700	0.771	2190264.0	1	18375949.5	2
ERX1201849	hES3	NA	NA	NA	ERP008742	ERS791832	0.980	0.252	3.331	0.601	0.760	0.796	2132322.0	1	0.0	0
ERX1201851	hKSR2	NA	NA	NA	ERP008742	ERS791834	0.975	0.671	2.837	0.460	0.952	0.779	1558.32	29072	46430.52	311
ERX1201852	hKSR3	NA	NA	NA	ERP008742	ERS791835	0.974	0.666	2.952	0.517	0.954	0.785	1577.63	28821	45986.41	294
ERX1275806	ESC	NA	NA	NA	ERP008742	ERS700729	0.970	0.511	2.537	0.435	0.986	0.795	4610.84	22271	502631.55	1100
ERX1275825	ESC	NA	NA	NA	ERP008742	ERS700729	0.970	0.511	2.533	0.437	0.986	0.794	4591.73	22411	505090.92	1114
ERX1327460	Embryo	embryonic stem cell	embryo	NA	ERP014223	ERS1057271	0.979	0.241	8.950	0.568	0.455	0.915	40501.95	181	0.0	0
ERX1327461	Embryo	embryonic stem cell	embryo	NA	ERP014223	ERS1057272	0.976	0.263	7.420	0.558	0.316	0.899	12148.99	4364	0.0	0
ERX1327462	Embryo	embryonic stem cell	embryo	NA	ERP014223	ERS1057273	0.980	0.250	9.418	0.594	0.398	0.915	8102.88	20835	0.0	0
ERX1327466	Embryo	pluripotent stem cell	embryo	NA	ERP014223	ERS1057277	0.974	0.659	5.099	0.515	0.814	0.865	1450.03	31075	32044.57	397
ERX1327467	Embryo	pluripotent stem cell	embryo	NA	ERP014223	ERS1057278	0.975	0.671	10.447	0.454	0.852	0.929	1307.55	33869	19417.24	1164
ERX1327468	Embryo	pluripotent stem cell	embryo	NA	ERP014223	ERS1057279	0.974	0.666	10.922	0.511	0.858	0.930	1316.06	33745	19184.38	1022
ERX1403212	F1 hPGCLC1	NA	NA	NA	ERP008742	ERS819841	0.976	0.496	2.578	0.648	0.060	0.710	3857.06	20411	724622.77	653
ERX1709191	hEpiLC 2016214 2	NA	NA	NA	ERP008742	ERS1167676	0.989	0.613	2.313	0.869	0.976	0.702	4935.18	40559	447407.31	1496
ERX1709194	hEpiLC 201635	NA	NA	NA	ERP008742	ERS1167679	0.987	0.580	2.128	0.828	0.981	0.777	8319.34	38309	472719.05	1532
ERX1765531	Brain	NA	brain	NA	ERP018009	ERS1414871	0.986	0.685	11.446	0.679	0.986	0.951	1153.15	42671	17137.48	3837
ERX1765532	Brain	NA	brain	NA	ERP018009	ERS1414872	0.986	0.692	12.430	0.667	0.986	0.952	1155.01	42965	17514.22	4032
ERX1765533	Brain	NA	brain	NA	ERP018009	ERS1414873	0.985	0.686	11.292	0.666	0.985	0.951	1155.77	42360	17119.74	3798
ERX1765537	Brain	NA	brain	NA	ERP018009	ERS1414877	0.998	0.651	11.734	0.700	0.987	0.951	1273.01	54292	107495.1	3664
ERX1765538	Brain	NA	brain	NA	ERP018009	ERS1414878	0.998	0.656	13.842	0.687	0.986	0.953	1303.72	57142	110966.47	3776
ERX1765539	Brain	NA	brain	NA	ERP018009	ERS1414879	0.998	0.651	12.027	0.688	0.986	0.951	1275.21	54739	109609.07	3658
ERX1823636	S6EOSKSR 1	NA	NA	NA	ERP008742	ERS1404569	0.978	0.643	3.757	0.776	0.155	0.714	1438.28	27618	45649.07	208
ERX1823638	S6EOSKSR 3	NA	NA	NA	ERP008742	ERS1404570	0.979	0.677	3.060	0.773	0.209	0.735	1487.07	26908	51964.9	188
ERX1823641	S6EOSp5 3	NA	NA	NA	ERP008742	ERS1404620	0.987	0.432	2.310	0.758	0.418	0.721	4640.36	13367	836693.11	886
ERX1823642	S6EOSp9 1	NA	NA	NA	ERP008742	ERS1404572	0.986	0.431	4.378	0.764	0.466	0.805	5092.69	19371	597539.73	1274
ERX1823643	S6EOSp9 2	NA	NA	NA	ERP008742	ERS1404646	0.984	0.385	3.650	0.719	0.588	0.787	5194.42	17032	597350.77	1145
ERX1823644	S6EOSp9 3	NA	NA	NA	ERP008742	ERS1404573	0.984	0.388	3.458	0.764	0.285	0.750	5275.16	13498	636909.61	1062
ERX1823645	S6EOSp15 1	NA	NA	NA	ERP008742	ERS1404621	0.986	0.339	2.258	0.756	0.168	0.737	0.0	0	613063.19	1439
ERX1823646	S6EOSp15 2	NA	NA	NA	ERP008742	ERS1404574	0.984	0.356	2.596	0.777	0.123	0.715	0.0	0	675614.49	1272
ERX1823650	PRGp8 4	NA	NA	NA	ERP008742	ERS1404576	0.985	0.506	4.765	0.744	0.166	0.850	4513.89	25689	366086.71	1042
ERX1965658	GP5D	NA	NA	NA	ERP010942	ERS1642969	0.986	0.631	5.292	0.855	0.637	0.928	12049.37	64172	588772.48	1670
ERX1965659	GP5D	NA	NA	NA	ERP010942	ERS1642970	0.987	0.630	4.223	0.837	0.745	0.910	13051.11	58560	684529.88	1432
ERX1965660	LHSAR cell with HOXB13 transduced	NA	NA	NA	ERP010942	ERS1642971	0.983	0.630	6.351	0.861	0.798	0.938	10957.58	55879	432988.72	2199
ERX1965661	Lhsar	NA	NA	NA	ERP010942	ERS1642972	0.984	0.636	5.940	0.860	0.806	0.933	11158.87	55248	435676.09	2188
ERX1965662	LoVo	NA	NA	NA	ERP010942	ERS1642973	0.988	0.499	10.625	0.864	0.653	0.955	14774.32	66447	472242.48	2914
ERX1965665	VCap	NA	NA	NA	ERP010942	ERS1642976	0.987	0.631	5.580	0.858	0.645	0.921	10817.05	62773	291369.45	2827
ERX2403135	Passage 10 Sort 2	NA	NA	NA	ERP008742	ERS1487930	0.980	0.331	6.868	0.691	0.927	0.882	9249.42	20662	433080.32	1727
ERX2403136	Passage 10 Sort 3	NA	NA	NA	ERP008742	ERS1487931	0.980	0.347	6.325	0.677	0.926	0.879	8324.47	21771	443135.58	1619
ERX2403137	Passage 10 Sort 4	NA	NA	NA	ERP008742	ERS1487932	0.973	0.287	3.370	0.563	0.946	0.798	0.0	0	0.0	0
ERX2515285	Synovial Membrane	NA	synovial membrane	NA	ERP107813	ERS2363469	0.986	0.721	8.914	0.794	0.504	0.931	1215.78	38864	25134.69	1215
ERX2515286	Synovial Membrane	NA	synovial membrane	NA	ERP107813	ERS2363470	0.982	0.723	10.272	0.799	0.270	0.932	1194.72	37023	22026.58	1170
ERX2515287	Synovial Membrane	NA	synovial membrane	NA	ERP107813	ERS2363471	0.983	0.709	8.115	0.814	0.320	0.925	1238.01	38080	24130.21	1032
ERX2515288	Synovial Membrane	NA	synovial membrane	NA	ERP107813	ERS2363472	0.982	0.725	7.653	0.792	0.193	0.926	1244.54	37095	22226.59	1091
ERX2515289	Synovial Membrane	NA	synovial membrane	NA	ERP107813	ERS2363473	0.981	0.719	14.592	0.812	0.317	0.946	1147.58	36089	18356.27	1192
ERX2515290	Synovial Membrane	NA	synovial membrane	NA	ERP107813	ERS2363474	0.983	0.728	10.558	0.815	0.343	0.935	1170.79	37800	25761.94	1212
ERX2515291	Synovial Membrane	NA	synovial membrane	NA	ERP107813	ERS2363475	0.985	0.723	11.108	0.811	0.411	0.937	1158.68	40247	24076.85	1205
ERX2515292	Synovial Membrane	NA	synovial membrane	NA	ERP107813	ERS2363476	0.983	0.706	8.503	0.811	0.430	0.928	1251.07	34343	17054.61	742
ERX2515293	Synovial Membrane	NA	synovial membrane	NA	ERP107813	ERS2363477	0.984	0.723	9.015	0.807	0.348	0.919	1238.06	35828	19602.89	1135
ERX2515294	Synovial Membrane	NA	synovial membrane	NA	ERP107813	ERS2363478	0.982	0.726	10.906	0.813	0.377	0.935	1182.34	41499	22447.69	1028
ERX2515295	Synovial Membrane	NA	synovial membrane	NA	ERP107813	ERS2363479	0.983	0.723	11.232	0.807	0.439	0.940	1161.75	40845	22345.21	1375
ERX2515296	Synovial Membrane	NA	synovial membrane	NA	ERP107813	ERS2363480	0.985	0.716	5.716	0.769	0.154	0.910	1323.18	36756	26321.75	926
ERX2515297	Synovial Membrane	NA	synovial membrane	NA	ERP107813	ERS2363481	0.984	0.716	11.486	0.813	0.325	0.942	1240.19	35386	13556.85	1527
ERX2515298	Synovial Membrane	NA	synovial membrane	NA	ERP107813	ERS2363482	0.983	0.726	10.578	0.808	0.272	0.939	1176.76	39969	17780.97	1565
ERX2515299	Synovial Membrane	NA	synovial membrane	NA	ERP107813	ERS2363483	0.983	0.722	8.841	0.810	0.387	0.930	1224.37	36358	19707.04	1122
ERX2515300	Synovial Membrane	NA	synovial membrane	NA	ERP107813	ERS2363484	0.982	0.717	8.180	0.812	0.207	0.926	1230.05	36002	21983.34	1087
ERX2543600	693-D6 TE Embryo 2	NA	NA	NA	ERP008742	ERS1487912	0.980	0.216	2.884	0.651	0.894	0.730	0.0	0	691179.28	589
ERX2543607	308-D5 TE Embryo 1	NA	NA	NA	ERP008742	ERS1487919	0.981	0.243	2.732	0.637	0.806	0.703	112679.35	173	778343.64	587
ERX2543608	308-D5 TE Embryo 2	NA	NA	NA	ERP008742	ERS1487920	0.983	0.197	3.947	0.649	0.838	0.779	0.0	0	575070.93	891
ERX2543611	P14(2)	NA	NA	NA	ERP008742	ERS1487923	0.985	0.509	3.167	0.733	0.385	0.793	4310.66	22527	483724.83	805
ERX2543612	P8(3)	NA	NA	NA	ERP008742	ERS1487924	0.985	0.559	3.260	0.723	0.330	0.821	3807.21	25884	279529.56	525
ERX2543614	P11(4)	NA	NA	NA	ERP008742	ERS1487926	0.986	0.721	2.741	0.746	0.418	0.747	1810.98	30974	320672.31	570
ERX2690381	Colon	NA	colon	NA	ERP109610	ERS2586485	0.992	0.511	5.984	0.829	0.928	0.710	2002.72	27557	66254.44	186
ERX2690406	Colon	NA	colon	NA	ERP109610	ERS2586513	0.997	0.503	6.476	0.823	0.860	0.879	1478.0	30400	27519.13	505
ERX2690417	Colon	NA	colon	NA	ERP109610	ERS2586526	0.996	0.495	6.559	0.819	0.894	0.766	2242.11	23784	56494.87	126
ERX2690430	Colon	NA	colon	NA	ERP109610	ERS2586541	0.992	0.511	5.296	0.821	0.937	0.773	6356.7	24453	1105949.88	1027
ERX2690437	Colon	NA	colon	NA	ERP109610	ERS2586549	0.996	0.512	4.491	0.815	0.901	0.798	1938.81	28027	40464.48	215
ERX2691753	Colon	NA	colon	NA	ERP109664	ERS2592430	0.997	0.463	6.895	0.853	0.894	0.710	4796.23	20735	1402104.27	784
ERX2718107	Hippocampus	NA	NA	NA	ERP106410	ERS2614669	0.955	0.834	16.142	0.821	0.635	0.958	1381.82	51956	83450.78	2869
ERX2735839	Blood	NA	NA	NA	ERP110208	ERS2632329	0.994	0.796	12.187	0.840	0.988	0.938	1154.81	47958	9678.39	3286
ERX2735840	Sperm	NA	NA	NA	ERP110208	ERS2632330	0.994	0.792	12.388	0.771	0.983	0.933	2453.65	80438	23090.45	7065
ERX2735841	Blood	NA	NA	NA	ERP110208	ERS2632327	0.994	0.804	15.242	0.832	0.987	0.949	1096.96	49537	10554.01	3472
ERX2735842	Sperm	NA	NA	NA	ERP110208	ERS2632328	0.994	0.765	12.811	0.799	0.986	0.942	2547.08	87302	35824.4	5029
ERX2826971	Lymphoblastoid Cell Line	lymphoblastoid cell line	NA	NA	ERP110315	ERS2643887	0.999	0.537	2.772	0.874	0.994	0.872	15781.2	20045	1553957.07	990
ERX2826972	Lymphoblastoid Cell Line	lymphoblastoid cell line	NA	NA	ERP110315	ERS2643887	0.999	0.538	3.067	0.874	0.993	0.888	15950.57	20631	1545907.17	999
ERX2826973	Lymphoblastoid Cell Line	lymphoblastoid cell line	NA	NA	ERP110315	ERS2643887	0.999	0.537	3.795	0.876	0.992	0.915	15850.46	23336	1586489.67	948
ERX3314985	ERS3374392	NA	NA	NA	ERP114912	ERS3374392	0.959	0.770	8.752	0.594	0.927	0.905	1260.07	47910	26811.2	951
ERX3314986	ERS3374393	NA	NA	NA	ERP114912	ERS3374393	0.952	0.765	7.673	0.669	0.980	0.889	1353.5	45488	33067.63	1136
ERX3314987	ERS3374394	NA	NA	NA	ERP114912	ERS3374394	0.969	0.758	6.817	0.601	0.979	0.893	1295.02	46152	39038.04	863
ERX3314988	ERS3374395	NA	NA	NA	ERP114912	ERS3374395	0.957	0.760	7.157	0.695	0.936	0.891	1365.53	44218	43079.23	1112
ERX3314989	ERS3374396	NA	NA	NA	ERP114912	ERS3374396	0.966	0.766	10.677	0.656	0.946	0.917	1224.38	51442	27527.2	1184
ERX3314990	ERS3374397	NA	NA	NA	ERP114912	ERS3374397	0.960	0.742	6.003	0.554	0.977	0.856	1326.7	45549	43944.5	698
ERX3314991	ERS3374398	NA	NA	NA	ERP114912	ERS3374398	0.965	0.742	3.326	0.682	0.986	0.787	1448.84	39485	74480.8	249
ERX3314992	ERS3374399	NA	NA	NA	ERP114912	ERS3374399	0.966	0.773	9.242	0.674	0.948	0.913	1191.34	52097	29940.18	952
ERX334518	Breast	NA	NA	NA	ERP004221	ERS364139	0.993	0.753	15.079	0.740	0.956	0.946	2352.96	63733	181560.65	2535
ERX334519	Breast	NA	NA	NA	ERP004221	ERS364140	0.994	0.691	38.743	0.794	0.570	0.851	1049.73	47418	17079.83	1040
ERX334520	Breast Cancer	human breast cancer	NA	NA	ERP004221	ERS364141	0.988	0.596	13.229	0.769	0.881	0.879	6593.02	68650	327512.75	1968
ERX334521	Breast	NA	NA	NA	ERP004221	ERS364142	0.994	0.748	31.691	0.551	0.898	0.937	1089.19	47621	13059.99	2424
ERX334522	Breast	NA	NA	NA	ERP004221	ERS364143	0.995	0.788	25.794	0.574	0.923	0.936	1648.74	76971	60909.99	3586
ERX3542695	ERS3745458	NA	NA	NA	ERP117337	ERS3745458	0.996	0.708	11.126	0.642	0.988	1.000	1997.66	81448	55752.21	2329
ERX3542696	ERS3745460	NA	NA	NA	ERP117337	ERS3745460	0.996	0.709	9.604	0.638	0.990	1.000	2113.14	84983	62782.49	2661
ERX3542697	ERS3745462	NA	NA	NA	ERP117337	ERS3745462	0.996	0.728	9.911	0.629	0.989	1.000	2007.81	82542	60997.79	2268
ERX3542698	ERS3745463	NA	NA	NA	ERP117337	ERS3745463	0.996	0.732	9.661	0.636	0.989	1.000	1216.61	37483	28270.52	1710
ERX3542699	ERS3745464	NA	NA	NA	ERP117337	ERS3745464	0.996	0.735	9.110	0.607	0.988	1.000	2249.84	59506	62496.26	1830
ERX3542700	ERS3745465	NA	NA	NA	ERP117337	ERS3745465	0.996	0.743	9.504	0.615	0.989	1.000	1878.25	50503	66738.58	1856
ERX3542701	ERS3745466	NA	NA	NA	ERP117337	ERS3745466	0.996	0.738	9.133	0.600	0.988	1.000	2155.1	68749	60540.85	1952
ERX3542702	ERS3745467	NA	NA	NA	ERP117337	ERS3745467	0.996	0.727	9.149	0.607	0.988	1.000	2147.19	72005	57541.25	2020
ERX3542703	ERS3745459	NA	NA	NA	ERP117337	ERS3745459	0.997	0.725	8.398	0.649	0.990	1.000	2011.22	74720	60539.87	2134
ERX3542704	ERS3745461	NA	NA	NA	ERP117337	ERS3745461	0.997	0.729	8.526	0.664	0.991	1.000	2066.88	75337	54884.46	2513
ERX3542705	ERS3745468	NA	NA	NA	ERP117337	ERS3745468	0.997	0.733	9.049	0.655	0.990	1.000	1992.33	74454	51213.63	2678
ERX3542706	ERS3745469	NA	NA	NA	ERP117337	ERS3745469	0.997	0.724	8.778	0.612	0.989	1.000	2053.35	78830	54150.26	2240
ERX3542707	ERS3745470	NA	NA	NA	ERP117337	ERS3745470	0.997	0.750	9.236	0.647	0.990	1.000	1941.64	71195	65704.27	2148
ERX3542708	ERS3745471	NA	NA	NA	ERP117337	ERS3745471	0.996	0.723	9.438	0.660	0.990	1.000	2247.45	77286	65100.0	2427
ERX3542709	ERS3745472	NA	NA	NA	ERP117337	ERS3745472	0.997	0.728	9.170	0.644	0.990	1.000	2081.02	75942	54941.62	2403
ERX3542710	ERS3745473	NA	NA	NA	ERP117337	ERS3745473	0.996	0.732	9.040	0.618	0.989	1.000	1991.51	74112	50522.1	2331
ERX420414	ERS420117	NA	NA	NA	ERP005229	ERS420117	0.993	0.833	30.034	0.692	0.980	0.961	879.34	79118	12565.83	4415
ERX4207842	ERS4676997	NA	NA	NA	ERP122363	ERS4676997	0.996	0.757	9.324	0.695	0.986	0.946	950.15	58474	15943.59	2052
ERX4207843	ERS4676998	NA	NA	NA	ERP122363	ERS4676998	0.996	0.754	8.455	0.684	0.986	0.945	970.64	56889	16911.58	1748
ERX4207844	ERS4676999	NA	NA	NA	ERP122363	ERS4676999	0.996	0.748	8.574	0.678	0.985	0.943	955.32	56627	14603.6	1822
ERX4207845	ERS4677000	NA	NA	NA	ERP122363	ERS4677000	0.996	0.751	8.442	0.673	0.985	0.944	960.93	56246	14540.42	1844
ERX4207846	ERS4677001	NA	NA	NA	ERP122363	ERS4677001	0.999	0.765	19.362	0.584	0.992	0.956	823.49	78086	11245.07	3737
ERX4207847	ERS4677002	NA	NA	NA	ERP122363	ERS4677002	0.999	0.774	21.082	0.723	0.990	0.958	843.46	80090	12479.27	4217
ERX4207848	ERS4677003	NA	NA	NA	ERP122363	ERS4677003	0.998	0.766	21.041	0.660	0.990	0.959	842.38	76260	10460.49	4386
ERX4207849	ERS4677004	NA	NA	NA	ERP122363	ERS4677004	0.999	0.771	22.904	0.712	0.990	0.959	834.45	79719	11339.79	4205
ERX4207850	ERS4677005	NA	NA	NA	ERP122363	ERS4677005	0.998	0.784	20.607	0.725	0.989	0.958	849.46	79457	13101.22	4039
ERX4207851	ERS4677006	NA	NA	NA	ERP122363	ERS4677006	0.998	0.758	19.088	0.689	0.989	0.957	810.29	77644	11051.0	3687
ERX4288257	ERS4809516	NA	NA	NA	ERP122802	ERS4809516	0.995	0.669	10.463	0.665	0.989	0.954	2361.98	80570	66653.99	2149
ERX4288258	ERS4809517	NA	NA	NA	ERP122802	ERS4809517	0.996	0.681	10.310	0.671	0.990	0.953	2389.49	81057	64848.6	2420
ERX4288259	ERS4809518	NA	NA	NA	ERP122802	ERS4809518	0.996	0.685	10.879	0.675	0.989	0.954	2338.28	79340	62802.37	2204
ERX4288260	ERS4809519	NA	NA	NA	ERP122802	ERS4809519	0.996	0.665	10.892	0.687	0.990	0.954	2299.61	82513	65976.48	2169
ERX4288261	ERS4809520	NA	NA	NA	ERP122802	ERS4809520	0.996	0.667	10.249	0.670	0.990	0.953	2391.89	78160	78835.28	2253
ERX4288262	ERS4809521	NA	NA	NA	ERP122802	ERS4809521	0.996	0.699	10.361	0.653	0.989	0.953	2322.71	80881	73901.78	2164
ERX4288263	ERS4809522	NA	NA	NA	ERP122802	ERS4809522	0.996	0.695	11.216	0.669	0.990	0.955	2357.34	74124	69148.73	2155
ERX4288264	ERS4809523	NA	NA	NA	ERP122802	ERS4809523	0.996	0.671	10.636	0.662	0.989	0.953	2445.8	85912	64388.0	2315
ERX4314061	ERS4850090	NA	NA	NA	ERP123063	ERS4850090	0.986	0.735	15.696	0.646	0.988	0.955	1196.6	34337	6960.11	3926
ERX4314062	ERS4850091	NA	NA	NA	ERP123063	ERS4850091	0.993	0.769	13.603	0.716	0.991	0.952	1089.88	38940	19513.59	4225
ERX5142549	Whole Organism	NA	whole organism	NA	ERP127251	ERS5822951	0.959	0.192	4.556	0.529	0.507	0.761	0.0	0	975521.15	444
ERX5444116	HL60	NA	NA	NA	ERP109780	ERS6262761	0.999	0.729	20.854	0.963	0.999	0.941	2760.73	68198	903065.22	1416
ERX5444117	HL60	NA	NA	NA	ERP109780	ERS6262762	0.999	0.726	21.471	0.966	0.999	0.943	2796.68	69233	932630.39	1388
ERX5444118	HL60	NA	NA	NA	ERP109780	ERS6262763	0.999	0.725	19.260	0.963	0.999	0.941	2985.68	66347	941822.8	1358
ERX5626045	Blood	Mononuclear	Blood	NA	ERP129475	ERS6579622	0.994	0.827	6.015	0.978	0.994	0.912	1272.39	38949	25247.21	1058
ERX5626046	Blood	Mononuclear	Blood	NA	ERP129475	ERS6579623	0.991	0.809	6.441	0.978	0.994	0.914	1287.98	37253	16043.25	1184
ERX5626047	Blood	Mononuclear	Blood	NA	ERP129475	ERS6579624	0.994	0.823	6.464	0.979	0.995	0.917	1276.77	37496	26127.8	850
ERX5626048	Blood	Mononuclear	Blood	NA	ERP129475	ERS6579625	0.994	0.830	6.206	0.977	0.995	0.912	1269.63	38170	19596.48	1042
ERX5626049	Blood	Mononuclear	Blood	NA	ERP129475	ERS6579626	0.990	0.815	6.871	0.978	0.995	0.924	1262.68	38733	15369.91	1397
ERX5626050	Blood	Mononuclear	Blood	NA	ERP129475	ERS6579627	0.994	0.832	6.205	0.977	0.994	0.909	1333.42	35872	20217.04	1160
ERX5626051	Blood	Mononuclear	Blood	NA	ERP129475	ERS6579628	0.995	0.825	7.260	0.980	0.997	0.929	1183.73	49087	19483.12	1877
ERX5626052	Blood	Mononuclear	Blood	NA	ERP129475	ERS6579629	0.995	0.813	7.049	0.979	0.996	0.923	1247.5	41080	15863.32	1577
ERX5626053	Blood	Mononuclear	Blood	NA	ERP129475	ERS6579630	0.980	0.833	5.927	0.947	0.995	0.914	1229.39	44576	25518.56	1350
ERX5626054	Blood	Mononuclear	Blood	NA	ERP129475	ERS6579631	0.994	0.814	5.978	0.977	0.995	0.916	1299.37	38097	20623.59	1049
ERX5626055	Blood	Mononuclear	Blood	NA	ERP129475	ERS6579632	0.995	0.805	6.233	0.979	0.996	0.917	1277.89	39524	16845.17	1193
ERX5626056	Blood	Mononuclear	Blood	NA	ERP129475	ERS6579633	0.995	0.799	7.723	0.978	0.996	0.934	1201.73	42433	14248.63	1626
ERX5626057	Blood	Mononuclear	Blood	NA	ERP129475	ERS6579634	0.983	0.821	6.839	0.980	0.995	0.920	1235.01	40348	14209.19	1486
ERX5626058	Blood	Mononuclear	Blood	NA	ERP129475	ERS6579635	0.992	0.836	5.736	0.973	0.994	0.908	1234.83	43158	26635.01	1229
ERX5626059	Blood	Mononuclear	Blood	NA	ERP129475	ERS6579636	0.994	0.787	7.167	0.977	0.994	0.929	1301.41	36391	16583.54	964
ERX5626060	Blood	Mononuclear	Blood	NA	ERP129475	ERS6579637	0.995	0.819	6.271	0.979	0.995	0.915	1278.32	36823	17492.03	1274
ERX5626061	Blood	Mononuclear	Blood	NA	ERP129475	ERS6579638	0.984	0.840	5.733	0.955	0.997	0.897	1236.57	41560	24906.99	1083
ERX5626062	Blood	Mononuclear	Blood	NA	ERP129475	ERS6579639	0.992	0.831	6.482	0.977	0.993	0.914	1222.79	45427	17353.35	1773
ERX5626063	Blood	Mononuclear	Blood	NA	ERP129475	ERS6579640	0.989	0.828	6.384	0.978	0.995	0.922	1214.11	44422	14201.4	1554
ERX5626064	Blood	Mononuclear	Blood	NA	ERP129475	ERS6579641	0.994	0.831	6.351	0.979	0.995	0.923	1204.47	43277	17916.32	1327
ERX6233277	ERS7285688	NA	NA	NA	ERP130693	ERS7285688	0.995	0.558	6.006	0.759	0.880	0.753	1364.26	32148	48869.85	199
ERX6233278	ERS7285700	NA	NA	NA	ERP130693	ERS7285700	0.996	0.527	4.760	0.803	0.761	0.752	12763.57	32805	722274.02	1246
ERX6233285	ERS7285691	NA	NA	NA	ERP130693	ERS7285691	0.996	0.508	2.155	0.803	0.490	0.797	18294.29	30568	554855.57	1734
ERX705283	MCF-7	NA	NA	NA	ERP009555	ERS661357	0.994	0.600	36.279	0.788	0.630	0.835	5092.06	68938	308066.79	1963
ERX7830442	Bone Marrow	NA	bone marrow	NA	ERP135121	ERS10360347	0.993	0.707	6.622	0.867	0.741	0.929	9534.78	67843	483831.88	1713
ERX7830443	Bone Marrow	NA	bone marrow	NA	ERP135121	ERS10360348	0.992	0.697	12.285	0.864	0.713	0.950	8433.31	80569	387128.14	2139
ERX7830444	Bone Marrow	NA	bone marrow	NA	ERP135121	ERS10360349	0.992	0.691	13.244	0.856	0.729	0.952	8430.82	81708	383933.56	2170
ERX8316227	Memory B-Cell	memory b-cell	NA	NA	ERP135424	ERS10602503	0.978	0.621	4.559	0.443	0.780	0.790	1317.69	37503	44401.33	243
ERX9474769	Liver	NA	liver	NA	ERP139499	ERS12427026	0.974	0.677	9.218	0.814	0.836	0.889	1333.41	33282	24868.56	879
ERX9474770	Liver	NA	liver	NA	ERP139499	ERS12427027	0.990	0.702	5.207	0.749	0.930	0.927	1502.24	32210	32108.22	961
SRX006239	ESC	NA	NA	NA	SRP000941	SRS004213	0.980	0.818	8.605	0.649	0.897	0.888	1374.43	29924	12530.11	1791
SRX006240	ESC	NA	NA	NA	SRP000941	SRS004213	0.980	0.827	7.336	0.546	0.915	0.882	1394.96	29670	12034.25	1805
SRX006782	ESC	NA	NA	NA	SRP000941	SRS004212	0.980	0.843	6.311	0.823	0.920	0.835	1461.53	24528	19542.38	1510
SRX006783	IMR90	IMR90 cells	NA	NA	SRP000941	SRS004214	0.996	0.672	6.925	0.584	0.941	0.873	10359.53	57627	621376.54	1936
SRX006784	IMR90	IMR90 cells	NA	NA	SRP000941	SRS004214	0.996	0.675	6.574	0.503	0.932	0.872	10432.08	57157	620468.46	1937
SRX006785	IMR90	IMR90 cells	NA	NA	SRP000941	SRS004214	0.996	0.684	2.062	0.744	0.948	0.737	10221.11	44821	891963.34	1276
SRX006786	IMR90	IMR90 cells	NA	NA	SRP000941	SRS004215	0.995	0.675	7.143	0.531	0.924	0.872	10640.75	57550	623323.76	1950
SRX006787	IMR90	IMR90 cells	NA	NA	SRP000941	SRS004215	0.995	0.676	8.340	0.557	0.910	0.881	10184.57	60160	612219.06	1995
SRX006788	IMR90	IMR90 cells	NA	NA	SRP000941	SRS004215	0.996	0.682	2.789	0.686	0.949	0.779	10828.73	48567	814241.51	1439
SRX006789	ESC	NA	NA	NA	SRP000941	SRS004212	0.972	0.832	6.070	0.799	0.859	0.826	1510.66	23312	15963.14	1466
SRX015763	ESC	Embryonic stem cells	NA	Embryonic stem cells	SRP001720	SRS009853	0.989	0.674	14.700	0.734	0.925	0.933	1118.11	35084	15231.67	2209
SRX015765	ESC	Embryonic stem cells	NA	Embryonic stem cells	SRP001720	SRS009853	0.988	0.582	9.352	0.709	0.606	0.863	1281.33	30539	25951.73	706
SRX015766	Fibroblasts derived from human ESCs	Fibroblasts derived from human embryonic stem cells	NA	Fibroblast	SRP001720	SRS009854	0.997	0.660	11.767	0.661	0.923	0.933	2538.45	45077	583467.12	1730
SRX015767	Fibroblasts derived from human ESCs	Fibroblasts derived from human embryonic stem cells	NA	Fibroblast	SRP001720	SRS009854	0.996	0.593	8.080	0.648	0.641	0.804	2317.8	31377	941398.39	973
SRX015768	Fibroblasts derived from human ESCs	Fibroblasts derived from human embryonic stem cells	NA	Fibroblast	SRP001720	SRS009854	0.995	0.592	6.116	0.664	0.719	0.776	2323.84	30101	990038.46	924
SRX015769	Newborn Human Foreskin Fibroblasts	Newborn Human Foreskin Fibroblasts	NA	Primary fibroblast	SRP001720	SRS009855	0.998	0.590	15.107	0.677	0.911	0.939	5420.28	60017	628992.33	1721
SRX015772	Newborn Human Foreskin Fibroblasts	Newborn Human Foreskin Fibroblasts	NA	Primary fibroblast	SRP001720	SRS009855	0.996	0.528	6.110	0.627	0.687	0.751	3677.96	29486	1235170.33	744
SRX026814	SRS114877	NA	NA	NA	SRP003529	SRS114877	0.989	0.839	10.617	0.853	0.855	0.915	1117.48	36152	27905.72	2702
SRX026829	SRS114889	NA	NA	NA	SRP003529	SRS114889	0.981	0.852	10.703	0.865	0.861	0.914	1217.12	36631	12765.25	2463
SRX026830	SRS114890	NA	NA	NA	SRP003529	SRS114890	0.983	0.828	11.720	0.848	0.852	0.918	1178.75	34775	11001.63	2044
SRX026831	SRS114891	NA	NA	NA	SRP003529	SRS114891	0.983	0.823	11.571	0.853	0.842	0.917	1175.71	34768	11183.44	1961
SRX026832	SRS114892	NA	NA	NA	SRP003529	SRS114892	0.982	0.819	10.347	0.855	0.861	0.915	1177.37	34418	11259.06	1807
SRX026833	SRS114893	NA	NA	NA	SRP003529	SRS114893	0.993	0.642	42.011	0.663	0.924	0.951	1836.71	80181	416670.69	2282
SRX026834	SRS114894	NA	NA	NA	SRP003529	SRS114894	0.994	0.651	42.398	0.658	0.804	0.951	1573.77	83800	349571.38	2540
SRX026835	SRS114895	NA	NA	NA	SRP003529	SRS114895	0.985	0.810	53.473	0.685	0.937	0.951	1160.77	45249	9296.32	4968
SRX027685	ESC	NA	NA	NA	SRP000941	SRS116479	0.988	0.821	14.829	0.598	0.830	0.922	1024.49	40630	13647.94	2123
SRX027686	ESC	NA	NA	NA	SRP000941	SRS116479	0.989	0.825	6.210	0.534	0.894	0.899	1214.18	33031	17212.74	1136
SRX027687	ESC	NA	NA	NA	SRP000941	SRS116479	0.985	0.808	5.604	0.521	0.918	0.893	1268.04	31372	22173.12	954
SRX027688	ESC	NA	NA	NA	SRP000941	SRS116480	0.990	0.813	6.774	0.592	0.913	0.908	1199.27	33523	16372.5	963
SRX027689	ESC	NA	NA	NA	SRP000941	SRS116480	0.990	0.810	6.873	0.615	0.912	0.906	1202.45	33379	15839.14	1006
SRX027690	ESC	NA	NA	NA	SRP000941	SRS116480	0.990	0.810	7.384	0.630	0.903	0.910	1175.25	34451	15815.67	1042
SRX038730	SRS152868	NA	NA	NA	SRP003529	SRS152868	0.995	0.688	18.482	0.859	0.892	0.922	6910.3	76550	528781.97	2211
SRX038781	SRS153033	NA	NA	NA	SRP003529	SRS153033	0.990	0.796	18.445	0.876	0.868	0.922	1032.14	52368	8702.39	3674
SRX043404	ESC	NA	NA	NA	SRP000941	SRS172880	0.994	0.843	6.461	0.830	0.939	0.903	1125.3	36123	37623.64	1534
SRX043405	ESC	NA	NA	NA	SRP000941	SRS172880	0.994	0.846	6.667	0.828	0.933	0.904	1113.22	36683	39521.13	1466
SRX043406	ESC	NA	NA	NA	SRP000941	SRS172880	0.994	0.841	6.846	0.479	0.932	0.906	1103.58	36933	40023.77	1389
SRX043407	ESC	NA	NA	NA	SRP000941	SRS172881	0.994	0.855	10.650	0.836	0.926	0.911	1039.46	40586	36784.72	2217
SRX043408	ESC	NA	NA	NA	SRP000941	SRS172881	0.994	0.852	8.577	0.831	0.954	0.906	1085.19	37974	35347.26	2093
SRX056687	Cell Line	NA	NA	NA	SRP000941	SRS184456	0.984	0.827	22.457	0.850	0.929	0.926	1078.88	40442	7598.03	4000
SRX056688	Cell Line	NA	NA	NA	SRP000941	SRS184456	0.983	0.822	17.246	0.854	0.918	0.924	1095.05	38591	7318.74	3752
SRX056691	Cell Line	NA	NA	NA	SRP000941	SRS184459	0.983	0.836	17.655	0.842	0.939	0.924	1114.44	38554	7294.12	4266
SRX056692	Cell Line	NA	NA	NA	SRP000941	SRS184459	0.983	0.835	13.466	0.850	0.936	0.921	1148.16	36538	7066.99	4199
SRX056693	ESC	NA	NA	NA	SRP000941	SRS184460	0.989	0.842	5.297	0.851	0.928	0.889	1266.55	31529	36467.54	1691
SRX056694	ESC	NA	NA	NA	SRP000941	SRS184460	0.989	0.844	12.879	0.851	0.932	0.918	1079.25	38972	15215.29	4552
SRX056695	ESC	NA	NA	NA	SRP000941	SRS184461	0.987	0.824	12.217	0.837	0.958	0.917	1108.8	38747	10839.51	4079
SRX062002	Breast Cancer	breast cancer cells	NA	breast cancer cells	SRP006728	SRS192728	0.991	0.604	5.836	0.490	0.933	0.904	12067.4	60973	568659.81	1566
SRX062397	SRS193045	NA	NA	NA	SRP006774	SRS193045	0.972	0.691	3.608	0.237	0.857	0.799	1987.82	28179	58859.7	482
SRX062398	SRS193046	NA	NA	NA	SRP006774	SRS193046	0.970	0.627	3.585	0.228	0.860	0.792	4107.89	28665	3121135.82	257
SRX062399	SRS193047	NA	NA	NA	SRP006774	SRS193047	0.969	0.698	3.265	0.200	0.867	0.790	1944.13	28137	57684.8	509
SRX062400	SRS193048	NA	NA	NA	SRP006774	SRS193048	0.970	0.587	2.957	0.185	0.893	0.773	7507.58	26795	2021061.32	543
SRX062401	SRS193049	NA	NA	NA	SRP006774	SRS193049	0.967	0.670	3.400	0.219	0.854	0.790	2092.13	25389	34677.01	364
SRX062402	SRS193050	NA	NA	NA	SRP006774	SRS193050	0.968	0.546	3.391	0.221	0.858	0.786	20131.96	13310	1105556.86	1246
SRX062403	SRS193051	NA	NA	NA	SRP006774	SRS193051	0.954	0.638	2.717	0.168	0.866	0.743	2476.6	23679	226679.33	80
SRX062404	SRS193052	NA	NA	NA	SRP006774	SRS193052	0.967	0.588	2.932	0.203	0.864	0.772	5927.34	27041	1736801.33	545
SRX081759	Sperm	Sperm	NA	Sperm	SRP007400	SRS213860	0.991	0.706	2.329	0.624	0.884	0.786	2543.05	55467	190988.96	667
SRX081760	Sperm	Sperm	NA	Sperm	SRP007400	SRS213860	0.994	0.700	6.883	0.663	0.845	0.941	2524.3	79919	93819.72	1632
SRX081761	Sperm	Sperm	NA	Sperm	SRP007400	SRS213861	0.986	0.655	7.854	0.578	0.883	0.935	2376.58	64499	87148.97	1459
SRX091573	Blood	CD4+T Cells	Peripheral blood	a centenarian	SRP007820	SRS257154	0.995	0.694	16.588	0.754	0.953	0.957	1096.91	42420	9325.92	1894
SRX091574	Cord Blood	CD4+T Cells	Umbilical cord blood	a newborn	SRP007820	SRS257155	0.995	0.791	16.630	0.830	0.960	0.955	919.03	60117	9823.07	4399
SRX096518	HSPC	NA	NA	HSPC	SRP008144	SRS260674	0.987	0.781	4.687	0.818	0.794	0.889	1281.71	42341	32826.34	1267
SRX096519	Cord Blood	NA	NA	CD133HSC	SRP008144	SRS260676	0.992	0.796	3.135	0.832	0.733	0.859	1318.51	36194	39435.76	997
SRX096520	B Cell	NA	NA	B cell	SRP008144	SRS260673	0.988	0.749	13.432	0.583	0.739	0.962	1063.68	50057	9977.65	2691
SRX096521	HSPC	NA	NA	HSPC	SRP008144	SRS260674	0.990	0.732	11.348	0.725	0.356	0.960	1010.91	54365	10337.22	3481
SRX096522	Neutrohphil	NA	NA	Neutrohphil	SRP008144	SRS260675	0.993	0.752	3.250	0.844	0.892	0.886	1333.3	41093	39612.86	650
SRX096523	Neutrohphil	NA	NA	Neutrohphil	SRP008144	SRS260675	0.992	0.753	9.154	0.405	0.886	0.947	960.99	60943	14703.27	2261
SRX096524	Cord Blood	NA	NA	CD133HSC	SRP008144	SRS260676	0.992	0.782	6.540	0.773	0.717	0.945	1091.87	44770	27567.81	1552
SRX098315	H9	NA	NA	H9 cells	SRP008337	SRS265152	0.975	0.756	1.946	0.810	0.915	0.742	1472.78	26343	37987.82	317
SRX098316	H9	NA	NA	H9 cells	SRP008337	SRS265153	0.985	0.761	2.014	0.824	0.916	0.766	1981.82	33342	412768.93	566
SRX098317	H9	NA	NA	H9 cells	SRP008337	SRS265154	0.981	0.782	1.930	0.810	0.915	0.741	1418.04	25967	64160.34	455
SRX098318	H9	NA	NA	H9 cells	SRP008337	SRS265155	0.986	0.780	1.665	0.822	0.909	0.717	1738.39	28237	397078.52	599
SRX1000193	HCT116	NA	NA	HCT116	SRP057450	SRS914166	0.914	0.484	5.548	0.727	0.971	0.924	12187.96	41589	689102.9	953
SRX1000194	HCT116	NA	NA	HCT116	SRP057450	SRS914165	0.905	0.588	5.380	0.693	0.970	0.922	16509.78	35736	683864.81	1083
SRX1000195	HCT116	NA	NA	HCT116	SRP057450	SRS914164	0.913	0.615	6.962	0.852	0.912	0.935	15545.45	40275	582831.19	1297
SRX10020393	SRS8188292	NA	NA	NA	SRP304684	SRS8188292	0.981	0.765	15.350	0.740	0.601	0.939	1016.57	41071	17440.44	2463
SRX10020394	SRS8188293	NA	NA	NA	SRP304684	SRS8188293	0.982	0.769	15.709	0.746	0.560	0.940	1017.15	41017	11408.62	4053
SRX10020395	SRS8188294	NA	NA	NA	SRP304684	SRS8188294	0.981	0.768	16.252	0.754	0.560	0.940	1015.69	41382	12132.83	3793
SRX10020396	SRS8188295	NA	NA	NA	SRP304684	SRS8188295	0.980	0.750	16.616	0.749	0.558	0.940	1030.5	41366	10645.05	3927
SRX10020397	SRS8188296	NA	NA	NA	SRP304684	SRS8188296	0.981	0.748	15.341	0.746	0.550	0.939	1043.13	40338	19317.73	2494
SRX10020398	SRS8188297	NA	NA	NA	SRP304684	SRS8188297	0.981	0.768	14.541	0.737	0.586	0.938	1025.94	40526	18666.41	2331
SRX10021290	Stomach	NA	NA	stomach	SRP304712	SRS8190150	0.994	0.620	9.877	0.846	0.994	0.891	6421.84	40867	1082765.02	1046
SRX10021291	Normal	NA	NA	stomach	SRP304712	SRS8190151	0.992	0.702	5.880	0.831	0.994	0.860	1560.47	42228	21965.27	441
SRX10021292	Stomach	NA	NA	stomach	SRP304712	SRS8190155	0.994	0.684	5.693	0.841	0.993	0.858	2351.52	41594	1146729.83	864
SRX10021293	Normal	NA	NA	stomach	SRP304712	SRS8190153	0.994	0.702	7.774	0.839	0.995	0.888	1491.0	39418	18326.83	489
SRX10021294	Tumor	NA	NA	stomach	SRP304712	SRS8190152	0.995	0.693	9.031	0.836	0.994	0.880	2178.95	49472	490857.75	1865
SRX10021295	Stomach	NA	NA	stomach	SRP304712	SRS8190157	0.995	0.712	8.816	0.808	0.995	0.888	1744.26	52451	26873.25	167
SRX10021296	Stomach	NA	NA	stomach	SRP304712	SRS8190154	0.995	0.695	10.226	0.866	0.994	0.896	2910.79	51455	951470.11	1055
SRX10021297	Normal	NA	NA	stomach	SRP304712	SRS8190156	0.994	0.723	9.300	0.868	0.994	0.900	1408.17	48697	19035.55	479
SRX10021298	Stomach	NA	NA	stomach	SRP304712	SRS8190158	0.994	0.714	9.624	0.867	0.994	0.905	1559.99	50083	17087.02	324
SRX101206	ESC	NA	NA	NA	SRP000941	SRS267132	0.991	0.840	8.645	0.885	0.918	0.910	1236.01	33680	14903.68	2091
SRX101207	ESC	NA	NA	NA	SRP000941	SRS267132	0.991	0.841	10.684	0.887	0.898	0.916	1180.03	35539	8150.68	4208
SRX101208	ESC	NA	NA	NA	SRP000941	SRS267133	0.991	0.838	8.917	0.886	0.917	0.913	1211.11	34676	14850.28	1957
SRX101209	ESC	NA	NA	NA	SRP000941	SRS267133	0.992	0.838	2.191	0.889	0.955	0.777	1602.01	25692	33269.02	579
SRX10184543	hTERT-HME1	NA	NA	hTERT-HME1 cells	SRP308490	SRS8333337	0.979	0.639	18.556	0.893	0.832	0.958	5892.04	83217	501868.35	2339
SRX10184544	HCC1954	NA	NA	HCC1954 cells	SRP308490	SRS8333338	0.982	0.631	15.269	0.890	0.579	0.957	8792.14	91867	328718.9	2876
SRX10184545	HCC1954	NA	NA	HCC1954 cells	SRP308490	SRS8333339	0.982	0.611	16.255	0.888	0.495	0.959	8916.1	90052	309303.83	3064
SRX10184546	HCC1954	NA	NA	HCC1954 cells	SRP308490	SRS8333340	0.983	0.633	15.040	0.875	0.496	0.959	8780.43	90510	339303.05	2879
SRX10184547	HCC1954	NA	NA	HCC1954 cells	SRP308490	SRS8333341	0.983	0.635	14.510	0.865	0.490	0.960	9013.44	87839	343588.03	2837
SRX10184548	HCC1954	NA	NA	HCC1954 cells	SRP308490	SRS8333342	0.979	0.607	14.350	0.862	0.440	0.959	9134.31	91444	356522.28	2857
SRX10184549	HCC1954	NA	NA	HCC1954 cells	SRP308490	SRS8333343	0.983	0.633	15.330	0.862	0.479	0.960	8271.49	93489	322819.12	2831
SRX10184550	HCC1954	NA	NA	HCC1954 cells	SRP308490	SRS8333344	0.982	0.647	16.983	0.861	0.480	0.962	7993.25	96853	326102.16	2811
SRX10204573	HEK293T	HEK293T	NA	cell lysate	SRP308810	SRS8350743	0.988	0.580	32.703	0.882	0.604	0.964	7213.53	109774	226769.85	3821
SRX10204574	HEK293T	HEK293T	NA	cell lysate	SRP308810	SRS8350745	0.988	0.576	37.245	0.879	0.519	0.966	7027.75	112958	223527.26	3891
SRX10204575	HEK293T	HEK293T	NA	cell lysate	SRP308810	SRS8350744	0.987	0.580	28.947	0.882	0.502	0.961	7827.37	101179	231362.24	3762
SRX10204576	HEK293T	HEK293T	NA	cell lysate	SRP308810	SRS8350746	0.988	0.582	31.449	0.882	0.576	0.963	7471.74	106747	225886.47	3899
SRX10204577	HEK293T	HEK293T	NA	cell lysate	SRP308810	SRS8350747	0.988	0.568	32.539	0.883	0.603	0.964	6797.28	117099	221577.29	3953
SRX10204578	HEK293T	HEK293T	NA	cell lysate	SRP308810	SRS8350748	0.988	0.568	30.892	0.879	0.504	0.964	6859.34	115972	218719.99	4011
SRX10204587	HEK293T	HEK293T	NA	cell lysate	SRP308810	SRS8350756	0.988	0.593	30.970	0.876	0.540	0.962	7295.26	105438	229776.69	3612
SRX10204588	HEK293T	HEK293T	NA	cell lysate	SRP308810	SRS8350757	0.988	0.594	33.171	0.881	0.549	0.965	6975.55	110444	227494.43	3652
SRX10204589	HEK293T	HEK293T	NA	cell lysate	SRP308810	SRS8350761	0.988	0.594	29.666	0.876	0.510	0.962	7511.93	102276	230060.22	3612
SRX10204590	HEK293T	HEK293T	NA	cell lysate	SRP308810	SRS8350760	0.988	0.595	29.348	0.883	0.596	0.962	7318.37	105080	227888.5	3651
SRX10204591	HEK293T	HEK293T	NA	cell lysate	SRP308810	SRS8350759	0.988	0.580	37.550	0.881	0.588	0.966	6303.65	123988	220178.35	3820
SRX10204592	HEK293T	HEK293T	NA	cell lysate	SRP308810	SRS8350762	0.987	0.585	30.473	0.880	0.551	0.963	6752.14	115112	222693.64	3755
SRX10206586	umbilical cord-derived mesenchymal stem cells (PCS-500-010 lot #63216949)	umbilical cord-derived mesenchymal stem cells (PCS-500-010, lot #63216949)	NA	mesenchymal stem cells	SRP308854	SRS8352488	0.998	0.656	4.431	0.828	0.522	0.851	6496.49	45427	618275.88	1641
SRX10206587	umbilical cord-derived mesenchymal stem cells (PCS-500-010 lot #63216950)	umbilical cord-derived mesenchymal stem cells (PCS-500-010, lot #63216950)	NA	mesenchymal stem cells	SRP308854	SRS8352487	0.998	0.558	6.491	0.844	0.381	0.906	16719.93	45420	416150.24	2872
SRX1021575	Brain	NA	NA	Brain	SRP050499	SRS931251	0.970	0.748	4.452	0.395	0.956	0.848	1409.74	32487	61624.31	668
SRX1021576	Brain	NA	NA	Brain	SRP050499	SRS931250	0.967	0.734	2.206	0.504	0.921	0.712	1533.22	29638	101067.79	289
SRX1021577	Brain	NA	NA	Brain	SRP050499	SRS931249	0.958	0.745	5.938	0.415	0.888	0.904	1387.55	33123	47957.26	908
SRX1021578	Heart	NA	NA	Heart	SRP050499	SRS931248	0.967	0.676	3.248	0.420	0.954	0.754	1475.72	32764	68076.69	411
SRX1021580	Heart	NA	NA	Heart	SRP050499	SRS931247	0.961	0.672	4.793	0.437	0.883	0.835	1432.74	33519	58110.36	535
SRX1021581	Primordial Germ	NA	NA	Primordial Germ Cells	SRP050499	SRS931245	0.974	0.183	12.112	0.382	0.953	0.923	125247.0	1	1430925.39	64
SRX1021582	Primordial Germ	NA	NA	Primordial Germ Cells	SRP050499	SRS931243	0.971	0.185	4.553	0.478	0.910	0.821	0.0	0	8212160.75	4
SRX1021583	Primordial Germ	NA	NA	Primordial Germ Cells	SRP050499	SRS931244	0.975	0.193	12.470	0.390	0.955	0.933	0.0	0	1669808.71	41
SRX1021584	Primordial Germ	NA	NA	Primordial Germ Cells	SRP050499	SRS931242	0.972	0.196	4.884	0.496	0.914	0.851	0.0	0	8942095.25	4
SRX1021585	Primordial Germ	NA	NA	Primordial Germ Cells	SRP050499	SRS931241	0.981	0.126	16.016	0.489	0.947	0.950	156031.12	350	420535.16	985
SRX1021586	Primordial Germ	NA	NA	Primordial Germ Cells	SRP050499	SRS931240	0.980	0.127	4.637	0.548	0.914	0.869	0.0	0	2619792.76	50
SRX1021587	Primordial Germ	NA	NA	Primordial Germ Cells	SRP050499	SRS931239	0.979	0.099	12.366	0.456	0.950	0.936	167543.39	340	425398.04	834
SRX1021588	Primordial Germ	NA	NA	Primordial Germ Cells	SRP050499	SRS931238	0.979	0.096	2.578	0.542	0.919	0.761	0.0	0	3811361.49	61
SRX1021589	Primordial Germ	NA	NA	Primordial Germ Cells	SRP050499	SRS931237	0.980	0.095	11.336	0.486	0.949	0.931	206912.94	170	464997.4	814
SRX1021590	Primordial Germ	NA	NA	Primordial Germ Cells	SRP050499	SRS931236	0.978	0.100	3.911	0.522	0.922	0.842	0.0	0	1600783.18	192
SRX1021591	Primordial Germ	NA	NA	Primordial Germ Cells	SRP050499	SRS931235	0.980	0.093	14.625	0.444	0.882	0.960	58021.23	7660	223811.55	2275
SRX1021592	Primordial Germ	NA	NA	Primordial Germ Cells	SRP050499	SRS931234	0.981	0.092	8.451	0.493	0.785	0.942	251620.89	154	396298.51	1187
SRX1021593	Primordial Germ	NA	NA	Primordial Germ Cells	SRP050499	SRS931233	0.981	0.093	10.813	0.512	0.752	0.950	149945.55	1068	323355.26	1563
SRX1021594	Gonadal Somatic Cells	NA	NA	Gonadal Somatic Cells	SRP050499	SRS931232	0.975	0.714	2.809	0.397	0.964	0.795	1470.96	37949	55307.51	461
SRX1021596	Gonadal Somatic Cells	NA	NA	Gonadal Somatic Cells	SRP050499	SRS931230	0.972	0.675	2.439	0.350	0.965	0.712	1554.05	34025	102257.28	181
SRX1021598	Gonadal Somatic Cells	NA	NA	Gonadal Somatic Cells	SRP050499	SRS931228	0.979	0.703	3.969	0.443	0.965	0.864	1353.94	42404	48370.68	765
SRX1021600	Gonadal Somatic Cells	NA	NA	Gonadal Somatic Cells	SRP050499	SRS931226	0.977	0.681	3.432	0.484	0.961	0.810	1441.48	38127	63181.82	550
SRX1021602	Gonadal Somatic Cells	NA	NA	Gonadal Somatic Cells	SRP050499	SRS931222	0.943	0.679	8.686	0.507	0.860	0.922	1247.18	44033	36974.76	936
SRX1021603	Gonadal Somatic Cells	NA	NA	Gonadal Somatic Cells	SRP050499	SRS931223	0.979	0.690	4.573	0.462	0.737	0.898	1424.53	37295	42579.04	631
SRX1021604	Primordial Germ	NA	NA	Primordial Germ Cells	SRP050499	SRS931221	0.980	0.100	9.392	0.443	0.909	0.947	86599.51	2536	261356.98	1721
SRX1021605	Primordial Germ	NA	NA	Primordial Germ Cells	SRP050499	SRS931220	0.980	0.101	6.582	0.437	0.883	0.930	239881.56	57	421011.63	885
SRX1021606	Primordial Germ	NA	NA	Primordial Germ Cells	SRP050499	SRS931219	0.981	0.113	16.536	0.442	0.861	0.958	45920.65	8881	216612.8	2252
SRX1021607	Primordial Germ	NA	NA	Primordial Germ Cells	SRP050499	SRS931218	0.981	0.130	21.124	0.459	0.875	0.963	41268.33	13626	187378.59	2927
SRX1021608	Gonadal Somatic Cells	NA	NA	Gonadal Somatic Cells	SRP050499	SRS931217	0.979	0.670	3.483	0.437	0.900	0.871	1536.99	35275	57018.85	653
SRX1021609	Primordial Germ	NA	NA	Primordial Germ Cells	SRP050499	SRS931215	0.981	0.076	5.598	0.391	0.979	0.905	0.0	0	600468.39	609
SRX1021610	Primordial Germ	NA	NA	Primordial Germ Cells	SRP050499	SRS931216	0.981	0.023	5.934	0.224	0.774	0.853	1059008.0	1	38577359.4	5
SRX1021638	Primary Dermal Fibroblasts	Primary dermal fibroblasts	NA	G0 fibroblasts A	SRP058102	SRS931615	0.996	0.631	8.803	0.833	0.930	0.951	4024.44	68576	559967.58	1765
SRX1021639	Primary Dermal Fibroblasts	Primary dermal fibroblasts	NA	G0 fibroblasts A	SRP058102	SRS931614	0.996	0.636	10.365	0.812	0.910	0.952	3375.81	67166	450894.88	2164
SRX1021640	Primary Dermal Fibroblasts	Primary dermal fibroblasts	NA	G1 fibroblasts A	SRP058102	SRS931612	0.996	0.626	6.371	0.785	0.942	0.939	4885.2	59466	594500.02	1707
SRX1021641	Primary Dermal Fibroblasts	Primary dermal fibroblasts	NA	G2 fibroblasts A	SRP058102	SRS931613	0.996	0.623	7.616	0.821	0.842	0.946	4602.89	64095	609056.91	1674
SRX1021642	Primary Dermal Fibroblasts	Primary dermal fibroblasts	NA	G0 fibroblasts B	SRP058102	SRS931611	0.996	0.623	7.640	0.825	0.901	0.946	3642.86	56951	749782.53	1479
SRX1021643	Primary Dermal Fibroblasts	Primary dermal fibroblasts	NA	G0 fibroblasts B	SRP058102	SRS931610	0.996	0.620	8.291	0.826	0.915	0.948	2986.11	54904	764062.92	1441
SRX1021644	Primary Dermal Fibroblasts	Primary dermal fibroblasts	NA	G1 fibroblasts B	SRP058102	SRS931609	0.996	0.626	6.877	0.837	0.933	0.944	3638.57	53583	791478.51	1392
SRX1021645	Primary Dermal Fibroblasts	Primary dermal fibroblasts	NA	G2 fibroblasts B	SRP058102	SRS931607	0.996	0.619	6.935	0.826	0.935	0.945	3918.44	53834	789268.69	1408
SRX1021646	Primary Dermal Fibroblasts	Primary dermal fibroblasts	NA	G0 fibroblasts C	SRP058102	SRS931608	0.996	0.637	7.843	0.815	0.914	0.949	2496.08	54064	766420.87	1406
SRX1021647	Primary Dermal Fibroblasts	Primary dermal fibroblasts	NA	G0 fibroblasts C	SRP058102	SRS931606	0.996	0.640	8.827	0.829	0.882	0.950	1955.79	54696	782621.28	1384
SRX1021648	Primary Dermal Fibroblasts	Primary dermal fibroblasts	NA	G1 fibroblasts C	SRP058102	SRS931605	0.996	0.637	8.911	0.832	0.904	0.951	2227.5	56204	777228.72	1413
SRX1021649	Primary Dermal Fibroblasts	Primary dermal fibroblasts	NA	G2 fibroblasts C	SRP058102	SRS931604	0.996	0.629	8.591	0.834	0.912	0.950	2562.1	56249	799340.19	1390
SRX10239413	Nasal Mucosa	NA	Nasal Mucosa	Children Adenovirus Pool	SRP309314	SRS8380827	0.983	0.802	16.820	0.892	0.407	0.963	1023.82	62083	16183.67	3394
SRX10239414	Nasal Mucosa	NA	Nasal Mucosa	Children Coronavirus OC43 Pool	SRP309314	SRS8380828	0.982	0.809	21.868	0.888	0.506	0.966	1045.49	66813	16420.66	3664
SRX10239415	Nasal Mucosa	NA	Nasal Mucosa	Children Enterovirus D68 Pool	SRP309314	SRS8380829	0.983	0.790	17.229	0.869	0.377	0.965	1052.03	55949	15183.31	3398
SRX10239416	Nasal Mucosa	NA	Nasal Mucosa	Children FluB 0-6mo Pool	SRP309314	SRS8380830	0.981	0.781	18.273	0.880	0.558	0.965	1145.4	59667	16607.12	3384
SRX10239417	Nasal Mucosa	NA	Nasal Mucosa	Children FluB 12-24mo Pool	SRP309314	SRS8380831	0.979	0.799	19.980	0.885	0.533	0.965	987.19	65975	13413.33	3851
SRX10239418	Nasal Mucosa	NA	Nasal Mucosa	Children FluB 2-5y Pool	SRP309314	SRS8380832	0.980	0.798	19.950	0.875	0.571	0.966	993.51	65024	13355.49	3962
SRX10239419	Nasal Mucosa	NA	Nasal Mucosa	Children FluB 6-12mo Pool	SRP309314	SRS8380833	0.980	0.800	19.059	0.879	0.549	0.966	983.12	64839	13459.43	3670
SRX10239420	Nasal Mucosa	NA	Nasal Mucosa	Children FluA Pool	SRP309314	SRS8380834	0.985	0.796	32.662	0.893	0.528	0.971	989.58	69334	14930.2	3930
SRX10239421	Nasal Mucosa	NA	Nasal Mucosa	Children FluA Pool	SRP309314	SRS8380835	0.983	0.797	18.222	0.894	0.368	0.965	1047.15	58319	14670.34	3713
SRX10239422	Nasal Mucosa	NA	Nasal Mucosa	Children FluB Pool	SRP309314	SRS8380836	0.985	0.783	32.895	0.891	0.457	0.970	1151.44	65596	16860.59	3457
SRX10239423	Nasal Mucosa	NA	Nasal Mucosa	Children FluB Pool	SRP309314	SRS8380837	0.983	0.784	16.448	0.892	0.401	0.965	1121.07	52571	14351.85	3259
SRX10239424	Nasal Mucosa	NA	Nasal Mucosa	Children Human metapneumovirus Pool	SRP309314	SRS8380838	0.979	0.804	16.226	0.889	0.426	0.963	986.69	65165	13914.8	3875
SRX10239425	Nasal Mucosa	NA	Nasal Mucosa	Children Human metapneumovirus Pool	SRP309314	SRS8380839	0.986	0.805	31.671	0.901	0.518	0.967	916.02	80759	13575.95	4435
SRX10239426	Nasal Mucosa	NA	Nasal Mucosa	Children Negative Pool	SRP309314	SRS8380840	0.984	0.798	26.968	0.883	0.509	0.968	923.79	78650	13955.39	4241
SRX10239427	Nasal Mucosa	NA	Nasal Mucosa	Children Negative Pool	SRP309314	SRS8380841	0.984	0.803	27.221	0.898	0.504	0.966	885.53	79974	13770.42	4573
SRX10239428	Nasal Mucosa	NA	Nasal Mucosa	Children Negative Pool	SRP309314	SRS8380842	0.984	0.800	16.286	0.883	0.377	0.964	937.31	71571	13198.66	3845
SRX10239429	Nasal Mucosa	NA	Nasal Mucosa	Children Human Parainfluenza Virus Type 3 Pool	SRP309314	SRS8380843	0.972	0.807	18.534	0.889	0.505	0.960	1164.03	57867	16254.43	3560
SRX10239430	Nasal Mucosa	NA	Nasal Mucosa	Children Rhinovirus Pool	SRP309314	SRS8380844	0.983	0.800	16.540	0.869	0.396	0.965	980.73	64827	14301.1	3812
SRX10239431	Nasal Mucosa	NA	Nasal Mucosa	Children Rhinovirus Pool	SRP309314	SRS8380845	0.985	0.802	37.506	0.890	0.489	0.972	985.53	73285	14456.51	4458
SRX10239432	Nasal Mucosa	NA	Nasal Mucosa	Children Respiratory syncytial virus Pool	SRP309314	SRS8380846	0.986	0.701	35.222	0.880	0.538	0.970	933.02	75179	12003.82	4790
SRX10240607	SH-SY5Y	SH-SY5Y	NA	SH-SY5Y cells	SRP309354	SRS8382006	0.986	0.657	13.310	0.899	0.720	0.958	9042.94	78884	381301.73	2157
SRX10240608	SH-SY5Y	SH-SY5Y	NA	SH-SY5Y cells	SRP309354	SRS8382007	0.986	0.661	13.092	0.902	0.741	0.957	9016.42	79306	375946.25	2189
SRX10240609	SH-SY5Y	SH-SY5Y	NA	SH-SY5Y cells	SRP309354	SRS8382008	0.986	0.668	14.366	0.900	0.689	0.958	9358.8	78056	396141.11	2109
SRX10240610	SH-SY5Y	SH-SY5Y	NA	SH-SY5Y cells	SRP309354	SRS8382009	0.985	0.667	14.263	0.897	0.730	0.959	9015.5	80235	384237.97	2151
SRX10240611	SH-SY5Y	SH-SY5Y	NA	SH-SY5Y cells	SRP309354	SRS8382010	0.986	0.664	12.142	0.900	0.743	0.956	9165.98	78013	369453.12	2228
SRX10240612	SH-SY5Y	SH-SY5Y	NA	SH-SY5Y cells	SRP309354	SRS8382011	0.985	0.671	12.505	0.899	0.723	0.957	9783.68	74228	394338.85	2108
SRX10240613	SH-SY5Y	SH-SY5Y	NA	SH-SY5Y cells	SRP309354	SRS8382012	0.985	0.666	14.820	0.893	0.714	0.959	8515.54	85022	379945.65	2161
SRX10240614	SH-SY5Y	SH-SY5Y	NA	SH-SY5Y cells	SRP309354	SRS8382013	0.985	0.649	12.864	0.895	0.736	0.958	8833.58	80941	375214.46	2177
SRX10240615	SH-SY5Y	SH-SY5Y	NA	SH-SY5Y cells	SRP309354	SRS8382014	0.983	0.667	13.107	0.897	0.747	0.958	9450.48	76445	399521.18	2052
SRX10240616	SH-SY5Y	SH-SY5Y	NA	SH-SY5Y cells	SRP309354	SRS8382015	0.986	0.660	13.383	0.899	0.730	0.958	8903.28	80315	375494.57	2196
SRX10240617	SH-SY5Y	SH-SY5Y	NA	SH-SY5Y cells	SRP309354	SRS8382016	0.986	0.659	15.301	0.900	0.718	0.959	8546.83	84428	381394.92	2164
SRX10240618	SH-SY5Y	SH-SY5Y	NA	SH-SY5Y cells	SRP309354	SRS8382017	0.986	0.663	18.005	0.900	0.668	0.960	8531.89	86668	393513.11	2134
SRX10240619	SH-SY5Y	SH-SY5Y	NA	SH-SY5Y cells	SRP309354	SRS8382018	0.986	0.665	14.844	0.897	0.713	0.959	8641.83	84374	382430.48	2175
SRX10240620	SH-SY5Y	SH-SY5Y	NA	SH-SY5Y cells	SRP309354	SRS8382019	0.986	0.662	15.189	0.899	0.729	0.959	8577.47	84512	376233.47	2196
SRX10240621	SH-SY5Y	SH-SY5Y	NA	SH-SY5Y cells	SRP309354	SRS8382020	0.986	0.661	12.975	0.899	0.732	0.957	8992.79	80896	389539.13	2134
SRX10240622	SH-SY5Y	SH-SY5Y	NA	SH-SY5Y cells	SRP309354	SRS8382021	0.986	0.653	14.121	0.895	0.726	0.959	8410.12	85790	378544.9	2170
SRX10240623	SH-SY5Y	SH-SY5Y	NA	SH-SY5Y cells	SRP309354	SRS8382022	0.985	0.656	15.624	0.895	0.742	0.960	8253.87	87749	372597.13	2206
SRX10240624	SH-SY5Y	SH-SY5Y	NA	SH-SY5Y cells	SRP309354	SRS8382023	0.985	0.649	14.449	0.897	0.746	0.959	8411.17	86419	382933.63	2150
SRX10244352	KYSE-30	NA	NA	KYSE-30	SRP309472	SRS8385387	0.994	0.675	20.042	0.801	0.722	0.962	7130.6	90920	425075.16	2500
SRX10244353	KYSE-30	NA	NA	KYSE-30	SRP309472	SRS8385388	0.994	0.678	18.611	0.794	0.707	0.960	7416.64	87808	427831.95	2472
SRX10244354	KYSE-30	NA	NA	KYSE-30	SRP309472	SRS8385389	0.994	0.680	18.519	0.808	0.689	0.960	7262.05	88664	426328.64	2451
SRX10244355	KYSE-30	NA	NA	KYSE-30	SRP309472	SRS8385390	0.994	0.678	19.767	0.816	0.644	0.961	7118.04	90790	421277.32	2491
SRX10279978	Nave hESC	NA	NA	Nave hESC	SRP268755	SRS8411948	0.982	0.333	10.894	0.430	0.787	0.963	9810.42	58083	230003.6	3480
SRX10279979	Nave hESC	NA	NA	Nave hESC	SRP268755	SRS8411949	0.980	0.401	18.985	0.863	0.852	0.967	7143.72	71925	146780.17	4939
SRX10279980	Nave hESC	NA	NA	Nave hESC	SRP268755	SRS8411950	0.980	0.486	17.215	0.814	0.829	0.967	5152.25	69042	150686.12	4626
SRX10279981	Nave hESC	NA	NA	Nave hESC	SRP268755	SRS8411951	0.978	0.469	17.613	0.827	0.809	0.967	4027.69	62525	145324.09	4403
SRX10279982	Nave hESC	NA	NA	Nave hESC	SRP268755	SRS8411953	0.980	0.506	19.434	0.834	0.828	0.967	6264.21	73679	164185.95	4604
SRX10279983	Nave hESC	NA	NA	Nave hESC	SRP268755	SRS8411952	0.972	0.355	17.306	0.812	0.824	0.966	10151.1	67923	177429.64	4804
SRX10279984	Nave hESC	NA	NA	Nave hESC	SRP268755	SRS8411954	0.982	0.348	24.935	0.824	0.811	0.969	9500.01	75014	163199.51	5334
SRX10317651	hESC-derived macrophages	hESC-derived macrophages	NA	macrophages	SRP310254	SRS8438088	0.981	0.804	19.109	0.885	0.736	0.963	954.15	54498	14981.04	3460
SRX10317652	hESC-derived macrophages	hESC-derived macrophages	NA	macrophages	SRP310254	SRS8438089	0.981	0.805	18.989	0.887	0.734	0.963	953.98	56173	18687.27	3232
SRX10317653	hESC-derived macrophages	hESC-derived macrophages	NA	macrophages	SRP310254	SRS8438090	0.981	0.796	19.343	0.886	0.756	0.963	949.52	56181	19060.23	3237
SRX10317654	hESC-derived macrophages	hESC-derived macrophages	NA	macrophages	SRP310254	SRS8438091	0.982	0.802	18.520	0.888	0.699	0.962	959.29	55030	14780.56	3325
SRX10317655	hESC-derived macrophages	hESC-derived macrophages	NA	macrophages	SRP310254	SRS8438092	0.981	0.799	18.920	0.888	0.732	0.962	1063.46	48945	16008.51	3188
SRX10317656	hESC-derived macrophages	hESC-derived macrophages	NA	macrophages	SRP310254	SRS8438093	0.981	0.799	19.101	0.888	0.717	0.963	976.06	54698	13490.37	3414
SRX10317657	hESC-derived macrophages	hESC-derived macrophages	NA	macrophages	SRP310254	SRS8438094	0.981	0.791	18.794	0.887	0.731	0.962	935.45	67872	9280.83	4227
SRX10317658	hESC-derived macrophages	hESC-derived macrophages	NA	macrophages	SRP310254	SRS8438095	0.981	0.788	18.972	0.886	0.737	0.962	935.97	69510	10406.85	3920
SRX10317659	hESC-derived macrophages	hESC-derived macrophages	NA	macrophages	SRP310254	SRS8438096	0.981	0.786	18.671	0.881	0.717	0.963	971.4	67407	10814.64	4233
SRX1054536	Stomach	gastric epthelial cells isolated from stomach	stomach	gastric epthelial cells isolated from stomach	SRP059289	SRS957366	0.989	0.682	3.259	0.640	0.634	0.848	1939.43	32961	21887.63	404
SRX1054537	Stomach	gastric epthelial cells isolated from stomach	stomach	gastric epthelial cells isolated from stomach	SRP059289	SRS957365	0.988	0.682	3.198	0.570	0.000	0.856	1951.82	36279	36282.33	695
SRX1054538	hiMEPs derived from GECs by reprogramming	hiMEPs derived from GECs by reprogramming	NA	hiMEPs derived from GECs by reprogramming	SRP059289	SRS957363	0.983	0.742	2.505	0.690	0.885	0.827	1797.5	38433	35387.09	390
SRX1054539	hiMEPs derived from GECs by reprogramming	hiMEPs derived from GECs by reprogramming	NA	hiMEPs derived from GECs by reprogramming	SRP059289	SRS957364	0.986	0.714	3.652	0.687	0.000	0.894	1789.34	40171	29015.42	707
SRX1054540	hepatoctes induced by differentiation of hiMEPs	hepatoctes induced by differentiation of hiMEPs	NA	hepatoctes induced by differentiation of hiMEPs	SRP059289	SRS957362	0.976	0.711	3.283	0.614	0.631	0.868	1767.32	35341	48053.09	600
SRX1054541	hepatoctes induced by differentiation of hiMEPs	hepatoctes induced by differentiation of hiMEPs	NA	hepatoctes induced by differentiation of hiMEPs	SRP059289	SRS957361	0.977	0.694	3.258	0.645	0.668	0.863	1853.87	35991	45198.51	591
SRX1054877	Blood	NA	blood	NA	SRP059313	SRS957622	0.992	0.703	16.696	0.699	0.958	0.958	991.81	51587	9651.76	2558
SRX10606446	Embryonic Kidney	human embryonic kidney cells	NA	HEK293 cells	SRP314963	SRS8707583	0.995	0.649	22.659	0.725	0.975	0.960	6165.73	135634	377702.49	2465
SRX10606447	Embryonic Kidney	human embryonic kidney cells	NA	HEK293 cells	SRP314963	SRS8707582	0.996	0.646	17.504	0.757	0.980	0.957	6693.23	126249	384905.88	2463
SRX10606448	Embryonic Kidney	human embryonic kidney cells	NA	HEK293 cells	SRP314963	SRS8707584	0.993	0.657	35.329	0.569	0.943	0.963	5929.99	141923	279916.82	3219
SRX10606449	Embryonic Kidney	human embryonic kidney cells	NA	HEK293 cells	SRP314963	SRS8707585	0.993	0.658	42.788	0.540	0.939	0.963	5662.28	151036	344546.94	2749
SRX10613519	Ovarian Epithelium	human ovarian epithelial cell line	ovarian epithelium	NA	SRP315039	SRS8711339	0.989	0.509	28.833	0.795	0.728	0.965	8843.29	121260	376676.36	3474
SRX10613520	Ovarian Epithelium	human ovarian epithelial cell line	ovarian epithelium	NA	SRP315039	SRS8711340	0.989	0.498	26.859	0.110	0.627	0.953	9010.66	114376	377034.09	3413
SRX10613521	Ovarian Epithelium	human ovarian epithelial cell line	ovarian epithelium	NA	SRP315039	SRS8711341	0.987	0.460	17.194	0.094	0.677	0.941	11609.71	84827	374159.23	3327
SRX10658601	Bone Marrow	NA	Bone marrow	NA	SRP315878	SRS8753246	0.992	0.638	1.815	0.665	0.982	0.764	1944.4	23867	36686.58	183
SRX10658607	Bone Marrow	NA	Bone marrow	NA	SRP315878	SRS8753246	0.992	0.636	2.086	0.674	0.982	0.803	1827.98	25160	31564.46	261
SRX10658608	Bone Marrow	NA	Bone marrow	NA	SRP315878	SRS8753246	0.992	0.637	2.125	0.675	0.981	0.806	1814.83	24860	31821.94	270
SRX10658609	Bone Marrow	NA	Bone marrow	NA	SRP315878	SRS8753246	0.992	0.637	1.660	0.674	0.976	0.741	2035.58	23473	39720.52	155
SRX10658610	Bone Marrow	NA	Bone marrow	NA	SRP315878	SRS8753246	0.993	0.636	2.783	0.686	0.979	0.864	1517.25	29001	28942.02	273
SRX10658619	Bone Marrow	NA	Bone marrow	NA	SRP315878	SRS8753246	0.993	0.691	1.840	0.786	0.956	0.771	1695.96	27657	46520.2	227
SRX10658620	Bone Marrow	NA	Bone marrow	NA	SRP315878	SRS8753246	0.992	0.639	1.703	0.681	0.978	0.748	2000.88	23640	44490.6	127
SRX10658621	Bone Marrow	NA	Bone marrow	NA	SRP315878	SRS8753246	0.991	0.692	1.584	0.752	0.980	0.724	1754.04	26563	51697.55	181
SRX10658623	Bone Marrow	NA	Bone marrow	NA	SRP315878	SRS8753246	0.992	0.687	2.126	0.769	0.978	0.802	1653.38	27685	39436.27	318
SRX10658624	Blood	NA	Peripheral blood	NA	SRP315878	SRS8753247	0.993	0.688	2.122	0.780	0.973	0.809	1649.38	27968	43495.23	248
SRX10658625	Blood	NA	Peripheral blood	NA	SRP315878	SRS8753247	0.991	0.692	1.562	0.760	0.973	0.720	1757.31	26489	52160.22	171
SRX10658626	Blood	NA	Peripheral blood	NA	SRP315878	SRS8753247	0.993	0.687	1.710	0.780	0.977	0.754	1749.82	27189	47369.1	239
SRX10658627	Blood	NA	Peripheral blood	NA	SRP315878	SRS8753247	0.994	0.685	2.540	0.787	0.972	0.847	1542.85	29883	32096.55	444
SRX10658628	Blood	NA	Peripheral blood	NA	SRP315878	SRS8753247	0.993	0.688	2.014	0.781	0.964	0.796	1666.83	28100	44960.3	227
SRX10658631	Bone Marrow	NA	Bone marrow	NA	SRP315878	SRS8753246	0.993	0.638	2.269	0.690	0.977	0.823	1732.92	25824	36809.96	139
SRX10665795	Saliva DNA	NA	Saliva DNA	Saliva DNA	SRP316059	SRS8760201	0.983	0.817	16.749	0.761	0.492	0.955	1159.88	51205	14148.21	3095
SRX10665796	Saliva DNA	NA	Saliva DNA	Saliva DNA	SRP316059	SRS8760202	0.983	0.821	16.982	0.705	0.442	0.957	1133.81	50734	12476.34	3609
SRX10665797	Saliva DNA	NA	Saliva DNA	Saliva DNA	SRP316059	SRS8760203	0.984	0.827	18.446	0.693	0.430	0.954	1158.49	50899	13295.93	3292
SRX10665798	Saliva DNA	NA	Saliva DNA	Saliva DNA	SRP316059	SRS8760204	0.983	0.830	19.635	0.819	0.516	0.957	1113.22	55244	12618.72	3855
SRX10665799	Saliva DNA	NA	Saliva DNA	Saliva DNA	SRP316059	SRS8760205	0.983	0.827	15.040	0.814	0.563	0.950	1193.41	46892	12381.15	3465
SRX10665800	Saliva DNA	NA	Saliva DNA	Saliva DNA	SRP316059	SRS8760206	0.984	0.813	16.381	0.662	0.501	0.955	1188.14	46747	12958.24	3445
SRX10665801	Saliva DNA	NA	Saliva DNA	Saliva DNA	SRP316059	SRS8760207	0.984	0.825	20.431	0.788	0.680	0.959	1075.58	58361	11010.97	3997
SRX10665802	Saliva DNA	NA	Saliva DNA	Saliva DNA	SRP316059	SRS8760208	0.984	0.818	21.960	0.761	0.649	0.960	1150.06	48562	11398.13	3871
SRX1069706	Liver	NA	liver	22819-A2C	SRP059772	SRS968918	0.989	0.636	17.283	0.771	0.710	0.942	1203.16	36773	18742.93	1508
SRX1069708	Liver	NA	liver	22819-A1E	SRP059772	SRS968916	0.989	0.644	17.313	0.765	0.732	0.941	1089.28	35301	20649.5	1408
SRX1069710	Liver	NA	liver	9607-C252	SRP059772	SRS968915	0.989	0.634	16.997	0.760	0.732	0.947	1181.55	35197	21232.68	1335
SRX1069712	Liver	NA	liver	9607-C251	SRP059772	SRS968913	0.990	0.412	24.597	0.758	0.673	0.953	15083.17	77798	244656.67	5578
SRX1069714	Liver	NA	liver	9603-C209	SRP059772	SRS968911	0.989	0.629	18.319	0.774	0.722	0.945	1184.11	33298	18553.45	1289
SRX1069716	Liver	NA	liver	9603-C210	SRP059772	SRS968909	0.989	0.635	18.857	0.767	0.727	0.944	1263.46	38573	372783.7	1983
SRX1069718	Liver	NA	liver	9607-C222	SRP059772	SRS968907	0.985	0.648	13.688	0.732	0.636	0.938	1275.0	35026	27553.7	1668
SRX1069720	Liver	NA	liver	9607-C221	SRP059772	SRS968905	0.990	0.467	13.866	0.753	0.744	0.943	20886.36	46875	405920.54	3516
SRX1069722	Lung	NA	lung	29332-A2E	SRP059772	SRS968903	0.990	0.644	25.808	0.767	0.728	0.957	1098.86	38547	9306.13	2953
SRX1069724	Lung	NA	lung	293320-A1C	SRP059772	SRS968901	0.990	0.596	26.682	0.771	0.702	0.957	1162.61	36334	299214.97	2218
SRX1069726	Lung	NA	lung	30600-A3A	SRP059772	SRS968899	0.989	0.638	18.037	0.771	0.708	0.944	1125.47	36220	13892.65	1584
SRX1069728	Lung	NA	lung	30600-A1B	SRP059772	SRS968897	0.989	0.615	17.503	0.760	0.732	0.945	1133.31	35883	13952.16	1153
SRX1069730	Lung	NA	lung	4009625-B4	SRP059772	SRS968892	0.989	0.658	17.537	0.764	0.705	0.949	1125.98	38518	14495.37	1742
SRX1069732	Lung	NA	lung	4009625-A4	SRP059772	SRS968894	0.991	0.562	18.211	0.775	0.706	0.947	1304.36	38649	542949.25	1681
SRX10710544	Cell Line	NA	NA	Nasopharyngeal Tissue Cell Line	SRP316873	SRS8800078	0.984	0.326	23.326	0.829	0.613	0.865	19225.44	14922	975146.41	1392
SRX10710545	Cell Line	NA	NA	Nasopharyngeal Tissue Cell Line	SRP316873	SRS8800079	0.980	0.308	16.911	0.807	0.608	0.763	26599.11	6958	732394.02	1591
SRX10710547	Cell Line	NA	NA	Nasopharyngeal Tissue Cell Line	SRP316873	SRS8800081	0.981	0.201	12.644	0.823	0.608	0.832	77743.05	3068	486826.17	2647
SRX10710548	Cell Line	NA	NA	NPC Cell Line	SRP316873	SRS8800082	0.980	0.538	19.386	0.813	0.625	0.766	6274.22	40061	814241.8	1038
SRX10710549	Cell Line	NA	NA	NPC Cell Line	SRP316873	SRS8800083	0.979	0.562	18.537	0.788	0.620	0.739	2333.58	32789	661544.42	776
SRX10710550	Cell Line	NA	NA	NPC Cell Line	SRP316873	SRS8800084	0.982	0.421	20.406	0.815	0.589	0.781	16503.12	17012	633738.93	1571
SRX10710553	Methylation Control	NA	NA	Methylation Control	SRP316873	SRS8800087	0.985	0.317	16.890	0.814	0.577	0.786	8258.61	25944	916940.02	1249
SRX10710554	Methylation Control	NA	NA	Methylation Control	SRP316873	SRS8800088	0.984	0.522	16.302	0.815	0.591	0.807	6338.61	29024	1397108.33	770
SRX10768293	Blood	CD19+ B cells	peripheral blood	peripheral blood	SRP318399	SRS8853480	0.995	0.748	13.194	0.953	0.999	0.954	1158.17	48971	10305.33	2128
SRX10768294	Blood	CD19+ B cells	peripheral blood	peripheral blood	SRP318399	SRS8853481	0.995	0.804	11.608	0.955	0.999	0.954	1014.7	54181	9185.56	3817
SRX10768295	Blood	CD19+ B cells	peripheral blood	peripheral blood	SRP318399	SRS8853482	0.995	0.790	13.168	0.952	0.999	0.955	1077.6	53541	10527.91	2905
SRX10768296	Blood	CD19+ B cells	peripheral blood	peripheral blood	SRP318399	SRS8853483	0.995	0.796	12.153	0.953	0.999	0.954	1055.18	51533	9045.6	2990
SRX10768297	Blood	CD19+ B cells	peripheral blood	peripheral blood	SRP318399	SRS8853484	0.995	0.816	12.865	0.954	0.999	0.955	1017.65	54420	8586.87	3801
SRX10768298	Blood	CD19+ B cells	peripheral blood	peripheral blood	SRP318399	SRS8853485	0.996	0.755	15.580	0.952	0.999	0.956	1058.69	51852	9738.47	2456
SRX10768299	Blood	CD19+ B cells	peripheral blood	peripheral blood	SRP318399	SRS8853486	0.996	0.773	10.951	0.955	0.999	0.954	1076.8	49881	8339.02	2826
SRX10768300	Blood	CD19+ B cells	peripheral blood	peripheral blood	SRP318399	SRS8853487	0.996	0.782	12.562	0.957	0.999	0.953	1053.85	51622	9419.83	2998
SRX10768301	Blood	CD19+ B cells	peripheral blood	peripheral blood	SRP318399	SRS8853488	0.996	0.791	16.983	0.954	0.999	0.958	1007.66	56443	10220.65	2974
SRX10768302	Blood	CD19+ B cells	peripheral blood	peripheral blood	SRP318399	SRS8853489	0.996	0.758	10.425	0.957	0.999	0.952	1151.88	49312	9533.48	2437
SRX10768303	Blood	CD19+ B cells	peripheral blood	peripheral blood	SRP318399	SRS8853490	0.996	0.779	14.411	0.951	0.999	0.956	1030.59	53276	10081.53	2774
SRX10768304	Blood	CD19+ B cells	peripheral blood	peripheral blood	SRP318399	SRS8853491	0.996	0.775	13.785	0.952	0.999	0.954	1094.84	51576	9660.7	2648
SRX10768305	Blood	CD19+ B cells	peripheral blood	peripheral blood	SRP318399	SRS8853492	0.995	0.797	9.143	0.957	0.999	0.943	1165.45	46324	10187.86	2401
SRX10768306	Blood	CD19+ B cells	peripheral blood	peripheral blood	SRP318399	SRS8853493	0.995	0.813	10.950	0.956	0.999	0.952	1004.63	54545	10097.91	3214
SRX10768307	Blood	CD19+ B cells	peripheral blood	peripheral blood	SRP318399	SRS8853494	0.995	0.799	12.545	0.952	0.999	0.953	1015.6	54642	9216.79	3424
SRX10768308	Blood	CD19+ B cells	peripheral blood	peripheral blood	SRP318399	SRS8853495	0.995	0.774	11.902	0.952	0.999	0.953	1091.7	49999	9511.07	2736
SRX10768309	Blood	CD19+ B cells	peripheral blood	peripheral blood	SRP318399	SRS8853496	0.995	0.789	11.439	0.952	0.999	0.953	1058.02	51609	10093.25	2771
SRX10768310	Blood	CD19+ B cells	peripheral blood	peripheral blood	SRP318399	SRS8853497	0.995	0.812	8.091	0.951	0.999	0.949	1044.0	50788	15163.39	1720
SRX10768311	Blood	CD19+ B cells	peripheral blood	peripheral blood	SRP318399	SRS8853498	0.996	0.789	9.709	0.953	0.999	0.951	1064.07	50627	9527.58	2706
SRX10768312	Blood	CD19+ B cells	peripheral blood	peripheral blood	SRP318399	SRS8853499	0.995	0.804	8.519	0.952	0.999	0.950	1045.01	51024	15482.69	1954
SRX10768313	Blood	CD19+ B cells	peripheral blood	peripheral blood	SRP318399	SRS8853500	0.996	0.793	8.723	0.951	0.999	0.950	1090.88	48711	8994.87	2955
SRX10768314	Blood	CD19+ B cells	peripheral blood	peripheral blood	SRP318399	SRS8853501	0.995	0.789	9.730	0.949	0.999	0.952	1077.32	49648	10124.63	2804
SRX10768315	Blood	CD19+ B cells	peripheral blood	peripheral blood	SRP318399	SRS8853502	0.996	0.785	8.318	0.949	0.999	0.950	1112.45	47467	16705.91	1667
SRX10768317	Blood	CD19+ B cells	peripheral blood	peripheral blood	SRP318399	SRS8853504	0.995	0.791	12.949	0.953	0.999	0.955	1009.97	53678	8681.42	3173
SRX10768318	Blood	CD19+ B cells	peripheral blood	peripheral blood	SRP318399	SRS8853505	0.995	0.824	11.943	0.954	0.999	0.954	995.82	56360	10059.73	3545
SRX10768319	Blood	CD19+ B cells	peripheral blood	peripheral blood	SRP318399	SRS8853506	0.994	0.790	13.169	0.954	0.999	0.955	1025.9	52020	9003.35	3049
SRX10768320	Blood	CD19+ B cells	peripheral blood	peripheral blood	SRP318399	SRS8853507	0.995	0.807	11.895	0.954	0.999	0.954	1019.35	53551	8868.87	3184
SRX10768321	Blood	CD19+ B cells	peripheral blood	peripheral blood	SRP318399	SRS8853508	0.995	0.806	11.827	0.955	0.999	0.953	1013.92	54082	9030.58	3484
SRX10768322	Blood	CD19+ B cells	peripheral blood	peripheral blood	SRP318399	SRS8853509	0.995	0.810	11.664	0.953	0.999	0.953	1031.24	52614	9481.63	3143
SRX10768323	Blood	CD19+ B cells	peripheral blood	peripheral blood	SRP318399	SRS8853510	0.995	0.824	11.880	0.953	0.999	0.953	1021.95	54456	9342.85	3296
SRX10768324	Blood	CD19+ B cells	peripheral blood	peripheral blood	SRP318399	SRS8853511	0.995	0.829	14.358	0.953	0.999	0.955	997.3	58440	10290.4	3392
SRX10768325	Blood	CD19+ B cells	peripheral blood	peripheral blood	SRP318399	SRS8853512	0.995	0.804	12.468	0.953	0.999	0.953	1021.85	53938	10779.19	3263
SRX10768326	Blood	CD19+ B cells	peripheral blood	peripheral blood	SRP318399	SRS8853513	0.995	0.796	12.545	0.953	0.999	0.954	1051.83	52568	10562.9	3017
SRX10768327	Blood	CD19+ B cells	peripheral blood	peripheral blood	SRP318399	SRS8853514	0.995	0.821	12.177	0.952	0.999	0.956	986.6	58971	10518.62	3465
SRX10768328	Blood	CD19+ B cells	peripheral blood	peripheral blood	SRP318399	SRS8853515	0.996	0.807	12.508	0.955	0.999	0.955	1010.17	55535	9902.5	3486
SRX10768329	Blood	CD19+ B cells	peripheral blood	peripheral blood	SRP318399	SRS8853516	0.996	0.794	12.274	0.955	0.999	0.955	998.23	53893	8390.08	3145
SRX10768330	Blood	CD19+ B cells	peripheral blood	peripheral blood	SRP318399	SRS8853517	0.996	0.789	13.486	0.950	0.999	0.956	1013.1	53138	8541.64	2919
SRX10768331	Blood	CD19+ B cells	peripheral blood	peripheral blood	SRP318399	SRS8853518	0.996	0.814	12.990	0.946	0.998	0.956	954.27	58688	9222.53	3705
SRX10768332	Blood	CD19+ B cells	peripheral blood	peripheral blood	SRP318399	SRS8853519	0.995	0.821	17.351	0.952	0.999	0.956	928.02	65092	11252.43	3973
SRX10768333	Blood	CD19+ B cells	peripheral blood	peripheral blood	SRP318399	SRS8853520	0.994	0.821	17.288	0.954	0.999	0.956	943.75	64573	11894.2	3837
SRX10768334	Blood	CD19+ B cells	peripheral blood	peripheral blood	SRP318399	SRS8853521	0.992	0.813	7.859	0.952	0.999	0.946	1122.2	47940	16816.51	1657
SRX10768335	Blood	CD19+ B cells	peripheral blood	peripheral blood	SRP318399	SRS8853522	0.992	0.800	7.868	0.951	0.999	0.948	1132.78	46129	14677.02	1710
SRX10768336	Blood	CD19+ B cells	peripheral blood	peripheral blood	SRP318399	SRS8853523	0.994	0.813	7.232	0.951	0.999	0.946	1088.4	48511	16852.12	1913
SRX10768337	Blood	CD19+ B cells	peripheral blood	peripheral blood	SRP318399	SRS8853524	0.995	0.800	9.123	0.951	0.999	0.951	1065.87	49667	8689.71	3310
SRX10768338	Blood	CD19+ B cells	peripheral blood	peripheral blood	SRP318399	SRS8853525	0.995	0.780	8.249	0.950	0.999	0.949	1139.63	45791	15998.0	1285
SRX10768339	Blood	CD19+ B cells	peripheral blood	peripheral blood	SRP318399	SRS8853526	0.996	0.777	8.236	0.949	0.999	0.950	1146.51	47153	17382.9	1503
SRX10768340	Blood	CD19+ B cells	peripheral blood	peripheral blood	SRP318399	SRS8853527	0.995	0.783	13.272	0.954	0.999	0.955	982.48	57579	10227.45	3550
SRX10768341	Blood	CD19+ B cells	peripheral blood	peripheral blood	SRP318399	SRS8853528	0.995	0.820	11.870	0.955	0.999	0.954	988.83	56482	9925.23	3634
SRX10768343	Blood	CD19+ B cells	peripheral blood	peripheral blood	SRP318399	SRS8853530	0.994	0.767	12.145	0.954	0.999	0.954	1122.71	50474	10350.48	2425
SRX10768344	Blood	CD19+ B cells	peripheral blood	peripheral blood	SRP318399	SRS8853531	0.994	0.811	11.752	0.954	0.999	0.954	1026.6	55055	9792.54	3256
SRX10768345	Blood	CD19+ B cells	peripheral blood	peripheral blood	SRP318399	SRS8853532	0.994	0.832	11.291	0.954	0.999	0.953	992.58	57134	9623.65	3708
SRX10768346	Blood	CD4+ T cells	peripheral blood	peripheral blood	SRP318399	SRS8853533	0.996	0.788	13.593	0.952	0.999	0.956	1076.11	46168	9925.13	2885
SRX10768347	Blood	CD4+ T cells	peripheral blood	peripheral blood	SRP318399	SRS8853534	0.996	0.814	13.519	0.953	0.999	0.956	1029.66	51026	11233.9	3245
SRX10768348	Blood	CD4+ T cells	peripheral blood	peripheral blood	SRP318399	SRS8853535	0.996	0.796	12.533	0.953	0.999	0.955	1081.88	46528	10925.59	2726
SRX10768349	Blood	CD4+ T cells	peripheral blood	peripheral blood	SRP318399	SRS8853536	0.996	0.796	12.014	0.953	0.999	0.955	1067.17	46117	8868.37	2928
SRX10768350	Blood	CD4+ T cells	peripheral blood	peripheral blood	SRP318399	SRS8853537	0.996	0.804	13.355	0.951	0.998	0.956	1046.7	47720	9127.47	3088
SRX10768351	Blood	CD4+ T cells	peripheral blood	peripheral blood	SRP318399	SRS8853538	0.996	0.799	13.014	0.947	0.999	0.956	1055.04	46906	10838.68	2847
SRX10768352	Blood	CD4+ T cells	peripheral blood	peripheral blood	SRP318399	SRS8853539	0.997	0.804	9.646	0.956	0.999	0.721	1148.05	33828	13095.72	1684
SRX10768353	Blood	CD4+ T cells	peripheral blood	peripheral blood	SRP318399	SRS8853540	0.996	0.813	9.059	0.953	0.999	0.929	1225.33	41150	10652.83	2377
SRX10768354	Blood	CD4+ T cells	peripheral blood	peripheral blood	SRP318399	SRS8853542	0.996	0.819	16.090	0.948	0.999	0.958	1013.34	54432	11495.74	3385
SRX10768355	Blood	CD4+ T cells	peripheral blood	peripheral blood	SRP318399	SRS8853541	0.996	0.820	15.030	0.949	0.999	0.957	1028.8	52764	11259.36	3342
SRX10768356	Blood	CD4+ T cells	peripheral blood	peripheral blood	SRP318399	SRS8853544	0.996	0.789	9.771	0.953	0.999	0.953	1130.91	43840	9677.41	2878
SRX10768357	Blood	CD4+ T cells	peripheral blood	peripheral blood	SRP318399	SRS8853543	0.996	0.811	11.335	0.953	0.999	0.951	1107.62	45734	10372.94	2822
SRX10768358	Blood	CD4+ T cells	peripheral blood	peripheral blood	SRP318399	SRS8853545	0.992	0.782	16.022	0.954	0.999	0.957	1046.83	47606	10358.7	2751
SRX10768359	Blood	CD4+ T cells	peripheral blood	peripheral blood	SRP318399	SRS8853546	0.995	0.810	12.900	0.956	0.999	0.952	1068.2	47707	9938.95	3143
SRX10768360	Blood	CD4+ T cells	peripheral blood	peripheral blood	SRP318399	SRS8853547	0.992	0.826	14.221	0.954	0.999	0.955	1005.8	54237	10794.55	3684
SRX10768361	Blood	CD4+ T cells	peripheral blood	peripheral blood	SRP318399	SRS8853548	0.992	0.799	16.843	0.955	0.999	0.957	999.0	53341	10722.35	3147
SRX10768362	Blood	CD4+ T cells	peripheral blood	peripheral blood	SRP318399	SRS8853549	0.992	0.773	9.810	0.955	0.999	0.952	1171.56	41133	9461.11	2465
SRX10768363	Blood	CD4+ T cells	peripheral blood	peripheral blood	SRP318399	SRS8853550	0.996	0.801	10.453	0.953	0.998	0.954	1087.65	44721	8699.8	3281
SRX10768364	Blood	CD4+ T cells	peripheral blood	peripheral blood	SRP318399	SRS8853551	0.996	0.798	13.555	0.952	0.999	0.955	1062.58	47378	8758.74	3097
SRX10768365	Blood	CD4+ T cells	peripheral blood	peripheral blood	SRP318399	SRS8853552	0.996	0.797	14.180	0.954	0.999	0.956	1047.23	48816	8961.98	3399
SRX10768366	Blood	CD4+ T cells	peripheral blood	peripheral blood	SRP318399	SRS8853553	0.996	0.800	11.029	0.953	0.999	0.751	1124.57	37523	13300.11	2136
SRX10768367	Blood	CD4+ T cells	peripheral blood	peripheral blood	SRP318399	SRS8853554	0.996	0.796	13.114	0.952	0.999	0.955	1064.88	47828	11706.46	2655
SRX10768369	Blood	CD4+ T cells	peripheral blood	peripheral blood	SRP318399	SRS8853556	0.996	0.824	11.779	0.951	0.999	0.955	1059.35	49441	11032.12	3401
SRX10768370	Blood	CD4+ T cells	peripheral blood	peripheral blood	SRP318399	SRS8853557	0.996	0.802	10.778	0.954	0.999	0.954	1089.56	45456	8533.63	2973
SRX10768371	Blood	CD4+ T cells	peripheral blood	peripheral blood	SRP318399	SRS8853558	0.996	0.740	12.904	0.953	0.999	0.956	1155.1	40754	9804.41	1597
SRX10768372	Blood	CD4+ T cells	peripheral blood	peripheral blood	SRP318399	SRS8853559	0.996	0.815	12.179	0.950	0.999	0.791	1099.29	42181	12554.29	2285
SRX10768373	Blood	CD4+ T cells	peripheral blood	peripheral blood	SRP318399	SRS8853560	0.992	0.797	16.725	0.954	0.999	0.957	1017.71	50772	10299.57	3365
SRX10768374	Blood	CD4+ T cells	peripheral blood	peripheral blood	SRP318399	SRS8853561	0.992	0.800	15.878	0.954	0.999	0.956	1023.63	51009	11099.2	3230
SRX10768375	Blood	CD8+ T cells	peripheral blood	peripheral blood	SRP318399	SRS8853562	0.995	0.804	12.676	0.953	0.999	0.954	1083.09	46042	10016.65	3138
SRX10768376	Blood	CD8+ T cells	peripheral blood	peripheral blood	SRP318399	SRS8853563	0.995	0.804	9.956	0.957	0.999	0.950	1094.73	45089	10292.85	2981
SRX10768377	Blood	CD8+ T cells	peripheral blood	peripheral blood	SRP318399	SRS8853564	0.996	0.784	13.084	0.954	0.999	0.953	1121.6	43537	9849.57	2754
SRX10768378	Blood	CD8+ T cells	peripheral blood	peripheral blood	SRP318399	SRS8853565	0.996	0.765	12.991	0.957	0.999	0.953	1108.36	42762	9258.92	2104
SRX10768379	Blood	CD8+ T cells	peripheral blood	peripheral blood	SRP318399	SRS8853566	0.995	0.813	9.671	0.956	0.999	0.952	1085.54	45542	8677.89	3456
SRX10768380	Blood	CD8+ T cells	peripheral blood	peripheral blood	SRP318399	SRS8853567	0.995	0.789	11.595	0.954	0.999	0.954	1073.99	44245	10715.05	2401
SRX10768381	Blood	CD8+ T cells	peripheral blood	peripheral blood	SRP318399	SRS8853568	0.996	0.789	8.166	0.956	0.999	0.948	1175.44	39865	13615.94	1448
SRX10768382	Blood	CD8+ T cells	peripheral blood	peripheral blood	SRP318399	SRS8853569	0.995	0.780	16.414	0.955	0.999	0.956	1048.57	47143	10478.52	2603
SRX10768383	Blood	CD8+ T cells	peripheral blood	peripheral blood	SRP318399	SRS8853570	0.995	0.786	17.071	0.957	0.999	0.957	1025.0	49281	10496.24	2681
SRX10768384	Blood	CD8+ T cells	peripheral blood	peripheral blood	SRP318399	SRS8853571	0.995	0.821	18.540	0.956	0.999	0.885	986.54	54599	11334.98	3155
SRX10768386	Blood	CD8+ T cells	peripheral blood	peripheral blood	SRP318399	SRS8853573	0.995	0.806	8.139	0.955	0.999	0.949	1149.56	41713	16661.12	1757
SRX10768387	Blood	CD8+ T cells	peripheral blood	peripheral blood	SRP318399	SRS8853574	0.992	0.758	14.478	0.957	0.999	0.956	1085.33	43623	9855.01	2257
SRX10768388	Blood	CD8+ T cells	peripheral blood	peripheral blood	SRP318399	SRS8853575	0.992	0.787	14.338	0.956	0.999	0.955	1051.85	47056	9650.59	2831
SRX10768389	Blood	CD8+ T cells	peripheral blood	peripheral blood	SRP318399	SRS8853576	0.993	0.834	9.070	0.946	0.999	0.943	1127.5	44025	10250.32	3150
SRX10768390	Blood	CD8+ T cells	peripheral blood	peripheral blood	SRP318399	SRS8853577	0.992	0.810	13.954	0.955	0.999	0.955	1029.96	50513	10883.6	3143
SRX10768391	Blood	CD8+ T cells	peripheral blood	peripheral blood	SRP318399	SRS8853578	0.993	0.743	15.828	0.956	0.999	0.956	1117.09	44672	10248.93	1985
SRX10768392	Blood	CD8+ T cells	peripheral blood	peripheral blood	SRP318399	SRS8853579	0.996	0.815	13.347	0.954	0.999	0.954	1057.16	48075	10252.35	3088
SRX10768393	Blood	CD8+ T cells	peripheral blood	peripheral blood	SRP318399	SRS8853580	0.996	0.766	13.727	0.954	0.999	0.955	1116.77	42021	8949.3	2178
SRX10768394	Blood	CD8+ T cells	peripheral blood	peripheral blood	SRP318399	SRS8853581	0.996	0.810	12.180	0.954	0.999	0.953	1070.1	46668	9955.05	2918
SRX10768395	Blood	CD8+ T cells	peripheral blood	peripheral blood	SRP318399	SRS8853582	0.996	0.810	9.190	0.956	0.999	0.948	1114.46	44612	10452.03	3329
SRX10768396	Blood	CD8+ T cells	peripheral blood	peripheral blood	SRP318399	SRS8853583	0.996	0.783	11.831	0.954	0.999	0.954	1106.02	43539	9312.88	2512
SRX10768397	Blood	CD8+ T cells	peripheral blood	peripheral blood	SRP318399	SRS8853584	0.995	0.809	9.902	0.955	0.999	0.952	1098.99	45727	11097.96	3020
SRX10768398	Blood	CD8+ T cells	peripheral blood	peripheral blood	SRP318399	SRS8853585	0.995	0.832	7.398	0.956	0.999	0.947	1105.59	46352	17678.94	2173
SRX10768399	Blood	CD8+ T cells	peripheral blood	peripheral blood	SRP318399	SRS8853586	0.996	0.776	8.209	0.955	0.999	0.949	1198.56	38961	14506.47	1070
SRX10768400	Blood	CD8+ T cells	peripheral blood	peripheral blood	SRP318399	SRS8853587	0.996	0.705	8.344	0.954	0.999	0.949	1373.23	35591	11323.61	1208
SRX10768401	Blood	CD8+ T cells	peripheral blood	peripheral blood	SRP318399	SRS8853588	0.995	0.823	17.027	0.954	0.999	0.957	980.24	57523	11872.75	3416
SRX10768402	Blood	CD8+ T cells	peripheral blood	peripheral blood	SRP318399	SRS8853589	0.992	0.793	14.634	0.956	0.999	0.955	1038.88	47600	10045.27	3108
SRX10768403	Blood	CD8+ T cells	peripheral blood	peripheral blood	SRP318399	SRS8853590	0.992	0.815	14.566	0.956	0.999	0.955	1015.87	51684	12315.35	2912
SRX10768404	Blood	CD14+ monocytes	peripheral blood	peripheral blood	SRP318399	SRS8853591	0.996	0.803	11.555	0.955	0.999	0.954	914.44	66367	10757.99	3865
SRX10768405	Blood	CD14+ monocytes	peripheral blood	peripheral blood	SRP318399	SRS8853592	0.996	0.803	15.388	0.953	0.999	0.956	866.73	74893	12050.88	3836
SRX10768407	Blood	CD14+ monocytes	peripheral blood	peripheral blood	SRP318399	SRS8853594	0.996	0.801	12.993	0.956	0.999	0.955	881.18	70208	10211.62	3452
SRX10768408	Blood	CD14+ monocytes	peripheral blood	peripheral blood	SRP318399	SRS8853595	0.996	0.805	11.459	0.955	0.999	0.955	937.88	61864	9535.6	3563
SRX10768410	Blood	CD14+ monocytes	peripheral blood	peripheral blood	SRP318399	SRS8853597	0.996	0.802	12.033	0.953	0.999	0.955	967.41	59476	9593.2	3482
SRX10768412	Blood	CD14+ monocytes	peripheral blood	peripheral blood	SRP318399	SRS8853599	0.996	0.807	11.245	0.954	0.999	0.770	1012.67	48527	14570.71	1988
SRX10768413	Blood	CD14+ monocytes	peripheral blood	peripheral blood	SRP318399	SRS8853600	0.996	0.807	13.460	0.955	0.999	0.956	893.09	70667	11363.74	3627
SRX10768415	Blood	CD14+ monocytes	peripheral blood	peripheral blood	SRP318399	SRS8853602	0.996	0.797	12.883	0.956	0.999	0.954	962.49	59891	11185.39	3081
SRX10768416	Blood	CD14+ monocytes	peripheral blood	peripheral blood	SRP318399	SRS8853603	0.996	0.799	11.662	0.956	0.999	0.953	908.84	65679	10087.95	3546
SRX10768417	Blood	CD14+ monocytes	peripheral blood	peripheral blood	SRP318399	SRS8853604	0.996	0.804	13.554	0.956	0.999	0.955	874.38	71683	9349.91	3972
SRX10768418	Blood	CD14+ monocytes	peripheral blood	peripheral blood	SRP318399	SRS8853605	0.996	0.800	14.124	0.955	0.999	0.955	866.66	73299	10518.31	3709
SRX10768419	Blood	CD14+ monocytes	peripheral blood	peripheral blood	SRP318399	SRS8853606	0.996	0.800	11.602	0.955	0.999	0.954	924.9	64691	11774.12	3714
SRX10768420	Blood	CD14+ monocytes	peripheral blood	peripheral blood	SRP318399	SRS8853607	0.996	0.791	16.892	0.955	0.999	0.956	849.08	77303	12874.72	3569
SRX10768421	Blood	CD14+ monocytes	peripheral blood	peripheral blood	SRP318399	SRS8853608	0.996	0.805	11.617	0.956	0.999	0.953	922.46	64836	10914.53	3373
SRX10768422	Blood	CD14+ monocytes	peripheral blood	peripheral blood	SRP318399	SRS8853609	0.996	0.804	11.781	0.955	0.999	0.955	933.06	63094	11139.89	3433
SRX10768423	Blood	CD14+ monocytes	peripheral blood	peripheral blood	SRP318399	SRS8853610	0.996	0.799	10.963	0.957	0.999	0.954	945.91	62045	9383.6	3217
SRX10768424	Blood	CD14+ monocytes	peripheral blood	peripheral blood	SRP318399	SRS8853612	0.996	0.790	14.692	0.956	0.999	0.956	921.32	64884	8771.8	3393
SRX10768425	Blood	CD14+ monocytes	peripheral blood	peripheral blood	SRP318399	SRS8853611	0.996	0.797	10.920	0.959	0.999	0.952	986.82	55937	9651.62	3270
SRX10895103	EGC	human EGC	NA	human EG	SRP319892	SRS8987927	0.957	0.751	4.867	0.243	0.435	1.000	1546.74	27627	33593.54	477
SRX10895104	EGC	human EGC	NA	human EG	SRP319892	SRS8987928	0.958	0.747	4.618	0.231	0.417	1.000	1589.94	26666	34830.62	545
SRX10895105	EGC	human EGC	NA	human EG	SRP319892	SRS8987929	0.955	0.753	4.694	0.232	0.408	1.000	1525.04	26968	35343.73	406
SRX10895106	EGC	human EGC	NA	human EG	SRP319892	SRS8987930	0.960	0.761	4.765	0.248	0.357	1.000	1481.49	28416	54028.69	642
SRX10895107	freshly isolated human PGCLC	freshly isolated human PGCLC	NA	human PGCLC	SRP319892	SRS8987931	0.968	0.671	5.482	0.246	0.420	1.000	1650.04	36581	26326.02	607
SRX10895108	freshly isolated human PGCLC	freshly isolated human PGCLC	NA	human PGCLC	SRP319892	SRS8987932	0.971	0.568	4.616	0.228	0.262	1.000	3682.12	28246	55405.35	309
SRX10895109	long-term culture human PGCLC c56	long-term culture human PGCLC c56	NA	human PGCLC	SRP319892	SRS8987933	0.970	0.670	5.162	0.229	0.366	1.000	1757.18	34124	31906.72	396
SRX10895110	long-term culture human PGCLC c56	long-term culture human PGCLC c56	NA	human PGCLC	SRP319892	SRS8987934	0.965	0.545	4.411	0.240	0.494	1.000	4280.26	26226	230501.83	1013
SRX10895111	long-term culture human PGCLC c84	long-term culture human PGCLC c84	NA	human PGCLC	SRP319892	SRS8987935	0.970	0.564	4.872	0.246	0.345	1.000	3394.39	30946	56424.67	269
SRX10895112	long-term culture human PGCLC c84	long-term culture human PGCLC c84	NA	human PGCLC	SRP319892	SRS8987936	0.970	0.545	4.927	0.226	0.377	1.000	4469.15	27958	197928.46	1154
SRX10895113	long-term culture human PGCLC c71	long-term culture human PGCLC c71	NA	human PGCLC	SRP319892	SRS8987937	0.968	0.570	4.621	0.231	0.413	1.000	3285.15	30729	70932.52	195
SRX10895114	long-term culture human PGCLC c63	long-term culture human PGCLC c63	NA	human PGCLC	SRP319892	SRS8987938	0.969	0.615	4.796	0.241	0.291	1.000	2527.03	35689	39810.75	270
SRX10895115	iPSC	human iPSC	NA	human iPSC	SRP319892	SRS8987939	0.960	0.774	4.745	0.244	0.205	1.000	1507.42	26719	36325.98	517
SRX10895116	iPSC	human iPSC	NA	human iPSC	SRP319892	SRS8987940	0.959	0.770	5.040	0.234	0.387	1.000	1472.56	27090	35625.9	420
SRX10895117	iPSC	human iPSC	NA	human iPSC	SRP319892	SRS8987941	0.955	0.771	4.685	0.232	0.447	1.000	1481.71	27071	36175.88	376
SRX10895118	iPSC	human iPSC	NA	human iPSC	SRP319892	SRS8987942	0.960	0.766	4.795	0.246	0.314	1.000	1460.72	28664	67940.24	880
SRX10940572	Cell Line	NA	NA	Prostate Epithelial Cell Line	SRP320538	SRS9020270	0.990	0.712	12.041	0.747	0.655	0.929	3261.04	51758	536802.23	1600
SRX10940573	Cell Line	NA	NA	Prostate Epithelial Cell Line	SRP320538	SRS9020271	0.988	0.708	10.678	0.745	0.495	0.918	3131.0	48819	578222.67	1480
SRX10940574	Cell Line	NA	NA	Prostate Epithelial Cell Line	SRP320538	SRS9020272	0.986	0.709	8.824	0.745	0.465	0.909	3161.77	46536	603310.99	1398
SRX10940575	Cell Line	NA	NA	Prostate Epithelial Cell Line	SRP320538	SRS9020273	0.987	0.709	10.902	0.720	0.585	0.921	3373.54	50204	589199.54	1447
SRX11003179	Primary Dermal Fibroblasts	NA	Primary dermal fibroblasts	Primary dermal fibroblasts	SRP321573	SRS9077386	0.977	0.693	12.369	0.905	0.822	0.959	1555.85	59526	532501.14	1849
SRX11083557	ALL	ALL	NA	Nalm6 (ALL cell line)	SRP323032	SRS9149219	0.981	0.800	40.357	0.794	0.287	0.976	1386.62	54094	57218.39	8011
SRX11083558	ALL	ALL	NA	697 (ALL cell line)	SRP323032	SRS9149220	0.981	0.803	47.613	0.801	0.332	0.977	1105.91	76429	541968.85	1820
SRX111392	Blood	mononuclear cells	peripheral blood	middle-age donor	SRP007820	SRS282412	0.992	0.703	16.612	0.689	0.957	0.954	989.0	52043	9295.72	2800
SRX11140395	PBMC	NA	Peripheral blood mononuclear cells	Peripheral blood mononuclear cells	SRP323990	SRS9202932	0.986	0.800	46.395	0.889	0.698	0.972	943.93	80133	13518.72	4176
SRX11140396	PBMC	NA	Peripheral blood mononuclear cells	Peripheral blood mononuclear cells	SRP323990	SRS9202931	0.984	0.799	43.131	0.890	0.718	0.970	936.86	80321	13688.18	4028
SRX11140397	PBMC	NA	Peripheral blood mononuclear cells	Peripheral blood mononuclear cells	SRP323990	SRS9202934	0.984	0.797	45.678	0.885	0.813	0.972	952.84	79105	12116.69	4341
SRX11140398	PBMC	NA	Peripheral blood mononuclear cells	Peripheral blood mononuclear cells	SRP323990	SRS9202933	0.985	0.797	50.188	0.887	0.682	0.972	966.21	78160	12784.64	3854
SRX11140399	PBMC	NA	Peripheral blood mononuclear cells	Peripheral blood mononuclear cells	SRP323990	SRS9202936	0.985	0.801	45.409	0.889	0.789	0.971	900.77	83742	11648.26	4533
SRX11140400	PBMC	NA	Peripheral blood mononuclear cells	Peripheral blood mononuclear cells	SRP323990	SRS9202935	0.985	0.794	58.803	0.888	0.666	0.972	927.19	80741	12750.69	3589
SRX11140401	PBMC	NA	Peripheral blood mononuclear cells	Peripheral blood mononuclear cells	SRP323990	SRS9202938	0.985	0.801	49.165	0.892	0.792	0.968	1057.8	73020	16782.95	3691
SRX11140402	PBMC	NA	Peripheral blood mononuclear cells	Peripheral blood mononuclear cells	SRP323990	SRS9202937	0.985	0.798	57.130	0.893	0.649	0.969	1079.94	71611	15703.89	4257
SRX11140403	PBMC	NA	Peripheral blood mononuclear cells	Peripheral blood mononuclear cells	SRP323990	SRS9202939	0.985	0.795	50.151	0.887	0.784	0.971	966.23	74281	12211.49	3784
SRX11140404	PBMC	NA	Peripheral blood mononuclear cells	Peripheral blood mononuclear cells	SRP323990	SRS9202941	0.985	0.793	52.354	0.888	0.681	0.972	946.16	77894	12352.22	4003
SRX11140405	PBMC	NA	Peripheral blood mononuclear cells	Peripheral blood mononuclear cells	SRP323990	SRS9202940	0.985	0.795	51.060	0.893	0.783	0.968	986.86	77650	15218.84	3816
SRX11140406	PBMC	NA	Peripheral blood mononuclear cells	Peripheral blood mononuclear cells	SRP323990	SRS9202942	0.985	0.791	54.166	0.893	0.692	0.969	971.31	79965	15237.99	3962
SRX11140407	PBMC	NA	Peripheral blood mononuclear cells	Peripheral blood mononuclear cells	SRP323990	SRS9202943	0.985	0.798	47.783	0.892	0.798	0.968	954.91	81573	14091.4	3860
SRX11140408	PBMC	NA	Peripheral blood mononuclear cells	Peripheral blood mononuclear cells	SRP323990	SRS9202944	0.985	0.796	46.607	0.892	0.703	0.968	940.04	82940	13840.13	3966
SRX11140409	PBMC	NA	Peripheral blood mononuclear cells	Peripheral blood mononuclear cells	SRP323990	SRS9202945	0.986	0.802	55.029	0.891	0.803	0.972	932.05	81849	11294.62	4315
SRX11140410	PBMC	NA	Peripheral blood mononuclear cells	Peripheral blood mononuclear cells	SRP323990	SRS9202946	0.985	0.797	55.966	0.896	0.725	0.968	1001.77	73906	11787.85	3852
SRX11140411	PBMC	NA	Peripheral blood mononuclear cells	Peripheral blood mononuclear cells	SRP323990	SRS9202947	0.985	0.794	43.296	0.888	0.784	0.970	912.35	84463	13252.27	4063
SRX11140412	PBMC	NA	Peripheral blood mononuclear cells	Peripheral blood mononuclear cells	SRP323990	SRS9202948	0.985	0.793	50.491	0.890	0.744	0.972	910.9	86724	13961.43	3955
SRX11140413	PBMC	NA	Peripheral blood mononuclear cells	Peripheral blood mononuclear cells	SRP323990	SRS9202949	0.985	0.799	45.239	0.887	0.789	0.971	890.42	85104	11191.86	4279
SRX11140414	PBMC	NA	Peripheral blood mononuclear cells	Peripheral blood mononuclear cells	SRP323990	SRS9202950	0.986	0.790	47.330	0.890	0.756	0.971	914.37	82084	11275.64	4088
SRX11140415	PBMC	NA	Peripheral blood mononuclear cells	Peripheral blood mononuclear cells	SRP323990	SRS9202951	0.985	0.801	45.230	0.890	0.789	0.971	933.2	82044	12365.85	4595
SRX11140416	PBMC	NA	Peripheral blood mononuclear cells	Peripheral blood mononuclear cells	SRP323990	SRS9202952	0.985	0.796	45.853	0.891	0.765	0.971	971.61	74792	11418.77	4575
SRX11140417	PBMC	NA	Peripheral blood mononuclear cells	Peripheral blood mononuclear cells	SRP323990	SRS9202953	0.985	0.798	46.365	0.887	0.787	0.971	911.01	83172	12816.51	4018
SRX11140418	PBMC	NA	Peripheral blood mononuclear cells	Peripheral blood mononuclear cells	SRP323990	SRS9202954	0.985	0.792	50.412	0.890	0.728	0.971	928.42	81821	13137.7	3881
SRX11140419	PBMC	NA	Peripheral blood mononuclear cells	Peripheral blood mononuclear cells	SRP323990	SRS9202955	0.985	0.800	43.701	0.891	0.789	0.967	952.63	80163	14336.85	4101
SRX11140420	PBMC	NA	Peripheral blood mononuclear cells	Peripheral blood mononuclear cells	SRP323990	SRS9202956	0.985	0.795	57.376	0.893	0.703	0.969	987.44	78534	14623.34	4123
SRX11140421	PBMC	NA	Peripheral blood mononuclear cells	Peripheral blood mononuclear cells	SRP323990	SRS9202957	0.985	0.802	52.787	0.886	0.774	0.972	963.77	77773	12074.37	4186
SRX11140422	PBMC	NA	Peripheral blood mononuclear cells	Peripheral blood mononuclear cells	SRP323990	SRS9202958	0.985	0.795	60.215	0.889	0.720	0.973	954.46	80604	12474.75	4212
SRX11140423	PBMC	NA	Peripheral blood mononuclear cells	Peripheral blood mononuclear cells	SRP323990	SRS9202959	0.984	0.799	50.876	0.891	0.758	0.969	991.31	76483	12910.53	3793
SRX11140424	PBMC	NA	Peripheral blood mononuclear cells	Peripheral blood mononuclear cells	SRP323990	SRS9202960	0.985	0.792	52.129	0.895	0.726	0.968	957.18	81067	12632.15	4274
SRX11140425	PBMC	NA	Peripheral blood mononuclear cells	Peripheral blood mononuclear cells	SRP323990	SRS9202961	0.985	0.796	46.243	0.888	0.772	0.971	950.62	77246	11228.18	4147
SRX11140426	PBMC	NA	Peripheral blood mononuclear cells	Peripheral blood mononuclear cells	SRP323990	SRS9202962	0.985	0.795	43.633	0.887	0.743	0.971	906.66	83238	11717.92	4241
SRX11140427	PBMC	NA	Peripheral blood mononuclear cells	Peripheral blood mononuclear cells	SRP323990	SRS9202963	0.985	0.768	45.075	0.888	0.789	0.971	981.23	66866	12036.9	2988
SRX11140428	PBMC	NA	Peripheral blood mononuclear cells	Peripheral blood mononuclear cells	SRP323990	SRS9202964	0.985	0.761	43.239	0.891	0.716	0.970	1005.87	64482	11549.8	3018
SRX11140429	PBMC	NA	Peripheral blood mononuclear cells	Peripheral blood mononuclear cells	SRP323990	SRS9202965	0.985	0.789	46.030	0.890	0.773	0.968	967.01	81471	14871.8	3928
SRX11140430	PBMC	NA	Peripheral blood mononuclear cells	Peripheral blood mononuclear cells	SRP323990	SRS9202966	0.985	0.782	43.029	0.893	0.756	0.967	994.94	76663	13946.01	4054
SRX11140431	PBMC	NA	Peripheral blood mononuclear cells	Peripheral blood mononuclear cells	SRP323990	SRS9202967	0.984	0.796	48.563	0.893	0.771	0.967	1000.48	72886	12413.68	3626
SRX11140432	PBMC	NA	Peripheral blood mononuclear cells	Peripheral blood mononuclear cells	SRP323990	SRS9202968	0.985	0.791	46.445	0.895	0.767	0.967	994.0	74007	12444.75	3866
SRX11140433	PBMC	NA	Peripheral blood mononuclear cells	Peripheral blood mononuclear cells	SRP323990	SRS9202969	0.985	0.796	43.247	0.889	0.777	0.970	971.19	78347	13551.25	4273
SRX11140434	PBMC	NA	Peripheral blood mononuclear cells	Peripheral blood mononuclear cells	SRP323990	SRS9202970	0.985	0.791	46.317	0.887	0.741	0.971	950.81	82233	14651.03	3937
SRX11140435	PBMC	NA	Peripheral blood mononuclear cells	Peripheral blood mononuclear cells	SRP323990	SRS9202971	0.985	0.794	45.796	0.889	0.752	0.970	911.17	83535	12819.51	3902
SRX11140436	PBMC	NA	Peripheral blood mononuclear cells	Peripheral blood mononuclear cells	SRP323990	SRS9202972	0.985	0.792	57.970	0.890	0.679	0.972	940.44	81664	12419.25	4203
SRX11140437	PBMC	NA	Peripheral blood mononuclear cells	Peripheral blood mononuclear cells	SRP323990	SRS9202973	0.985	0.785	59.213	0.890	0.701	0.972	974.45	82330	14629.65	3936
SRX11140438	PBMC	NA	Peripheral blood mononuclear cells	Peripheral blood mononuclear cells	SRP323990	SRS9202974	0.985	0.786	60.148	0.890	0.713	0.973	937.81	87542	14676.82	4099
SRX11140439	PBMC	NA	Peripheral blood mononuclear cells	Peripheral blood mononuclear cells	SRP323990	SRS9202975	0.985	0.790	54.632	0.890	0.710	0.969	960.72	78659	12461.08	3896
SRX11140440	PBMC	NA	Peripheral blood mononuclear cells	Peripheral blood mononuclear cells	SRP323990	SRS9202976	0.985	0.784	49.987	0.892	0.683	0.968	989.9	72237	11455.13	3938
SRX11140441	PBMC	NA	Peripheral blood mononuclear cells	Peripheral blood mononuclear cells	SRP323990	SRS9202977	0.985	0.799	51.257	0.890	0.722	0.972	898.18	84434	10785.0	4783
SRX11140442	PBMC	NA	Peripheral blood mononuclear cells	Peripheral blood mononuclear cells	SRP323990	SRS9202978	0.985	0.799	43.262	0.892	0.714	0.970	889.88	83843	11295.71	4194
SRX11140443	PBMC	NA	Peripheral blood mononuclear cells	Peripheral blood mononuclear cells	SRP323990	SRS9202979	0.985	0.795	43.649	0.890	0.764	0.968	1026.18	72824	15792.74	3796
SRX11140444	PBMC	NA	Peripheral blood mononuclear cells	Peripheral blood mononuclear cells	SRP323990	SRS9202981	0.985	0.795	47.495	0.894	0.716	0.968	1007.49	76745	15738.0	4191
SRX11140445	PBMC	NA	Peripheral blood mononuclear cells	Peripheral blood mononuclear cells	SRP323990	SRS9202980	0.985	0.797	43.961	0.893	0.772	0.970	932.31	84248	14733.69	4369
SRX11140446	PBMC	NA	Peripheral blood mononuclear cells	Peripheral blood mononuclear cells	SRP323990	SRS9202982	0.985	0.799	50.845	0.890	0.717	0.972	954.57	84228	16006.02	3998
SRX11140447	PBMC	NA	Peripheral blood mononuclear cells	Peripheral blood mononuclear cells	SRP323990	SRS9202983	0.985	0.799	50.817	0.891	0.771	0.971	929.99	86137	13776.67	4627
SRX11140448	PBMC	NA	Peripheral blood mononuclear cells	Peripheral blood mononuclear cells	SRP323990	SRS9202984	0.985	0.796	43.667	0.891	0.732	0.970	918.74	85567	14581.18	4140
SRX11140449	PBMC	NA	Peripheral blood mononuclear cells	Peripheral blood mononuclear cells	SRP323990	SRS9202985	0.984	0.802	22.786	0.891	0.761	0.962	998.75	66828	10717.02	4053
SRX11140450	PBMC	NA	Peripheral blood mononuclear cells	Peripheral blood mononuclear cells	SRP323990	SRS9202986	0.985	0.805	52.590	0.893	0.678	0.969	1057.82	70429	12601.14	3890
SRX11140451	PBMC	NA	Peripheral blood mononuclear cells	Peripheral blood mononuclear cells	SRP323990	SRS9202988	0.984	0.802	48.243	0.886	0.693	0.970	928.01	84767	13515.48	4368
SRX11140452	PBMC	NA	Peripheral blood mononuclear cells	Peripheral blood mononuclear cells	SRP323990	SRS9202987	0.985	0.801	67.817	0.887	0.636	0.974	981.04	82979	13790.07	4345
SRX11140453	PBMC	NA	Peripheral blood mononuclear cells	Peripheral blood mononuclear cells	SRP323990	SRS9202989	0.985	0.798	55.194	0.887	0.682	0.972	901.06	84526	11147.73	4612
SRX11140454	PBMC	NA	Peripheral blood mononuclear cells	Peripheral blood mononuclear cells	SRP323990	SRS9202990	0.985	0.796	55.078	0.887	0.687	0.972	921.54	81543	11125.49	4410
SRX11140455	PBMC	NA	Peripheral blood mononuclear cells	Peripheral blood mononuclear cells	SRP323990	SRS9202992	0.984	0.801	56.174	0.888	0.680	0.972	988.93	73473	11836.05	4324
SRX11140456	PBMC	NA	Peripheral blood mononuclear cells	Peripheral blood mononuclear cells	SRP323990	SRS9202991	0.985	0.800	39.637	0.889	0.722	0.970	958.26	74232	11734.76	4264
SRX11140457	PBMC	NA	Peripheral blood mononuclear cells	Peripheral blood mononuclear cells	SRP323990	SRS9202993	0.985	0.798	44.946	0.891	0.679	0.970	907.84	83999	12430.55	4421
SRX11140458	PBMC	NA	Peripheral blood mononuclear cells	Peripheral blood mononuclear cells	SRP323990	SRS9202994	0.985	0.802	43.103	0.891	0.702	0.970	1001.76	73043	11778.05	4572
SRX11140459	PBMC	NA	Peripheral blood mononuclear cells	Peripheral blood mononuclear cells	SRP323990	SRS9202995	0.985	0.797	40.353	0.893	0.699	0.966	931.6	79669	13880.81	3867
SRX11140460	PBMC	NA	Peripheral blood mononuclear cells	Peripheral blood mononuclear cells	SRP323990	SRS9202996	0.985	0.795	41.837	0.895	0.716	0.967	950.72	77493	13575.23	3937
SRX11141594	Blast	NA	NA	cerebrospnial fluid from pediatric medullablastoma patient	SRP324016	SRS9203666	0.974	0.697	3.863	0.528	0.065	1.000	1793.58	24713	67442.66	166
SRX11141595	Blast	NA	NA	cerebrospnial fluid from pediatric medullablastoma patient	SRP324016	SRS9203667	0.994	0.736	9.880	0.851	0.711	1.000	1832.94	71450	88956.8	2080
SRX11141597	Blast	NA	NA	cerebrospnial fluid from pediatric medullablastoma patient	SRP324016	SRS9203669	0.991	0.721	11.420	0.800	0.461	1.000	1362.44	59490	72630.33	2135
SRX11141605	Blast	NA	NA	cerebrospnial fluid from pediatric medullablastoma patient	SRP324016	SRS9203677	0.989	0.735	5.502	0.789	0.084	1.000	1415.71	33694	27915.63	769
SRX11141607	Blast	NA	NA	cerebrospnial fluid from pediatric medullablastoma patient	SRP324016	SRS9203679	0.979	0.672	3.319	0.442	0.062	1.000	703.3	25191	345387.62	85
SRX11141608	Blast	NA	NA	cerebrospnial fluid from pediatric medullablastoma patient	SRP324016	SRS9203680	0.994	0.763	8.555	0.826	0.298	1.000	1110.15	46309	15120.66	1931
SRX11141609	Blast	NA	NA	cerebrospnial fluid from pediatric medullablastoma patient	SRP324016	SRS9203681	0.956	0.719	4.129	0.471	0.047	1.000	1714.44	23520	69872.94	246
SRX11141615	Blast	NA	NA	cerebrospnial fluid from pediatric medullablastoma patient	SRP324016	SRS9203687	0.905	0.701	3.220	0.311	0.046	1.000	112.2	6863	257502.12	78
SRX11141616	Blast	NA	NA	cerebrospnial fluid from pediatric medullablastoma patient	SRP324016	SRS9203688	0.994	0.721	8.241	0.800	0.212	1.000	1314.49	37172	38496.47	1670
SRX11141617	Blast	NA	NA	cerebrospnial fluid from pediatric medullablastoma patient	SRP324016	SRS9203689	0.980	0.734	3.355	0.573	0.073	1.000	1664.82	27420	131273.81	223
SRX11141618	Blast	NA	NA	cerebrospnial fluid from pediatric medullablastoma patient	SRP324016	SRS9203690	0.955	0.779	4.697	0.768	0.061	1.000	1517.6	29778	104164.49	1014
SRX11141619	Blast	NA	NA	cerebrospnial fluid from pediatric medullablastoma patient	SRP324016	SRS9203691	0.991	0.795	17.079	0.868	0.664	1.000	1215.63	46678	26921.71	4223
SRX11141622	Blast	NA	NA	cerebrospnial fluid from pediatric medullablastoma patient	SRP324016	SRS9203694	0.991	0.484	5.094	0.768	0.107	1.000	4042.68	21914	3683000.3	200
SRX11141624	Blast	NA	NA	cerebrospnial fluid from pediatric medullablastoma patient	SRP324016	SRS9203696	0.981	0.761	6.663	0.761	0.116	1.000	1336.03	36595	35378.72	1164
SRX11141625	Blast	NA	NA	cerebrospnial fluid from pediatric medullablastoma patient	SRP324016	SRS9203697	0.991	0.720	21.517	0.851	0.699	1.000	1543.49	99109	48898.08	3399
SRX11141626	Blast	NA	NA	cerebrospnial fluid from pediatric medullablastoma patient	SRP324016	SRS9203698	0.987	0.760	4.700	0.652	0.109	1.000	1511.69	29625	37499.73	692
SRX11141627	Blast	NA	NA	cerebrospnial fluid from pediatric medullablastoma patient	SRP324016	SRS9203699	0.964	0.705	3.925	0.329	0.048	1.000	627.42	26796	179870.91	96
SRX11141631	Blast	NA	NA	cerebrospnial fluid from pediatric medullablastoma patient	SRP324016	SRS9203703	0.955	0.731	3.724	0.408	0.056	1.000	1612.21	23253	150738.28	186
SRX11141632	Blast	NA	NA	cerebrospnial fluid from pediatric medullablastoma patient	SRP324016	SRS9203704	0.983	0.722	4.250	0.661	0.060	1.000	1818.99	24934	62552.71	232
SRX11145891	Placenta	NA	Placenta	Placenta_TD	SRP324100	SRS9207631	0.983	0.621	9.639	0.786	0.537	0.937	12012.76	44653	675893.93	1707
SRX11145892	Placenta	NA	Placenta	Placenta_TD	SRP324100	SRS9207629	0.983	0.637	11.300	0.803	0.586	0.946	9718.51	51545	637314.89	1708
SRX11145893	Placenta	NA	Placenta	Placenta_ASD	SRP324100	SRS9207630	0.983	0.632	9.826	0.804	0.637	0.940	10682.34	48439	658228.84	1716
SRX11145894	Placenta	NA	Placenta	Placenta_ASD	SRP324100	SRS9207632	0.982	0.628	10.899	0.796	0.596	0.944	11220.96	49001	545802.85	1979
SRX11145895	Placenta	NA	Placenta	Placenta_TD	SRP324100	SRS9207633	0.983	0.637	7.990	0.797	0.580	0.933	9071.31	48176	692983.82	1594
SRX11145896	Placenta	NA	Placenta	Placenta_TD	SRP324100	SRS9207635	0.982	0.640	7.825	0.791	0.584	0.925	10086.27	46670	605685.91	1716
SRX11145897	Placenta	NA	Placenta	Placenta_TD	SRP324100	SRS9207634	0.984	0.627	9.859	0.798	0.594	0.944	11229.56	49615	518928.23	1972
SRX11145898	Placenta	NA	Placenta	Placenta_ASD	SRP324100	SRS9207636	0.983	0.622	12.386	0.802	0.579	0.950	12378.39	49916	540173.34	2061
SRX11145899	Placenta	NA	Placenta	Placenta_ASD	SRP324100	SRS9207637	0.984	0.639	8.873	0.792	0.601	0.943	9688.12	50162	564030.01	1830
SRX11145900	Placenta	NA	Placenta	Placenta_TD	SRP324100	SRS9207638	0.983	0.625	11.151	0.809	0.587	0.947	12096.56	48329	568347.58	1935
SRX11145901	Placenta	NA	Placenta	Placenta_TD	SRP324100	SRS9207639	0.983	0.637	12.713	0.806	0.592	0.947	9231.93	51049	594974.93	1836
SRX11145902	Placenta	NA	Placenta	Placenta_ASD	SRP324100	SRS9207640	0.983	0.622	11.656	0.809	0.561	0.948	11420.15	48168	586733.31	1957
SRX11145903	Placenta	NA	Placenta	Placenta_ASD	SRP324100	SRS9207642	0.984	0.634	12.414	0.804	0.553	0.950	10164.39	51974	557614.53	1868
SRX11145904	Placenta	NA	Placenta	Placenta_TD	SRP324100	SRS9207643	0.984	0.632	12.635	0.811	0.530	0.952	11891.53	51042	558352.7	2036
SRX11145905	Placenta	NA	Placenta	Placenta_ASD	SRP324100	SRS9207641	0.984	0.655	11.126	0.811	0.551	0.946	8614.06	53171	582734.31	1749
SRX11145906	Placenta	NA	Placenta	Placenta_ASD	SRP324100	SRS9207644	0.983	0.636	10.136	0.785	0.590	0.941	11120.17	48707	602941.15	1848
SRX11145907	Placenta	NA	Placenta	Placenta_TD	SRP324100	SRS9207645	0.983	0.629	8.751	0.772	0.615	0.943	12873.0	45106	569883.13	2022
SRX11145908	Placenta	NA	Placenta	Placenta_TD	SRP324100	SRS9207646	0.984	0.643	9.802	0.781	0.627	0.940	8808.36	51096	682075.46	1611
SRX11145909	Placenta	NA	Placenta	Placenta_TD	SRP324100	SRS9207647	0.983	0.637	9.231	0.787	0.625	0.945	12152.99	47954	555735.08	2030
SRX11145910	Placenta	NA	Placenta	Placenta_ASD	SRP324100	SRS9207648	0.985	0.632	10.290	0.782	0.596	0.945	10577.56	49486	647662.87	1723
SRX11145911	Placenta	NA	Placenta	Placenta_TD	SRP324100	SRS9207650	0.984	0.658	8.165	0.775	0.579	0.940	9314.66	51096	593550.62	1825
SRX11145912	Placenta	NA	Placenta	Placenta_TD	SRP324100	SRS9207651	0.982	0.659	10.348	0.787	0.638	0.943	6791.24	55151	703058.74	1518
SRX11145913	Placenta	NA	Placenta	Placenta_ASD	SRP324100	SRS9207649	0.980	0.652	7.643	0.797	0.567	0.941	11009.3	52034	511697.58	2037
SRX11145914	Placenta	NA	Placenta	Placenta_TD	SRP324100	SRS9207652	0.983	0.635	9.914	0.777	0.640	0.943	10665.0	49325	573719.33	1847
SRX11145915	Placenta	NA	Placenta	Placenta_TD	SRP324100	SRS9207655	0.984	0.628	9.574	0.768	0.686	0.940	11187.96	48232	651340.64	1738
SRX11145916	Placenta	NA	Placenta	Placenta_ASD	SRP324100	SRS9207654	0.984	0.635	10.148	0.795	0.671	0.940	11549.81	47351	610304.36	1851
SRX11145917	Placenta	NA	Placenta	Placenta_ASD	SRP324100	SRS9207653	0.983	0.616	9.613	0.799	0.613	0.944	14162.25	41956	595708.41	2034
SRX11145918	Placenta	NA	Placenta	Placenta_ASD	SRP324100	SRS9207656	0.983	0.660	9.851	0.777	0.614	0.949	6333.5	56069	606082.98	1635
SRX11145919	Placenta	NA	Placenta	Placenta_TD	SRP324100	SRS9207657	0.983	0.627	9.695	0.783	0.638	0.948	11149.2	50135	580275.5	1872
SRX11145920	Placenta	NA	Placenta	Placenta_ASD	SRP324100	SRS9207659	0.982	0.616	10.348	0.766	0.766	0.953	13676.45	48461	466043.62	2385
SRX11145921	Placenta	NA	Placenta	Placenta_ASD	SRP324100	SRS9207658	0.982	0.646	8.470	0.760	0.775	0.949	9951.56	52624	565288.54	1822
SRX11145922	Placenta	NA	Placenta	Placenta_TD	SRP324100	SRS9207660	0.983	0.643	9.341	0.777	0.742	0.949	10229.35	52726	529143.44	1935
SRX11145923	Placenta	NA	Placenta	Placenta_ASD	SRP324100	SRS9207661	0.982	0.628	8.749	0.771	0.772	0.947	11697.36	48251	623744.75	1765
SRX11145924	Placenta	NA	Placenta	Placenta_ASD	SRP324100	SRS9207662	0.982	0.643	8.586	0.789	0.768	0.941	9740.0	50728	585730.11	1764
SRX11145925	Placenta	NA	Placenta	Placenta_ASD	SRP324100	SRS9207663	0.983	0.649	9.892	0.787	0.721	0.950	8359.14	54461	611092.42	1734
SRX11145926	Placenta	NA	Placenta	Placenta_TD	SRP324100	SRS9207664	0.983	0.626	9.804	0.783	0.729	0.952	11647.33	49553	590950.33	1857
SRX11145927	Placenta	NA	Placenta	Placenta_ASD	SRP324100	SRS9207665	0.982	0.646	9.582	0.794	0.738	0.948	11379.35	50344	566896.75	1902
SRX11145928	Placenta	NA	Placenta	Placenta_ASD	SRP324100	SRS9207666	0.981	0.635	12.277	0.791	0.694	0.955	11052.6	52701	521696.7	2091
SRX11145929	Placenta	NA	Placenta	Placenta_ASD	SRP324100	SRS9207667	0.982	0.646	6.096	0.762	0.775	0.934	9150.33	49135	656743.02	1585
SRX11145930	Placenta	NA	Placenta	Placenta_ASD	SRP324100	SRS9207668	0.983	0.654	12.076	0.794	0.662	0.958	8860.66	56418	554588.11	1963
SRX11145931	Placenta	NA	Placenta	Placenta_TD	SRP324100	SRS9207669	0.983	0.635	5.954	0.790	0.660	0.929	10043.68	47144	596659.16	1689
SRX11145932	Placenta	NA	Placenta	Placenta_TD	SRP324100	SRS9207670	0.983	0.619	9.226	0.779	0.708	0.947	12859.71	45979	545816.76	2068
SRX11145933	Placenta	NA	Placenta	Placenta_ASD	SRP324100	SRS9207671	0.983	0.645	9.502	0.773	0.716	0.951	10366.59	51085	608144.54	1836
SRX11145934	Placenta	NA	Placenta	Placenta_TD	SRP324100	SRS9207672	0.983	0.656	8.458	0.795	0.693	0.946	8074.13	54120	625674.93	1660
SRX11145935	Placenta	NA	Placenta	Placenta_TD	SRP324100	SRS9207673	0.983	0.631	9.649	0.779	0.675	0.950	11181.8	49235	621648.34	1818
SRX11145936	Placenta	NA	Placenta	Placenta_TD	SRP324100	SRS9207674	0.983	0.646	9.133	0.779	0.692	0.945	9437.61	52669	599939.11	1788
SRX11145937	Placenta	NA	Placenta	Placenta_ASD	SRP324100	SRS9207675	0.982	0.653	8.780	0.796	0.726	0.943	10847.84	49780	597452.1	1791
SRX11145938	Placenta	NA	Placenta	Placenta_ASD	SRP324100	SRS9207676	0.983	0.616	9.172	0.778	0.729	0.946	12461.0	47419	576656.65	1919
SRX11145939	Placenta	NA	Placenta	Placenta_ASD	SRP324100	SRS9207677	0.983	0.640	9.561	0.795	0.694	0.950	10016.78	53174	508287.49	1939
SRX11145940	Placenta	NA	Placenta	Placenta_TD	SRP324100	SRS9207678	0.981	0.649	10.133	0.778	0.684	0.951	8230.11	54832	595921.71	1804
SRX11145941	Placenta	NA	Placenta	Placenta_TD	SRP324100	SRS9207679	0.982	0.652	11.216	0.778	0.720	0.952	8084.24	56318	570984.67	1790
SRX11145942	Placenta	NA	Placenta	Placenta_ASD	SRP324100	SRS9207680	0.982	0.632	8.795	0.770	0.747	0.946	12121.8	49514	525365.11	2034
SRX11145943	Placenta	NA	Placenta	Placenta_TD	SRP324100	SRS9207681	0.982	0.637	9.848	0.795	0.702	0.950	11110.72	51452	520615.9	2062
SRX11145944	Placenta	NA	Placenta	Placenta_ASD	SRP324100	SRS9207682	0.983	0.639	8.110	0.770	0.730	0.941	9373.49	50532	688374.34	1602
SRX11145945	Placenta	NA	Placenta	Placenta_ASD	SRP324100	SRS9207683	0.982	0.639	9.332	0.791	0.703	0.948	10153.2	50346	650284.54	1667
SRX11145946	Placenta	NA	Placenta	Placenta_TD	SRP324100	SRS9207684	0.982	0.633	9.569	0.767	0.713	0.943	9017.75	51024	729065.39	1559
SRX11145947	Placenta	NA	Placenta	Placenta_TD	SRP324100	SRS9207685	0.983	0.613	9.977	0.772	0.711	0.948	12858.21	47357	533975.41	2104
SRX11145948	Placenta	NA	Placenta	Placenta_ASD	SRP324100	SRS9207687	0.982	0.632	8.234	0.758	0.598	0.953	11884.02	50015	583727.74	1908
SRX11145949	Placenta	NA	Placenta	Placenta_ASD	SRP324100	SRS9207686	0.982	0.634	10.171	0.784	0.740	0.947	12843.02	47205	552348.07	2085
SRX11145950	Placenta	NA	Placenta	Placenta_ASD	SRP324100	SRS9207689	0.983	0.647	9.410	0.785	0.726	0.949	8854.23	54131	560950.48	1886
SRX11145951	Placenta	NA	Placenta	Placenta_ASD	SRP324100	SRS9207688	0.981	0.638	10.979	0.770	0.696	0.947	12108.88	48970	568287.67	1944
SRX11145952	Placenta	NA	Placenta	Placenta_ASD	SRP324100	SRS9207690	0.982	0.632	7.937	0.755	0.747	0.939	11483.9	46626	630141.41	1760
SRX11145953	Placenta	NA	Placenta	Placenta_TD	SRP324100	SRS9207693	0.981	0.629	9.597	0.771	0.722	0.942	11658.12	47953	571026.3	1900
SRX11145954	Placenta	NA	Placenta	Placenta_ASD	SRP324100	SRS9207691	0.982	0.631	9.422	0.779	0.704	0.943	12931.92	44799	640774.66	1848
SRX11145955	Placenta	NA	Placenta	Placenta_TD	SRP324100	SRS9207692	0.981	0.626	10.929	0.763	0.690	0.953	12869.86	48875	474746.31	2318
SRX11145956	Placenta	NA	Placenta	Placenta_NonTD	SRP324100	SRS9207694	0.986	0.673	7.228	0.901	0.743	0.932	7962.01	59658	616792.12	1728
SRX11145957	Placenta	NA	Placenta	Placenta_TD	SRP324100	SRS9207696	0.986	0.609	8.337	0.897	0.703	0.946	13064.3	55469	360811.45	2794
SRX11145958	Placenta	NA	Placenta	Placenta_TD	SRP324100	SRS9207695	0.986	0.630	7.746	0.901	0.736	0.934	13949.05	50480	458823.79	2482
SRX11145959	Placenta	NA	Placenta	Placenta_NonTD	SRP324100	SRS9207697	0.986	0.599	7.278	0.904	0.752	0.928	15577.72	47308	457841.6	2462
SRX11145960	Placenta	NA	Placenta	Placenta_NonTD	SRP324100	SRS9207698	0.986	0.621	7.887	0.899	0.736	0.947	13728.29	53526	373166.43	2798
SRX11145961	Placenta	NA	Placenta	Placenta_NonTD	SRP324100	SRS9207699	0.986	0.666	6.851	0.904	0.749	0.928	11411.71	55770	494950.84	2202
SRX11145962	Placenta	NA	Placenta	Placenta_NonTD	SRP324100	SRS9207700	0.986	0.621	6.918	0.898	0.747	0.939	13990.2	51338	414461.54	2543
SRX11145963	Placenta	NA	Placenta	Placenta_NonTD	SRP324100	SRS9207701	0.985	0.651	7.601	0.897	0.730	0.935	14610.53	50174	421307.89	2779
SRX11145964	Placenta	NA	Placenta	Placenta_NonTD	SRP324100	SRS9207702	0.986	0.630	7.527	0.899	0.741	0.940	13839.36	51349	395861.68	2719
SRX11145965	Placenta	NA	Placenta	Placenta_TD	SRP324100	SRS9207704	0.986	0.683	6.721	0.902	0.714	0.911	9633.39	58091	575341.69	1812
SRX11145966	Placenta	NA	Placenta	Placenta_TD	SRP324100	SRS9207703	0.986	0.632	7.170	0.901	0.756	0.937	14300.05	50781	420112.0	2575
SRX11145967	Placenta	NA	Placenta	Placenta_TD	SRP324100	SRS9207705	0.985	0.632	7.524	0.897	0.728	0.941	12993.0	54262	384124.58	2687
SRX11145968	Placenta	NA	Placenta	Placenta_TD	SRP324100	SRS9207706	0.986	0.641	7.194	0.899	0.772	0.936	12767.73	51206	500144.77	2305
SRX11145969	Placenta	NA	Placenta	Placenta_TD	SRP324100	SRS9207707	0.986	0.609	7.618	0.901	0.729	0.937	14776.96	48621	432302.67	2652
SRX11145970	Placenta	NA	Placenta	Placenta_NonTD	SRP324100	SRS9207708	0.986	0.613	8.618	0.892	0.714	0.945	13992.31	53495	374530.64	2868
SRX11145971	Placenta	NA	Placenta	Placenta_NonTD	SRP324100	SRS9207711	0.987	0.651	7.699	0.902	0.744	0.940	9771.02	56650	586413.47	1914
SRX11145972	Placenta	NA	Placenta	Placenta_NonTD	SRP324100	SRS9207709	0.986	0.618	7.628	0.893	0.704	0.936	14193.28	48297	489468.7	2321
SRX11145973	Placenta	NA	Placenta	Placenta_ASD	SRP324100	SRS9207712	0.985	0.602	7.115	0.902	0.758	0.935	16263.38	48653	413196.57	2775
SRX11145974	Placenta	NA	Placenta	Placenta_ASD	SRP324100	SRS9207710	0.986	0.614	7.330	0.898	0.754	0.943	14087.24	47308	501475.87	2320
SRX11145975	Placenta	NA	Placenta	Placenta_NonTD	SRP324100	SRS9207714	0.985	0.620	8.867	0.900	0.706	0.941	14988.69	50315	422975.95	2771
SRX11145976	Placenta	NA	Placenta	Placenta_ASD	SRP324100	SRS9207713	0.986	0.637	7.374	0.897	0.736	0.931	13409.31	52640	424681.36	2534
SRX11145977	Placenta	NA	Placenta	Placenta_NonTD	SRP324100	SRS9207716	0.986	0.615	8.361	0.900	0.731	0.937	15422.47	48861	421748.7	2705
SRX11145978	Placenta	NA	Placenta	Placenta_NonTD	SRP324100	SRS9207715	0.986	0.623	7.273	0.900	0.709	0.910	17273.85	44345	469404.81	2500
SRX11145979	Placenta	NA	Placenta	Placenta_ASD	SRP324100	SRS9207717	0.985	0.634	6.843	0.899	0.745	0.935	12391.75	53715	451941.75	2257
SRX11145980	Placenta	NA	Placenta	Placenta_ASD	SRP324100	SRS9207718	0.986	0.630	8.927	0.898	0.713	0.944	14514.45	52797	394072.48	2928
SRX11145981	Placenta	NA	Placenta	Placenta_TD	SRP324100	SRS9207719	0.986	0.658	6.946	0.899	0.725	0.920	13316.61	52493	426421.52	2530
SRX11145982	Placenta	NA	Placenta	Placenta_TD	SRP324100	SRS9207720	0.986	0.637	6.474	0.895	0.732	0.923	13682.74	51174	432600.65	2439
SRX11145983	Placenta	NA	Placenta	Placenta_ASD	SRP324100	SRS9207721	0.986	0.624	7.692	0.900	0.711	0.935	13847.2	50749	445773.28	2526
SRX11145984	Placenta	NA	Placenta	Placenta_TD	SRP324100	SRS9207722	0.986	0.641	8.263	0.898	0.711	0.939	13521.04	53624	416911.43	2641
SRX11145985	Placenta	NA	Placenta	Placenta_TD	SRP324100	SRS9207723	0.986	0.616	7.451	0.901	0.761	0.940	14907.07	49670	433024.22	2621
SRX11145986	Placenta	NA	Placenta	Placenta_ASD	SRP324100	SRS9207724	0.987	0.641	8.148	0.895	0.728	0.940	11704.4	54454	437203.82	2432
SRX11145987	Placenta	NA	Placenta	Placenta_TD	SRP324100	SRS9207725	0.986	0.638	7.453	0.902	0.745	0.936	13367.99	52593	454143.55	2406
SRX11145988	Placenta	NA	Placenta	Placenta_TD	SRP324100	SRS9207726	0.986	0.620	7.207	0.900	0.725	0.933	14124.58	50784	422559.88	2575
SRX11145989	Placenta	NA	Placenta	Placenta_TD	SRP324100	SRS9207727	0.986	0.640	7.080	0.900	0.761	0.929	13354.37	50630	485186.41	2253
SRX11145990	Placenta	NA	Placenta	Placenta_ASD	SRP324100	SRS9207728	0.986	0.651	6.107	0.896	0.758	0.923	13121.5	50291	499766.29	2222
SRX11145991	Placenta	NA	Placenta	Placenta_TD	SRP324100	SRS9207729	0.987	0.646	7.201	0.898	0.708	0.921	13181.5	51368	428768.82	2441
SRX11145992	Placenta	NA	Placenta	Placenta_TD	SRP324100	SRS9207730	0.986	0.621	6.361	0.899	0.752	0.931	14844.41	49591	429328.45	2553
SRX11145993	Placenta	NA	Placenta	Placenta_TD	SRP324100	SRS9207733	0.986	0.643	6.870	0.903	0.743	0.932	12165.96	53602	446969.28	2374
SRX11145994	Placenta	NA	Placenta	Placenta_NonTD	SRP324100	SRS9207731	0.986	0.604	9.064	0.897	0.710	0.943	13794.67	53342	416616.47	2606
SRX11145995	Placenta	NA	Placenta	Placenta_NonTD	SRP324100	SRS9207734	0.986	0.637	6.655	0.898	0.752	0.934	13047.69	52398	457386.77	2328
SRX11145996	Placenta	NA	Placenta	Placenta_NonTD	SRP324100	SRS9207732	0.985	0.625	6.735	0.899	0.760	0.931	14274.34	50950	397433.89	2679
SRX11145997	Placenta	NA	Placenta	Placenta_TD	SRP324100	SRS9207735	0.986	0.614	7.401	0.896	0.727	0.935	13274.92	54055	351878.38	2768
SRX11145998	Placenta	NA	Placenta	Placenta_TD	SRP324100	SRS9207736	0.985	0.647	6.795	0.902	0.748	0.929	12556.32	52421	470786.74	2251
SRX11145999	Placenta	NA	Placenta	Placenta_ASD	SRP324100	SRS9207738	0.986	0.650	6.592	0.898	0.753	0.929	11459.67	52683	522531.82	2167
SRX11146000	Placenta	NA	Placenta	Placenta_ASD	SRP324100	SRS9207737	0.986	0.626	7.391	0.895	0.716	0.926	14786.23	48039	472708.8	2407
SRX11196311	CSF	NA	CSF	cerebrospnial fluid from pediatric medullablastoma patient	SRP325062	SRS9251746	0.993	0.738	10.910	0.864	0.428	0.958	1274.11	54431	56908.5	2301
SRX11196312	CSF	NA	CSF	cerebrospnial fluid from pediatric medullablastoma patient	SRP325062	SRS9251747	0.979	0.753	2.755	0.844	0.315	0.857	1441.92	34212	49423.84	668
SRX11196313	Tumor	NA	Tumor_tissue	Tumor tissue from pediatric medullablastoma patient	SRP325062	SRS9251748	0.994	0.750	8.150	0.860	0.487	0.941	1491.17	66271	79966.91	2421
SRX11196314	CSF	NA	CSF	cerebrospnial fluid from pediatric medullablastoma patient	SRP325062	SRS9251749	0.994	0.764	3.565	0.753	0.232	0.887	1384.18	36056	36257.98	890
SRX11196315	Tumor	NA	Tumor_tissue	Tumor tissue from pediatric medullablastoma patient	SRP325062	SRS9251750	0.998	0.697	8.528	0.866	0.493	0.940	4704.96	77167	404428.04	2192
SRX11196317	Tumor	NA	Tumor_tissue	Tumor tissue from pediatric medullablastoma patient	SRP325062	SRS9251752	0.996	0.702	6.617	0.870	0.491	0.915	6521.86	54596	266974.57	2307
SRX11196318	CSF	NA	CSF	cerebrospnial fluid from pediatric medullablastoma patient	SRP325062	SRS9251753	0.996	0.732	7.331	0.833	0.426	0.946	1118.39	43495	21243.16	1231
SRX11196319	Tumor	NA	Tumor_tissue	Tumor tissue from pediatric medullablastoma patient	SRP325062	SRS9251754	0.997	0.713	7.647	0.862	0.485	0.931	5250.67	62463	257001.4	2461
SRX11196321	Tumor	NA	Tumor_tissue	Tumor tissue from pediatric medullablastoma patient	SRP325062	SRS9251756	0.998	0.747	8.527	0.852	0.479	0.940	2081.06	68472	125787.8	1869
SRX11196322	CSF	NA	CSF	cerebrospnial fluid from pediatric medullablastoma patient	SRP325062	SRS9251757	0.975	0.784	7.492	0.861	0.521	0.932	1468.53	74961	60755.53	2108
SRX11196323	Tumor	NA	Tumor_tissue	Tumor tissue from pediatric medullablastoma patient	SRP325062	SRS9251758	0.997	0.762	6.646	0.850	0.494	0.922	1464.1	62223	57203.83	2041
SRX11196325	Tumor	NA	Tumor_tissue	Tumor tissue from pediatric medullablastoma patient	SRP325062	SRS9251760	0.996	0.714	8.018	0.861	0.448	0.934	3455.55	69850	387432.11	1943
SRX11196327	Tumor	NA	Tumor_tissue	Tumor tissue from pediatric medullablastoma patient	SRP325062	SRS9251762	0.995	0.744	7.233	0.809	0.498	0.930	1444.78	62694	56375.53	2316
SRX11196328	CSF	NA	CSF	cerebrospnial fluid from pediatric medullablastoma patient	SRP325062	SRS9251763	0.994	0.779	5.678	0.846	0.447	0.935	1379.91	45149	84613.85	1800
SRX11196330	Tumor	NA	Tumor_tissue	Tumor tissue from pediatric medullablastoma patient	SRP325062	SRS9251765	0.994	0.758	7.074	0.857	0.477	0.938	1292.85	39743	51975.57	1963
SRX11196331	CSF	NA	CSF	cerebrospnial fluid from pediatric medullablastoma patient	SRP325062	SRS9251766	0.996	0.724	4.858	0.855	0.457	0.924	1813.5	44814	207688.58	1679
SRX11196332	Tumor	NA	Tumor_tissue	Tumor tissue from pediatric medullablastoma patient	SRP325062	SRS9251767	0.996	0.686	8.341	0.852	0.518	0.950	2286.55	71738	173352.38	2283
SRX11196333	CSF	NA	CSF	cerebrospnial fluid from pediatric medullablastoma patient	SRP325062	SRS9251768	0.994	0.724	1.722	0.558	0.077	0.718	1688.31	28807	82548.59	555
SRX11217044	Cell Line	NA	NA	Lymphoblastoid cell line	SRP325428	SRS9271221	0.985	0.608	4.964	0.727	0.139	1.000	2173.97	20981	4134378.59	157
SRX11217045	Cell Line	NA	NA	Lymphoblastoid cell line	SRP325428	SRS9271223	0.978	0.617	4.500	0.643	0.094	1.000	1467.69	17765	454333.2	56
SRX11217046	Cell Line	NA	NA	Lymphoblastoid cell line	SRP325428	SRS9271220	0.985	0.564	4.385	0.696	0.095	1.000	2011.01	17499	3455164.87	246
SRX11217047	Cell Line	NA	NA	Lymphoblastoid cell line	SRP325428	SRS9271222	0.969	0.597	4.322	0.668	0.077	1.000	1422.11	14883	6434991.77	71
SRX11233735	hES cells H1	hES cells H1	NA	hES cells H1	SRP325722	SRS9279561	0.979	0.828	18.918	0.872	0.640	0.965	1215.81	39400	18162.96	4524
SRX11233736	hES cells H9	hES cells H9	NA	hES cells H9	SRP325722	SRS9279562	0.988	0.816	15.088	0.857	0.770	0.949	1109.4	40521	8077.08	4165
SRX11233737	Adult Human Adipose Derived Mesenchymal Stromal	adult human adipose derived mesenchymal stromal cells	NA	adult human adipose derived mesenchymal stromal cells	SRP325722	SRS9279563	0.995	0.663	23.492	0.826	0.734	0.958	3309.69	78341	421369.47	2341
SRX11233738	Adult Human Adipose Derived Mesenchymal Stromal	adult human adipose derived mesenchymal stromal cells	NA	adult human adipose derived mesenchymal stromal cells	SRP325722	SRS9279564	0.998	0.696	18.964	0.863	0.651	0.957	1128.94	67829	19036.66	2362
SRX11233739	Adult Human Adipose Derived Mesenchymal Stromal	adult human adipose derived mesenchymal stromal cells	NA	adult human adipose derived mesenchymal stromal cells	SRP325722	SRS9279565	0.998	0.660	16.625	0.849	0.716	0.936	3885.91	71205	498735.53	2103
SRX11233740	Chemically Induced Pluripotent Stem Cell	human chemically induced pluripotent stem cells	NA	human chemically induced pluripotent stem cells	SRP325722	SRS9279566	0.988	0.816	15.104	0.850	0.772	0.934	1188.51	35251	8295.19	3537
SRX11233741	Chemically Induced Pluripotent Stem Cell	human chemically induced pluripotent stem cells	NA	human chemically induced pluripotent stem cells	SRP325722	SRS9279567	0.986	0.814	17.078	0.855	0.698	0.942	1176.13	37441	9537.53	4073
SRX11233742	Chemically Induced Pluripotent Stem Cell	human chemically induced pluripotent stem cells	NA	human chemically induced pluripotent stem cells	SRP325722	SRS9279568	0.990	0.815	20.550	0.821	0.769	0.960	1101.54	40627	8681.72	3906
SRX11233743	Chemically Induced Pluripotent Stem Cell	human chemically induced pluripotent stem cells	NA	human chemically induced pluripotent stem cells	SRP325722	SRS9279569	0.990	0.806	17.996	0.824	0.751	0.954	1111.7	39985	8058.59	4184
SRX11233744	Embryonic Fibroblasts	human embryonic fibroblasts	NA	human embryonic fibroblasts	SRP325722	SRS9279570	0.994	0.724	19.641	0.877	0.664	0.962	1375.23	62116	304916.28	2815
SRX11233745	Embryonic Fibroblasts	human embryonic fibroblasts	NA	human embryonic fibroblasts	SRP325722	SRS9279571	0.997	0.726	19.238	0.802	0.752	0.965	1106.95	65930	23523.12	2501
SRX11233746	somatic cells during chemical reprogramming stage I	human somatic cells during chemical reprogramming stage I	NA	human somatic cells during chemical reprogramming stage I	SRP325722	SRS9279572	0.994	0.700	19.755	0.874	0.609	0.962	2118.16	71889	421207.69	2114
SRX11233747	somatic cells during chemical reprogramming stage II	human somatic cells during chemical reprogramming stage II	NA	human somatic cells during chemical reprogramming stage II	SRP325722	SRS9279573	0.994	0.425	18.948	0.871	0.647	0.962	2731.82	63537	255144.01	2842
SRX11233748	somatic cells during chemical reprogramming stage II without 5azac	human somatic cells during chemical reprogramming stage II without 5azac	NA	human somatic cells during chemical reprogramming stage II without 5azac	SRP325722	SRS9279574	0.994	0.697	19.814	0.875	0.638	0.962	2011.38	71930	426632.44	2135
SRX11233749	somatic cells during chemical reprogramming stage II without JNKIN8	human somatic cells during chemical reprogramming stage II without JNKIN8	NA	human somatic cells during chemical reprogramming stage II without JNKIN8	SRP325722	SRS9279575	0.994	0.370	18.500	0.872	0.622	0.961	1832.49	53673	138516.92	3533
SRX11233750	somatic cells during chemical reprogramming stage I	human somatic cells during chemical reprogramming stage I	NA	human somatic cells during chemical reprogramming stage I	SRP325722	SRS9279576	0.998	0.659	19.677	0.862	0.640	0.957	1196.26	65743	222845.75	3157
SRX11233751	somatic cells during chemical reprogramming stage II	human somatic cells during chemical reprogramming stage II	NA	human somatic cells during chemical reprogramming stage II	SRP325722	SRS9279577	0.998	0.529	19.722	0.851	0.647	0.960	1622.66	67676	215647.61	2943
SRX11246538	Cerebrum	NA	cerebrum	pediatric cerebrum from autopsy	SRP325924	SRS9292541	0.973	0.789	7.479	0.843	0.556	0.931	1305.98	38428	34764.67	2768
SRX11246539	Cerebellum	NA	cerebellum	pediatric cerebellum from autopsy	SRP325924	SRS9292542	0.989	0.767	9.292	0.854	0.577	0.951	1204.2	69303	27153.74	4185
SRX11246540	Cerebrum	NA	cerebrum	pediatric cerebrum from autopsy	SRP325924	SRS9292543	0.981	0.759	7.044	0.821	0.524	0.932	1319.45	36422	34961.24	2165
SRX11246541	Cerebellum	NA	cerebellum	pediatric cerebellum from autopsy	SRP325924	SRS9292544	0.979	0.766	7.628	0.819	0.521	0.940	1302.38	37189	30795.89	2328
SRX11246542	Cerebrum	NA	cerebrum	pediatric cerebrum from autopsy	SRP325924	SRS9292545	0.985	0.787	7.589	0.817	0.585	0.937	1341.1	59545	44800.45	2884
SRX11246543	Cerebellum	NA	cerebellum	pediatric cerebellum from autopsy	SRP325924	SRS9292546	0.988	0.771	8.871	0.829	0.532	0.947	1242.38	56924	24914.97	3729
SRX11246544	Cerebrum	NA	cerebrum	pediatric cerebrum from autopsy	SRP325924	SRS9292547	0.978	0.764	8.120	0.836	0.577	0.947	1266.66	37573	32493.37	2198
SRX11246545	Cerebrum	NA	cerebrum	pediatric cerebrum from autopsy	SRP325924	SRS9292548	0.978	0.768	7.443	0.790	0.664	0.913	1352.36	35001	27082.46	2111
SRX11246546	Cerebrum	NA	cerebrum	pediatric cerebrum from autopsy	SRP325924	SRS9292549	0.994	0.721	7.984	0.849	0.637	0.928	1536.64	45015	178553.46	1836
SRX11246547	Cerebellum	NA	cerebellum	pediatric cerebellum from autopsy	SRP325924	SRS9292551	0.991	0.800	6.561	0.821	0.663	0.887	1554.48	51180	83237.11	2688
SRX11246548	Cerebellum	NA	cerebellum	pediatric cerebellum from autopsy	SRP325924	SRS9292550	0.988	0.805	8.211	0.858	0.645	0.927	1313.77	56956	26805.73	4775
SRX11246549	Cerebellum	NA	cerebellum	pediatric cerebellum from autopsy	SRP325924	SRS9292552	0.993	0.785	8.339	0.855	0.594	0.917	1506.33	57853	94278.92	2462
SRX11246550	Cerebrum	NA	cerebrum	pediatric cerebrum from autopsy	SRP325924	SRS9292554	0.986	0.778	7.901	0.844	0.635	0.918	1433.65	37311	66274.34	2300
SRX11246551	Cerebellum	NA	cerebellum	pediatric cerebrum from autopsy	SRP325924	SRS9292553	0.990	0.802	8.909	0.862	0.668	0.924	1336.65	59365	33672.35	4698
SRX11246552	Cerebrum	NA	cerebrum	pediatric cerebrum from autopsy	SRP325924	SRS9292555	0.995	0.796	7.990	0.858	0.652	0.913	1292.67	40235	35675.99	1923
SRX11246553	Cerebellum	NA	cerebellum	pediatric cerebellum from autopsy	SRP325924	SRS9292556	0.985	0.791	6.757	0.835	0.572	0.921	1382.83	56578	65551.69	3065
SRX11326445	iPSC	NA	NA	Human pluripotent stem cells	SRP291325	SRS9359836	0.988	0.833	38.368	0.837	0.702	1.000	1051.63	44832	12967.42	4918
SRX11326446	iPSC	NA	NA	Human pluripotent stem cells	SRP291325	SRS9359834	0.990	0.476	11.460	0.788	0.910	1.000	5049.68	44371	118680.21	3479
SRX11326447	iPSC	NA	NA	Human pluripotent stem cells	SRP291325	SRS9359835	0.984	0.856	20.563	0.798	0.759	1.000	1110.35	42631	10192.41	4869
SRX11326448	iPSC	NA	NA	Human pluripotent stem cells	SRP291325	SRS9359837	0.985	0.844	20.314	0.832	0.769	1.000	1112.04	42404	12683.16	3810
SRX11326449	iPSC	NA	NA	Human pluripotent stem cells	SRP291325	SRS9359838	0.987	0.858	16.691	0.875	0.701	1.000	1115.95	40723	10441.54	4026
SRX11326450	iPSC	NA	NA	Human pluripotent stem cells	SRP291325	SRS9359839	0.987	0.858	18.407	0.886	0.727	1.000	1118.07	43129	11919.76	4477
SRX11326451	iPSC	NA	NA	Human pluripotent stem cells	SRP291325	SRS9359841	0.986	0.849	11.087	0.851	0.743	1.000	1210.62	35834	8949.75	3843
SRX11326452	ESC	NA	NA	Human embryonic stem cells	SRP291325	SRS9359840	0.985	0.808	27.669	0.816	0.640	1.000	1039.26	42224	16951.0	4328
SRX11326539	iPSC	NA	NA	Human pluripotent stem cells	SRP286872	SRS9359928	0.983	0.813	11.747	0.883	0.798	0.949	1222.04	34873	9502.58	4052
SRX11326540	iPSC	NA	NA	Human pluripotent stem cells	SRP286872	SRS9359930	0.985	0.831	11.574	0.889	0.752	0.949	1166.85	37590	17322.71	4377
SRX11326541	ESC	NA	NA	Human embryonic stem cells	SRP286872	SRS9359929	0.985	0.809	19.728	0.865	0.828	0.965	1058.5	44818	14763.23	4792
SRX11357456	Blood	NA	blood	NA	SRP321876	SRS9404213	0.973	0.645	7.215	0.851	0.446	0.952	3390.07	39139	2486240.51	450
SRX11357457	Blood	NA	blood	NA	SRP321876	SRS9404214	0.968	0.668	11.198	0.843	0.602	0.961	3232.87	45206	1805473.23	727
SRX11357458	Blood	NA	blood	NA	SRP321876	SRS9404215	0.981	0.608	10.107	0.861	0.692	0.957	8508.51	47884	1448646.7	1044
SRX11357460	Blood	NA	blood	NA	SRP321876	SRS9404217	0.979	0.621	10.557	0.849	0.654	0.957	9138.33	49177	1529581.15	938
SRX11357461	Blood	NA	blood	NA	SRP321876	SRS9404218	0.983	0.624	6.670	0.867	0.682	0.946	9048.24	47171	1523936.82	973
SRX11357462	Blood	NA	blood	NA	SRP321876	SRS9404219	0.960	0.628	9.161	0.853	0.639	0.956	9033.08	49521	1334531.34	1175
SRX11357463	Blood	NA	blood	NA	SRP321876	SRS9404220	0.982	0.642	10.797	0.866	0.645	0.957	4201.25	42628	2128219.93	582
SRX11357464	Blood	NA	blood	NA	SRP321876	SRS9404221	0.977	0.603	9.830	0.795	0.404	0.961	8773.51	46046	1460501.72	1061
SRX11357465	Blood	NA	blood	NA	SRP321876	SRS9404222	0.983	0.594	10.220	0.823	0.488	0.959	8716.12	45597	1484175.29	1026
SRX11357466	Blood	NA	blood	NA	SRP321876	SRS9404223	0.985	0.539	11.862	0.847	0.607	0.960	15698.59	33291	1383461.43	1125
SRX11357467	Blood	NA	blood	NA	SRP321876	SRS9404224	0.975	0.611	6.480	0.734	0.405	0.953	7064.16	39921	1575321.36	963
SRX11357468	Blood	NA	blood	NA	SRP321876	SRS9404225	0.966	0.620	7.942	0.794	0.458	0.958	4874.98	40225	2198197.15	544
SRX11357469	Blood	NA	blood	NA	SRP321876	SRS9404226	0.980	0.546	10.473	0.799	0.390	0.961	16237.44	31140	1246275.92	1345
SRX11357470	Blood	NA	blood	NA	SRP321876	SRS9404227	0.979	0.577	9.359	0.809	0.475	0.959	12671.3	39197	1378067.61	1136
SRX11357472	Blood	NA	blood	NA	SRP321876	SRS9404229	0.969	0.615	7.722	0.755	0.335	0.956	6013.41	41211	1925110.6	707
SRX11357473	Blood	NA	blood	NA	SRP321876	SRS9404230	0.977	0.636	10.220	0.809	0.398	0.961	4259.45	44398	1694866.89	858
SRX11357474	Blood	NA	blood	NA	SRP321876	SRS9404231	0.968	0.654	12.272	0.859	0.589	0.962	4785.09	49129	1762122.71	742
SRX11357475	Blood	NA	blood	NA	SRP321876	SRS9404232	0.976	0.656	5.960	0.867	0.714	0.943	4364.32	39034	1521334.23	1026
SRX11357476	Blood	NA	blood	NA	SRP321876	SRS9404233	0.983	0.624	8.419	0.844	0.562	0.952	3630.37	38532	2529265.93	439
SRX11357477	Blood	NA	blood	NA	SRP321876	SRS9404234	0.958	0.593	10.640	0.863	0.634	0.959	13128.23	41756	1330345.41	1130
SRX11357478	Blood	NA	blood	NA	SRP321876	SRS9404235	0.977	0.650	10.129	0.859	0.605	0.958	5061.86	48685	1605221.42	925
SRX11357479	Blood	NA	blood	NA	SRP321876	SRS9404236	0.978	0.667	9.084	0.822	0.468	0.960	1723.23	42378	62099.94	3305
SRX11411286	Mammary Luminal Epithelial	Mammary luminal epithelial cells	NA	Mammary luminal epithelial cells	SRP268979	SRS9454804	0.981	0.739	35.787	0.867	0.635	0.970	1189.24	94730	29132.7	4616
SRX11411287	Mammary Luminal Epithelial	Mammary luminal epithelial cells	NA	Mammary luminal epithelial cells	SRP268979	SRS9454805	0.981	0.722	30.075	0.862	0.749	0.969	1471.66	94924	120381.14	4069
SRX11411288	Mammary Luminal Epithelial	Mammary luminal epithelial cells	NA	Mammary luminal epithelial cells	SRP268979	SRS9454806	0.980	0.724	40.769	0.866	0.698	0.970	1142.31	96087	21898.52	3904
SRX11411289	Mammary Luminal Epithelial	Mammary luminal epithelial cells	NA	Mammary luminal epithelial cells	SRP268979	SRS9454807	0.979	0.709	36.368	0.861	0.572	0.970	1709.5	90647	234731.43	2921
SRX11411290	Mammary Luminal Epithelial	Mammary luminal epithelial cells	NA	Mammary luminal epithelial cells	SRP268979	SRS9454808	0.981	0.722	30.020	0.860	0.638	0.969	1157.09	91205	28199.45	4457
SRX11411291	Mammary Luminal Epithelial	Mammary luminal epithelial cells	NA	Mammary luminal epithelial cells	SRP268979	SRS9454809	0.979	0.705	33.696	0.867	0.619	0.968	1315.74	93499	93264.66	4459
SRX11484789	Head And Neck Cell Carcinoma	NA	head and neck cell carcinoma	HNSCC tissue	SRP328700	SRS9524687	0.999	0.560	7.076	0.765	0.716	0.842	1666.76	29289	1865220.65	453
SRX11484790	Head And Neck Cell Carcinoma	NA	head and neck cell carcinoma	HNSCC tissue	SRP328700	SRS9524688	0.999	0.523	7.614	0.762	0.765	0.847	6289.79	30732	1965062.49	497
SRX11484791	Head And Neck Cell Carcinoma	NA	head and neck cell carcinoma	HNSCC tissue	SRP328700	SRS9524690	0.999	0.607	6.781	0.769	0.698	0.845	1404.48	36028	234108.17	1464
SRX11484792	Head And Neck Cell Carcinoma	NA	head and neck cell carcinoma	HNSCC tissue	SRP328700	SRS9524689	0.999	0.591	7.703	0.688	0.549	0.807	5684.54	41524	759911.97	1247
SRX11484793	Head And Neck Cell Carcinoma	NA	head and neck cell carcinoma	HNSCC tissue	SRP328700	SRS9524691	0.999	0.588	8.492	0.695	0.554	0.823	3178.67	43607	796993.52	1205
SRX11484794	Head And Neck Cell Carcinoma	NA	head and neck cell carcinoma	HNSCC tissue	SRP328700	SRS9524694	0.999	0.622	8.512	0.720	0.433	0.815	1256.07	40505	29007.45	264
SRX11484795	Head And Neck Cell Carcinoma	NA	head and neck cell carcinoma	HNSCC tissue	SRP328700	SRS9524692	0.999	0.647	6.984	0.686	0.384	0.811	1255.04	46049	196508.02	2796
SRX11484796	Head And Neck Cell Carcinoma	NA	head and neck cell carcinoma	HNSCC tissue	SRP328700	SRS9524693	0.999	0.604	7.362	0.691	0.412	0.806	1264.26	31834	21982.75	455
SRX11484797	Head And Neck Cell Carcinoma	NA	head and neck cell carcinoma	HNSCC tissue	SRP328700	SRS9524695	0.999	0.515	8.386	0.689	0.378	0.761	5049.24	34231	1125084.33	866
SRX11484798	Head And Neck Cell Carcinoma	NA	head and neck cell carcinoma	HNSCC tissue	SRP328700	SRS9524697	0.999	0.411	7.376	0.692	0.464	0.804	48517.68	606	2094620.16	567
SRX11484799	Head And Neck Cell Carcinoma	NA	head and neck cell carcinoma	HNSCC tissue	SRP328700	SRS9524696	0.998	0.637	9.456	0.712	0.535	0.836	1085.98	29735	33387.36	419
SRX11484800	Head And Neck Cell Carcinoma	NA	head and neck cell carcinoma	HNSCC tissue	SRP328700	SRS9524698	0.998	0.599	9.216	0.698	0.590	0.832	5008.73	45992	659379.77	1445
SRX11484801	Head And Neck Cell Carcinoma	NA	head and neck cell carcinoma	HNSCC tissue	SRP328700	SRS9524699	0.997	0.507	9.305	0.708	0.577	0.818	9450.9	25023	2219946.18	402
SRX11484802	Head And Neck Cell Carcinoma	NA	head and neck cell carcinoma	HNSCC tissue	SRP328700	SRS9524701	0.997	0.571	8.562	0.656	0.611	0.826	1353.2	30111	22828.69	431
SRX11484803	Head And Neck Cell Carcinoma	NA	head and neck cell carcinoma	HNSCC tissue	SRP328700	SRS9524700	0.999	0.616	9.496	0.723	0.588	0.848	1213.7	31208	16499.38	732
SRX11484804	Head And Neck Cell Carcinoma	NA	head and neck cell carcinoma	HNSCC tissue	SRP328700	SRS9524702	0.999	0.712	9.531	0.709	0.595	0.850	993.67	58598	22186.68	1133
SRX11484805	Head And Neck Cell Carcinoma	NA	head and neck cell carcinoma	HNSCC tissue	SRP328700	SRS9524703	0.999	0.628	9.109	0.711	0.581	0.849	1187.89	29660	17099.22	387
SRX11484806	Head And Neck Cell Carcinoma	NA	head and neck cell carcinoma	HNSCC tissue	SRP328700	SRS9524704	0.999	0.665	10.534	0.718	0.648	0.853	1119.74	32577	16860.32	689
SRX11484807	Head And Neck Cell Carcinoma	NA	head and neck cell carcinoma	HNSCC tissue	SRP328700	SRS9524705	0.998	0.611	8.461	0.694	0.577	0.855	1308.55	29259	38412.83	572
SRX11484808	Head And Neck Cell Carcinoma	NA	head and neck cell carcinoma	HNSCC tissue	SRP328700	SRS9524706	0.999	0.569	8.596	0.703	0.625	0.859	11078.6	41888	723004.89	1592
SRX11484809	Head And Neck Cell Carcinoma	NA	head and neck cell carcinoma	HNSCC tissue	SRP328700	SRS9524707	0.999	0.630	7.786	0.683	0.647	0.854	1693.1	52625	437648.16	1607
SRX11484810	Head And Neck Cell Carcinoma	NA	head and neck cell carcinoma	HNSCC tissue	SRP328700	SRS9524708	0.999	0.537	8.366	0.697	0.543	0.845	2941.09	33512	1326665.15	743
SRX11484811	Head And Neck Cell Carcinoma	NA	head and neck cell carcinoma	HNSCC tissue	SRP328700	SRS9524709	0.999	0.518	6.279	0.662	0.511	0.835	5371.65	26653	2548455.2	431
SRX11484812	Head And Neck Cell Carcinoma	NA	head and neck cell carcinoma	HNSCC tissue	SRP328700	SRS9524710	0.999	0.552	7.287	0.699	0.508	0.851	3466.47	35496	1141286.81	867
SRX11484813	Head And Neck Cell Carcinoma	NA	head and neck cell carcinoma	HNSCC tissue	SRP328700	SRS9524711	0.999	0.637	8.093	0.694	0.529	0.836	1193.11	30288	18633.03	596
SRX11484814	Head And Neck Cell Carcinoma	NA	head and neck cell carcinoma	HNSCC tissue	SRP328700	SRS9524712	0.999	0.447	5.741	0.725	0.365	0.830	38955.68	3682	1691943.99	715
SRX11484815	Head And Neck Cell Carcinoma	NA	head and neck cell carcinoma	HNSCC tissue	SRP328700	SRS9524713	0.999	0.573	5.770	0.724	0.314	0.821	3050.92	35223	752107.12	1137
SRX11484816	Head And Neck Cell Carcinoma	NA	head and neck cell carcinoma	HNSCC tissue	SRP328700	SRS9524714	0.999	0.582	5.936	0.723	0.361	0.839	1416.44	28411	28947.77	288
SRX11484817	Head And Neck Cell Carcinoma	NA	head and neck cell carcinoma	HNSCC tissue	SRP328700	SRS9524715	0.999	0.545	6.975	0.712	0.399	0.819	4539.73	28853	2472504.72	389
SRX11484818	Head And Neck Cell Carcinoma	NA	head and neck cell carcinoma	HNSCC tissue	SRP328700	SRS9524716	0.999	0.547	5.554	0.718	0.367	0.818	7469.42	34283	850649.51	1139
SRX11484819	Head And Neck Cell Carcinoma	NA	head and neck cell carcinoma	HNSCC tissue	SRP328700	SRS9524717	0.999	0.599	5.241	0.722	0.292	0.831	1992.19	28712	31756.02	160
SRX11484820	Head And Neck Cell Carcinoma	NA	head and neck cell carcinoma	HNSCC tissue	SRP328700	SRS9524718	0.999	0.566	6.947	0.731	0.380	0.824	6591.19	39108	898976.45	1171
SRX11484821	Head And Neck Cell Carcinoma	NA	head and neck cell carcinoma	HNSCC tissue	SRP328700	SRS9524719	0.999	0.617	6.224	0.734	0.359	0.827	2027.13	33435	955619.39	958
SRX11484822	Head And Neck Cell Carcinoma	NA	head and neck cell carcinoma	HNSCC tissue	SRP328700	SRS9524720	0.998	0.614	8.579	0.747	0.546	0.818	1328.44	31351	1106071.28	925
SRX11484824	Head And Neck Cell Carcinoma	NA	head and neck cell carcinoma	HNSCC tissue	SRP328700	SRS9524722	0.998	0.581	4.491	0.515	0.241	0.718	1424.34	26692	41758.01	86
SRX11548401	Cell Line	NA	NA	human erythroleukemic cell line	SRP329794	SRS9583975	0.996	0.257	57.712	0.585	0.690	0.976	11118.17	154841	159382.34	10247
SRX11548402	Cell Line	NA	NA	human erythroleukemic cell line	SRP329794	SRS9583976	0.995	0.588	37.440	0.834	0.099	0.961	12461.24	132492	411413.21	4238
SRX11624463	Blast	NA	NA	cerebrospnial fluid from pediatric medullablastoma patient	SRP324016	SRS9659133	0.995	0.719	7.616	0.838	0.590	1.000	1140.94	42957	26420.02	1295
SRX11624464	Blast	NA	NA	cerebrospnial fluid from pediatric medullablastoma patient	SRP324016	SRS9659134	0.941	0.689	4.420	0.801	0.048	1.000	1863.15	44093	213752.69	1030
SRX11624465	Blast	NA	NA	cerebrospnial fluid from pediatric medullablastoma patient	SRP324016	SRS9659135	0.992	0.678	4.516	0.529	0.170	1.000	1372.75	37324	59870.61	332
SRX116603	ESC	NA	NA	NA	SRP000941	SRS287638	0.994	0.789	30.674	0.760	0.338	0.947	949.05	50253	37507.02	4070
SRX116604	ESC	NA	NA	NA	SRP000941	SRS287639	0.993	0.779	15.482	0.749	0.203	0.908	1050.24	41662	216307.54	1957
SRX11715542	Blood	blood	NA	47XXY group_blood	SRP332046	SRS9745966	0.985	0.814	17.821	0.874	0.504	0.965	1042.8	57905	12630.73	3130
SRX11715543	Blood	blood	NA	47XXY group_blood	SRP332046	SRS9745967	0.981	0.805	19.505	0.875	0.575	0.966	1020.83	60460	11148.05	3331
SRX11715544	Blood	blood	NA	47XXY group_blood	SRP332046	SRS9745968	0.984	0.788	17.341	0.875	0.606	0.965	1085.27	50242	10363.37	3059
SRX11715545	Blood	blood	NA	46XY group_blood	SRP332046	SRS9745969	0.981	0.811	19.805	0.877	0.564	0.963	1046.66	59211	11817.53	3589
SRX11715546	Blood	blood	NA	46XY group_blood	SRP332046	SRS9745970	0.982	0.811	19.280	0.880	0.594	0.963	973.76	70559	13108.13	3674
SRX11715547	Blood	blood	NA	46XY group_blood	SRP332046	SRS9745971	0.981	0.803	19.849	0.880	0.575	0.963	1020.48	63417	12684.43	3394
SRX11715548	Blood	blood	NA	46XX group_blood	SRP332046	SRS9745972	0.982	0.803	17.661	0.875	0.542	0.965	1017.48	61829	11174.16	3697
SRX11715549	Blood	blood	NA	46XX group_blood	SRP332046	SRS9745973	0.982	0.812	19.648	0.872	0.532	0.966	1009.52	63998	11638.69	3495
SRX11715550	Blood	blood	NA	46XX group_blood	SRP332046	SRS9745974	0.982	0.811	17.919	0.878	0.529	0.964	1009.36	61886	9780.01	3486
SRX11728773	Sperm	NA	sperm	NA	SRP332277	SRS9757511	0.997	0.617	38.715	0.699	0.650	0.966	2360.43	89567	36097.3	3863
SRX11728775	Sperm	NA	sperm	NA	SRP332277	SRS9757512	0.997	0.605	30.367	0.647	0.562	0.966	2359.48	95010	37266.75	4297
SRX11728777	Sperm	NA	sperm	NA	SRP332277	SRS9757514	0.997	0.620	32.664	0.746	0.486	0.965	2281.68	90466	31390.69	4552
SRX11728779	Sperm	NA	sperm	NA	SRP332277	SRS9757516	0.997	0.663	29.959	0.799	0.478	0.965	2543.62	90708	37797.62	4842
SRX11728781	Sperm	NA	sperm	NA	SRP332277	SRS9757518	0.996	0.568	25.690	0.580	0.500	0.964	2335.48	86858	36632.43	4535
SRX11728783	Sperm	NA	sperm	NA	SRP332277	SRS9757520	0.996	0.614	33.447	0.657	0.612	0.965	2236.11	95708	33141.75	4276
SRX11728785	Sperm	NA	sperm	NA	SRP332277	SRS9757523	0.997	0.623	22.011	0.854	0.208	0.946	2155.66	90303	88001.81	1491
SRX11728787	Sperm	NA	sperm	NA	SRP332277	SRS9757524	0.997	0.567	34.676	0.640	0.636	0.967	2276.3	92230	33692.53	3973
SRX11728789	Sperm	NA	sperm	NA	SRP332277	SRS9757526	0.997	0.606	36.194	0.681	0.655	0.963	2270.72	91000	36558.17	4275
SRX11728791	Sperm	NA	sperm	NA	SRP332277	SRS9757528	0.997	0.689	29.696	0.869	0.443	0.960	2383.04	101742	33995.7	5063
SRX11728793	Sperm	NA	sperm	NA	SRP332277	SRS9757530	0.997	0.582	37.816	0.697	0.659	0.961	2154.95	91570	33765.7	4187
SRX11728795	Sperm	NA	sperm	NA	SRP332277	SRS9757532	0.997	0.688	24.186	0.886	0.347	0.956	2253.33	91322	26798.6	6026
SRX11728797	Sperm	NA	sperm	NA	SRP332277	SRS9757534	0.997	0.648	27.889	0.709	0.593	0.965	2306.22	90232	31191.42	4770
SRX11728799	Sperm	NA	sperm	NA	SRP332277	SRS9757535	0.996	0.582	20.332	0.696	0.272	0.955	2140.75	79522	75015.33	1621
SRX11728801	Sperm	NA	sperm	NA	SRP332277	SRS9757537	0.990	0.567	7.824	0.657	0.106	0.951	2445.43	75306	103941.89	1138
SRX11728803	Sperm	NA	sperm	NA	SRP332277	SRS9757540	0.997	0.666	31.748	0.851	0.420	0.960	2374.34	95593	32790.61	5334
SRX11728805	Sperm	NA	sperm	NA	SRP332277	SRS9757542	0.997	0.573	40.341	0.654	0.658	0.966	2361.07	91145	41317.92	3618
SRX11728807	Sperm	NA	sperm	NA	SRP332277	SRS9757543	0.997	0.618	37.732	0.704	0.692	0.964	2292.73	99671	36949.28	4323
SRX11728809	Sperm	NA	sperm	NA	SRP332277	SRS9757546	0.996	0.604	32.651	0.657	0.596	0.962	2148.11	90983	33302.36	4299
SRX11728811	Sperm	NA	sperm	NA	SRP332277	SRS9757548	0.997	0.611	31.463	0.711	0.591	0.962	2216.77	91506	33843.67	4410
SRX11728813	Sperm	NA	sperm	NA	SRP332277	SRS9757550	0.996	0.618	28.668	0.709	0.587	0.957	2076.57	84348	28230.97	4905
SRX11728815	Sperm	NA	sperm	NA	SRP332277	SRS9757551	0.997	0.689	25.300	0.846	0.329	0.966	2503.63	92874	28293.36	5748
SRX11728817	Sperm	NA	sperm	NA	SRP332277	SRS9757554	0.996	0.590	37.388	0.685	0.640	0.960	2116.91	91084	36244.94	4158
SRX11728819	Sperm	NA	sperm	NA	SRP332277	SRS9757556	0.997	0.643	17.074	0.712	0.303	0.962	2383.58	85364	37058.85	4568
SRX11728821	Sperm	NA	sperm	NA	SRP332277	SRS9757559	0.997	0.645	33.810	0.757	0.513	0.966	2407.9	98421	38202.92	4035
SRX11728823	Sperm	NA	sperm	NA	SRP332277	SRS9757561	0.997	0.696	25.875	0.855	0.351	0.964	2584.83	94210	31534.6	6109
SRX11728825	Sperm	NA	sperm	NA	SRP332277	SRS9757562	0.997	0.696	16.329	0.798	0.182	0.961	2406.21	89027	35022.59	4865
SRX11728827	Sperm	NA	sperm	NA	SRP332277	SRS9757563	0.997	0.673	26.833	0.842	0.329	0.964	2440.39	96317	33595.38	4809
SRX11728829	Sperm	NA	sperm	NA	SRP332277	SRS9757566	0.997	0.684	23.729	0.873	0.329	0.961	2387.91	97054	31266.25	5275
SRX11728831	Sperm	NA	sperm	NA	SRP332277	SRS9757568	0.996	0.583	24.901	0.816	0.290	0.930	2060.68	83390	89228.8	1606
SRX11728833	Sperm	NA	sperm	NA	SRP332277	SRS9757571	0.997	0.665	29.902	0.829	0.469	0.963	2555.46	95748	37793.89	5082
SRX11728835	Sperm	NA	sperm	NA	SRP332277	SRS9757572	0.997	0.609	32.265	0.805	0.409	0.956	2174.74	89594	73457.81	2135
SRX11728837	Sperm	NA	sperm	NA	SRP332277	SRS9757574	0.997	0.608	36.850	0.703	0.592	0.965	2293.54	98021	41800.29	3431
SRX11728839	Sperm	NA	sperm	NA	SRP332277	SRS9757577	0.997	0.649	15.650	0.789	0.186	0.963	2416.23	89025	70416.23	2226
SRX11728841	Sperm	NA	sperm	NA	SRP332277	SRS9757579	0.997	0.669	30.741	0.830	0.523	0.965	2643.32	90896	35982.56	5259
SRX11728843	Sperm	NA	sperm	NA	SRP332277	SRS9757580	0.997	0.677	37.640	0.841	0.629	0.963	2578.19	95432	38707.75	4695
SRX11728845	Sperm	NA	sperm	NA	SRP332277	SRS9757583	0.997	0.631	38.002	0.789	0.578	0.964	2429.41	96148	33125.15	4809
SRX11728847	Sperm	NA	sperm	NA	SRP332277	SRS9757584	0.997	0.688	30.742	0.879	0.484	0.959	2379.42	97453	28544.16	5930
SRX11728849	Sperm	NA	sperm	NA	SRP332277	SRS9757585	0.997	0.691	33.273	0.854	0.593	0.963	2610.96	95207	41366.27	4524
SRX11728851	Sperm	NA	sperm	NA	SRP332277	SRS9757588	0.997	0.628	24.167	0.862	0.253	0.930	2021.19	85189	85241.42	1756
SRX11728853	Sperm	NA	sperm	NA	SRP332277	SRS9757590	0.997	0.700	32.902	0.850	0.367	0.964	2553.57	90960	35486.31	4715
SRX11728855	Sperm	NA	sperm	NA	SRP332277	SRS9757591	0.997	0.687	27.489	0.806	0.350	0.966	2494.71	91075	32496.81	5039
SRX11728857	Sperm	NA	sperm	NA	SRP332277	SRS9757594	0.997	0.652	36.641	0.745	0.571	0.966	2488.8	99458	37744.8	4297
SRX11728859	Sperm	NA	sperm	NA	SRP332277	SRS9757595	0.997	0.676	26.444	0.853	0.309	0.964	2541.71	90003	30067.4	5722
SRX11728861	Sperm	NA	sperm	NA	SRP332277	SRS9757597	0.997	0.677	23.218	0.854	0.262	0.966	2612.52	97894	35932.3	5290
SRX11728863	Sperm	NA	sperm	NA	SRP332277	SRS9757600	0.997	0.693	31.753	0.855	0.407	0.968	2600.63	101859	37182.7	5258
SRX11728865	Sperm	NA	sperm	NA	SRP332277	SRS9757603	0.997	0.621	17.235	0.796	0.139	0.962	2388.71	90768	79504.02	1975
SRX11728867	Sperm	NA	sperm	NA	SRP332277	SRS9757605	0.997	0.698	27.422	0.859	0.324	0.966	2614.1	90778	35686.62	5107
SRX11728869	Sperm	NA	sperm	NA	SRP332277	SRS9757607	0.997	0.704	33.502	0.865	0.360	0.969	2716.13	89870	33771.53	5207
SRX11728871	Sperm	NA	sperm	NA	SRP332277	SRS9757606	0.997	0.693	33.102	0.865	0.367	0.966	2650.5	96313	34657.1	5269
SRX11728873	Sperm	NA	sperm	NA	SRP332277	SRS9757610	0.997	0.717	32.638	0.853	0.513	0.968	2655.36	90680	30078.9	5931
SRX11728875	Sperm	NA	sperm	NA	SRP332277	SRS9757612	0.997	0.648	33.110	0.748	0.592	0.967	2522.25	98805	37647.4	4346
SRX11728877	Sperm	NA	sperm	NA	SRP332277	SRS9757614	0.997	0.681	28.085	0.855	0.317	0.959	2402.48	91584	33649.86	5326
SRX11728879	Sperm	NA	sperm	NA	SRP332277	SRS9757616	0.997	0.698	28.829	0.873	0.441	0.962	2550.65	92223	33266.61	5244
SRX11728881	Sperm	NA	sperm	NA	SRP332277	SRS9757617	0.997	0.582	24.313	0.825	0.259	0.939	2190.89	87036	85714.5	1910
SRX11728883	Sperm	NA	sperm	NA	SRP332277	SRS9757619	0.997	0.619	41.936	0.777	0.551	0.964	2353.52	96240	37962.24	4140
SRX11728885	Sperm	NA	sperm	NA	SRP332277	SRS9757622	0.997	0.639	26.694	0.820	0.233	0.962	2405.52	88764	31382.58	5541
SRX11728887	Sperm	NA	sperm	NA	SRP332277	SRS9757625	0.997	0.612	28.361	0.665	0.639	0.965	2255.1	95162	35904.3	3883
SRX11728889	Sperm	NA	sperm	NA	SRP332277	SRS9757624	0.997	0.661	21.581	0.853	0.218	0.959	2287.46	93304	65966.12	2258
SRX11728891	Sperm	NA	sperm	NA	SRP332277	SRS9757628	0.997	0.654	32.653	0.764	0.479	0.965	2492.14	92033	36144.13	4699
SRX11728893	Sperm	NA	sperm	NA	SRP332277	SRS9757630	0.997	0.695	20.228	0.841	0.192	0.963	2355.72	90376	29265.21	5194
SRX11728895	Sperm	NA	sperm	NA	SRP332277	SRS9757632	0.997	0.683	29.266	0.851	0.316	0.962	2470.7	92067	33504.51	5079
SRX11728897	Sperm	NA	sperm	NA	SRP332277	SRS9757636	0.997	0.718	20.148	0.855	0.244	0.964	2721.85	95486	38354.31	5536
SRX11728899	Sperm	NA	sperm	NA	SRP332277	SRS9757635	0.997	0.689	24.321	0.865	0.290	0.966	2537.44	96229	33773.3	5135
SRX11728901	Sperm	NA	sperm	NA	SRP332277	SRS9757638	0.997	0.662	26.440	0.824	0.325	0.964	2524.97	89525	32784.99	5450
SRX11728903	Sperm	NA	sperm	NA	SRP332277	SRS9757639	0.997	0.658	29.454	0.821	0.345	0.964	2484.79	95850	33048.07	5114
SRX11728905	Sperm	NA	sperm	NA	SRP332277	SRS9757640	0.997	0.674	24.386	0.841	0.348	0.962	2468.88	92393	33666.63	5285
SRX11728907	Sperm	NA	sperm	NA	SRP332277	SRS9757646	0.997	0.586	25.688	0.680	0.448	0.966	2321.35	88114	35586.71	3884
SRX11728909	Sperm	NA	sperm	NA	SRP332277	SRS9757647	0.997	0.676	28.201	0.838	0.409	0.964	2545.41	98204	29980.41	5783
SRX11728911	Sperm	NA	sperm	NA	SRP332277	SRS9757649	0.997	0.650	25.998	0.811	0.368	0.962	2395.02	87305	28649.19	5376
SRX11728913	Sperm	NA	sperm	NA	SRP332277	SRS9757651	0.997	0.608	31.755	0.779	0.441	0.957	2204.49	93669	30719.92	5265
SRX11728915	Sperm	NA	sperm	NA	SRP332277	SRS9757650	0.997	0.694	28.363	0.860	0.366	0.965	2603.19	97494	34250.19	5239
SRX11728917	Sperm	NA	sperm	NA	SRP332277	SRS9757654	0.997	0.692	21.411	0.875	0.227	0.962	2394.16	93235	34302.93	5145
SRX11728919	Sperm	NA	sperm	NA	SRP332277	SRS9757658	0.997	0.690	38.262	0.862	0.483	0.967	2616.72	92894	32342.38	5511
SRX11728921	Sperm	NA	sperm	NA	SRP332277	SRS9757655	0.997	0.665	29.003	0.839	0.329	0.964	2350.72	91495	32282.49	4643
SRX11728923	Sperm	NA	sperm	NA	SRP332277	SRS9757660	0.996	0.718	3.788	0.837	0.050	0.842	2302.41	72528	125865.4	1047
SRX11728925	Sperm	NA	sperm	NA	SRP332277	SRS9757663	0.997	0.680	18.767	0.861	0.201	0.959	2252.48	86770	70976.8	1805
SRX11728927	Sperm	NA	sperm	NA	SRP332277	SRS9757664	0.996	0.651	7.902	0.703	0.097	0.944	2403.89	74404	107266.95	1122
SRX11728929	Sperm	NA	sperm	NA	SRP332277	SRS9757666	0.997	0.654	29.498	0.842	0.347	0.961	2353.48	95836	32003.79	5287
SRX11728931	Sperm	NA	sperm	NA	SRP332277	SRS9757668	0.997	0.682	29.709	0.837	0.461	0.965	2453.69	94925	29264.55	5247
SRX11728933	Sperm	NA	sperm	NA	SRP332277	SRS9757672	0.997	0.683	24.452	0.861	0.315	0.965	2560.99	96589	32652.0	5421
SRX11728935	Sperm	NA	sperm	NA	SRP332277	SRS9757671	0.997	0.669	20.691	0.878	0.198	0.954	2165.97	90217	65865.17	2346
SRX11728937	Sperm	NA	sperm	NA	SRP332277	SRS9757675	0.997	0.618	43.395	0.715	0.572	0.968	2445.07	93249	35675.6	4414
SRX11728939	Sperm	NA	sperm	NA	SRP332277	SRS9757677	0.997	0.642	35.905	0.772	0.390	0.964	2302.1	91922	32199.77	4562
SRX11728941	Sperm	NA	sperm	NA	SRP332277	SRS9757676	0.997	0.706	23.239	0.869	0.260	0.961	2374.66	92043	29700.84	5834
SRX11728943	Sperm	NA	sperm	NA	SRP332277	SRS9757679	0.996	0.649	19.936	0.634	0.308	0.963	2236.99	83366	39152.35	3331
SRX11728945	Sperm	NA	sperm	NA	SRP332277	SRS9757681	0.997	0.685	24.124	0.868	0.249	0.962	2522.04	88289	29046.41	5809
SRX11728947	Sperm	NA	sperm	NA	SRP332277	SRS9757682	0.997	0.593	40.433	0.687	0.614	0.965	2407.99	96646	37327.17	4559
SRX11728949	Sperm	NA	sperm	NA	SRP332277	SRS9757685	0.997	0.564	33.675	0.625	0.532	0.966	2184.1	98315	45842.39	3281
SRX11728951	Sperm	NA	sperm	NA	SRP332277	SRS9757687	0.997	0.659	29.663	0.817	0.354	0.965	2509.68	95850	35446.13	5211
SRX11728953	Sperm	NA	sperm	NA	SRP332277	SRS9757690	0.997	0.651	22.033	0.842	0.203	0.960	2259.64	88698	70591.2	1874
SRX11728955	Sperm	NA	sperm	NA	SRP332277	SRS9757694	0.997	0.585	50.518	0.605	0.729	0.968	2439.64	90273	43537.97	3581
SRX11742510	U937	NA	NA	U937 cells	SRP332448	SRS9770865	0.981	0.701	18.175	0.508	0.482	0.950	7333.13	90457	587554.57	1915
SRX11742511	U937	NA	NA	U937 cells	SRP332448	SRS9770866	0.981	0.698	18.839	0.523	0.406	0.953	7901.7	91330	565070.21	1993
SRX11742512	U937	NA	NA	U937 cells	SRP332448	SRS9770867	0.981	0.696	14.758	0.523	0.375	0.943	7853.69	76556	779842.76	1450
SRX11742513	U937	NA	NA	U937 cells	SRP332448	SRS9770870	0.980	0.697	24.458	0.515	0.479	0.957	7306.36	101492	564390.1	2004
SRX11742514	U937	NA	NA	U937 cells	SRP332448	SRS9770868	0.982	0.691	18.977	0.517	0.586	0.955	7792.38	95229	563113.89	2009
SRX11742515	U937	NA	NA	U937 cells	SRP332448	SRS9770869	0.981	0.691	21.153	0.518	0.530	0.955	7881.55	94629	563158.14	2006
SRX11946827	Adrenal Gland	NA	adrenal gland	NA	SRP199025	SRS4796320	0.984	0.509	7.198	0.739	0.598	1.000	19150.98	53391	700775.23	1929
SRX11946828	Adrenal Gland	NA	adrenal gland	NA	SRP199025	SRS4796320	0.984	0.509	7.157	0.738	0.600	1.000	19175.85	53391	700536.99	1929
SRX11946829	Adrenal Gland	NA	adrenal gland	NA	SRP199025	SRS4796320	0.986	0.508	7.484	0.740	0.657	1.000	18766.58	55085	699367.83	1928
SRX11946830	Adrenal Gland	NA	adrenal gland	NA	SRP199025	SRS4796320	0.986	0.508	7.423	0.739	0.684	1.000	18772.48	55107	700864.7	1927
SRX11946831	Adrenal Gland	NA	adrenal gland	NA	SRP199025	SRS4796319	0.988	0.546	6.339	0.765	0.590	1.000	19775.5	45571	839239.88	1637
SRX11946832	Adrenal Gland	NA	adrenal gland	NA	SRP199025	SRS4796319	0.989	0.543	5.703	0.761	0.584	1.000	20451.01	41983	850176.62	1601
SRX11946833	Adrenal Gland	NA	adrenal gland	NA	SRP199025	SRS4796319	0.988	0.545	6.343	0.762	0.593	1.000	19797.4	45540	836682.07	1637
SRX11946834	Adrenal Gland	NA	adrenal gland	NA	SRP199025	SRS4796319	0.988	0.545	6.428	0.760	0.596	1.000	19721.48	45864	844741.96	1624
SRX11946835	Adrenal Gland	NA	adrenal gland	NA	SRP199025	SRS4796319	0.988	0.545	6.418	0.760	0.603	1.000	19718.55	45985	845121.27	1622
SRX11946837	Adrenal Gland	NA	adrenal gland	NA	SRP199025	SRS4796319	0.989	0.545	6.345	0.759	0.632	1.000	19828.99	45652	842902.62	1626
SRX11946838	Adrenal Gland	NA	adrenal gland	NA	SRP199025	SRS4796318	0.988	0.460	5.747	0.805	0.599	1.000	22285.0	49405	662051.44	2200
SRX11946839	Adrenal Gland	NA	adrenal gland	NA	SRP199025	SRS4796318	0.989	0.457	5.202	0.801	0.587	1.000	24179.79	41815	716432.78	2031
SRX11946840	Adrenal Gland	NA	adrenal gland	NA	SRP199025	SRS4796318	0.988	0.459	5.755	0.802	0.601	1.000	22185.66	49639	651831.04	2237
SRX11946841	Adrenal Gland	NA	adrenal gland	NA	SRP199025	SRS4796318	0.988	0.459	5.827	0.801	0.602	1.000	22258.61	49525	665189.57	2187
SRX11946842	Adrenal Gland	NA	adrenal gland	NA	SRP199025	SRS4796318	0.988	0.459	5.817	0.801	0.610	1.000	22199.13	49801	650846.37	2238
SRX11946843	Adrenal Gland	NA	adrenal gland	NA	SRP199025	SRS4796318	0.989	0.458	5.767	0.800	0.637	1.000	22168.53	49882	654779.03	2223
SRX11958581	CD8+ T Cells	CD8+ T Cells	NA	CD8+ T Cells	SRP334550	SRS9967999	0.967	0.813	17.296	0.790	0.474	0.955	972.47	58341	18544.84	2026
SRX11958583	CD8+ T Cells	CD8+ T Cells	NA	CD8+ T Cells	SRP334550	SRS9968001	0.979	0.784	31.619	0.834	0.109	0.967	951.33	58818	10021.11	3591
SRX11958586	CD8+ T Cells	CD8+ T Cells	NA	CD8+ T Cells	SRP334550	SRS9968003	0.977	0.790	18.570	0.788	0.473	0.955	959.35	55069	14823.26	1972
SRX11958587	CD8+ T Cells	CD8+ T Cells	NA	CD8+ T Cells	SRP334550	SRS9968005	0.976	0.801	53.793	0.878	0.567	0.973	1012.89	66368	13477.89	3897
SRX11958588	CD8+ T Cells	CD8+ T Cells	NA	CD8+ T Cells	SRP334550	SRS9968006	0.939	0.805	33.482	0.878	0.609	0.970	1003.12	64541	12044.5	3955
SRX11958589	CD8+ T Cells	CD8+ T Cells	NA	CD8+ T Cells	SRP334550	SRS9968007	0.958	0.815	24.404	0.867	0.779	0.966	1010.55	61007	13750.47	3655
SRX11958590	CD8+ T Cells	CD8+ T Cells	NA	CD8+ T Cells	SRP334550	SRS9968008	0.977	0.809	36.963	0.808	0.665	0.971	986.86	61050	13362.03	3473
SRX11958591	CD8+ T Cells	CD8+ T Cells	NA	CD8+ T Cells	SRP334550	SRS9968009	0.969	0.828	25.215	0.852	0.790	0.967	1017.99	61379	13982.37	3900
SRX11958592	CD8+ T Cells	CD8+ T Cells	NA	CD8+ T Cells	SRP334550	SRS9968010	0.976	0.846	39.578	0.820	0.716	0.971	1052.2	61718	14830.69	3832
SRX12151753	Liver	NA	liver	NA	SRP337018	SRS10159276	0.974	0.582	15.113	0.694	0.890	1.000	13526.41	64909	290224.2	4024
SRX12151754	Liver	NA	liver	NA	SRP337018	SRS10159278	0.973	0.537	14.991	0.679	0.905	1.000	18858.05	52435	219044.1	5565
SRX12151756	Liver	NA	liver	NA	SRP337018	SRS10159277	0.975	0.678	12.975	0.716	0.883	0.955	17189.08	47416	524993.7	2353
SRX12151766	Liver	NA	liver	NA	SRP337018	SRS10159289	0.974	0.563	15.424	0.726	0.880	1.000	15523.03	68111	174601.56	6666
SRX12151777	Liver	NA	liver	NA	SRP337018	SRS10159300	0.963	0.583	16.692	0.767	0.716	1.000	33713.98	19199	511318.05	3113
SRX12151788	Liver	NA	liver	NA	SRP337018	SRS10159310	0.977	0.703	16.898	0.746	0.807	0.964	7187.83	78008	317324.52	2939
SRX12151791	Liver	NA	liver	NA	SRP337018	SRS10159314	0.975	0.497	16.221	0.769	0.663	1.000	19503.01	60789	166450.12	8056
SRX12151792	Liver	NA	liver	NA	SRP337018	SRS10159318	0.975	0.711	15.373	0.682	0.823	1.000	5854.48	71582	145454.87	4395
SRX12151793	Liver	NA	liver	NA	SRP337018	SRS10159315	0.973	0.381	14.954	0.670	0.809	1.000	14639.31	100556	178974.21	8721
SRX12151794	Liver	NA	liver	NA	SRP337018	SRS10159319	0.976	0.759	15.242	0.692	0.814	1.000	2446.55	48213	461695.6	2043
SRX12151795	Liver	NA	liver	NA	SRP337018	SRS10159316	0.974	0.490	13.057	0.714	0.902	0.957	21778.45	58076	274565.64	5768
SRX12151797	Liver	NA	liver	NA	SRP337018	SRS10159320	0.976	0.637	14.869	0.721	0.901	1.000	11472.14	59582	235902.83	3851
SRX12151798	Liver	NA	liver	NA	SRP337018	SRS10159321	0.974	0.538	14.556	0.693	0.882	1.000	14581.08	75107	239748.01	4762
SRX12151799	Liver	NA	liver	NA	SRP337018	SRS10159322	0.977	0.612	13.921	0.744	0.878	0.960	18090.27	46134	400055.73	3409
SRX12151800	Liver	NA	liver	NA	SRP337018	SRS10159323	0.971	0.698	14.543	0.673	0.912	1.000	9237.59	61959	395033.6	2539
SRX12151802	Liver	NA	liver	NA	SRP337018	SRS10159327	0.972	0.518	14.219	0.672	0.916	1.000	15213.7	75196	229644.54	5760
SRX12151803	Liver	NA	liver	NA	SRP337018	SRS10159325	0.968	0.423	14.173	0.671	0.912	1.000	24311.42	52774	227221.76	6718
SRX12151804	Liver	NA	liver	NA	SRP337018	SRS10159326	0.962	0.642	17.583	0.764	0.861	1.000	10880.11	64458	187690.53	4154
SRX12151805	Liver	NA	liver	NA	SRP337018	SRS10159328	0.953	0.492	15.723	0.736	0.780	0.964	15469.33	82022	214340.97	6818
SRX12151806	Liver	NA	liver	NA	SRP337018	SRS10159330	0.960	0.730	16.247	0.743	0.866	0.962	6907.05	72021	209057.96	3582
SRX12151807	Liver	NA	liver	NA	SRP337018	SRS10159329	0.965	0.430	15.252	0.746	0.872	0.959	15024.1	92901	187750.52	7823
SRX12151808	Liver	NA	liver	NA	SRP337018	SRS10159331	0.954	0.671	15.650	0.760	0.878	0.957	13846.23	55614	319291.91	3550
SRX12151809	Liver	NA	liver	NA	SRP337018	SRS10159332	0.941	0.729	16.403	0.755	0.834	1.000	9984.53	59388	457159.18	2252
SRX12151810	Liver	NA	liver	NA	SRP337018	SRS10159333	0.975	0.494	12.994	0.706	0.887	0.955	19039.68	59843	255920.1	5396
SRX12151811	Liver	NA	liver	NA	SRP337018	SRS10159334	0.978	0.696	17.096	0.774	0.868	1.000	1321.11	35214	44478.16	2962
SRX12151812	Liver	NA	liver	NA	SRP337018	SRS10159335	0.976	0.539	15.954	0.745	0.875	0.960	23329.88	43818	338650.66	4285
SRX12151813	Liver	NA	liver	NA	SRP337018	SRS10159336	0.970	0.445	16.906	0.662	0.862	1.000	13601.07	91919	166532.25	7891
SRX12151814	Liver	NA	liver	NA	SRP337018	SRS10159337	0.971	0.741	15.254	0.669	0.920	1.000	1447.0	34738	383060.86	2500
SRX12151815	Liver	NA	liver	NA	SRP337018	SRS10159338	0.970	0.737	13.044	0.641	0.926	0.954	2301.99	45711	526602.73	2132
SRX12151816	Liver	NA	liver	NA	SRP337018	SRS10159340	0.972	0.733	13.447	0.691	0.899	0.956	1591.59	36245	560909.5	1915
SRX12151817	Liver	NA	liver	NA	SRP337018	SRS10159339	0.972	0.741	14.648	0.686	0.906	1.000	1411.48	33411	397803.08	2489
SRX12151818	Liver	NA	liver	NA	SRP337018	SRS10159342	0.973	0.741	14.769	0.707	0.890	1.000	1445.2	33568	407390.62	2426
SRX12151819	Liver	NA	liver	NA	SRP337018	SRS10159341	0.977	0.742	13.552	0.761	0.901	0.955	1463.28	36194	297624.59	3002
SRX12151821	Liver	NA	liver	NA	SRP337018	SRS10159345	0.977	0.737	13.615	0.773	0.881	0.953	1995.12	44018	552398.45	1976
SRX12151822	Liver	NA	liver	NA	SRP337018	SRS10159344	0.974	0.788	13.406	0.727	0.905	0.957	2928.8	61162	129286.07	3750
SRX12151823	Liver	NA	liver	NA	SRP337018	SRS10159346	0.978	0.758	14.293	0.760	0.899	0.960	1413.6	39324	193726.73	3980
SRX12151824	Liver	NA	liver	NA	SRP337018	SRS10159347	0.979	0.757	16.875	0.760	0.862	1.000	1289.42	33737	13487.2	2491
SRX12151825	Liver	NA	liver	NA	SRP337018	SRS10159348	0.972	0.755	14.950	0.712	0.911	1.000	1376.08	33432	17391.21	1802
SRX12151826	Liver	NA	liver	NA	SRP337018	SRS10159349	0.976	0.767	13.531	0.731	0.896	0.957	1366.69	37239	18276.47	2683
SRX12151828	Liver	NA	liver	NA	SRP337018	SRS10159353	0.972	0.745	15.105	0.714	0.920	1.000	1959.54	47459	467445.66	2139
SRX12151829	Liver	NA	liver	NA	SRP337018	SRS10159352	0.952	0.767	16.517	0.760	0.630	1.000	1528.16	42204	112404.32	5145
SRX12151830	Liver	NA	liver	NA	SRP337018	SRS10159351	0.968	0.742	14.589	0.757	0.524	1.000	1414.93	34685	266959.61	3324
SRX12151831	Liver	NA	liver	NA	SRP337018	SRS10159354	0.974	0.756	15.786	0.769	0.625	1.000	1351.92	34997	24644.29	3655
SRX12151832	Liver	NA	liver	NA	SRP337018	SRS10159355	0.977	0.728	14.973	0.714	0.742	0.962	1931.14	44831	514330.04	2156
SRX12151833	Liver	NA	liver	NA	SRP337018	SRS10159356	0.976	0.733	14.218	0.697	0.779	0.960	1567.36	37267	529226.66	2044
SRX12151834	Liver	NA	liver	NA	SRP337018	SRS10159359	0.980	0.731	16.257	0.777	0.877	1.000	6144.05	72857	322415.03	2594
SRX12151835	Liver	NA	liver	NA	SRP337018	SRS10159357	0.977	0.733	12.930	0.617	0.819	0.957	1359.17	34111	28015.41	5649
SRX12151836	Liver	NA	liver	NA	SRP337018	SRS10159358	0.977	0.749	15.359	0.757	0.853	0.963	1363.77	37979	39488.42	6718
SRX12151837	Liver	NA	liver	NA	SRP337018	SRS10159360	0.975	0.764	12.556	0.737	0.898	0.946	1685.0	40778	419526.85	2262
SRX12151838	Liver	NA	liver	NA	SRP337018	SRS10159361	0.974	0.764	14.929	0.737	0.891	1.000	1458.43	45014	124728.11	5064
SRX12151839	Liver	NA	liver	NA	SRP337018	SRS10159362	0.975	0.698	12.681	0.678	0.882	0.952	7279.51	64516	501863.76	2303
SRX12151840	Liver	NA	liver	NA	SRP337018	SRS10159363	0.972	0.749	12.934	0.676	0.923	0.957	1366.34	32603	16896.66	1761
SRX12151841	Liver	NA	liver	NA	SRP337018	SRS10159364	0.972	0.747	13.947	0.659	0.918	1.000	1485.0	37690	469817.54	2150
SRX12151842	Liver	NA	liver	NA	SRP337018	SRS10159365	0.956	0.756	14.367	0.702	0.912	1.000	1983.96	42839	526562.81	1967
SRX12151843	Liver	NA	liver	NA	SRP337018	SRS10159366	0.957	0.753	18.599	0.725	0.862	0.966	1899.16	48388	424962.46	2272
SRX12151844	Liver	NA	liver	NA	SRP337018	SRS10159368	0.957	0.749	16.838	0.740	0.875	1.000	2053.71	47133	525841.76	2045
SRX12151845	Liver	NA	liver	NA	SRP337018	SRS10159367	0.976	0.654	13.401	0.753	0.908	0.952	14189.94	57425	307470.06	3398
SRX12151846	Liver	NA	liver	NA	SRP337018	SRS10159369	0.956	0.765	16.212	0.755	0.850	0.963	2075.11	46323	459655.97	2119
SRX12151847	Liver	NA	liver	NA	SRP337018	SRS10159370	0.957	0.759	15.569	0.760	0.864	0.958	1880.1	40811	476553.79	2113
SRX12151848	Liver	NA	liver	NA	SRP337018	SRS10159371	0.957	0.748	15.630	0.745	0.863	0.960	2658.49	48396	533504.29	2012
SRX12151849	Liver	NA	liver	NA	SRP337018	SRS10159372	0.974	0.763	16.480	0.745	0.895	0.960	1431.69	41562	65982.81	6519
SRX12151851	Liver	NA	liver	NA	SRP337018	SRS10159374	0.975	0.732	16.674	0.752	0.885	0.964	1651.68	40518	519830.15	2099
SRX12151852	Liver	NA	liver	NA	SRP337018	SRS10159373	0.968	0.734	16.944	0.630	0.863	1.000	1778.6	42702	430900.83	2247
SRX12151854	Liver	NA	liver	NA	SRP337018	SRS10159377	0.977	0.500	15.768	0.769	0.872	1.000	23869.45	44485	256488.13	5465
SRX12151863	Liver	NA	liver	NA	SRP337018	SRS10159386	0.976	0.598	13.558	0.747	0.896	0.955	12220.02	73212	171515.93	6269
SRX12151874	Liver	NA	liver	NA	SRP337018	SRS10159397	0.976	0.547	14.541	0.711	0.897	1.000	19838.16	46940	222097.43	5810
SRX12192943	Sperm	NA	sperm	NA	SRP337159	SRS10170455	0.988	0.711	4.363	0.396	0.851	0.889	1806.09	61580	180455.09	689
SRX12192944	Sperm	NA	sperm	NA	SRP337159	SRS10170456	0.987	0.679	4.746	0.445	0.844	0.888	1795.24	63614	163696.46	784
SRX12192945	Sperm	NA	sperm	NA	SRP337159	SRS10170457	0.987	0.708	4.690	0.395	0.837	0.891	1827.32	62175	147683.24	868
SRX12192946	Sperm	NA	sperm	NA	SRP337159	SRS10170458	0.988	0.685	4.598	0.441	0.857	0.893	1839.23	64883	175680.95	725
SRX12192947	Sperm	NA	sperm	NA	SRP337159	SRS10170459	0.988	0.705	4.462	0.403	0.821	0.893	1819.56	67226	174587.62	752
SRX12192948	Sperm	NA	sperm	NA	SRP337159	SRS10170460	0.989	0.685	4.693	0.403	0.854	0.897	1841.06	69071	167069.56	798
SRX12192949	Sperm	NA	sperm	NA	SRP337159	SRS10170461	0.988	0.709	4.241	0.399	0.833	0.890	1824.56	62233	165197.72	845
SRX12192950	Sperm	NA	sperm	NA	SRP337159	SRS10170462	0.989	0.699	4.288	0.409	0.838	0.896	1826.26	64988	163081.43	853
SRX12215258	Isolated CD4+	NA	NA	Isolated CD4+ cells	SRP337501	SRS10191071	0.999	0.457	2.124	0.678	0.723	0.726	2728.7	19647	57860.59	66
SRX12292980	T Cells	NA	NA	T cells	SRP338189	SRS10266674	0.993	0.744	16.631	0.539	0.910	0.963	936.09	53458	8329.13	3292
SRX12292981	T Cells	NA	NA	T cells	SRP338189	SRS10266675	0.993	0.746	17.019	0.491	0.903	0.963	929.4	56494	8346.01	3612
SRX12292982	T Cells	NA	NA	T cells	SRP338189	SRS10266676	0.993	0.770	16.499	0.482	0.899	0.963	952.23	55852	9085.1	3456
SRX12292983	T Cells	NA	NA	T cells	SRP338189	SRS10266677	0.993	0.775	16.150	0.582	0.927	0.963	940.59	57670	9048.54	3474
SRX12292984	T Cells	NA	NA	T cells	SRP338189	SRS10266678	0.993	0.732	14.161	0.509	0.912	0.959	1009.2	46565	14941.23	1527
SRX12292985	T Cells	NA	NA	T cells	SRP338189	SRS10266679	0.973	0.739	14.295	0.556	0.925	0.960	1017.33	49560	14712.23	1812
SRX12292986	T Cells	NA	NA	T cells	SRP338189	SRS10266680	0.990	0.754	13.674	0.529	0.915	0.960	1017.19	48033	16194.41	1547
SRX12292987	T Cells	NA	NA	T cells	SRP338189	SRS10266681	0.992	0.748	10.338	0.585	0.934	0.956	1038.72	47911	14547.34	1886
SRX12292989	T Cells	NA	NA	T cells	SRP338189	SRS10266683	0.994	0.754	39.795	0.619	0.944	0.969	936.16	58279	10346.05	2916
SRX12292990	T Cells	NA	NA	T cells	SRP338189	SRS10266684	0.992	0.741	15.925	0.690	0.965	0.959	946.83	55549	9846.3	2932
SRX12292991	T Cells	NA	NA	T cells	SRP338189	SRS10266685	0.992	0.751	14.686	0.607	0.951	0.958	988.41	50849	9477.59	3056
SRX12292992	T Cells	NA	NA	T cells	SRP338189	SRS10266686	0.993	0.743	5.483	0.709	0.969	0.937	1204.01	40174	22546.33	995
SRX12292993	T Cells	NA	NA	T cells	SRP338189	SRS10266687	0.994	0.766	16.725	0.693	0.963	0.959	941.34	56605	9025.13	3581
SRX12292994	T Cells	NA	NA	T cells	SRP338189	SRS10266688	0.993	0.767	17.449	0.658	0.956	0.960	934.68	59192	8988.87	3903
SRX12292995	T Cells	NA	NA	T cells	SRP338189	SRS10266689	0.994	0.768	15.456	0.696	0.963	0.959	941.31	56041	8558.44	3852
SRX12292996	T Cells	NA	NA	T cells	SRP338189	SRS10266690	0.994	0.763	11.163	0.660	0.958	0.955	994.56	51101	13561.72	2151
SRX12292997	T Cells	NA	NA	T cells	SRP338189	SRS10266691	0.994	0.737	16.540	0.645	0.952	0.959	995.74	47198	9352.55	2614
SRX12292998	T Cells	NA	NA	T cells	SRP338189	SRS10266692	0.993	0.747	11.191	0.702	0.964	0.956	1034.28	47315	14659.88	1641
SRX12293002	T Cells	NA	NA	T cells	SRP338189	SRS10266696	0.940	0.743	21.777	0.665	0.945	0.967	1132.99	46909	13688.24	1943
SRX12293003	T Cells	NA	NA	T cells	SRP338189	SRS10266697	0.994	0.747	21.274	0.640	0.940	0.967	1033.52	45498	10153.56	1875
SRX12293004	T Cells	NA	NA	T cells	SRP338189	SRS10266698	0.993	0.766	17.910	0.543	0.908	0.966	1001.98	49739	8898.6	2715
SRX12293005	T Cells	NA	NA	T cells	SRP338189	SRS10266699	0.990	0.755	9.591	0.388	0.835	0.961	1193.52	37435	15411.1	878
SRX12293006	T Cells	NA	NA	T cells	SRP338189	SRS10266700	0.994	0.758	56.386	0.584	0.930	0.973	984.1	57245	10265.54	2258
SRX12293007	T Cells	NA	NA	T cells	SRP338189	SRS10266701	0.994	0.667	29.129	0.509	0.893	0.970	4297.45	57968	1498206.01	1033
SRX12293008	T Cells	NA	NA	T cells	SRP338189	SRS10266702	0.993	0.708	11.383	0.372	0.819	0.962	1174.04	39163	12549.27	1418
SRX12293009	T Cells	NA	NA	T cells	SRP338189	SRS10266703	0.993	0.688	27.997	0.520	0.895	0.970	2346.33	49250	1544491.56	952
SRX12293010	T Cells	NA	NA	T cells	SRP338189	SRS10266704	0.993	0.690	28.499	0.488	0.884	0.970	1314.97	47993	18732.98	1688
SRX12293012	T Cells	NA	NA	T cells	SRP338189	SRS10266706	0.918	0.795	16.283	0.650	0.949	0.965	1099.84	54344	9932.03	3247
SRX12293013	T Cells	NA	NA	T cells	SRP338189	SRS10266707	0.992	0.687	15.505	0.540	0.824	0.967	1212.79	39957	18041.86	1881
SRX12293014	T Cells	NA	NA	T cells	SRP338189	SRS10266708	0.992	0.712	12.551	0.508	0.793	0.964	1158.83	41104	12888.32	1671
SRX12293015	T Cells	NA	NA	T cells	SRP338189	SRS10266709	0.989	0.641	2.520	0.185	0.218	0.764	3285.48	23717	2722944.62	455
SRX12293016	T Cells	NA	NA	T cells	SRP338189	SRS10266710	0.992	0.695	12.844	0.431	0.701	0.966	1213.3	40366	15771.43	1441
SRX12293017	T Cells	NA	NA	T cells	SRP338189	SRS10266711	0.958	0.707	12.207	0.488	0.783	0.964	1371.94	36097	28818.16	3205
SRX12293018	T Cells	NA	NA	T cells	SRP338189	SRS10266712	0.991	0.719	14.863	0.479	0.768	0.966	1120.42	43254	13213.18	1736
SRX12293019	T Cells	NA	NA	T cells	SRP338189	SRS10266713	0.954	0.732	17.892	0.714	0.958	0.965	1169.58	44606	13768.66	1861
SRX12293020	T Cells	NA	NA	T cells	SRP338189	SRS10266714	0.933	0.751	20.780	0.608	0.927	0.967	1223.48	43986	21093.89	1932
SRX12371949	Cell Line	NA	cell line	NA	SRP338853	SRS10343008	0.995	0.207	12.742	0.299	0.646	0.951	74887.76	139	430565.94	2257
SRX12371950	Cell Line	AML	cell line	NA	SRP338853	SRS10343010	0.995	0.219	10.720	0.414	0.637	0.952	40270.27	1630	422109.67	2407
SRX12371951	Cell Line	NA	cell line	NA	SRP338853	SRS10343009	0.995	0.640	12.297	0.516	0.599	0.956	7661.16	61481	475920.59	2296
SRX12419642	Chondrosarcoma Cell Line	human chondrosarcoma cell line	NA	OUMS-27	SRP339574	SRS10387221	0.986	0.623	28.029	0.878	0.676	0.961	7647.2	106393	257483.56	3849
SRX12419643	Chondrosarcoma Cell Line	human chondrosarcoma cell line	NA	NDCS-1	SRP339574	SRS10387224	0.985	0.560	25.482	0.810	0.668	0.961	9981.03	94721	331414.37	3885
SRX12761912	Blood	lymphoblast cell line from human blood (chronic myelogenous leukemia)	blood	NA	SRP342964	SRS10709102	0.986	0.450	3.452	0.710	0.106	0.842	58211.42	1991	1346458.28	1225
SRX12761913	Blood	lymphoblast cell line from human blood (chronic myelogenous leukemia)	blood	NA	SRP342964	SRS10709102	0.987	0.303	2.517	0.680	0.096	0.738	33452.77	8048	839657.79	2002
SRX12761916	Blood	lymphoblast cell line from human blood (chronic myelogenous leukemia)	blood	NA	SRP342964	SRS10709102	0.985	0.312	1.894	0.648	0.224	0.723	47410.07	4066	852890.59	1975
SRX12761917	Blood	lymphoblast cell line from human blood (chronic myelogenous leukemia)	blood	NA	SRP342964	SRS10709102	0.985	0.315	2.812	0.654	0.204	0.819	39873.77	11070	745581.34	2283
SRX12761918	Blood	lymphoblast cell line from human blood (chronic myelogenous leukemia)	blood	NA	SRP342964	SRS10709102	0.982	0.322	7.867	0.708	0.093	0.949	21462.86	70674	520967.42	3391
SRX12761919	Blood	lymphoblast cell line from human blood (chronic myelogenous leukemia)	blood	NA	SRP342964	SRS10709102	0.982	0.312	10.022	0.683	0.056	0.957	19489.7	82244	467685.04	3815
SRX12761920	Blood	lymphoblast cell line from human blood (chronic myelogenous leukemia)	blood	NA	SRP342964	SRS10709102	0.979	0.330	5.674	0.665	0.068	0.904	27281.05	33897	643088.91	2755
SRX12761921	Blood	lymphoblast cell line from human blood (chronic myelogenous leukemia)	blood	NA	SRP342964	SRS10709102	0.967	0.330	7.775	0.687	0.070	0.946	27475.6	46784	582940.5	3140
SRX12761922	Blood	lymphoblast cell line from human blood (chronic myelogenous leukemia)	blood	NA	SRP342964	SRS10709102	0.974	0.322	3.809	0.674	0.283	0.902	41326.62	19651	650181.53	2725
SRX12761923	Blood	lymphoblast cell line from human blood (chronic myelogenous leukemia)	blood	NA	SRP342964	SRS10709102	0.968	0.332	4.576	0.682	0.265	0.919	36476.04	26099	648847.89	2742
SRX12761924	Blood	lymphoblast cell line from human blood (chronic myelogenous leukemia)	blood	NA	SRP342964	SRS10709102	0.986	0.310	2.178	0.675	0.315	0.774	49768.38	5134	820397.08	2080
SRX12761925	Blood	lymphoblast cell line from human blood (chronic myelogenous leukemia)	blood	NA	SRP342964	SRS10709102	0.982	0.322	2.638	0.671	0.332	0.804	45640.54	7086	786849.48	2176
SRX12761926	Blood	lymphoblast cell line from human blood (chronic myelogenous leukemia)	blood	NA	SRP342964	SRS10709102	0.981	0.315	7.254	0.660	0.069	0.944	23675.88	59470	538107.91	3314
SRX12761927	Blood	lymphoblast cell line from human blood (chronic myelogenous leukemia)	blood	NA	SRP342964	SRS10709102	0.982	0.317	9.294	0.689	0.063	0.955	20334.8	76774	471170.85	3782
SRX13049324	Germ Cell Tumor	NA	Germ Cell Tumor	Germ Cell Tumor	SRP345048	SRS10986491	0.986	0.701	21.398	0.340	0.818	0.955	1066.08	42938	12073.41	1398
SRX13049325	Germ Cell Tumor	NA	Germ Cell Tumor	Germ Cell Tumor	SRP345048	SRS10986492	0.988	0.708	12.163	0.396	0.855	0.947	1201.26	37011	14492.25	1064
SRX13049326	Germ Cell Tumor	NA	Germ Cell Tumor	Germ Cell Tumor	SRP345048	SRS10986493	0.984	0.773	4.256	0.312	0.813	0.898	1292.37	34676	33646.22	670
SRX130639	SRS302004	NA	NA	NA	SRP011746	SRS302004	0.990	0.640	2.311	0.306	0.873	0.837	3204.13	26399	109216.88	92
SRX130641	SRS302004	NA	NA	NA	SRP011746	SRS302004	0.991	0.657	2.413	0.350	0.855	0.833	3201.03	27650	2891637.62	357
SRX130644	SRS302004	NA	NA	NA	SRP011746	SRS302004	0.979	0.624	2.144	0.114	0.812	0.774	2991.61	25123	4825547.32	109
SRX130645	SRS302004	NA	NA	NA	SRP011746	SRS302004	0.981	0.628	1.588	0.161	0.950	0.711	2502.53	25511	3881462.66	187
SRX130650	SRS302004	NA	NA	NA	SRP011746	SRS302004	0.981	0.642	2.502	0.111	0.885	0.829	3169.71	26330	3417291.2	247
SRX131672	ESC	NA	NA	H1 human ES cells	SRP011945	SRS304592	0.995	0.026	59.321	0.744	0.342	0.949	222006.8	5	933559.81	196
SRX131673	ESC	NA	NA	H1 human ES cells	SRP011945	SRS304593	0.995	0.027	12.286	0.738	0.746	0.945	0.0	0	0.0	0
SRX13169040	Lung Fibroblast Cell Line	lung fibroblast cell line	NA	TAGMe_DNA_IMR90	SRP346828	SRS11099170	0.930	0.573	26.657	0.340	0.387	0.949	15026.45	54167	502839.79	2569
SRX13181007	Missing	NA	missing	NA	SRP346999	SRS11110437	0.997	0.331	7.351	0.518	0.624	0.878	70001.57	6718	498703.46	3876
SRX13181008	Missing	NA	missing	NA	SRP346999	SRS11110438	0.997	0.334	7.490	0.528	0.631	0.832	95299.38	2462	490699.8	3936
SRX13181009	Missing	NA	missing	NA	SRP346999	SRS11110439	0.997	0.336	9.048	0.534	0.616	0.864	81847.47	4365	440407.69	4421
SRX13181010	Missing	NA	missing	NA	SRP346999	SRS11110440	0.997	0.337	10.310	0.539	0.575	0.881	72266.2	6061	441447.46	4419
SRX13181011	Missing	NA	missing	NA	SRP346999	SRS11110441	0.997	0.332	7.681	0.520	0.619	0.883	66618.01	7646	455505.14	4257
SRX13181012	Missing	NA	missing	NA	SRP346999	SRS11110442	0.997	0.328	7.851	0.506	0.604	0.880	66828.27	7469	457305.24	4241
SRX13262573	Immortalized Astrocyte Cells	Immortalized Astrocyte Cells	NA	CIC-WT (IDH1-WT) WGBS	SRP348645	SRS11184421	0.997	0.569	20.503	0.719	0.709	0.961	10304.81	91637	374308.46	3410
SRX13262574	Immortalized Astrocyte Cells	Immortalized Astrocyte Cells	NA	CIC-WT (IDH1-WT) WGBS	SRP348645	SRS11184422	0.996	0.565	22.424	0.793	0.660	0.962	9928.28	96138	374376.33	3419
SRX13262575	Immortalized Astrocyte Cells	Immortalized Astrocyte Cells	NA	CIC-KO1 (IDH1-WT) WGBS	SRP348645	SRS11184423	0.996	0.591	23.115	0.776	0.722	0.962	6279.14	129415	386665.57	3177
SRX13262576	Immortalized Astrocyte Cells	Immortalized Astrocyte Cells	NA	CIC-KO1 (IDH1-WT) WGBS	SRP348645	SRS11184424	0.997	0.594	21.951	0.776	0.664	0.962	6331.19	128026	390881.69	3134
SRX13262577	Immortalized Astrocyte Cells	Immortalized Astrocyte Cells	NA	CIC-KO2 (IDH1-WT) WGBS	SRP348645	SRS11184425	0.996	0.593	23.209	0.792	0.718	0.961	6664.83	120371	404866.41	3134
SRX13262578	Immortalized Astrocyte Cells	Immortalized Astrocyte Cells	NA	CIC-KO2 (IDH1-WT) WGBS	SRP348645	SRS11184426	0.996	0.586	23.127	0.777	0.717	0.962	6602.81	121945	405458.71	3135
SRX13262579	Immortalized Astrocyte Cells	Immortalized Astrocyte Cells	NA	CIC-WT (IDH1-R132H) WGBS	SRP348645	SRS11184427	0.996	0.619	19.841	0.756	0.695	0.961	7898.59	100758	316731.41	3266
SRX13262580	Immortalized Astrocyte Cells	Immortalized Astrocyte Cells	NA	CIC-WT (IDH1-R132H) WGBS	SRP348645	SRS11184428	0.996	0.623	21.333	0.773	0.657	0.960	7828.87	102191	315142.03	3291
SRX13262581	Immortalized Astrocyte Cells	Immortalized Astrocyte Cells	NA	CIC-KO1 (IDH1-R132H) WGBS	SRP348645	SRS11184429	0.996	0.624	22.028	0.770	0.704	0.961	7244.74	107468	294993.25	3382
SRX13262582	Immortalized Astrocyte Cells	Immortalized Astrocyte Cells	NA	CIC-KO1 (IDH1-R132H) WGBS	SRP348645	SRS11184430	0.996	0.626	22.666	0.749	0.658	0.961	7137.36	109348	293136.69	3407
SRX13262583	Immortalized Astrocyte Cells	Immortalized Astrocyte Cells	NA	CIC-KO2 (IDH1-R132H) WGBS	SRP348645	SRS11184431	0.996	0.629	22.780	0.777	0.690	0.962	6828.9	112542	311584.38	3265
SRX13262584	Immortalized Astrocyte Cells	Immortalized Astrocyte Cells	NA	CIC-KO2 (IDH1-R132H) WGBS	SRP348645	SRS11184432	0.996	0.631	22.560	0.754	0.624	0.961	6834.15	112857	314241.36	3234
SRX13493161	B Cell	B cell	NA	GM12878	SRP352189	SRS11388734	0.966	0.403	10.037	0.773	0.037	1.000	4140.46	8776	1505937.03	897
SRX13493162	B Cell	B cell	NA	GM12878	SRP352189	SRS11388735	0.975	0.407	7.060	0.771	0.067	1.000	4165.73	2604	1618504.27	821
SRX13493163	B Cell	B cell	NA	GM12878	SRP352189	SRS11388736	0.978	0.382	7.346	0.819	0.297	1.000	24025.65	6530	695274.04	2356
SRX13569518	Colorectal Cancer	NA	colorectal cancer	fresh tumor from patient inoculataed into NPG mice	SRP353040	SRS11461978	0.997	0.421	11.414	0.498	0.772	0.955	6991.59	85642	268873.38	2753
SRX13569519	Colorectal Cancer	NA	colorectal cancer	fresh tumor from the same patient inoculataed into NPG mice	SRP353040	SRS11461979	0.996	0.548	13.488	0.578	0.778	0.957	7037.85	95069	201537.16	4060
SRX13586398	IMR90	NA	NA	IMR-90 nuclei without MTase treatment	SRP353340	SRS11476371	0.990	0.565	25.250	0.490	0.704	0.972	12073.73	68901	470648.21	2864
SRX13586399	IMR90	NA	NA	IMR-90 nuclei treated with CCMT	SRP353340	SRS11476372	0.984	0.566	23.709	0.494	0.725	0.970	12084.93	68662	472312.6	2850
SRX13625870	Primary	acute myeloid leukemia	primary	acute myeloid leukemia	SRP353670	SRS11513628	0.996	0.766	17.240	0.968	0.991	0.927	915.98	91945	15585.05	3062
SRX13625871	Primary	acute myeloid leukemia	primary	acute myeloid leukemia	SRP353670	SRS11513629	0.996	0.681	8.693	0.967	0.999	0.922	1585.97	55677	17673.86	2269
SRX13625872	Primary	acute myeloid leukemia	primary	acute myeloid leukemia	SRP353670	SRS11513630	0.996	0.754	9.132	0.967	0.999	0.919	1149.24	51670	76088.74	6133
SRX13625873	Primary	acute myeloid leukemia	primary	acute myeloid leukemia	SRP353670	SRS11513631	0.996	0.756	7.715	0.967	0.999	0.919	1031.62	56857	15346.05	1190
SRX13625874	Primary	acute myeloid leukemia	primary	acute myeloid leukemia	SRP353670	SRS11513632	0.997	0.753	9.337	0.968	0.999	0.920	1072.05	73779	10482.67	3431
SRX13625875	Primary	acute myeloid leukemia	primary	acute myeloid leukemia	SRP353670	SRS11513633	0.997	0.626	8.340	0.968	0.999	0.916	10299.22	65974	375482.85	2705
SRX13625876	Primary	acute myeloid leukemia	primary	acute myeloid leukemia	SRP353670	SRS11513634	0.996	0.803	10.771	0.969	0.999	0.921	934.79	69849	12227.59	2673
SRX13625877	Primary	acute myeloid leukemia	primary	acute myeloid leukemia	SRP353670	SRS11513635	0.996	0.800	7.586	0.967	0.999	0.916	1035.85	52312	20373.45	1418
SRX13625878	Primary	acute myeloid leukemia	primary	acute myeloid leukemia	SRP353670	SRS11513636	0.996	0.771	9.129	0.968	0.999	0.922	1049.84	67868	9495.63	2988
SRX13625879	Primary	GMP	primary	GMP	SRP353670	SRS11513637	0.996	0.843	10.377	0.966	0.999	0.924	911.38	60331	9079.2	4191
SRX13625880	Primary	HSC	primary	HSC	SRP353670	SRS11513638	0.996	0.848	10.032	0.965	0.999	0.924	927.28	58711	9659.19	3900
SRX13625881	Primary	L-MPP	primary	L-MPP	SRP353670	SRS11513639	0.996	0.843	10.296	0.966	0.999	0.925	919.24	58927	9038.34	4148
SRX13657822	Nasal	NA	NA	Nasal	SRP353982	SRS11543803	0.991	0.677	6.518	0.845	0.578	0.946	1142.58	39016	21118.69	1179
SRX13657823	Nasal	NA	NA	Nasal	SRP353982	SRS11543804	0.991	0.662	6.425	0.830	0.537	0.947	1200.21	37380	21726.18	1069
SRX13657824	Nasal	NA	NA	Nasal	SRP353982	SRS11543805	0.993	0.717	4.530	0.853	0.595	0.927	1248.11	39297	27663.27	904
SRX13657825	Nasal	NA	NA	Nasal	SRP353982	SRS11543806	0.985	0.724	3.063	0.694	0.407	0.867	1353.74	37200	30912.03	692
SRX13657826	Nasal	NA	NA	Nasal	SRP353982	SRS11543807	0.997	0.723	5.203	0.868	0.602	0.914	1304.85	54128	34880.76	1337
SRX13657827	Nasal	NA	NA	Nasal	SRP353982	SRS11543808	0.988	0.738	5.890	0.860	0.569	0.945	1157.35	42651	20322.41	1300
SRX13657828	Nasal	NA	NA	Nasal	SRP353982	SRS11543809	0.993	0.652	5.880	0.774	0.643	0.940	1252.17	42105	23178.52	1152
SRX13657829	Nasal	NA	NA	Nasal	SRP353982	SRS11543810	0.991	0.694	5.229	0.832	0.597	0.930	1349.8	50885	28513.0	1174
SRX13657830	Nasal	NA	NA	Nasal	SRP353982	SRS11543811	0.995	0.719	11.295	0.867	0.539	0.960	1015.25	46747	20413.03	1867
SRX13657831	Bronchial	NA	NA	Bronchial	SRP353982	SRS11543812	0.990	0.702	6.569	0.860	0.576	0.950	1175.81	38157	24272.87	1349
SRX13657832	Nasal	NA	NA	Nasal	SRP353982	SRS11543813	0.990	0.707	5.745	0.836	0.567	0.946	1224.47	46507	27495.39	1314
SRX13657833	Nasal	NA	NA	Nasal	SRP353982	SRS11543814	0.983	0.683	5.270	0.831	0.521	0.944	1326.97	48461	26532.78	1126
SRX13657834	Nasal	NA	NA	Nasal	SRP353982	SRS11543815	0.990	0.696	5.589	0.677	0.425	0.940	1267.46	43351	24791.01	1035
SRX13657835	Bronchial	NA	NA	Bronchial	SRP353982	SRS11543816	0.978	0.697	6.997	0.821	0.499	0.951	1121.31	44111	18594.34	1309
SRX13657836	Nasal	NA	NA	Nasal	SRP353982	SRS11543818	0.985	0.716	4.992	0.828	0.514	0.938	1225.53	40559	26105.87	877
SRX13657837	Bronchial	NA	NA	Bronchial	SRP353982	SRS11543817	0.992	0.725	9.240	0.710	0.437	0.955	1080.42	43708	18003.99	1945
SRX13657838	Nasal	NA	NA	Nasal	SRP353982	SRS11543819	0.993	0.690	5.647	0.745	0.559	0.938	1276.54	43710	25972.41	1112
SRX13657839	Nasal	NA	NA	Nasal	SRP353982	SRS11543820	0.993	0.701	8.749	0.866	0.610	0.953	1123.56	49012	18740.28	1624
SRX13657840	Bronchial	NA	NA	Bronchial	SRP353982	SRS11543821	0.953	0.696	3.553	0.849	0.241	0.909	1389.3	32191	25346.1	843
SRX13657841	Bronchial	NA	NA	Bronchial	SRP353982	SRS11543822	0.996	0.660	10.657	0.810	0.643	0.953	1018.93	46214	17210.15	1774
SRX13657842	Nasal	NA	NA	Nasal	SRP353982	SRS11543823	0.997	0.745	7.008	0.855	0.550	0.953	1135.3	41907	20949.62	1958
SRX13657843	Nasal	NA	NA	Nasal	SRP353982	SRS11543824	0.995	0.745	4.284	0.855	0.564	0.933	1264.49	41341	31576.46	1073
SRX13657844	Nasal	NA	NA	Nasal	SRP353982	SRS11543825	0.997	0.630	15.886	0.859	0.595	0.958	855.61	64562	8734.99	3372
SRX13657845	Nasal	NA	NA	Nasal	SRP353982	SRS11543826	0.997	0.749	32.178	0.872	0.490	0.968	1189.0	61973	15925.58	2784
SRX13657846	Nasal	NA	NA	Nasal	SRP353982	SRS11543827	0.996	0.716	8.314	0.856	0.550	0.958	1246.26	65527	24196.17	1629
SRX13657847	Nasal	NA	NA	Nasal	SRP353982	SRS11543828	0.995	0.696	13.625	0.874	0.556	0.952	983.71	51614	14726.06	1802
SRX13657848	Nasal	NA	NA	Nasal	SRP353982	SRS11543829	0.992	0.659	8.074	0.600	0.468	0.951	1043.43	47055	15553.69	1541
SRX13657849	Nasal	NA	NA	Nasal	SRP353982	SRS11543830	0.997	0.748	13.391	0.875	0.652	0.960	1001.16	48338	11389.94	3748
SRX13657850	Nasal	NA	NA	Nasal	SRP353982	SRS11543831	0.997	0.756	9.403	0.870	0.677	0.957	1095.67	53714	24115.29	1812
SRX13657851	Nasal	NA	NA	Nasal	SRP353982	SRS11543832	0.996	0.725	10.167	0.872	0.650	0.953	1109.88	52891	21443.22	1693
SRX13657852	Nasal	NA	NA	Nasal	SRP353982	SRS11543833	0.997	0.700	6.532	0.859	0.665	0.947	1104.04	44430	23314.67	1087
SRX13657853	Nasal	NA	NA	Nasal	SRP353982	SRS11543834	0.996	0.657	7.202	0.857	0.681	0.951	1075.8	49029	23221.72	1165
SRX13657854	Bronchial	NA	NA	Bronchial	SRP353982	SRS11543835	0.993	0.694	4.879	0.842	0.694	0.938	1223.27	43564	28221.11	1157
SRX13657855	Nasal	NA	NA	Nasal	SRP353982	SRS11543836	0.993	0.707	4.593	0.862	0.600	0.935	1298.78	44231	35799.49	1166
SRX13657856	Bronchial	NA	NA	Bronchial	SRP353982	SRS11543837	0.997	0.732	19.593	0.852	0.635	0.961	824.5	74371	10560.49	3842
SRX13657857	Bronchial	NA	NA	Bronchial	SRP353982	SRS11543838	0.994	0.657	6.190	0.847	0.671	0.920	1312.62	54390	25354.89	914
SRX13657858	Nasal	NA	NA	Nasal	SRP353982	SRS11543839	0.998	0.685	21.522	0.862	0.691	0.962	833.41	72913	9333.59	4039
SRX13657859	Bronchial	NA	NA	Bronchial	SRP353982	SRS11543840	0.996	0.676	6.706	0.814	0.642	0.950	1139.99	41987	18188.37	1219
SRX13657860	Nasal	NA	NA	Nasal	SRP353982	SRS11543841	0.995	0.708	6.236	0.824	0.680	0.949	1158.2	40318	21025.65	1103
SRX13657861	Nasal	NA	NA	Nasal	SRP353982	SRS11543842	0.982	0.722	7.033	0.863	0.700	0.951	1161.38	46396	23546.05	1419
SRX13657862	Nasal	NA	NA	Nasal	SRP353982	SRS11543843	0.996	0.681	9.999	0.813	0.674	0.957	944.39	58832	15902.24	1763
SRX13657863	Bronchial	NA	NA	Bronchial	SRP353982	SRS11543844	0.998	0.743	8.650	0.863	0.641	0.951	1013.4	50879	19306.39	1730
SRX13657864	Nasal	NA	NA	Nasal	SRP353982	SRS11543845	0.997	0.691	9.759	0.863	0.652	0.954	894.41	61644	16268.79	1760
SRX13657865	Nasal	NA	NA	Nasal	SRP353982	SRS11543847	0.997	0.753	7.797	0.875	0.621	0.931	1161.25	74289	26761.71	2095
SRX13657866	Nasal	NA	NA	Nasal	SRP353982	SRS11543846	0.997	0.740	7.209	0.872	0.534	0.954	1174.67	44983	21528.77	1681
SRX13657867	Nasal	NA	NA	Nasal	SRP353982	SRS11543848	0.997	0.729	7.989	0.855	0.602	0.953	1047.9	49915	26084.36	1628
SRX13680198	Blood	NA	blood	NA	SRP321876	SRS11558557	0.976	0.559	8.079	0.809	0.492	0.955	16904.32	30315	1223314.89	1345
SRX13680199	Blood	NA	blood	NA	SRP321876	SRS11558558	0.983	0.665	10.734	0.878	0.685	0.952	3353.28	41757	2222980.38	524
SRX13680200	Blood	NA	blood	NA	SRP321876	SRS11558559	0.978	0.433	10.374	0.874	0.611	0.956	30283.74	29461	659849.25	2802
SRX13680201	Blood	NA	blood	NA	SRP321876	SRS11558560	0.982	0.685	11.264	0.876	0.579	0.955	1779.98	43572	1599068.23	820
SRX13680202	Blood	NA	blood	NA	SRP321876	SRS11558561	0.976	0.584	8.328	0.826	0.488	0.956	8732.6	40730	1898329.82	733
SRX13680203	Blood	NA	blood	NA	SRP321876	SRS11558562	0.977	0.622	11.720	0.871	0.662	0.956	8622.18	50392	1626099.87	885
SRX13680204	Blood	NA	blood	NA	SRP321876	SRS11558563	0.980	0.627	8.820	0.862	0.627	0.953	5748.22	43168	1999745.61	661
SRX13680205	Blood	NA	blood	NA	SRP321876	SRS11558564	0.982	0.630	10.225	0.879	0.707	0.952	6364.99	48999	1627243.96	910
SRX13680206	Blood	NA	blood	NA	SRP321876	SRS11558565	0.981	0.548	10.880	0.868	0.609	0.956	18515.97	32239	1191145.64	1352
SRX13680207	Blood	NA	blood	NA	SRP321876	SRS11558566	0.980	0.579	6.782	0.873	0.704	0.944	16258.92	33123	1373454.71	1157
SRX13680208	Blood	NA	blood	NA	SRP321876	SRS11558567	0.985	0.619	10.733	0.876	0.682	0.954	6817.3	48211	1850884.76	703
SRX13680209	Blood	NA	blood	NA	SRP321876	SRS11558568	0.985	0.549	10.522	0.872	0.649	0.955	15142.98	35994	1388166.46	1114
SRX13680210	Blood	NA	blood	NA	SRP321876	SRS11558569	0.982	0.586	10.670	0.876	0.690	0.954	15206.38	41888	1193433.25	1341
SRX13680211	Blood	NA	blood	NA	SRP321876	SRS11558570	0.985	0.569	8.400	0.874	0.645	0.953	13741.05	37309	1390593.57	1131
SRX13680212	Blood	NA	blood	NA	SRP321876	SRS11558571	0.986	0.601	11.550	0.864	0.666	0.960	7805.04	48467	1738664.18	784
SRX13680213	Blood	NA	blood	NA	SRP321876	SRS11558572	0.982	0.675	10.705	0.862	0.601	0.956	2070.92	41810	2055773.38	608
SRX13680214	Blood	NA	blood	NA	SRP321876	SRS11558573	0.981	0.592	9.658	0.859	0.626	0.955	10942.95	41830	1577460.0	962
SRX13680215	Blood	NA	blood	NA	SRP321876	SRS11558574	0.984	0.487	10.008	0.860	0.626	0.955	27658.91	19206	977812.18	1792
SRX13680216	Blood	NA	blood	NA	SRP321876	SRS11558575	0.983	0.591	11.201	0.876	0.697	0.955	10943.81	45659	1567397.99	924
SRX13680217	Blood	NA	blood	NA	SRP321876	SRS11558576	0.974	0.581	8.679	0.801	0.408	0.956	12997.54	38295	1415994.11	1149
SRX13680218	Blood	NA	blood	NA	SRP321876	SRS11558577	0.971	0.553	9.525	0.812	0.511	0.957	17938.65	26006	1334174.41	1258
SRX13680219	Blood	NA	blood	NA	SRP321876	SRS11558578	0.968	0.672	8.317	0.784	0.320	0.956	1773.98	39580	2158525.1	582
SRX13680220	Blood	NA	blood	NA	SRP321876	SRS11558579	0.984	0.656	11.243	0.857	0.584	0.957	1858.25	40511	2068544.95	594
SRX13680221	Blood	NA	blood	NA	SRP321876	SRS11558580	0.985	0.535	11.190	0.843	0.506	0.957	16373.74	30812	1316309.31	1244
SRX13811031	Cell Line	NA	NA	ALL-SIL T-ALL cell line	SRP299802	SRS11691750	0.979	0.862	34.619	0.860	0.424	0.967	937.22	33721	12175.24	759
SRX13811032	Cell Line	NA	NA	LOUCY T-ALL cell line	SRP299802	SRS11691751	0.980	0.817	35.562	0.854	0.475	0.967	3810.45	81235	575923.16	1688
SRX13811033	Cell Line	NA	NA	MHH-CALL-2 B-ALL cell line	SRP299802	SRS11691752	0.980	0.766	37.119	0.806	0.419	0.969	995.96	80304	34701.55	4048
SRX13811034	Cell Line	NA	NA	MHH-CALL-4 B-ALL cell line	SRP299802	SRS11691753	0.982	0.801	32.639	0.856	0.456	0.968	1435.04	52687	27699.82	4706
SRX13811035	Cell Line	NA	NA	MOLT-16 T-ALL cell line	SRP299802	SRS11691754	0.980	0.748	39.592	0.856	0.544	0.968	3323.03	63556	1157544.16	1165
SRX13811036	Cell Line	NA	NA	MUTZ5 B-ALL cell line	SRP299802	SRS11691755	0.977	0.836	26.765	0.830	0.385	0.966	1070.56	58848	12100.26	1991
SRX13811037	Cell Line	NA	NA	NALM-6 B-ALL cell line	SRP299802	SRS11691756	0.980	0.786	10.919	0.873	0.342	0.886	1346.2	32958	28548.63	322
SRX13811038	Cell Line	NA	NA	NALM-6 B-ALL cell line	SRP299802	SRS11691757	0.984	0.793	29.830	0.835	0.713	0.952	1500.65	44259	17535.53	2338
SRX13811039	Cell Line	NA	NA	NALM-16 B-ALL cell line	SRP299802	SRS11691758	0.982	0.801	35.874	0.862	0.543	0.966	849.82	76987	21498.22	3264
SRX13811040	Cell Line	NA	NA	PEER T-ALL cell line	SRP299802	SRS11691759	0.980	0.781	18.105	0.764	0.188	0.965	2545.87	54714	833845.51	1393
SRX13811041	Cell Line	NA	NA	PER-117 T-ALL cell line	SRP299802	SRS11691760	0.980	0.778	39.796	0.852	0.604	0.970	2374.35	57592	1220101.19	1108
SRX13811042	Cell Line	NA	NA	RPMI-8402 T-ALL cell line	SRP299802	SRS11691761	0.981	0.876	34.401	0.852	0.523	0.968	1984.77	61061	126595.45	1920
SRX13811043	Cell Line	NA	NA	TALL-1 T-ALL cell line	SRP299802	SRS11691762	0.978	0.825	34.334	0.831	0.444	0.972	3069.7	59585	902938.36	1318
SRX13909437	Skin	NA	skin	NA	SRP356708	SRS11764734	0.992	0.620	21.161	0.889	0.489	0.968	8531.76	87767	343027.47	3228
SRX13909438	Skin	NA	skin	NA	SRP356708	SRS11764735	0.991	0.562	41.661	0.889	0.488	0.971	10104.71	98981	327660.97	3735
SRX13909439	Skin	NA	skin	NA	SRP356708	SRS11764736	0.990	0.620	26.933	0.893	0.443	0.967	9998.74	81526	439709.35	2807
SRX13909440	Skin	NA	skin	NA	SRP356708	SRS11764737	0.990	0.605	23.441	0.877	0.470	0.970	9407.05	86049	373866.15	3187
SRX13909441	Skin	NA	skin	NA	SRP356708	SRS11764738	0.990	0.611	21.907	0.883	0.457	0.969	9435.98	83156	374619.69	3118
SRX13909442	Skin	NA	skin	NA	SRP356708	SRS11764739	0.991	0.605	11.788	0.883	0.439	0.964	10696.27	71697	385629.19	3027
SRX13980412	Feeder-free PSC	Feeder-free PSC	NA	ESC	SRP357363	SRS11817760	0.977	0.813	19.292	0.846	0.672	0.965	1061.67	45670	17305.1	4073
SRX13980413	Feeder-free PSC	Feeder-free PSC	NA	ESC	SRP357363	SRS11817761	0.979	0.831	18.842	0.849	0.693	0.965	1079.31	45453	17899.3	4487
SRX13980490	Umbilical Vein Endothelial Cells	Human Umbilical Vein Endothelial Cells	NA	Human Umbilical Vein Endothelial Cells	SRP357372	SRS11817838	0.994	0.708	17.799	0.808	0.470	0.960	1051.51	61889	23697.99	4154
SRX13980491	Umbilical Vein Endothelial Cells	Human Umbilical Vein Endothelial Cells	NA	Human Umbilical Vein Endothelial Cells	SRP357372	SRS11817839	0.994	0.728	15.446	0.768	0.496	0.960	1089.57	58608	29090.51	4785
SRX13980492	Umbilical Vein Endothelial Cells	Human Umbilical Vein Endothelial Cells	NA	Human Umbilical Vein Endothelial Cells	SRP357372	SRS11817840	0.993	0.712	20.614	0.795	0.532	0.962	1084.63	64841	28281.91	5103
SRX13980493	Umbilical Vein Endothelial Cells	Human Umbilical Vein Endothelial Cells	NA	Human Umbilical Vein Endothelial Cells	SRP357372	SRS11817841	0.991	0.725	15.312	0.822	0.324	0.959	1129.1	59292	34726.7	5971
SRX13980494	Umbilical Vein Endothelial Cells	Human Umbilical Vein Endothelial Cells	NA	Human Umbilical Vein Endothelial Cells	SRP357372	SRS11817842	0.992	0.742	10.145	0.810	0.272	0.945	1260.37	49234	28046.89	4441
SRX13980495	Umbilical Vein Endothelial Cells	Human Umbilical Vein Endothelial Cells	NA	Human Umbilical Vein Endothelial Cells	SRP357372	SRS11817843	0.994	0.712	20.934	0.832	0.503	0.963	1079.03	65290	27490.0	5415
SRX140476	Prefrontal Cortex	NA	prefrontal cortex	Brain	SRP012161	SRS308845	0.976	0.790	10.701	0.845	0.513	0.934	1168.65	35505	27027.51	2204
SRX140477	Prefrontal Cortex	NA	prefrontal cortex	Brain	SRP012161	SRS308846	0.981	0.795	2.351	0.832	0.077	0.776	1583.66	33050	96912.54	826
SRX14047764	Mammary Gland	NA	mammary gland	NA	SRP353536	SRS11882206	0.990	0.542	8.992	0.899	0.756	0.934	14887.61	75156	486684.77	2735
SRX14047765	Mammary Gland	NA	mammary gland	NA	SRP353536	SRS11882207	0.988	0.520	7.905	0.746	0.767	0.931	14379.79	78838	466642.51	2731
SRX14047766	Mammary Gland	NA	mammary gland	NA	SRP353536	SRS11882208	0.991	0.538	9.882	0.915	0.760	0.935	14282.23	78753	486843.27	2731
SRX14105704	Arm Skin	Fibroblast	ARM SKIN	NA	SRP358957	SRS11928156	0.992	0.619	21.170	0.889	0.489	0.968	8531.49	87841	336364.87	3304
SRX14105705	Arm Skin	Fibroblast	ARM SKIN	NA	SRP358957	SRS11928157	0.991	0.620	26.945	0.893	0.443	0.968	9994.91	81684	445907.94	2761
SRX14105706	Arm Skin	Fibroblast	ARM SKIN	NA	SRP358957	SRS11928158	0.991	0.562	41.682	0.889	0.488	0.971	10113.18	98884	322665.17	3801
SRX14105707	Umbilical Area	Fibroblast	Umbilical area	NA	SRP358957	SRS11928159	0.990	0.611	21.917	0.882	0.456	0.969	9445.04	83080	369003.52	3175
SRX14105708	NS	Fibroblast	NS	NA	SRP358957	SRS11928160	0.990	0.604	23.451	0.877	0.470	0.970	9400.41	86184	376181.58	3165
SRX14105709	Inguinal Area	Fibroblast	Inguinal area	NA	SRP358957	SRS11928161	0.993	0.603	21.704	0.865	0.502	0.970	9983.67	80240	366974.09	3212
SRX142783	CD184+ endoderm cultured	CD184+ endoderm cultured cells	NA	NA	SRP000996	SRS309496	0.995	0.817	42.483	0.671	0.881	0.957	1148.37	39630	22203.51	4540
SRX142784	CD34 Primary Cells	CD34 Primary Cells	NA	NA	SRP000996	SRS114974	0.997	0.793	40.112	0.782	0.772	0.954	969.94	68568	15851.94	4499
SRX14368545	iPSC	iPSCs	NA	iPSCs	SRP362494	SRS12181640	0.967	0.729	6.030	0.733	0.421	0.806	1240.66	29736	25971.31	401
SRX14368546	iPSC	iPSCs	NA	iPSCs	SRP362494	SRS12181642	0.982	0.682	6.671	0.777	0.419	0.828	1515.26	42751	196798.93	869
SRX14368547	iPSC	iPSCs	NA	iPSCs	SRP362494	SRS12181641	0.959	0.708	7.249	0.728	0.565	0.835	1348.17	30146	31692.76	534
SRX14368548	iPSC	iPSCs	NA	iPSCs	SRP362494	SRS12181643	0.976	0.713	8.167	0.744	0.478	0.816	1243.1	33474	56693.14	746
SRX14368549	iPSC	iPSCs	NA	iPSCs	SRP362494	SRS12181644	0.972	0.641	8.895	0.757	0.440	0.791	1236.37	41464	135430.59	687
SRX14368550	iPSC	iPSCs	NA	iPSCs	SRP362494	SRS12181645	0.957	0.736	7.088	0.752	0.455	0.818	1226.99	33538	37458.55	679
SRX14368551	iPSC	iPSCs	NA	iPSCs	SRP362494	SRS12181646	0.970	0.729	8.008	0.791	0.488	0.862	1185.98	35712	23953.49	700
SRX144336	Blood	EBV immortalized B cells	blood	Blood, healthy control	SRP012499	SRS310929	0.997	0.585	20.657	0.875	0.963	0.953	1529.78	46839	2172051.62	514
SRX144337	Blood	EBV immortalized B cells	blood	Blood, ICF patient	SRP012499	SRS310930	0.997	0.330	20.616	0.837	0.970	0.951	10850.45	125992	363783.9	4856
SRX14434937	KYSE-30	NA	NA	KYSE-30	SRP309472	SRS12242404	0.995	0.665	15.384	0.809	0.678	0.932	8788.29	72446	383430.95	2552
SRX14434938	KYSE-30	NA	NA	KYSE-30	SRP309472	SRS12242405	0.995	0.664	16.021	0.811	0.665	0.935	8536.52	74273	385151.02	2534
SRX14434939	KYSE-30	NA	NA	KYSE-30	SRP309472	SRS12242406	0.995	0.665	17.530	0.806	0.661	0.937	8323.28	76137	383794.12	2560
SRX14434940	KYSE-30	NA	NA	KYSE-30	SRP309472	SRS12242407	0.995	0.667	14.680	0.803	0.673	0.921	9338.04	68564	382936.55	2545
SRX14434941	KYSE-30	NA	NA	KYSE-30	SRP309472	SRS12242408	0.995	0.665	14.694	0.810	0.663	0.931	8871.38	71619	382733.27	2547
SRX14434942	KYSE-30	NA	NA	KYSE-30	SRP309472	SRS12242409	0.995	0.666	15.047	0.809	0.694	0.928	8946.83	71404	382003.79	2554
SRX14434943	KYSE-30	NA	NA	KYSE-30	SRP309472	SRS12242410	0.995	0.624	16.593	0.827	0.661	0.938	9807.91	69002	431921.96	2391
SRX14434944	KYSE-30	NA	NA	KYSE-30	SRP309472	SRS12242411	0.995	0.623	13.081	0.824	0.690	0.926	10843.22	62992	422551.65	2431
SRX14434945	KYSE-30	NA	NA	KYSE-30	SRP309472	SRS12242412	0.996	0.606	18.952	0.827	0.626	0.955	8491.74	77830	430331.24	2403
SRX14434994	KYSE-30	NA	NA	KYSE-30	SRP309472	SRS12242461	0.995	0.640	16.259	0.818	0.627	0.942	9207.01	73478	439242.42	2428
SRX14434995	KYSE-30	NA	NA	KYSE-30	SRP309472	SRS12242462	0.995	0.633	16.758	0.822	0.585	0.944	9213.75	73441	446089.31	2383
SRX14434996	KYSE-30	NA	NA	KYSE-30	SRP309472	SRS12242463	0.996	0.629	21.302	0.831	0.526	0.959	7720.06	83916	427567.84	2448
SRX14434997	KYSE-30	NA	NA	KYSE-30	SRP309472	SRS12242465	0.995	0.665	19.068	0.651	0.512	0.933	8773.27	75062	416905.63	2473
SRX14434998	KYSE-30	NA	NA	KYSE-30	SRP309472	SRS12242464	0.996	0.677	31.332	0.765	0.473	0.963	6322.52	100068	432480.31	2435
SRX14434999	KYSE-30	NA	NA	KYSE-30	SRP309472	SRS12242466	0.996	0.663	21.220	0.687	0.576	0.954	7402.5	86663	421784.55	2477
SRX14435000	KYSE-30	NA	NA	KYSE-30	SRP309472	SRS12242467	0.996	0.661	23.369	0.680	0.537	0.955	7274.71	87333	427187.83	2445
SRX14435001	KYSE-30	NA	NA	KYSE-30	SRP309472	SRS12242469	0.996	0.666	18.325	0.653	0.555	0.930	9031.5	72716	420004.79	2443
SRX14435002	KYSE-30	NA	NA	KYSE-30	SRP309472	SRS12242468	0.995	0.667	22.548	0.669	0.569	0.952	7612.92	84626	422792.94	2462
SRX14435003	KYSE-30	NA	NA	KYSE-30	SRP309472	SRS12242470	0.996	0.636	15.606	0.820	0.570	0.939	9481.43	71448	441349.32	2420
SRX14435004	KYSE-30	NA	NA	KYSE-30	SRP309472	SRS12242471	0.995	0.633	17.949	0.818	0.578	0.946	8963.35	75537	445121.06	2400
SRX14435005	KYSE-30	NA	NA	KYSE-30	SRP309472	SRS12242473	0.995	0.613	17.728	0.829	0.575	0.952	8990.09	73937	416741.29	2482
SRX14435006	KYSE-30	NA	NA	KYSE-30	SRP309472	SRS12242472	0.995	0.624	17.378	0.828	0.660	0.940	9534.28	71315	429575.06	2420
SRX14435007	KYSE-30	NA	NA	KYSE-30	SRP309472	SRS12242474	0.996	0.620	16.322	0.825	0.665	0.937	9913.85	68288	426357.37	2424
SRX14435008	KYSE-30	NA	NA	KYSE-30	SRP309472	SRS12242475	0.996	0.615	17.867	0.826	0.579	0.954	8522.79	76971	426101.78	2457
SRX14524994	Blood	NA	Blood	NA	SRP364929	SRS12323380	0.982	0.818	6.175	0.843	0.478	0.927	1302.58	44281	20936.49	1648
SRX14524995	Blood	NA	Blood	NA	SRP364929	SRS12323381	0.983	0.800	6.223	0.847	0.522	0.941	1255.76	42332	24409.8	1273
SRX14524996	Blood	NA	Blood	NA	SRP364929	SRS12323382	0.984	0.813	6.105	0.835	0.516	0.937	1282.16	40816	22032.45	1204
SRX14524997	Blood	NA	Blood	NA	SRP364929	SRS12323384	0.984	0.803	6.989	0.855	0.513	0.947	1211.57	44895	20470.8	1463
SRX14524998	Blood	NA	Blood	NA	SRP364929	SRS12323383	0.983	0.820	10.820	0.816	0.600	0.955	1111.72	50626	10336.48	3427
SRX14524999	Blood	NA	Blood	NA	SRP364929	SRS12323388	0.981	0.817	5.375	0.849	0.501	0.929	1321.16	39732	26810.39	1163
SRX14525000	Blood	NA	Blood	NA	SRP364929	SRS12323387	0.981	0.808	9.306	0.800	0.517	0.954	1115.68	51368	17079.7	1948
SRX14525001	Blood	NA	Blood	NA	SRP364929	SRS12323386	0.984	0.825	7.772	0.808	0.437	0.946	1154.65	48051	17174.29	1995
SRX14525002	Blood	NA	Blood	NA	SRP364929	SRS12323385	0.984	0.804	9.960	0.854	0.626	0.952	1144.37	48046	17022.59	1809
SRX14525003	Blood	NA	Blood	NA	SRP364929	SRS12323390	0.983	0.815	7.341	0.851	0.493	0.946	1195.63	46796	19561.38	1681
SRX14525004	Blood	NA	Blood	NA	SRP364929	SRS12323391	0.982	0.813	5.431	0.849	0.510	0.921	1360.06	37699	24301.56	1182
SRX14525005	Blood	NA	Blood	NA	SRP364929	SRS12323389	0.984	0.798	11.629	0.852	0.601	0.956	1065.99	50829	18532.48	1817
SRX14525006	Blood	NA	Blood	NA	SRP364929	SRS12323393	0.980	0.820	6.191	0.849	0.523	0.930	1288.8	40184	17616.27	1571
SRX14525007	Blood	NA	Blood	NA	SRP364929	SRS12323392	0.984	0.813	10.664	0.825	0.580	0.954	1140.65	47079	19090.21	1771
SRX14525008	Blood	NA	Blood	NA	SRP364929	SRS12323395	0.983	0.808	6.688	0.837	0.518	0.943	1213.01	42953	22184.22	1135
SRX14525009	Blood	NA	Blood	NA	SRP364929	SRS12323394	0.986	0.819	10.171	0.849	0.686	0.954	1131.1	47920	11076.5	3352
SRX14525010	Blood	NA	Blood	NA	SRP364929	SRS12323396	0.983	0.820	6.365	0.861	0.523	0.942	1225.92	43292	27341.11	1257
SRX14525011	Blood	NA	Blood	NA	SRP364929	SRS12323397	0.984	0.827	12.601	0.820	0.624	0.957	1090.41	54690	12530.07	3129
SRX14525012	Blood	NA	Blood	NA	SRP364929	SRS12323398	0.984	0.806	10.533	0.828	0.632	0.955	1150.96	47767	11608.27	3145
SRX14525013	Blood	NA	Blood	NA	SRP364929	SRS12323399	0.983	0.817	6.801	0.841	0.705	0.943	1201.66	46559	18111.01	1756
SRX14525015	Blood	NA	Blood	NA	SRP364929	SRS12323400	0.981	0.807	15.587	0.798	0.418	0.960	1006.03	58569	10274.46	3411
SRX14525016	Blood	NA	Blood	NA	SRP364929	SRS12323402	0.983	0.807	6.518	0.834	0.342	0.941	1272.38	41512	25560.02	1173
SRX14525017	Blood	NA	Blood	NA	SRP364929	SRS12323403	0.984	0.825	9.269	0.823	0.589	0.950	1145.6	50421	17332.58	1908
SRX14525018	Blood	NA	Blood	NA	SRP364929	SRS12323405	0.984	0.821	6.371	0.843	0.329	0.939	1259.94	44333	18861.22	1771
SRX14525019	Blood	NA	Blood	NA	SRP364929	SRS12323404	0.981	0.815	5.846	0.836	0.376	0.934	1304.69	40875	26613.61	1217
SRX14525020	Blood	NA	Blood	NA	SRP364929	SRS12323406	0.983	0.814	11.084	0.839	0.629	0.957	1097.41	49797	10301.47	3445
SRX14525021	Blood	NA	Blood	NA	SRP364929	SRS12323408	0.984	0.812	10.914	0.849	0.669	0.957	1139.7	47878	9321.72	3498
SRX14525022	Blood	NA	Blood	NA	SRP364929	SRS12323407	0.984	0.819	12.253	0.851	0.676	0.958	1109.56	52179	12458.06	3583
SRX14525024	Blood	NA	Blood	NA	SRP364929	SRS12323410	0.984	0.814	10.072	0.797	0.632	0.954	1148.09	48291	9612.99	3317
SRX14525025	Blood	NA	Blood	NA	SRP364929	SRS12323411	0.984	0.816	9.046	0.825	0.685	0.950	1182.93	47037	19023.93	1728
SRX14525026	Blood	NA	Blood	NA	SRP364929	SRS12323412	0.985	0.819	9.753	0.839	0.577	0.955	1135.6	51066	19679.14	2008
SRX14525027	Blood	NA	Blood	NA	SRP364929	SRS12323413	0.984	0.812	11.342	0.852	0.639	0.955	1091.77	50176	18732.21	1654
SRX14525028	Blood	NA	Blood	NA	SRP364929	SRS12323415	0.983	0.807	7.284	0.845	0.507	0.948	1185.65	46567	19853.89	1721
SRX14525029	Blood	NA	Blood	NA	SRP364929	SRS12323414	0.984	0.815	14.771	0.811	0.628	0.960	1049.23	56319	11253.21	3526
SRX14525030	Blood	NA	Blood	NA	SRP364929	SRS12323416	0.983	0.821	10.428	0.814	0.651	0.953	1139.99	52138	10312.01	3535
SRX14525031	Blood	NA	Blood	NA	SRP364929	SRS12323420	0.985	0.814	8.918	0.843	0.635	0.951	1176.19	48981	21386.3	1903
SRX14525032	Blood	NA	Blood	NA	SRP364929	SRS12323419	0.984	0.809	10.188	0.829	0.644	0.954	1152.63	49878	10794.15	3080
SRX14525033	Blood	NA	Blood	NA	SRP364929	SRS12323417	0.985	0.814	11.370	0.864	0.683	0.954	1047.52	59352	11662.75	3308
SRX14525034	Blood	NA	Blood	NA	SRP364929	SRS12323418	0.985	0.812	16.937	0.847	0.656	0.963	989.71	63676	12183.87	3419
SRX14525035	Blood	NA	Blood	NA	SRP364929	SRS12323421	0.984	0.813	8.776	0.837	0.688	0.951	1162.5	49117	19972.53	1886
SRX14525036	Blood	NA	Blood	NA	SRP364929	SRS12323423	0.982	0.823	5.657	0.835	0.392	0.926	1326.04	40335	25813.2	1224
SRX14525037	Blood	NA	Blood	NA	SRP364929	SRS12323422	0.984	0.824	6.370	0.849	0.753	0.939	1239.62	44956	29218.22	1118
SRX14525038	Blood	NA	Blood	NA	SRP364929	SRS12323424	0.983	0.807	10.474	0.844	0.642	0.955	1084.83	52110	17700.31	1867
SRX14525039	Blood	NA	Blood	NA	SRP364929	SRS12323425	0.982	0.804	8.069	0.855	0.670	0.947	1124.63	47909	21787.96	1257
SRX14525040	Blood	NA	Blood	NA	SRP364929	SRS12323426	0.983	0.818	6.760	0.854	0.425	0.944	1221.35	43643	19852.71	1822
SRX14525041	Blood	NA	Blood	NA	SRP364929	SRS12323427	0.979	0.822	5.736	0.833	0.383	0.931	1307.33	39088	25593.47	1105
SRX14525042	Blood	NA	Blood	NA	SRP364929	SRS12323428	0.984	0.814	7.577	0.842	0.739	0.947	1231.12	44231	20566.23	1801
SRX14525043	Blood	NA	Blood	NA	SRP364929	SRS12323429	0.982	0.805	9.585	0.808	0.618	0.956	1143.75	46959	16242.31	1831
SRX14525044	Blood	NA	Blood	NA	SRP364929	SRS12323430	0.984	0.823	9.600	0.849	0.739	0.953	1140.71	49225	18573.58	2079
SRX14525046	Blood	NA	Blood	NA	SRP364929	SRS12323431	0.984	0.818	3.493	0.758	0.632	0.886	1445.09	35046	31193.71	850
SRX14525047	Blood	NA	Blood	NA	SRP364929	SRS12323432	0.982	0.812	6.762	0.799	0.679	0.942	1268.94	41143	19257.12	1411
SRX14525048	Blood	NA	Blood	NA	SRP364929	SRS12323434	0.983	0.822	3.551	0.767	0.717	0.892	1442.63	34832	25638.16	1005
SRX14525049	Blood	NA	Blood	NA	SRP364929	SRS12323435	0.982	0.805	5.757	0.833	0.395	0.931	1336.64	38409	22110.83	1127
SRX14525050	Blood	NA	Blood	NA	SRP364929	SRS12323436	0.985	0.818	9.517	0.855	0.711	0.954	1157.26	46092	17769.79	1744
SRX14525051	Blood	NA	Blood	NA	SRP364929	SRS12323437	0.980	0.804	5.378	0.836	0.379	0.930	1352.95	38515	25119.64	1127
SRX14525052	Blood	NA	Blood	NA	SRP364929	SRS12323438	0.983	0.813	5.656	0.837	0.381	0.935	1299.01	43008	27704.8	1320
SRX14525053	Blood	NA	Blood	NA	SRP364929	SRS12323439	0.981	0.808	5.554	0.828	0.398	0.927	1344.22	38735	25870.38	1194
SRX14525054	Blood	NA	Blood	NA	SRP364929	SRS12323443	0.983	0.819	7.231	0.831	0.722	0.944	1202.59	47703	18037.1	1926
SRX14525055	Blood	NA	Blood	NA	SRP364929	SRS12323440	0.984	0.814	9.616	0.786	0.687	0.954	1156.87	48041	19950.69	1769
SRX14525056	Blood	NA	Blood	NA	SRP364929	SRS12323441	0.983	0.816	14.104	0.813	0.639	0.960	1049.63	58637	10958.92	3477
SRX14525058	Blood	NA	Blood	NA	SRP364929	SRS12323444	0.975	0.812	11.554	0.795	0.562	0.957	1123.56	53419	11429.22	3362
SRX14525059	Blood	NA	Blood	NA	SRP364929	SRS12323445	0.982	0.811	5.973	0.830	0.368	0.932	1330.1	38443	22084.89	1169
SRX14525060	Blood	NA	Blood	NA	SRP364929	SRS12323446	0.984	0.809	5.806	0.843	0.490	0.931	1315.97	41370	30947.85	1091
SRX14525061	Blood	NA	Blood	NA	SRP364929	SRS12323448	0.986	0.832	8.779	0.797	0.403	0.948	1171.76	47570	17352.95	1823
SRX14525062	Blood	NA	Blood	NA	SRP364929	SRS12323447	0.985	0.823	10.684	0.853	0.679	0.955	1101.39	49990	18756.66	1822
SRX1473621	Naive human ESCs	Naive human embryonic stem cells	NA	Nave human embryonic stem cells	SRP085035	SRS1199595	0.993	0.345	24.138	0.852	0.749	0.943	8431.64	72217	151199.4	5347
SRX1473622	Naive human ESCs	Naive human embryonic stem cells	NA	Nave human embryonic stem cells	SRP085035	SRS1199594	0.994	0.298	24.022	0.826	0.749	0.941	9964.02	71996	143391.95	5955
SRX1473623	Naive human ESCs	Naive human embryonic stem cells	NA	Nave human embryonic stem cells	SRP085035	SRS1199592	0.993	0.310	10.031	0.855	0.944	0.936	12419.03	55233	159138.63	5200
SRX1473624	Naive human ESCs	Naive human embryonic stem cells	NA	Nave human embryonic stem cells	SRP085035	SRS1199593	0.992	0.354	11.550	0.843	0.912	0.941	6341.71	60177	115153.42	5127
SRX1473625	Naive human ESCs	Naive human embryonic stem cells	NA	Nave human embryonic stem cells	SRP085035	SRS1199591	0.994	0.365	24.100	0.871	0.772	0.939	10747.03	65484	185700.68	5000
SRX1473626	Naive human ESCs	Naive human embryonic stem cells	NA	Nave human embryonic stem cells	SRP085035	SRS1199590	0.994	0.317	24.654	0.867	0.808	0.941	12024.63	68732	150133.58	6513
SRX1473627	ESC	Primed human embryonic stem cells	NA	Primed human embryonic stem cells	SRP085035	SRS1199589	0.992	0.868	25.579	0.867	0.716	0.942	1411.06	50564	47247.29	3724
SRX1473628	ESC	Primed human embryonic stem cells	NA	Primed human embryonic stem cells	SRP085035	SRS1199588	0.993	0.849	24.154	0.832	0.731	0.940	1734.08	58068	65706.84	3246
SRX1473629	ESC	Primed human embryonic stem cells	NA	Primed human embryonic stem cells	SRP085035	SRS1199587	0.990	0.808	9.587	0.859	0.942	0.936	1282.92	36821	45354.75	3662
SRX1473630	ESC	Primed human embryonic stem cells	NA	Primed human embryonic stem cells	SRP085035	SRS1199586	0.991	0.816	10.051	0.842	0.949	0.937	1464.48	41704	114050.7	2563
SRX14766178	Primary Culture	Primary Culture	NA	normal choroidal melanocytes Donor #9	SRP367891	SRS12526437	0.998	0.680	24.724	0.736	0.631	0.953	5422.08	67985	364684.76	2623
SRX14766179	UM sorted	UM sorted cells	NA	PDX of uveal melanoma	SRP367891	SRS12526438	0.998	0.573	21.897	0.738	0.482	0.950	3430.48	78720	48675.77	5420
SRX14766180	UM sorted	UM sorted cells	NA	PDX of uveal melanoma	SRP367891	SRS12526439	0.998	0.518	20.706	0.794	0.522	0.949	7676.73	85498	148291.57	5130
SRX14788273	Bronchial	Human Bronchial cells	NA	HBEC3-KT	SRP368308	SRS12547164	0.982	0.586	34.011	0.838	0.787	0.966	6792.38	101964	334700.1	3248
SRX14788274	Bronchial	Human Bronchial cells	NA	HBEC3-KT	SRP368308	SRS12547166	0.981	0.571	47.303	0.832	0.790	0.969	4083.97	154201	301041.85	3475
SRX14788275	Bronchial	Human Bronchial cells	NA	HBEC3-KT	SRP368308	SRS12547165	0.985	0.565	29.108	0.902	0.382	0.962	6349.49	103652	353695.81	3091
SRX14788276	Bronchial	Human Bronchial cells	NA	HBEC3-KT	SRP368308	SRS12547167	0.985	0.573	17.289	0.898	0.310	0.957	8036.52	82913	350281.84	3093
SRX14896258	Retina	Epithelial Cells	retina	retina	SRP323101	SRS12649256	0.991	0.566	4.724	0.837	0.426	0.856	13690.16	36420	421419.14	1752
SRX14896261	Blood	lymphocyte cells	peripheral blood	peripheral blood	SRP323101	SRS12649259	0.972	0.506	2.657	0.758	0.329	0.706	4585.48	17531	2018545.91	514
SRX14896262	Blood	lymphocyte cells	peripheral blood	peripheral blood	SRP323101	SRS12649260	0.975	0.487	3.096	0.808	0.402	0.761	7762.01	17891	1852422.08	579
SRX14896263	Blood	lymphocyte cells	peripheral blood	peripheral blood	SRP323101	SRS12649261	0.958	0.537	2.747	0.763	0.276	0.705	3940.28	18131	2080492.69	453
SRX14896264	Blood	lymphocyte cells	peripheral blood	peripheral blood	SRP323101	SRS12649262	0.974	0.518	4.320	0.831	0.543	0.869	11762.96	26431	1446135.42	788
SRX1502196	LNCaP clone FGC (ATCC CRL-1740). Androgen-sensitive human prostate adenocarcinoma	LNCaP clone FGC (ATCC CRL-1740). Androgen-sensitive human prostate adenocarcinoma cells	NA	Human cell line	SRP067779	SRS1223474	0.954	0.508	7.753	0.823	0.978	0.946	16610.38	45628	198570.27	4162
SRX1502197	Primary prostate epithelial cells. Cambrex Bio Science Cat. No. CC-2555	Primary prostate epithelial cells. Cambrex Bio Science Cat. No. CC-2555	NA	Human cell line	SRP067779	SRS1223473	0.953	0.699	7.425	0.829	0.970	0.946	2211.63	40922	525076.6	1597
SRX1502198	LNCaP clone FGC (ATCC CRL-1740). Androgen-sensitive human prostate adenocarcinoma	LNCaP clone FGC (ATCC CRL-1740). Androgen-sensitive human prostate adenocarcinoma cells	NA	Human cell line	SRP067779	SRS1223472	0.911	0.576	2.415	0.845	0.948	0.757	10835.13	24323	629102.91	1226
SRX1502199	LNCaP clone FGC (ATCC CRL-1740). Androgen-sensitive human prostate adenocarcinoma	LNCaP clone FGC (ATCC CRL-1740). Androgen-sensitive human prostate adenocarcinoma cells	NA	Human cell line	SRP067779	SRS1223471	0.911	0.574	2.380	0.845	0.949	0.754	10908.04	23612	640799.74	1201
SRX1502200	LNCaP clone FGC (ATCC CRL-1740). Androgen-sensitive human prostate adenocarcinoma	LNCaP clone FGC (ATCC CRL-1740). Androgen-sensitive human prostate adenocarcinoma cells	NA	Human cell line	SRP067779	SRS1223470	0.915	0.572	2.213	0.857	0.934	0.749	11053.38	22850	643456.72	1195
SRX1502201	LNCaP clone FGC (ATCC CRL-1740). Androgen-sensitive human prostate adenocarcinoma	LNCaP clone FGC (ATCC CRL-1740). Androgen-sensitive human prostate adenocarcinoma cells	NA	Human cell line	SRP067779	SRS1223469	0.915	0.572	2.192	0.856	0.935	0.747	10906.5	23468	650621.25	1174
SRX1502202	LNCaP clone FGC (ATCC CRL-1740). Androgen-sensitive human prostate adenocarcinoma	LNCaP clone FGC (ATCC CRL-1740). Androgen-sensitive human prostate adenocarcinoma cells	NA	Human cell line	SRP067779	SRS1223468	0.906	0.577	2.241	0.853	0.931	0.743	10422.59	24323	633940.75	1207
SRX1502203	LNCaP clone FGC (ATCC CRL-1740). Androgen-sensitive human prostate adenocarcinoma	LNCaP clone FGC (ATCC CRL-1740). Androgen-sensitive human prostate adenocarcinoma cells	NA	Human cell line	SRP067779	SRS1223467	0.906	0.577	2.225	0.853	0.932	0.741	10444.66	23583	625246.7	1221
SRX1502204	LNCaP clone FGC (ATCC CRL-1740). Androgen-sensitive human prostate adenocarcinoma	LNCaP clone FGC (ATCC CRL-1740). Androgen-sensitive human prostate adenocarcinoma cells	NA	Human cell line	SRP067779	SRS1223466	0.907	0.574	1.837	0.854	0.947	0.706	9931.24	22408	714711.45	1065
SRX1502205	LNCaP clone FGC (ATCC CRL-1740). Androgen-sensitive human prostate adenocarcinoma	LNCaP clone FGC (ATCC CRL-1740). Androgen-sensitive human prostate adenocarcinoma cells	NA	Human cell line	SRP067779	SRS1223465	0.907	0.574	1.824	0.854	0.947	0.704	9814.05	23034	722391.27	1047
SRX15160160	Ovarian Cancer Tumors	NA	ovarian cancer tumors	ovarian cancer tumors	SRP373708	SRS12902539	0.973	0.781	12.876	0.864	0.753	0.932	3226.86	72612	120153.86	2129
SRX15160161	Ovarian Cancer Tumors	NA	ovarian cancer tumors	ovarian cancer tumors	SRP373708	SRS12902540	0.976	0.698	13.456	0.888	0.724	0.933	6699.42	68396	228575.25	3157
SRX15160162	Ovarian Cancer Tumors	NA	ovarian cancer tumors	ovarian cancer tumors	SRP373708	SRS12902541	0.977	0.741	12.560	0.885	0.776	0.923	4689.39	60237	201072.65	2709
SRX15160163	Ovarian Cancer Tumors	NA	ovarian cancer tumors	ovarian cancer tumors	SRP373708	SRS12902542	0.985	0.636	14.153	0.855	0.588	0.947	8063.48	76281	315564.72	2758
SRX15160164	Ovarian Cancer Tumors	NA	ovarian cancer tumors	ovarian cancer tumors	SRP373708	SRS12902543	0.975	0.632	6.577	0.805	0.267	0.912	11464.19	66703	468030.75	1897
SRX15160165	Ovarian Cancer Tumors	NA	ovarian cancer tumors	ovarian cancer tumors	SRP373708	SRS12902544	0.978	0.678	8.762	0.825	0.481	0.942	5484.83	52627	563513.76	1433
SRX15160166	Ovarian Cancer Tumors	NA	ovarian cancer tumors	ovarian cancer tumors	SRP373708	SRS12902545	0.976	0.576	5.277	0.782	0.196	0.884	15213.06	51280	412557.54	2404
SRX15160167	Ovarian Cancer Tumors	NA	ovarian cancer tumors	ovarian cancer tumors	SRP373708	SRS12902546	0.984	0.748	18.648	0.807	0.695	0.952	1809.08	84753	57644.25	4205
SRX15160168	Ovarian Cancer Tumors	NA	ovarian cancer tumors	ovarian cancer tumors	SRP373708	SRS12902547	0.971	0.730	11.734	0.856	0.418	0.942	4616.49	75971	274564.34	2335
SRX15160169	Ovarian Cancer Tumors	NA	ovarian cancer tumors	ovarian cancer tumors	SRP373708	SRS12902548	0.984	0.743	10.409	0.843	0.264	0.948	5119.15	67225	326951.04	1998
SRX15160170	Ovarian Cancer Tumors	NA	ovarian cancer tumors	ovarian cancer tumors	SRP373708	SRS12902549	0.985	0.612	9.827	0.850	0.335	0.936	10864.09	69115	423287.32	2191
SRX15160171	Ovarian Cancer Tumors	NA	ovarian cancer tumors	ovarian cancer tumors	SRP373708	SRS12902550	0.985	0.640	21.688	0.794	0.761	0.959	8017.55	97161	304027.34	2832
SRX15160172	Ovarian Cancer Tumors	NA	ovarian cancer tumors	ovarian cancer tumors	SRP373708	SRS12902551	0.985	0.800	18.488	0.780	0.627	0.956	1324.62	57565	29246.38	3690
SRX15160173	Ovarian Cancer Tumors	NA	ovarian cancer tumors	ovarian cancer tumors	SRP373708	SRS12902552	0.985	0.796	20.370	0.787	0.748	0.955	2120.97	105875	133232.82	2920
SRX15160174	Ovarian Cancer Tumors	NA	ovarian cancer tumors	ovarian cancer tumors	SRP373708	SRS12902553	0.985	0.818	18.663	0.757	0.719	0.953	1732.28	62878	64711.33	3024
SRX15160175	Ovarian Cancer Tumors	NA	ovarian cancer tumors	ovarian cancer tumors	SRP373708	SRS12902554	0.985	0.677	18.619	0.760	0.723	0.956	8085.35	71708	287315.42	2887
SRX15160176	Ovarian Cancer Tumors	NA	ovarian cancer tumors	ovarian cancer tumors	SRP373708	SRS12902555	0.984	0.628	15.321	0.727	0.584	0.949	6710.81	72523	279767.97	3056
SRX15160177	Ovarian Cancer Tumors	NA	ovarian cancer tumors	ovarian cancer tumors	SRP373708	SRS12902556	0.986	0.808	18.878	0.765	0.752	0.952	1314.25	72592	23407.69	4700
SRX15160178	Ovarian Cancer Tumors	NA	ovarian cancer tumors	ovarian cancer tumors	SRP373708	SRS12902557	0.983	0.788	17.627	0.746	0.694	0.954	3475.15	92963	201245.32	2022
SRX15160179	Ovarian Cancer Tumors	NA	ovarian cancer tumors	ovarian cancer tumors	SRP373708	SRS12902558	0.984	0.712	17.498	0.800	0.618	0.956	3565.54	67072	168410.89	2548
SRX15160180	Ovarian Cancer Tumors	NA	ovarian cancer tumors	ovarian cancer tumors	SRP373708	SRS12902559	0.984	0.739	15.890	0.795	0.498	0.955	1467.39	58635	176193.34	2770
SRX15160181	Ovarian Cancer Tumors	NA	ovarian cancer tumors	ovarian cancer tumors	SRP373708	SRS12902560	0.984	0.654	17.266	0.787	0.560	0.956	9592.85	62815	742005.14	1776
SRX15160182	Ovarian Cancer Tumors	NA	ovarian cancer tumors	ovarian cancer tumors	SRP373708	SRS12902561	0.987	0.812	21.717	0.810	0.753	0.958	2311.47	79755	125387.0	2933
SRX15160183	Ovarian Cancer Tumors	NA	ovarian cancer tumors	ovarian cancer tumors	SRP373708	SRS12902562	0.983	0.690	12.734	0.821	0.574	0.952	5131.78	75287	187757.53	2935
SRX15160184	Ovarian Cancer Tumors	NA	ovarian cancer tumors	ovarian cancer tumors	SRP373708	SRS12902563	0.982	0.736	12.421	0.820	0.504	0.951	3519.74	74683	122910.96	3184
SRX15160185	Ovarian Cancer Tumors	NA	ovarian cancer tumors	ovarian cancer tumors	SRP373708	SRS12902564	0.983	0.722	12.585	0.826	0.555	0.953	3047.32	59461	641976.21	1609
SRX15160186	Ovarian Cancer Tumors	NA	ovarian cancer tumors	ovarian cancer tumors	SRP373708	SRS12902565	0.983	0.734	11.980	0.833	0.538	0.949	2893.87	58376	563127.43	1739
SRX15160187	Ovarian Cancer Tumors	NA	ovarian cancer tumors	ovarian cancer tumors	SRP373708	SRS12902566	0.983	0.705	11.447	0.807	0.533	0.944	6610.4	69634	525183.68	1876
SRX15160188	Ovarian Cancer Tumors	NA	ovarian cancer tumors	ovarian cancer tumors	SRP373708	SRS12902567	0.983	0.726	12.947	0.815	0.624	0.954	2609.49	52820	811014.08	1375
SRX15160189	Ovarian Cancer Tumors	NA	ovarian cancer tumors	ovarian cancer tumors	SRP373708	SRS12902568	0.980	0.731	12.835	0.833	0.545	0.950	3565.03	94601	171415.42	3020
SRX15160190	Ovarian Cancer Tumors	NA	ovarian cancer tumors	ovarian cancer tumors	SRP373708	SRS12902569	0.983	0.730	14.687	0.847	0.663	0.954	3606.56	99162	191841.22	2930
SRX15160191	Ovarian Cancer Tumors	NA	ovarian cancer tumors	ovarian cancer tumors	SRP373708	SRS12902570	0.981	0.644	13.335	0.836	0.660	0.952	8606.42	78002	229262.64	3411
SRX15160192	Ovarian Cancer Tumors	NA	ovarian cancer tumors	ovarian cancer tumors	SRP373708	SRS12902571	0.979	0.683	10.189	0.820	0.379	0.945	10022.61	65008	348005.16	2554
SRX15160193	Ovarian Cancer Tumors	NA	ovarian cancer tumors	ovarian cancer tumors	SRP373708	SRS12902572	0.983	0.679	13.692	0.816	0.674	0.953	8344.39	70388	221780.3	3320
SRX15160194	Ovarian Cancer Tumors	NA	ovarian cancer tumors	ovarian cancer tumors	SRP373708	SRS12902573	0.947	0.592	5.262	0.796	0.174	0.896	10524.15	51231	350859.6	2140
SRX15160195	Ovarian Cancer Tumors	NA	ovarian cancer tumors	ovarian cancer tumors	SRP373708	SRS12902574	0.979	0.593	7.812	0.812	0.420	0.929	13116.5	63089	377675.96	2508
SRX15160196	Ovarian Cancer Tumors	NA	ovarian cancer tumors	ovarian cancer tumors	SRP373708	SRS12902575	0.979	0.550	5.817	0.766	0.372	0.858	15207.0	52785	421209.92	2304
SRX15160197	Ovarian Cancer Tumors	NA	ovarian cancer tumors	ovarian cancer tumors	SRP373708	SRS12902576	0.980	0.620	8.515	0.806	0.572	0.931	12388.67	58534	378743.98	2319
SRX15160198	Ovarian Cancer Tumors	NA	ovarian cancer tumors	ovarian cancer tumors	SRP373708	SRS12902577	0.983	0.670	12.231	0.825	0.495	0.949	6636.95	89688	224221.18	3257
SRX15160199	Ovarian Cancer Tumors	NA	ovarian cancer tumors	ovarian cancer tumors	SRP373708	SRS12902578	0.985	0.761	13.307	0.864	0.554	0.947	1334.71	40114	113522.8	2553
SRX15160200	Ovarian Cancer Tumors	NA	ovarian cancer tumors	ovarian cancer tumors	SRP373708	SRS12902579	0.984	0.739	13.139	0.863	0.513	0.946	4820.98	72260	243768.79	2438
SRX15160201	Ovarian Cancer Tumors	NA	ovarian cancer tumors	ovarian cancer tumors	SRP373708	SRS12902580	0.985	0.624	14.012	0.866	0.576	0.949	10394.29	70820	235540.14	3610
SRX15160202	Ovarian Cancer Tumors	NA	ovarian cancer tumors	ovarian cancer tumors	SRP373708	SRS12902581	0.985	0.709	14.826	0.854	0.678	0.950	6768.41	70951	340484.77	2328
SRX15160203	Ovarian Cancer Tumors	NA	ovarian cancer tumors	ovarian cancer tumors	SRP373708	SRS12902582	0.985	0.685	19.209	0.799	0.625	0.954	5518.21	94932	198529.69	3321
SRX15160204	Ovarian Cancer Tumors	NA	ovarian cancer tumors	ovarian cancer tumors	SRP373708	SRS12902583	0.984	0.580	20.606	0.824	0.674	0.958	10323.55	79709	233389.24	4090
SRX15160205	Ovarian Cancer Tumors	NA	ovarian cancer tumors	ovarian cancer tumors	SRP373708	SRS12902584	0.985	0.601	17.997	0.809	0.554	0.956	14221.4	61452	450580.09	3087
SRX15160206	Ovarian Cancer Tumors	NA	ovarian cancer tumors	ovarian cancer tumors	SRP373708	SRS12902585	0.983	0.679	18.383	0.787	0.717	0.958	8454.26	76876	270853.53	3012
SRX15160207	Ovarian Cancer Tumors	NA	ovarian cancer tumors	ovarian cancer tumors	SRP373708	SRS12902586	0.984	0.753	17.440	0.778	0.632	0.958	1318.26	45997	51044.53	2634
SRX15160208	Ovarian Cancer Tumors	NA	ovarian cancer tumors	ovarian cancer tumors	SRP373708	SRS12902587	0.985	0.729	18.454	0.774	0.685	0.955	5889.65	74683	217530.45	2705
SRX15160209	Ovarian Cancer Tumors	NA	ovarian cancer tumors	ovarian cancer tumors	SRP373708	SRS12902588	0.983	0.655	17.218	0.794	0.620	0.953	7135.15	87640	250485.59	3157
SRX15160210	Ovarian Cancer Tumors	NA	ovarian cancer tumors	ovarian cancer tumors	SRP373708	SRS12902589	0.984	0.797	14.758	0.777	0.466	0.954	1210.32	40284	11325.38	2892
SRX15160211	Ovarian Cancer Tumors	NA	ovarian cancer tumors	ovarian cancer tumors	SRP373708	SRS12902590	0.985	0.564	19.035	0.793	0.696	0.957	4876.08	59142	185132.34	3054
SRX15160212	Ovarian Cancer Tumors	NA	ovarian cancer tumors	ovarian cancer tumors	SRP373708	SRS12902591	0.979	0.776	15.559	0.765	0.402	0.952	1239.39	41117	18452.74	2259
SRX15160213	Ovarian Cancer Tumors	NA	ovarian cancer tumors	ovarian cancer tumors	SRP373708	SRS12902592	0.984	0.741	16.290	0.760	0.623	0.956	2306.86	53941	182546.79	2010
SRX15160214	Ovarian Cancer Tumors	NA	ovarian cancer tumors	ovarian cancer tumors	SRP373708	SRS12902593	0.985	0.704	17.803	0.764	0.692	0.955	4497.83	73178	285910.57	2493
SRX15160215	Ovarian Cancer Tumors	NA	ovarian cancer tumors	ovarian cancer tumors	SRP373708	SRS12902594	0.983	0.763	13.417	0.752	0.424	0.945	1300.21	61201	14686.32	2292
SRX15160216	Ovarian Cancer Tumors	NA	ovarian cancer tumors	ovarian cancer tumors	SRP373708	SRS12902595	0.984	0.776	15.961	0.739	0.557	0.949	2185.01	66811	343219.8	2207
SRX15160217	Ovarian Cancer Tumors	NA	ovarian cancer tumors	ovarian cancer tumors	SRP373708	SRS12902596	0.985	0.717	18.301	0.758	0.644	0.956	1282.91	37219	27715.7	2985
SRX15160218	Ovarian Cancer Tumors	NA	ovarian cancer tumors	ovarian cancer tumors	SRP373708	SRS12902597	0.984	0.659	17.215	0.755	0.619	0.953	7444.06	71804	234501.52	3100
SRX15160219	Ovarian Cancer Tumors	NA	ovarian cancer tumors	ovarian cancer tumors	SRP373708	SRS12902598	0.984	0.721	16.644	0.738	0.545	0.953	3656.21	83352	93541.29	4058
SRX15160220	Ovarian Cancer Tumors	NA	ovarian cancer tumors	ovarian cancer tumors	SRP373708	SRS12902599	0.986	0.723	17.611	0.760	0.680	0.951	6005.11	74173	359575.64	2335
SRX15160221	Ovarian Cancer Tumors	NA	ovarian cancer tumors	ovarian cancer tumors	SRP373708	SRS12902600	0.985	0.696	19.444	0.781	0.763	0.957	2902.05	88521	125248.13	3172
SRX15184759	IMR90	NA	NA	IMR-90 nuclei treated with GCMT	SRP373924	SRS12924202	0.970	0.575	18.714	0.536	0.489	0.969	15040.3	55109	478565.84	2817
SRX15265803	SRS12996594	NA	NA	NA	SRP375137	SRS12996594	0.984	0.652	13.044	0.871	0.767	0.957	8945.51	79771	365884.81	2539
SRX15265804	SRS12996596	NA	NA	NA	SRP375137	SRS12996596	0.984	0.650	13.415	0.870	0.778	0.958	8954.86	79599	357997.2	2596
SRX15265805	SRS12996595	NA	NA	NA	SRP375137	SRS12996595	0.984	0.657	12.145	0.874	0.789	0.956	8936.66	78301	353537.24	2591
SRX15265806	SRS12996597	NA	NA	NA	SRP375137	SRS12996597	0.984	0.656	13.226	0.873	0.758	0.957	8800.56	79652	354390.58	2590
SRX15265807	SRS12996598	NA	NA	NA	SRP375137	SRS12996598	0.984	0.605	12.694	0.871	0.782	0.956	8324.97	87607	326163.18	2781
SRX15265808	SRS12996599	NA	NA	NA	SRP375137	SRS12996599	0.984	0.607	12.221	0.872	0.795	0.955	8514.59	85603	329428.67	2745
SRX15265809	SRS12996600	NA	NA	NA	SRP375137	SRS12996600	0.984	0.611	10.655	0.877	0.783	0.953	8921.02	80620	453945.01	2002
SRX15265810	SRS12996602	NA	NA	NA	SRP375137	SRS12996602	0.984	0.610	11.591	0.879	0.797	0.954	8598.81	83506	334436.31	2684
SRX15265811	SRS12996601	NA	NA	NA	SRP375137	SRS12996601	0.982	0.652	9.327	0.873	0.786	0.952	9779.43	72103	486357.4	1926
SRX15265812	SRS12996603	NA	NA	NA	SRP375137	SRS12996603	0.982	0.650	10.271	0.872	0.795	0.954	9548.55	74071	475696.74	1978
SRX15265813	SRS12996605	NA	NA	NA	SRP375137	SRS12996605	0.983	0.657	9.679	0.876	0.805	0.952	9563.6	72754	474560.47	1954
SRX15265814	SRS12996604	NA	NA	NA	SRP375137	SRS12996604	0.983	0.657	14.378	0.875	0.770	0.958	8623.11	81676	348618.45	2651
SRX15265815	SRS12996606	NA	NA	NA	SRP375137	SRS12996606	0.983	0.606	10.233	0.873	0.798	0.952	9222.9	78855	455019.86	2011
SRX15265816	SRS12996607	NA	NA	NA	SRP375137	SRS12996607	0.983	0.607	9.869	0.873	0.809	0.951	9427.06	77021	448641.99	2039
SRX15265817	SRS12996608	NA	NA	NA	SRP375137	SRS12996608	0.982	0.611	9.111	0.879	0.796	0.950	9679.37	74091	453480.69	1998
SRX15265818	SRS12996609	NA	NA	NA	SRP375137	SRS12996609	0.982	0.611	9.138	0.880	0.811	0.950	9646.18	74455	446457.0	2037
SRX15329290	Ileum	NA	Ileum	NA	SRP330251	SRS13057690	0.974	0.671	11.027	0.845	0.697	0.961	1556.97	44800	96459.59	3931
SRX15329291	Ileum	NA	Ileum	NA	SRP330251	SRS13057691	0.962	0.667	14.876	0.845	0.688	0.963	1534.33	50712	133224.95	4694
SRX15329292	Ileum	NA	Ileum	NA	SRP330251	SRS13057692	0.986	0.666	14.637	0.845	0.673	0.963	1523.65	51913	168835.36	4095
SRX15329293	Ileum	NA	Ileum	NA	SRP330251	SRS13057693	0.996	0.677	11.544	0.849	0.728	0.960	1435.57	53535	26670.57	3547
SRX15329294	Ileum	NA	Ileum	NA	SRP330251	SRS13057694	0.992	0.677	16.705	0.857	0.678	0.963	1454.08	60326	28342.54	3875
SRX15329295	Ileum	NA	Ileum	NA	SRP330251	SRS13057695	0.990	0.671	13.954	0.855	0.685	0.962	1450.79	58032	45065.84	5805
SRX1534779	Primed SSEA4+ UCLA1 hESCs	NA	NA	Primed SSEA4+ UCLA1 hESCs	SRP068579	SRS1251711	0.986	0.718	4.003	0.815	0.744	0.904	1401.24	27239	20530.88	1018
SRX1534780	Primed SSEA4+ UCLA1 hESCs	NA	NA	Primed SSEA4+ UCLA1 hESCs	SRP068579	SRS1251710	0.988	0.739	5.158	0.825	0.845	0.919	1318.76	28933	17536.86	1297
SRX1534781	Primed SSEA4+ UCLA1 hESCs	NA	NA	Primed SSEA4+ UCLA1 hESCs	SRP068579	SRS1251709	0.983	0.716	4.440	0.818	0.820	0.910	1383.2	26938	19614.59	948
SRX1534782	5iLAF SSEA4-subpopulation UCLA1 hESCs	NA	NA	5iLAF SSEA4-subpopulation UCLA1 hESCs	SRP068579	SRS1251708	0.994	0.271	4.148	0.816	0.819	0.908	0.0	0	2362825.91	23
SRX1534783	5iLAF SSEA4-subpopulation UCLA1 hESCs	NA	NA	5iLAF SSEA4-subpopulation UCLA1 hESCs	SRP068579	SRS1251707	0.994	0.279	4.999	0.811	0.865	0.918	41991.98	2607	2035533.18	17
SRX1534784	5iLAF SSEA4-subpopulation UCLA1 hESCs	NA	NA	5iLAF SSEA4-subpopulation UCLA1 hESCs	SRP068579	SRS1251706	0.994	0.323	4.679	0.811	0.858	0.915	19911.42	11091	1987695.69	13
SRX1534785	5iLAF SSEA4+ subpopulation UCLA1 hESCs	NA	NA	5iLAF SSEA4+ subpopulation UCLA1 hESCs	SRP068579	SRS1251705	0.992	0.551	4.575	0.815	0.918	0.916	9326.34	44210	426092.8	1916
SRX1534786	5iLAF SSEA4+ subpopulation UCLA1 hESCs	NA	NA	5iLAF SSEA4+ subpopulation UCLA1 hESCs	SRP068579	SRS1251704	0.992	0.572	5.031	0.802	0.894	0.920	9262.02	45979	391824.83	2121
SRX1534787	5iLAF SSEA4-subpopulation UCLA20n hESCs	NA	NA	5iLAF SSEA4-subpopulation UCLA20n hESCs	SRP068579	SRS1251703	0.988	0.307	3.876	0.781	0.890	0.902	124053.49	84	399244.01	2241
SRX1534788	5iLAF SSEA4-subpopulation UCLA20n hESCs	NA	NA	5iLAF SSEA4-subpopulation UCLA20n hESCs	SRP068579	SRS1251702	0.987	0.350	4.820	0.783	0.894	0.917	21393.23	21815	347004.67	2616
SRX1534790	5iLAF SSEA4 negative UCLA1 EpiLC day 0	NA	NA	5iLAF SSEA4 negative UCLA1 EpiLC day 0	SRP068579	SRS1251700	0.992	0.313	1.435	0.746	0.975	0.710	1281865.0	1	13445954.0	2
SRX1534791	5iLAF SSEA4 negative UCLA1 EpiLC day 16	NA	NA	5iLAF SSEA4 negative UCLA1 EpiLC day 16	SRP068579	SRS1251699	0.990	0.659	1.417	0.792	0.976	0.707	2675.99	23477	142900.54	581
SRX1534792	5iLAF SSEA4 negative UCLA1 EpiLC day 16	NA	NA	5iLAF SSEA4 negative UCLA1 EpiLC day 16	SRP068579	SRS1251698	0.988	0.677	1.387	0.775	0.976	0.701	2488.07	22992	151419.62	391
SRX1534794	Primed UCLA1 EpiLC day 0	NA	NA	Primed UCLA1 EpiLC day 0	SRP068579	SRS1251696	0.985	0.751	1.405	0.746	0.976	0.704	1760.13	22751	52352.94	375
SRX1534795	Primed UCLA1 EpiLC day 16	NA	NA	Primed UCLA1 EpiLC day 16	SRP068579	SRS1251695	0.990	0.769	1.435	0.816	0.975	0.711	1638.93	24669	68042.13	459
SRX1534796	Primed UCLA1 EpiLC day 16	NA	NA	Primed UCLA1 EpiLC day 16	SRP068579	SRS1251694	0.982	0.783	1.548	0.794	0.975	0.733	1633.01	24921	90463.19	701
SRX15446063	N.A.	Human embryonic kidney	N.A.	N.A.	SRP376918	SRS13168503	0.982	0.483	4.088	0.471	0.351	0.751	6008.78	38594	957810.87	685
SRX15446064	N.A.	Human breast cancer	N.A.	N.A.	SRP376918	SRS13168505	0.985	0.447	4.003	0.530	0.362	0.716	6852.74	35504	922129.1	877
SRX15446065	N.A.	Human B-Lymphocyte/Human embryonic kidney/Human breast cancer	N.A.	N.A.	SRP376918	SRS13168506	0.984	0.434	13.685	0.528	0.242	0.905	10664.2	41267	800224.49	1169
SRX15494542	Prostate Cancer Patient Derived Xenograft	LuCaP 77	Prostate cancer patient derived xenograft	Prostate cancer patient derived xenograft	SRP377560	SRS13209636	0.979	0.644	14.251	0.753	0.644	0.950	6979.82	100767	175709.44	4155
SRX15494543	Prostate Cancer Patient Derived Xenograft	LuCaP 78	Prostate cancer patient derived xenograft	Prostate cancer patient derived xenograft	SRP377560	SRS13209637	0.978	0.602	20.189	0.779	0.642	0.964	4900.66	149069	147171.11	5082
SRX15494544	Prostate Cancer Patient Derived Xenograft	LuCaP 93	Prostate cancer patient derived xenograft	Prostate cancer patient derived xenograft	SRP377560	SRS13209638	0.979	0.637	19.792	0.872	0.674	0.959	7940.6	99246	218180.65	4685
SRX155001	HeLa cervical carcinoma	NA	NA	HeLa-S3	SRP013816	SRS346300	0.995	0.638	5.838	0.764	0.565	0.869	11847.09	56514	604856.68	1902
SRX15950642	Embryonic Kidney	embryonic kidney cells	NA	HEK293	SRP384348	SRS13637301	0.996	0.552	2.190	0.890	0.512	0.783	15701.18	43765	685632.69	1221
SRX15950643	Embryonic Kidney	embryonic kidney cells	NA	HEK293	SRP384348	SRS13637302	0.996	0.579	2.130	0.891	0.557	0.762	15306.48	46261	781139.45	1132
SRX16023295	Cell Line	NA	NA	MCF-7 cell line ZF-D3A-wt	SRP304105	SRS13703515	0.993	0.670	6.336	0.872	0.841	0.932	10640.9	58222	373608.93	1890
SRX16023296	Cell Line	NA	NA	MCF-7 cell line ZF-D3A-wt	SRP304105	SRS13703516	0.993	0.668	6.914	0.875	0.816	0.935	10407.92	60387	285510.43	2457
SRX16248525	ESCs (hESC)	human embryonic stem cells (hESC)	NA	human embryonic stem cells (hESC)	SRP386501	SRS13888768	0.924	0.743	5.412	0.118	0.510	0.729	1608.85	27330	221847.9	394
SRX16248527	ESCs (hESC)	human embryonic stem cells (hESC)	NA	human embryonic stem cells (hESC)	SRP386501	SRS13888769	0.982	0.661	4.370	0.601	0.107	0.826	1440.61	32267	135605.6	807
SRX16248528	ESCs (hESC)	human embryonic stem cells (hESC)	NA	human embryonic stem cells (hESC)	SRP386501	SRS13888771	0.978	0.697	3.934	0.597	0.070	0.842	1498.74	33145	83939.17	770
SRX1631740	Liver	NA	liver	liver	SRP071771	SRS1341235	0.992	0.722	1.543	0.783	0.981	0.711	2021.9	25883	145137.29	281
SRX1631744	Skeletal Muscle	NA	skeletal muscle	skeletal muscle	SRP071771	SRS1341231	0.991	0.711	1.669	0.817	0.978	0.735	1848.82	31986	94464.81	361
SRX16351683	Blood	B-Lymphocyte	Blood	Blood	SRP387154	SRS13988732	0.996	0.468	25.500	0.765	0.895	0.957	13668.98	46603	1123475.77	1423
SRX16351684	Blood	B-Lymphocyte	Blood	Blood	SRP387154	SRS13988734	0.996	0.471	24.531	0.774	0.898	0.956	13848.47	45662	1153207.46	1374
SRX16367683	Bronchial	Human Bronchial cells	NA	HBEC3-KT	SRP387319	SRS14004812	0.982	0.586	34.011	0.838	0.787	0.966	6794.01	101911	336177.07	3231
SRX16367689	Bronchial	Human Bronchial cells	NA	HBEC3-KT	SRP387319	SRS14004818	0.986	0.579	29.485	0.862	0.713	0.964	3803.74	145903	327181.12	3156
SRX16367690	Bronchial	Human Bronchial cells	NA	HBEC3-KT	SRP387319	SRS14004819	0.986	0.560	28.353	0.863	0.684	0.961	5533.58	114161	316082.44	3293
SRX16367691	Bronchial	Human Bronchial cells	NA	HBEC3-KT	SRP387319	SRS14004820	0.984	0.576	25.323	0.793	0.512	0.958	5662.19	105951	301910.83	3409
SRX16367693	Bronchial	Human Bronchial cells	NA	HBEC3-KT	SRP387319	SRS14004822	0.981	0.576	48.733	0.833	0.789	0.969	3516.05	174893	287588.18	3568
SRX1638917	Polar Body Nuclear Transfer	NA	NA	Polar Body Nuclear Transfer	SRP071891	SRS1345403	0.981	0.851	25.997	0.853	0.825	0.945	1194.38	43356	10948.47	5245
SRX1638918	ESC	NA	NA	IVF derived embryonic stem cell	SRP071891	SRS1345402	0.985	0.840	18.826	0.777	0.823	0.943	1218.08	38072	13164.9	4376
SRX1648239	Brain Pre-Frontal Cortex	NA	brain, pre-frontal cortex	NA	SRP072071	SRS1351382	0.976	0.769	7.661	0.972	0.999	0.923	1301.07	37726	28100.82	2093
SRX1648319	sorted CD4+ T cells	NA	sorted CD4+ T cells	NA	SRP072075	SRS1351402	0.996	0.803	27.100	0.964	0.998	0.942	969.87	58632	10771.42	3168
SRX1648432	sorted CD4+ T cells	NA	sorted CD4+ T cells	NA	SRP072075	SRS1351469	0.995	0.796	16.743	0.960	0.999	0.940	1018.78	50919	9481.94	3290
SRX1648433	sorted CD4+ T cells	NA	sorted CD4+ T cells	NA	SRP072075	SRS1351470	0.995	0.812	16.974	0.960	0.999	0.940	877.07	77447	12281.19	4161
SRX1648434	sorted CD4+ T cells	NA	sorted CD4+ T cells	NA	SRP072075	SRS1351471	0.994	0.758	15.596	0.961	0.999	0.939	1110.32	44246	9667.01	2202
SRX1648565	sorted CD4+ T cells	NA	sorted CD4+ T cells	NA	SRP072075	SRS1351483	0.994	0.783	17.299	0.959	0.999	0.940	1059.45	47408	9983.78	2642
SRX1648566	sorted CD4+ T cells	NA	sorted CD4+ T cells	NA	SRP072075	SRS1351484	0.996	0.772	22.196	0.965	0.999	0.941	1014.05	49669	9906.82	2305
SRX1648568	Foreskin Fibroblasts	NA	foreskin fibroblasts	NA	SRP072075	SRS1351485	0.996	0.679	8.591	0.956	0.999	0.931	1658.44	51537	426898.19	2110
SRX1648569	Foreskin Fibroblasts	NA	foreskin fibroblasts	NA	SRP072075	SRS1351486	0.997	0.657	8.194	0.955	0.999	0.930	3953.01	59120	607386.64	1726
SRX1648570	Foreskin Fibroblasts	NA	foreskin fibroblasts	NA	SRP072075	SRS1351487	0.997	0.653	7.715	0.956	0.999	0.928	6235.94	64575	586108.42	1898
SRX1648571	Foreskin Fibroblasts	NA	foreskin fibroblasts	NA	SRP072075	SRS1351488	0.997	0.589	8.263	0.955	0.999	0.930	11652.47	64714	480440.32	2556
SRX1648630	Foreskin Fibroblasts	NA	foreskin fibroblasts	NA	SRP072075	SRS1351494	0.997	0.587	7.686	0.956	0.999	0.927	12128.41	62905	471845.49	2593
SRX1648637	Liver	NA	liver	NA	SRP072078	SRS1351498	0.994	0.638	15.249	0.932	0.988	0.926	1188.57	35035	20252.8	1362
SRX1649877	Liver	NA	liver	NA	SRP072078	SRS1352199	0.996	0.401	10.660	0.930	0.992	0.919	19301.52	54582	333986.96	4082
SRX1649880	Liver	NA	liver	NA	SRP072078	SRS1352201	0.995	0.646	7.717	0.917	0.992	0.899	1397.46	34021	60238.98	2029
SRX1649881	Liver	NA	liver	NA	SRP072078	SRS1352202	0.996	0.458	8.990	0.932	0.993	0.911	23723.0	34615	436689.73	3268
SRX1649884	Liver	NA	liver	NA	SRP072078	SRS1352204	0.991	0.650	13.295	0.927	0.962	0.918	1246.66	35280	17195.21	1286
SRX1649891	Liver	NA	liver	NA	SRP072078	SRS1352206	0.992	0.657	13.233	0.929	0.959	0.917	1124.83	33995	20120.24	1188
SRX1649893	Lung	NA	lung	NA	SRP072078	SRS1352208	0.998	0.642	11.310	0.937	0.994	0.916	1186.22	34305	13797.59	1385
SRX1651654	Lung	NA	lung	NA	SRP072078	SRS1353344	0.998	0.590	11.824	0.938	0.993	0.918	1348.67	32806	447351.86	1650
SRX1651655	Lung	NA	lung	NA	SRP072078	SRS1353345	0.992	0.652	13.778	0.928	0.956	0.919	1150.53	35223	12732.41	1348
SRX1651657	Lung	NA	lung	NA	SRP072078	SRS1353347	0.992	0.628	13.407	0.930	0.960	0.920	1175.97	34041	13373.52	941
SRX1651658	Lung	NA	lung	NA	SRP072078	SRS1353348	0.998	0.655	7.678	0.943	0.994	0.897	1253.66	33872	22207.48	777
SRX1651659	Lung	NA	lung	NA	SRP072078	SRS1353349	0.998	0.550	8.288	0.944	0.994	0.897	4204.89	41134	665346.77	1354
SRX1651660	H1 stem cell	NA	H1 stem cells	NA	SRP072141	SRS1353350	0.984	0.776	14.725	0.955	0.993	0.940	1200.77	32942	7761.34	3800
SRX1652938	Brain Pre-Frontal Cortex	NA	brain, pre-frontal cortex	NA	SRP072071	SRS1351382	0.980	0.766	8.201	0.972	0.999	0.923	1277.34	36298	31943.1	2697
SRX16653038	CD4+ TCONV	CD4+ TCONV cells	NA	CD19-CAR T cells	SRP387971	SRS14287373	0.975	0.723	32.621	0.785	0.658	0.968	924.74	59897	10868.74	2924
SRX16653039	CD4+ TCONV	CD4+ TCONV cells	NA	CD19-CAR T cells	SRP387971	SRS14287374	0.976	0.720	32.025	0.820	0.610	0.966	952.81	59990	11734.4	2943
SRX16653040	CD4+ TCONV	CD4+ TCONV cells	NA	CD19-CAR T cells	SRP387971	SRS14287375	0.978	0.727	22.194	0.838	0.648	0.965	941.96	57229	10381.17	2992
SRX16653041	CD4+ TCONV	CD4+ TCONV cells	NA	HA-CAR T cells	SRP387971	SRS14287376	0.975	0.738	36.812	0.831	0.538	0.970	929.0	61545	11007.15	3229
SRX16653042	CD4+ TCONV	CD4+ TCONV cells	NA	HA-CAR T cells	SRP387971	SRS14287377	0.976	0.736	34.972	0.813	0.603	0.967	952.38	62122	13100.6	2684
SRX16653043	CD4+ TCONV	CD4+ TCONV cells	NA	HA-CAR T cells	SRP387971	SRS14287378	0.978	0.736	29.774	0.851	0.484	0.969	937.07	60053	10975.31	3226
SRX16653044	CD4+ TCONV	CD4+ TCONV cells	NA	HA-CAR T cells	SRP387971	SRS14287379	0.977	0.730	19.403	0.845	0.540	0.962	970.64	56379	11052.4	2834
SRX16653045	CD4+ TREG	CD4+ TREG cells	NA	CD19-CAR T cells	SRP387971	SRS14287380	0.978	0.737	29.234	0.846	0.543	0.968	945.65	58364	11035.48	2994
SRX16653046	CD4+ TREG	CD4+ TREG cells	NA	CD19-CAR T cells	SRP387971	SRS14287381	0.973	0.747	11.161	0.457	0.116	0.963	1155.77	44840	21012.38	1355
SRX16653047	CD4+ TREG	CD4+ TREG cells	NA	CD19-CAR T cells	SRP387971	SRS14287382	0.978	0.698	24.309	0.852	0.517	0.968	1048.24	48558	11642.52	2150
SRX16653048	CD4+ TREG	CD4+ TREG cells	NA	CD19-CAR T cells	SRP387971	SRS14287383	0.978	0.721	24.710	0.794	0.465	0.967	1037.11	50478	12471.92	2121
SRX16653049	CD4+ TREG	CD4+ TREG cells	NA	CD19-CAR T cells	SRP387971	SRS14287384	0.977	0.743	17.854	0.840	0.531	0.965	957.55	56868	9714.69	3471
SRX16653050	CD4+ TREG	CD4+ TREG cells	NA	HA-CAR T cells	SRP387971	SRS14287385	0.976	0.723	30.320	0.820	0.555	0.968	951.7	56741	10276.18	2934
SRX16653051	CD4+ TREG	CD4+ TREG cells	NA	HA-CAR T cells	SRP387971	SRS14287386	0.975	0.738	23.087	0.768	0.686	0.965	994.76	55947	12671.07	2680
SRX16653052	CD4+ TREG	CD4+ TREG cells	NA	HA-CAR T cells	SRP387971	SRS14287387	0.978	0.711	26.757	0.834	0.588	0.969	996.67	52208	11589.43	2093
SRX16653053	CD4+ TREG	CD4+ TREG cells	NA	HA-CAR T cells	SRP387971	SRS14287389	0.977	0.705	27.004	0.845	0.546	0.966	986.58	53965	11635.19	2424
SRX16653054	CD4+ TREG	CD4+ TREG cells	NA	HA-CAR T cells	SRP387971	SRS14287388	0.978	0.741	29.404	0.847	0.447	0.969	933.74	60832	10193.45	3443
SRX16751309	Esophageal Adenocarcinoma	Esophageal adenocarcinoma	NA	ESO26	SRP389118	SRS14378623	0.998	0.610	15.847	0.863	0.704	0.883	8532.7	62467	161376.08	3549
SRX16751310	Esophageal Squamous Cell Carcinoma	Esophageal squamous cell carcinoma	NA	TE5	SRP389118	SRS14378624	0.995	0.630	19.338	0.852	0.720	0.958	5990.43	80105	380262.11	2566
SRX17062356	Planceta	NA	Planceta	Planceta	SRP392105	SRS14646362	0.983	0.617	23.606	0.879	0.586	0.947	11690.05	56602	411259.58	2477
SRX1716826	ESC	Primed human embryonic stem cells	NA	Primed human embryonic stem cells	SRP085035	SRS1405702	0.991	0.845	30.361	0.854	0.796	0.947	1216.78	48622	30427.87	3992
SRX1716827	ESC	Primed human embryonic stem cells	NA	Primed human embryonic stem cells	SRP085035	SRS1405701	0.992	0.833	30.962	0.885	0.798	0.944	1929.51	60103	83234.1	2994
SRX1723237	Liver Metastasis	NA	liver metastasis	Patient A38	SRP049651	SRS1409792	0.996	0.649	13.254	0.824	0.909	0.952	7220.49	68177	338084.14	2539
SRX1723238	Liver Metastasis	NA	liver metastasis	Patient A38	SRP049651	SRS1409793	0.995	0.653	15.238	0.816	0.948	0.954	6659.64	73337	334405.66	2606
SRX1723239	Primary Tumor	NA	primary tumor	Patient A13	SRP049651	SRS1409794	0.996	0.716	12.188	0.808	0.956	0.954	6732.8	69778	219873.41	3029
SRX1723240	Primary Tumor	NA	primary tumor	Patient A13	SRP049651	SRS1409795	0.996	0.719	11.039	0.809	0.969	0.951	6911.25	67918	221474.19	2998
SRX1723241	Primary Tumor	NA	primary tumor	Patient A13	SRP049651	SRS1409796	0.995	0.716	13.278	0.805	0.938	0.954	4805.08	72392	177809.6	3276
SRX1723242	Primary Tumor	NA	primary tumor	Patient A13	SRP049651	SRS1409797	0.995	0.731	13.053	0.819	0.913	0.941	5154.38	69556	180288.29	3242
SRX1723243	Lung Metastasis	NA	lung metastasis	Patient A13	SRP049651	SRS1409798	0.995	0.709	12.628	0.818	0.918	0.943	7372.75	67026	264727.27	3120
SRX1723244	Lung Metastasis	NA	lung metastasis	Patient A13	SRP049651	SRS1409799	0.996	0.708	12.894	0.820	0.921	0.943	7387.04	66353	268998.85	3082
SRX172462	Placenta From Full-Term Pregnancy	NA	placenta from full-term pregnancy	placenta from full-term pregnancy	SRP014634	SRS352527	0.993	0.618	3.020	0.772	0.942	0.845	10111.71	37832	735443.12	1365
SRX17287836	Kidney Cancer	kidney cancer cells	NA	769-P PA	SRP394454	SRS14852392	0.988	0.665	20.403	0.858	0.692	0.962	6245.11	76941	422186.54	2635
SRX17287837	Kidney Cancer	kidney cancer cells	NA	769-P PA	SRP394454	SRS14852391	0.985	0.660	20.028	0.856	0.683	0.964	6241.55	77286	431929.2	2578
SRX17287838	Kidney Cancer	kidney cancer cells	NA	769-P Lat-M	SRP394454	SRS14852393	0.985	0.693	18.381	0.856	0.590	0.964	4040.73	77694	266955.9	3144
SRX17287839	Kidney Cancer	kidney cancer cells	NA	769-P Lat-M	SRP394454	SRS14852394	0.983	0.694	20.160	0.857	0.576	0.965	3827.93	81130	264920.45	3205
SRX1736550	MCF-7 cells (siNS-transfected)	MCF-7 cells (siNS-transfected)	NA	MCF-7 cells	SRP074177	SRS1417273	0.993	0.624	17.126	0.849	0.852	0.949	8605.9	88674	311589.35	2667
SRX1736551	MCF-7 cells (siNS-transfected)	MCF-7 cells (siNS-transfected)	NA	MCF-7 cells	SRP074177	SRS1417274	0.995	0.619	15.655	0.839	0.822	0.949	8667.22	88005	317719.37	2618
SRX1736552	MCF-7 cells (siFOXA1-transfected)	MCF-7 cells (siFOXA1-transfected)	NA	MCF-7 cells	SRP074177	SRS1417275	0.995	0.617	14.170	0.823	0.789	0.949	8650.96	88317	319701.5	2609
SRX1736553	MCF-7 cells (siFOXA1-transfected)	MCF-7 cells (siFOXA1-transfected)	NA	MCF-7 cells	SRP074177	SRS1417276	0.992	0.618	13.835	0.824	0.784	0.949	8782.22	87391	323760.81	2575
SRX1737932	Skeletal Muscle Myoblast	skeletal muscle myoblast	NA	NA	SRP012560	SRS1313395	0.987	0.719	32.396	0.768	0.683	0.971	1452.39	76375	187946.75	4229
SRX1737933	Skeletal Muscle Myoblast	skeletal muscle myoblast	NA	NA	SRP012560	SRS1313396	0.988	0.717	40.621	0.838	0.551	0.970	1553.71	80342	207395.02	3935
SRX1738002	ESC	H1-hESC	NA	NA	SRP012560	SRS1418496	0.986	0.820	25.859	0.752	0.587	0.964	1113.31	40625	11057.65	5145
SRX1738003	ESC	H1-hESC	NA	NA	SRP012560	SRS1418495	0.980	0.821	14.335	0.697	0.564	0.959	1155.49	37949	9681.34	4264
SRX17415858	OSCC	NA	OSCC tissue	patient-1 tumor	SRP395427	SRS14973570	0.995	0.465	22.372	0.846	0.637	0.963	11006.28	94098	374390.41	3766
SRX17415859	Normal Adjacent	NA	normal adjacent tissue	patient-1 NAT	SRP395427	SRS14973571	0.994	0.714	21.532	0.843	0.633	0.963	1135.17	47428	11095.01	3147
SRX17415860	OSCC	NA	OSCC tissue	patient-1 tumor	SRP395427	SRS14973572	0.995	0.452	20.814	0.861	0.620	0.960	10721.88	94256	373466.55	3719
SRX17415861	Normal Adjacent	NA	normal adjacent tissue	patient-1 NAT	SRP395427	SRS14973573	0.995	0.708	19.990	0.858	0.599	0.960	1168.75	50328	11312.65	3388
SRX17415862	OSCC	NA	OSCC tissue	patient-2 tumor	SRP395427	SRS14973574	0.995	0.566	21.910	0.814	0.640	0.966	15807.03	50373	537399.7	2489
SRX17415863	Normal Adjacent	NA	normal adjacent tissue	patient-2 NAT	SRP395427	SRS14973575	0.994	0.693	21.792	0.827	0.632	0.966	1079.95	39795	9506.38	3082
SRX17415864	OSCC	NA	OSCC tissue	patient-2 tumor	SRP395427	SRS14973576	0.995	0.555	20.498	0.831	0.607	0.963	15465.06	50217	538385.85	2455
SRX17415865	Normal Adjacent	NA	normal adjacent tissue	patient-2 NAT	SRP395427	SRS14973577	0.994	0.663	21.712	0.834	0.600	0.963	1087.85	41283	8828.77	3517
SRX17415866	OSCC	NA	OSCC tissue	patient-3 tumor	SRP395427	SRS14973578	0.995	0.453	27.085	0.828	0.630	0.969	18616.62	47728	453054.8	3602
SRX17415867	Normal Adjacent	NA	normal adjacent tissue	patient-3 NAT	SRP395427	SRS14973579	0.994	0.688	21.473	0.805	0.620	0.966	1109.45	38091	9180.99	2978
SRX17415868	OSCC	NA	OSCC tissue	patient-3 tumor	SRP395427	SRS14973580	0.995	0.445	20.988	0.842	0.602	0.963	21035.55	36530	505861.76	3149
SRX17415869	Normal Adjacent	NA	normal adjacent tissue	patient-3 NAT	SRP395427	SRS14973581	0.994	0.664	21.237	0.822	0.576	0.964	1126.76	39728	9040.32	3207
SRX17415870	OSCC	NA	OSCC tissue	patient-4 tumor	SRP395427	SRS14973582	0.994	0.517	22.928	0.827	0.636	0.967	12231.61	74374	312829.8	4228
SRX17415871	Normal Adjacent	NA	normal adjacent tissue	patient-4 NAT	SRP395427	SRS14973583	0.994	0.680	23.759	0.812	0.607	0.969	1170.65	41094	14811.75	2030
SRX17415872	OSCC	NA	OSCC tissue	patient-4 tumor	SRP395427	SRS14973584	0.995	0.505	20.416	0.839	0.615	0.964	12059.59	72983	316394.29	4104
SRX17415873	Normal Adjacent	NA	normal adjacent tissue	patient-4 NAT	SRP395427	SRS14973585	0.995	0.675	18.370	0.835	0.565	0.966	1170.33	42454	13395.53	2126
SRX17487789	Lip	NA	lip tissue	NA	SRP396192	SRS15040347	0.996	0.759	15.827	0.831	0.676	0.937	1175.79	42127	13338.57	2716
SRX17487790	Lip	NA	lip tissue	NA	SRP396192	SRS15040348	0.997	0.781	15.324	0.873	0.624	0.939	1126.09	47571	11112.36	2633
SRX17487791	Lip	NA	lip tissue	NA	SRP396192	SRS15040349	0.996	0.767	14.560	0.860	0.661	0.944	1162.1	44204	12132.98	3090
SRX17487792	Lip	NA	lip tissue	NA	SRP396192	SRS15040350	0.996	0.780	15.408	0.852	0.660	0.926	1167.95	43937	10502.68	2944
SRX17487793	Lip	NA	lip tissue	NA	SRP396192	SRS15040351	0.996	0.750	22.962	0.802	0.782	0.951	1072.56	48073	10650.69	2801
SRX17487794	Lip	NA	lip tissue	NA	SRP396192	SRS15040352	0.996	0.749	15.904	0.817	0.660	0.941	1133.52	42292	10788.78	2448
SRX17487795	Lip	NA	lip tissue	NA	SRP396192	SRS15040353	0.996	0.770	16.718	0.847	0.679	0.948	1117.49	45026	11734.74	2865
SRX17487796	Lip	NA	lip tissue	NA	SRP396192	SRS15040354	0.997	0.767	15.593	0.852	0.596	0.933	1142.65	49736	13037.73	2757
SRX17487797	Lip	NA	lip tissue	NA	SRP396192	SRS15040355	0.996	0.767	15.892	0.846	0.635	0.954	1126.14	45240	11956.44	3063
SRX17487798	Lip	NA	lip tissue	NA	SRP396192	SRS15040356	0.996	0.760	15.179	0.856	0.643	0.946	1147.08	46302	10032.31	3079
SRX17487799	Lip	NA	lip tissue	NA	SRP396192	SRS15040357	0.996	0.706	20.256	0.777	0.785	0.965	1052.84	49645	9130.32	3315
SRX17487800	Lip	NA	lip tissue	NA	SRP396192	SRS15040358	0.996	0.758	14.738	0.826	0.592	0.943	1135.23	43326	10597.67	2605
SRX17487801	Lip	NA	lip tissue	NA	SRP396192	SRS15040359	0.996	0.743	17.375	0.848	0.634	0.963	1073.67	47782	12593.85	2734
SRX17500570	Colon	NA	colon tissue	colon tissue	SRP396408	SRS15052286	0.995	0.566	5.208	0.714	0.812	0.738	1306.05	34855	46839.13	391
SRX17500571	Colon	NA	colon tissue	colon tissue	SRP396408	SRS15052287	0.995	0.534	8.931	0.817	0.878	0.712	1462.37	29091	53679.72	265
SRX17500573	Colon	NA	colon tissue	colon tissue	SRP396408	SRS15052289	0.994	0.642	3.721	0.745	0.727	0.799	1416.43	31154	46938.87	357
SRX17500590	Stool	NA	stool	stool	SRP396408	SRS15052306	0.996	0.549	4.067	0.552	0.298	0.747	1551.42	36933	51740.55	394
SRX17500602	Stool	NA	stool	stool	SRP396408	SRS15052318	0.995	0.575	8.004	0.591	0.531	0.813	1455.76	34278	40772.7	398
SRX17500603	Stool	NA	stool	stool	SRP396408	SRS15052319	0.995	0.537	7.977	0.839	0.350	0.871	1380.84	44484	37109.48	532
SRX17500605	Stool	NA	stool	stool	SRP396408	SRS15052321	0.996	0.572	7.335	0.528	0.928	0.720	1540.16	31886	61027.06	189
SRX175348	Sigmoid Colon	NA	Sigmoid Colon	NA	SRP000941	SRS309358	0.995	0.799	64.177	0.875	0.607	0.934	1101.45	49650	11645.57	3775
SRX175349	Small Intestine	NA	Small Intestine	NA	SRP000941	SRS308395	0.995	0.775	58.729	0.848	0.647	0.934	1093.97	49125	11959.73	3279
SRX175350	Lung	NA	Lung	NA	SRP000941	SRS308396	0.995	0.792	59.731	0.867	0.667	0.933	1215.76	55202	18035.04	3376
SRX175351	Aorta	NA	Aorta	NA	SRP000941	SRS306614	0.995	0.771	64.374	0.861	0.654	0.935	1122.69	88021	16054.94	3399
SRX17535130	Adult Human Adipose Derived Mesenchymal Stromal	adult human adipose derived mesenchymal stromal cells	NA	1013	SRP396738	SRS15083577	0.996	0.688	17.052	0.845	0.622	0.962	1110.26	68559	24537.6	3132
SRX17535131	Chemically Induced Pluripotent Stem Cell	human chemically induced pluripotent stem cells	NA	0618	SRP396738	SRS15083578	0.991	0.805	19.926	0.850	0.572	0.964	1032.69	45419	12138.06	3961
SRX17535132	Chemically Induced Pluripotent Stem Cell	human chemically induced pluripotent stem cells	NA	0618	SRP396738	SRS15083579	0.990	0.814	18.459	0.854	0.624	0.963	1056.65	44278	12757.02	4439
SRX17535133	Chemically Induced Pluripotent Stem Cell	human chemically induced pluripotent stem cells	NA	1013	SRP396738	SRS15083580	0.989	0.825	17.287	0.858	0.594	0.961	1114.13	41681	10503.02	4144
SRX17535134	Chemically Induced Pluripotent Stem Cell	human chemically induced pluripotent stem cells	NA	38040	SRP396738	SRS15083581	0.987	0.808	27.140	0.837	0.633	0.967	1113.94	45333	13268.46	4683
SRX175352	Esophagus	NA	Esophagus	NA	SRP000941	SRS306616	0.996	0.776	61.718	0.880	0.666	0.935	1250.35	59436	12551.81	3144
SRX175353	Left Ventricle	NA	Left Ventricle	NA	SRP000941	SRS306619	0.995	0.778	62.085	0.877	0.646	0.934	1166.2	61971	18790.42	3065
SRX175354	Pancreas	NA	Pancreas	NA	SRP000941	SRS306620	0.995	0.704	60.070	0.856	0.646	0.935	1696.63	64996	431169.79	2145
SRX175355	Spleen	NA	Spleen	NA	SRP000941	SRS306625	0.996	0.779	59.645	0.875	0.647	0.934	1000.76	60938	11014.18	3205
SRX1756922	NCI-H1299-EGFP/NEO	NA	NA	NCI-H1299-EGFP/NEO	SRP074852	SRS1433443	0.999	0.254	17.183	0.870	0.963	0.951	11439.91	68754	340177.1	3982
SRX1756923	NCI-H1299-EGFP/NEO	NA	NA	NCI-H1299-EGFP/NEO	SRP074852	SRS1433444	0.999	0.246	17.673	0.868	0.960	0.951	11575.4	68198	330133.72	4083
SRX1756924	NCI-H1299-EGFP/NEO	NA	NA	NCI-H1299-EGFP/NEO	SRP074852	SRS1433445	0.999	0.582	19.872	0.865	0.974	0.953	9113.82	91816	478500.79	2483
SRX1756925	NCI-H1299-EGFP/NEO	NA	NA	NCI-H1299-EGFP/NEO	SRP074852	SRS1433446	0.999	0.510	18.541	0.870	0.970	0.953	10268.85	80954	453955.85	2481
SRX17608456	Skin Fibroblasts	hiPSC	Skin fibroblasts	NA	SRP397676	SRS15144705	0.992	0.817	9.913	0.780	0.661	0.944	1199.71	35151	63899.56	1926
SRX17608457	Skin Fibroblasts	hiPSC	Skin fibroblasts	NA	SRP397676	SRS15144706	0.992	0.777	11.780	0.782	0.708	0.955	1080.6	39082	31560.48	3509
SRX17608458	Skin Fibroblasts	hiPSC	Skin fibroblasts	NA	SRP397676	SRS15144707	0.992	0.798	11.528	0.788	0.692	0.954	1110.7	38712	36423.3	3115
SRX17608459	Skin Fibroblasts	hiPSC	Skin fibroblasts	NA	SRP397676	SRS15144708	0.992	0.780	12.114	0.789	0.728	0.956	1085.48	39163	30465.03	3634
SRX17608460	Skin Fibroblasts	hiPSC	Skin fibroblasts	NA	SRP397676	SRS15144709	0.992	0.774	12.946	0.792	0.740	0.957	1066.45	40173	33413.39	3303
SRX17608461	Skin Fibroblasts	hiPSC	Skin fibroblasts	NA	SRP397676	SRS15144710	0.992	0.779	12.640	0.799	0.734	0.955	1073.56	39662	31484.8	3508
SRX17611249	Colon	epithelial	colon	colon	SRP397737	SRS15146852	0.994	0.704	7.769	0.441	0.461	0.908	1200.08	42839	15486.78	978
SRX17611250	Colon	epithelial	colon	colon	SRP397737	SRS15146853	0.994	0.715	9.822	0.564	0.589	0.926	1279.28	47714	8944.12	2799
SRX17611251	Colon	epithelial	colon	colon	SRP397737	SRS15146854	0.994	0.749	7.381	0.611	0.418	0.903	1377.21	41280	16682.63	1617
SRX17611252	Colon	epithelial	colon	colon	SRP397737	SRS15146855	0.994	0.720	10.174	0.561	0.597	0.935	1232.93	38570	11657.0	2171
SRX17611253	Colon	epithelial	colon	colon	SRP397737	SRS15146856	0.994	0.719	9.961	0.492	0.552	0.931	1192.52	39673	9473.34	2232
SRX17611254	Colon	epithelial	colon	colon	SRP397737	SRS15146857	0.994	0.683	8.598	0.456	0.571	0.916	1326.51	42543	14224.12	1104
SRX17611255	Colon	epithelial	colon	colon	SRP397737	SRS15146858	0.994	0.627	9.393	0.361	0.568	0.918	1386.32	38181	11542.26	1821
SRX17611256	Colon	epithelial	colon	colon	SRP397737	SRS15146859	0.994	0.734	9.623	0.595	0.656	0.930	1249.85	43800	10636.58	2679
SRX17611257	Colon	epithelial	colon	colon	SRP397737	SRS15146860	0.996	0.677	7.592	0.496	0.383	0.939	1266.53	47753	18243.23	1189
SRX17611258	Colon	epithelial	colon	colon	SRP397737	SRS15146861	0.995	0.761	12.309	0.696	0.703	0.953	1123.97	41764	16184.43	3266
SRX17611259	Colon	epithelial	colon	colon	SRP397737	SRS15146862	0.995	0.637	7.676	0.471	0.429	0.942	1281.32	33588	15816.7	1150
SRX17611260	Colon	epithelial	colon	colon	SRP397737	SRS15146863	0.995	0.661	6.921	0.452	0.344	0.934	1295.8	33747	14865.73	1134
SRX17611261	Colon	epithelial	colon	colon	SRP397737	SRS15146864	0.995	0.629	9.459	0.393	0.579	0.946	1194.75	39551	8725.43	2058
SRX17611262	Colon	epithelial	colon	colon	SRP397737	SRS15146865	0.992	0.683	5.475	0.505	0.140	0.905	1436.47	35876	24019.95	1228
SRX17611263	Colon	epithelial	colon	colon	SRP397737	SRS15146866	0.993	0.737	2.527	0.621	0.063	0.724	1758.83	25743	44492.96	625
SRX17611264	Ileum	epithelial	ileum	ileum	SRP397737	SRS15146867	0.995	0.743	7.605	0.550	0.441	0.931	1268.84	34150	16677.15	1403
SRX17611265	Colon	epithelial	colon	colon	SRP397737	SRS15146868	0.995	0.654	6.196	0.401	0.355	0.905	1397.6	30280	15767.74	992
SRX17611266	Ileum	epithelial	ileum	ileum	SRP397737	SRS15146869	0.996	0.709	7.462	0.522	0.426	0.909	1396.35	39569	22561.19	1329
SRX17611267	Colon	epithelial	colon	colon	SRP397737	SRS15146870	0.995	0.696	7.198	0.519	0.420	0.909	1378.42	32493	17728.38	964
SRX17611268	Ileum	epithelial	ileum	ileum	SRP397737	SRS15146871	0.995	0.714	6.756	0.496	0.613	0.904	1380.41	40086	16788.52	1196
SRX17611269	Ileum	epithelial	ileum	ileum	SRP397737	SRS15146872	0.994	0.731	7.201	0.518	0.615	0.901	1380.8	32202	16832.08	1323
SRX17611270	Ileum	epithelial	ileum	ileum	SRP397737	SRS15146873	0.995	0.687	5.503	0.429	0.401	0.881	1552.92	36822	17597.85	1296
SRX17611271	Ileum	epithelial	ileum	ileum	SRP397737	SRS15146874	0.993	0.735	6.809	0.569	0.464	0.897	1366.75	32754	21037.49	1494
SRX17611272	Ileum	epithelial	ileum	ileum	SRP397737	SRS15146875	0.995	0.766	5.911	0.646	0.557	0.893	1387.51	40715	17945.78	1458
SRX17611273	Ileum	epithelial	ileum	ileum	SRP397737	SRS15146876	0.995	0.745	7.843	0.525	0.688	0.921	1278.79	35512	18950.21	1318
SRX17611275	Ileum	epithelial	ileum	ileum	SRP397737	SRS15146878	0.994	0.713	7.503	0.509	0.596	0.919	1379.66	41594	19819.65	1213
SRX17611276	Ileum	epithelial	ileum	ileum	SRP397737	SRS15146879	0.993	0.688	4.741	0.425	0.268	0.874	1464.06	29642	21552.58	845
SRX17611277	Colon	epithelial	colon	colon	SRP397737	SRS15146880	0.993	0.740	6.499	0.558	0.465	0.908	1457.38	39136	19808.52	1227
SRX17611278	Colon	epithelial	colon	colon	SRP397737	SRS15146881	0.994	0.766	7.209	0.592	0.479	0.900	1265.77	42160	15739.44	1482
SRX17611279	Ileum	epithelial	ileum	ileum	SRP397737	SRS15146882	0.995	0.731	6.950	0.595	0.495	0.926	1340.09	33954	17688.41	1385
SRX17611280	Colon	epithelial	colon	colon	SRP397737	SRS15146883	0.995	0.727	6.246	0.547	0.455	0.880	1499.54	37534	18455.11	1337
SRX17611281	Colon	epithelial	colon	colon	SRP397737	SRS15146884	0.994	0.742	6.895	0.572	0.464	0.910	1375.43	38626	18548.85	1438
SRX17611282	Ileum	epithelial	ileum	ileum	SRP397737	SRS15146885	0.992	0.722	2.779	0.608	0.108	0.771	1781.94	27530	44268.94	494
SRX17611283	Ileum	epithelial	ileum	ileum	SRP397737	SRS15146886	0.995	0.697	5.218	0.510	0.304	0.883	1550.24	34701	22247.41	913
SRX17611284	Ileum	epithelial	ileum	ileum	SRP397737	SRS15146887	0.993	0.716	2.674	0.522	0.102	0.764	1673.51	26359	36195.77	473
SRX17611286	Ileum	epithelial	ileum	ileum	SRP397737	SRS15146889	0.995	0.692	2.917	0.509	0.111	0.758	1823.74	26424	26821.55	526
SRX17611288	Ileum	epithelial	ileum	ileum	SRP397737	SRS15146891	0.995	0.689	5.704	0.450	0.425	0.903	1432.15	36262	14007.56	962
SRX17617303	Leukemia Cell Line	Human Leukemia cell line	NA	MOLM13	SRP336573	SRS15153459	0.987	0.650	12.629	0.893	0.474	0.956	7793.8	56013	982529.25	1268
SRX17617304	Leukemia Cell Line	Human Leukemia cell line	NA	MOLM13	SRP336573	SRS15153460	0.987	0.646	14.225	0.892	0.438	0.958	7366.44	56691	972262.8	1285
SRX17617305	Leukemia Cell Line	Human Leukemia cell line	NA	MOLM13	SRP336573	SRS15153461	0.986	0.640	13.897	0.891	0.439	0.959	7590.82	54956	985870.08	1278
SRX17617306	Leukemia Cell Line	Human Leukemia cell line	NA	MOLM13	SRP336573	SRS15153462	0.987	0.606	13.330	0.894	0.513	0.958	7348.32	45020	873398.26	1335
SRX17617307	Leukemia Cell Line	Human Leukemia cell line	NA	MOLM13	SRP336573	SRS15153463	0.988	0.597	14.455	0.893	0.488	0.958	7125.0	45306	810849.19	1427
SRX17630409	Blood	NA	blood	blood	SRP398111	SRS15165711	0.993	0.490	11.845	0.845	0.564	0.700	1298.34	35981	65213.96	284
SRX17630414	Blood	NA	blood	blood	SRP398111	SRS15165716	0.996	0.512	11.492	0.854	0.654	0.814	1181.29	38044	59775.44	356
SRX17630415	Blood	NA	blood	blood	SRP398111	SRS15165717	0.996	0.496	14.139	0.853	0.643	0.838	1125.12	40764	34295.94	582
SRX17630416	Blood	NA	blood	blood	SRP398111	SRS15165718	0.996	0.531	10.638	0.857	0.595	0.800	1218.51	37031	56015.41	488
SRX17630417	Blood	NA	blood	blood	SRP398111	SRS15165719	0.996	0.523	10.354	0.845	0.598	0.792	1216.17	37966	55874.68	424
SRX17630418	Blood	NA	blood	blood	SRP398111	SRS15165720	0.995	0.542	12.786	0.858	0.573	0.854	1114.28	40529	35834.41	676
SRX17630419	Blood	NA	blood	blood	SRP398111	SRS15165721	0.996	0.496	14.482	0.844	0.568	0.829	1161.62	37285	37323.29	514
SRX17630420	Blood	NA	blood	blood	SRP398111	SRS15165722	0.996	0.477	14.223	0.851	0.607	0.794	1196.51	37463	56273.68	267
SRX17630421	Blood	NA	blood	blood	SRP398111	SRS15165723	0.996	0.516	14.329	0.851	0.678	0.867	1100.74	42429	38524.51	587
SRX17630422	Blood	NA	blood	blood	SRP398111	SRS15165724	0.995	0.588	6.712	0.806	0.519	0.767	1256.02	34830	49457.0	400
SRX17630423	Blood	NA	blood	blood	SRP398111	SRS15165725	0.996	0.525	9.864	0.839	0.615	0.761	1257.35	35474	53716.02	374
SRX17630424	Blood	NA	blood	blood	SRP398111	SRS15165726	0.996	0.573	9.008	0.833	0.603	0.821	1188.3	38212	49545.24	382
SRX17630425	Blood	NA	blood	blood	SRP398111	SRS15165727	0.996	0.526	11.730	0.846	0.595	0.826	1186.4	37928	41960.18	487
SRX17630426	Blood	NA	blood	blood	SRP398111	SRS15165728	0.996	0.491	16.150	0.864	0.664	0.851	1108.89	40502	35485.08	532
SRX17630427	Blood	NA	blood	blood	SRP398111	SRS15165729	0.996	0.505	11.994	0.855	0.681	0.812	1203.2	38463	49370.79	482
SRX17630428	Blood	NA	blood	blood	SRP398111	SRS15165730	0.996	0.514	15.979	0.839	0.688	0.881	1079.73	42110	35327.12	633
SRX17630429	Blood	NA	blood	blood	SRP398111	SRS15165731	0.996	0.511	13.459	0.857	0.668	0.829	1151.29	37909	37342.84	430
SRX17697364	ESC	NA	Embryonic stem cell	NA	SRP396513	SRS15070905	0.980	0.792	11.544	0.858	0.797	0.958	1163.82	36966	12147.92	4032
SRX1770467	Brain	NA	Brain	Brain_Control_BA19	SRP075292	SRS1442982	0.971	0.732	1.793	0.811	0.955	0.715	1650.89	31604	88163.3	788
SRX1770468	Brain	NA	Brain	Brain_Control_BA19	SRP075292	SRS1442984	0.980	0.743	1.788	0.810	0.957	0.723	1624.36	29159	90167.92	636
SRX1770469	Brain	NA	Brain	Brain_Control_BA19	SRP075292	SRS1442983	0.979	0.753	2.118	0.816	0.946	0.763	1643.56	32614	95981.8	744
SRX1770471	Brain	NA	Brain	Brain_Control_BA19	SRP075292	SRS1442985	0.977	0.739	3.224	0.795	0.935	0.854	1448.15	35526	58370.56	983
SRX1770472	Brain	NA	Brain	Brain_Control_BA19	SRP075292	SRS1442987	0.976	0.744	1.988	0.818	0.951	0.742	1618.54	32085	102746.91	675
SRX1770473	Brain	NA	Brain	Brain_Control_BA9	SRP075292	SRS1442988	0.983	0.764	4.928	0.811	0.912	0.898	1345.62	33885	61152.25	1151
SRX1770474	Brain	NA	Brain	Brain_Control_BA9	SRP075292	SRS1442991	0.992	0.768	4.964	0.810	0.941	0.901	1307.9	48171	66871.52	1271
SRX1770475	Brain	NA	Brain	Brain_Control_BA9	SRP075292	SRS1442989	0.981	0.770	5.165	0.816	0.922	0.903	1307.24	34125	40275.93	1198
SRX1770476	Brain	NA	Brain	Brain_Control_BA45	SRP075292	SRS1442990	0.980	0.749	3.110	0.803	0.932	0.847	1516.65	31563	47454.19	1012
SRX1770477	Brain	NA	Brain	Brain_Control_BA45	SRP075292	SRS1442992	0.979	0.734	2.865	0.792	0.936	0.822	1542.54	32000	45354.31	734
SRX1770478	Brain	NA	Brain	Brain_Dup15_BA19	SRP075292	SRS1442994	0.971	0.704	3.422	0.749	0.897	0.766	1441.24	29996	59930.35	527
SRX1770479	Brain	NA	Brain	Brain_Dup15_BA19	SRP075292	SRS1442993	0.973	0.738	3.502	0.792	0.882	0.812	1461.64	29918	65802.07	757
SRX1770480	Brain	NA	Brain	Brain_Dup15_BA19	SRP075292	SRS1442995	0.977	0.681	2.646	0.787	0.915	0.762	1544.89	32197	65120.32	578
SRX1770481	Brain	NA	Brain	Brain_Dup15_BA19	SRP075292	SRS1442996	0.969	0.734	3.738	0.780	0.862	0.800	1408.55	31648	61932.66	775
SRX1770482	Brain	NA	Brain	Brain_Dup15_BA19	SRP075292	SRS1442997	0.974	0.693	2.378	0.777	0.926	0.777	1585.2	31713	83420.14	589
SRX1770483	Brain	NA	Brain	Brain_Dup15_BA19	SRP075292	SRS1442998	0.973	0.684	2.430	0.790	0.936	0.781	1604.17	32691	61043.18	782
SRX1770484	Brain	NA	Brain	Brain_Dup15_BA9	SRP075292	SRS1442999	0.977	0.734	2.568	0.810	0.932	0.806	1533.04	31757	54002.39	815
SRX1770485	Brain	NA	Brain	Brain_Dup15_BA45	SRP075292	SRS1443000	0.982	0.747	3.429	0.853	0.929	0.862	1473.39	32893	59713.81	1241
SRX1770486	Brain	NA	Brain	Brain_Dup15_BA45	SRP075292	SRS1443001	0.977	0.717	2.981	0.775	0.919	0.818	1509.69	30953	54747.07	765
SRX1770487	Brain	NA	Brain	Brain_PWS_BA19	SRP075292	SRS1443002	0.966	0.777	5.301	0.809	0.923	0.907	1358.07	34200	39967.79	1401
SRX1770488	Brain	NA	Brain	Brain_PWS_BA19	SRP075292	SRS1443003	0.983	0.750	4.913	0.829	0.862	0.895	1326.99	37048	52236.82	1091
SRX1770489	Brain	NA	Brain	Brain_PWS_BA9	SRP075292	SRS1443004	0.986	0.718	3.513	0.825	0.912	0.860	1606.71	54167	128666.98	1963
SRX1770490	Brain	NA	Brain	Brain_PWS_BA9	SRP075292	SRS1443005	0.987	0.742	4.442	0.852	0.870	0.896	1411.07	57046	85667.93	1779
SRX1770491	Brain	NA	Brain	Brain_PWS_BA9	SRP075292	SRS1443006	0.986	0.769	5.184	0.816	0.933	0.904	1313.23	42441	59239.26	1455
SRX1770492	Brain	NA	Brain	Brain_Angelman_BA9	SRP075292	SRS1443008	0.985	0.756	3.702	0.832	0.901	0.881	1370.56	33778	51875.7	958
SRX1770493	Brain	NA	Brain	Brain_Angelman_BA9	SRP075292	SRS1443007	0.985	0.762	3.408	0.804	0.895	0.867	1443.38	31988	54145.76	954
SRX1770494	Brain	NA	Brain	Brain_Angelman_BA9	SRP075292	SRS1443009	0.975	0.755	3.964	0.820	0.945	0.887	1375.17	34385	51447.31	1177
SRX1770495	Brain	NA	Brain	Brain_Downs_BA9	SRP075292	SRS1443011	0.991	0.740	3.898	0.774	0.933	0.872	1338.91	44274	76079.08	861
SRX1770496	Brain	NA	Brain	Brain_Downs_BA9	SRP075292	SRS1443010	0.979	0.777	4.206	0.823	0.926	0.894	1354.01	32710	45175.22	1246
SRX1770497	Brain	NA	Brain	Brain_Downs_BA9	SRP075292	SRS1443012	0.990	0.777	4.738	0.791	0.944	0.901	1253.05	46232	61999.13	1193
SRX1770499	Brain	NA	Brain	Brain_IdioAut_BA9	SRP075292	SRS1443014	0.980	0.735	3.819	0.802	0.938	0.876	1378.65	34790	43315.8	1147
SRX1770500	Brain	NA	Brain	Brain_IdioAut_BA9	SRP075292	SRS1443015	0.978	0.772	3.415	0.802	0.903	0.868	1415.44	34346	54680.12	1117
SRX1770501	Brain	NA	Brain	Brain_IdioAut_BA9	SRP075292	SRS1443016	0.978	0.739	3.463	0.802	0.889	0.867	1452.34	37166	62717.52	1067
SRX1770502	Brain	NA	Brain	Brain_IdioAut_BA9	SRP075292	SRS1443017	0.991	0.767	4.310	0.825	0.920	0.895	1335.63	44594	72843.2	1042
SRX1770503	Brain	NA	Brain	Brain_IdioAut_BA9	SRP075292	SRS1443018	0.979	0.764	4.157	0.846	0.794	0.884	1382.38	32302	51734.36	1083
SRX1770504	Brain	NA	Brain	Brain_IdioAut_BA9	SRP075292	SRS1443020	0.980	0.766	4.080	0.841	0.855	0.887	1371.63	34355	60825.33	883
SRX1770505	Brain	NA	Brain	BraindfBA_Control_BA9	SRP075292	SRS1443019	0.976	0.730	3.417	0.794	0.927	0.852	1479.19	32397	42295.41	1007
SRX1770506	Brain	NA	Brain	BraindfBA_Control_BA9	SRP075292	SRS1443023	0.986	0.746	3.181	0.805	0.944	0.843	1516.66	33648	48435.87	1086
SRX1770507	Brain	NA	Brain	BraindfBA_Dup15_BA45	SRP075292	SRS1443021	0.977	0.747	3.009	0.807	0.936	0.830	1510.9	31412	47086.46	976
SRX1770508	Neuroblastoma Cell Line	human neuroblastoma cell line	NA	Culture_SH	SRP075292	SRS1443022	0.997	0.671	3.031	0.795	0.955	0.834	8410.21	58244	736664.4	1085
SRX1770509	Neuroblastoma Cell Line	human neuroblastoma cell line	NA	Culture_SH	SRP075292	SRS1443024	0.997	0.691	5.368	0.831	0.938	0.892	8662.48	65001	640027.16	1249
SRX1770510	Neuroblastoma Cell Line	human neuroblastoma cell line	NA	Culture_SH	SRP075292	SRS1443025	0.997	0.690	4.533	0.840	0.930	0.876	8709.68	62909	630008.29	1272
SRX1770511	Neuroblastoma Cell Line	human neuroblastoma cell line	NA	Culture_SHPCB	SRP075292	SRS1443026	0.997	0.659	3.545	0.797	0.942	0.857	8785.44	59610	672237.16	1183
SRX1770512	Neuroblastoma Cell Line	human neuroblastoma cell line	NA	Culture_SHPCB	SRP075292	SRS1443027	0.997	0.686	5.966	0.834	0.929	0.894	8399.53	67145	596621.76	1330
SRX1770513	Neuroblastoma Cell Line	human neuroblastoma cell line	NA	Culture_SHPCB	SRP075292	SRS1443028	0.996	0.678	4.753	0.829	0.947	0.871	8099.23	64697	686461.36	1164
SRX1770514	neuroblastoma cell line with extra copy of part of maternal chr15	human neuroblastoma cell line with extra copy of part of maternal chr15	NA	Culture_SH15M	SRP075292	SRS1443029	0.997	0.650	3.011	0.791	0.954	0.838	9224.05	57437	714227.95	1167
SRX1770515	neuroblastoma cell line with extra copy of part of maternal chr15	human neuroblastoma cell line with extra copy of part of maternal chr15	NA	Culture_SH15M	SRP075292	SRS1443030	0.997	0.669	4.577	0.818	0.940	0.881	8950.08	64163	648580.07	1284
SRX1770516	neuroblastoma cell line with extra copy of part of maternal chr15	human neuroblastoma cell line with extra copy of part of maternal chr15	NA	Culture_SH15M	SRP075292	SRS1443031	0.997	0.661	4.701	0.824	0.940	0.881	8862.65	63797	643588.2	1284
SRX1770517	neuroblastoma cell line with extra copy of part of maternal chr15	human neuroblastoma cell line with extra copy of part of maternal chr15	NA	Culture_SH15MPCB	SRP075292	SRS1443032	0.996	0.650	3.355	0.797	0.950	0.855	9327.59	59383	678584.14	1226
SRX1770518	neuroblastoma cell line with extra copy of part of maternal chr15	human neuroblastoma cell line with extra copy of part of maternal chr15	NA	Culture_SH15MPCB	SRP075292	SRS1443034	0.997	0.673	5.247	0.824	0.928	0.888	8747.56	67098	641858.16	1303
SRX1770519	neuroblastoma cell line with extra copy of part of maternal chr15	human neuroblastoma cell line with extra copy of part of maternal chr15	NA	Culture_SH15MPCB	SRP075292	SRS1443033	0.997	0.671	4.067	0.825	0.942	0.863	8487.43	64554	679400.36	1227
SRX1770520	Neuroblastoma Cell Line	human neuroblastoma cell line	NA	Culture_SHclone	SRP075292	SRS1443035	0.996	0.697	3.735	0.829	0.933	0.878	9465.78	60803	637425.41	1256
SRX1770521	Neuroblastoma Cell Line	human neuroblastoma cell line	NA	Culture_SHclone	SRP075292	SRS1443037	0.996	0.683	5.557	0.825	0.895	0.889	8353.79	66540	624701.58	1281
SRX1770522	Neuroblastoma Cell Line	human neuroblastoma cell line	NA	Culture_SHPCBclone	SRP075292	SRS1443036	0.996	0.690	4.762	0.836	0.922	0.897	9551.26	63534	580453.53	1426
SRX1770523	Neuroblastoma Cell Line	human neuroblastoma cell line	NA	Culture_SHPCBclone	SRP075292	SRS1443038	0.996	0.663	4.609	0.872	0.830	0.853	7997.02	63810	646029.78	1286
SRX1770524	Neuroblastoma Cell Line	human neuroblastoma cell line	NA	Culture_SHPCBclone	SRP075292	SRS1443039	0.995	0.674	5.129	0.825	0.901	0.883	8832.71	64308	634128.33	1310
SRX1770525	neuroblastoma cell line with extra copy of part of maternal chr15 and part of chr22	human neuroblastoma cell line with extra copy of part of maternal chr15 and part of chr22	NA	Culture_SH15Mdup22	SRP075292	SRS1443040	0.996	0.645	4.807	0.827	0.916	0.899	11429.0	61150	620357.67	1641
SRX1770526	neuroblastoma cell line with extra copy of part of maternal chr15 and part of chr22	human neuroblastoma cell line with extra copy of part of maternal chr15 and part of chr22	NA	Culture_SH15Mdup22	SRP075292	SRS1443041	0.996	0.648	5.401	0.811	0.898	0.884	10077.02	62620	676283.88	1491
SRX1770527	neuroblastoma cell line with extra copy of part of maternal chr15 and part of chr22	human neuroblastoma cell line with extra copy of part of maternal chr15 and part of chr22	NA	Culture_SH15Mdup22	SRP075292	SRS1443042	0.996	0.664	5.024	0.822	0.899	0.883	10074.48	63266	659104.6	1526
SRX1770528	neuroblastoma cell line with extra copy of part of maternal chr15 and part of chr22	human neuroblastoma cell line with extra copy of part of maternal chr15 and part of chr22	NA	Culture_SH15Mdup22PCB	SRP075292	SRS1443043	0.995	0.655	4.815	0.833	0.924	0.900	11033.1	62562	620158.16	1618
SRX1770529	neuroblastoma cell line with extra copy of part of maternal chr15 and part of chr22	human neuroblastoma cell line with extra copy of part of maternal chr15 and part of chr22	NA	Culture_SH15Mdup22PCB	SRP075292	SRS1443044	0.996	0.645	5.402	0.799	0.909	0.883	9831.83	64519	664245.33	1528
SRX1770530	neuroblastoma cell line with extra copy of part of maternal chr15 and part of chr22	human neuroblastoma cell line with extra copy of part of maternal chr15 and part of chr22	NA	Culture_SH15Mdup22PCB	SRP075292	SRS1443045	0.996	0.645	4.876	0.816	0.908	0.882	10515.95	61842	662359.36	1540
SRX17765811	ESC	human embryonic stem cells	NA	hESC	SRP400466	SRS15293091	0.978	0.755	14.205	0.464	0.519	0.941	1299.3	38722	57079.81	2137
SRX17765812	ESC	human embryonic stem cells	NA	hESC	SRP400466	SRS15293092	0.977	0.756	13.043	0.390	0.646	0.942	1356.88	40448	85990.41	2060
SRX17765813	ESC	human embryonic stem cells	NA	hESC	SRP400466	SRS15293093	0.975	0.734	16.734	0.467	0.618	0.948	1138.89	43263	24666.16	2211
SRX17765814	ESC	human embryonic stem cells	NA	hESC	SRP400466	SRS15293094	0.978	0.750	13.216	0.445	0.621	0.944	1307.84	41103	59186.94	2362
SRX17765815	ESC	human embryonic stem cells	NA	hESC	SRP400466	SRS15293095	0.974	0.737	9.626	0.418	0.670	0.934	1292.59	36970	45347.73	1619
SRX17765816	ESC	human embryonic stem cells	NA	hESC	SRP400466	SRS15293096	0.977	0.742	10.932	0.418	0.644	0.936	1339.39	39042	87245.3	1749
SRX178602	Sperm	sperm	NA	Sperm Donor 1	SRP014898	SRS357971	0.996	0.766	29.591	0.774	0.930	0.943	2274.89	82680	29380.52	5564
SRX178603	Sperm	sperm	NA	Sperm Donor 2	SRP014898	SRS357972	0.996	0.749	28.816	0.690	0.870	0.939	2157.04	85240	28605.72	5988
SRX17862842	embryonic kidney (HEK) 293T cells	human embryonic kidney (HEK) 293T cells	NA	HEK293T	SRP402196	SRS15381450	0.984	0.577	2.562	0.809	0.815	0.843	12491.25	37357	572889.53	1078
SRX17862843	embryonic kidney (HEK) 293T cells	human embryonic kidney (HEK) 293T cells	NA	HEK293T	SRP402196	SRS15381451	0.983	0.578	3.618	0.810	0.777	0.900	11948.9	40830	446655.5	1380
SRX17862845	embryonic kidney (HEK) 293T cells	human embryonic kidney (HEK) 293T cells	NA	HEK293T	SRP402196	SRS15381453	0.984	0.565	3.518	0.820	0.789	0.892	12325.48	40155	459870.97	1321
SRX17862846	embryonic kidney (HEK) 293T cells	human embryonic kidney (HEK) 293T cells	NA	HEK293T	SRP402196	SRS15381454	0.984	0.564	3.377	0.830	0.798	0.888	12499.17	39446	450148.2	1352
SRX17862847	embryonic kidney (HEK) 293T cells	human embryonic kidney (HEK) 293T cells	NA	HEK293T	SRP402196	SRS15381455	0.984	0.562	3.576	0.817	0.764	0.895	12279.63	40152	450134.12	1350
SRX17911857	Motor Neuron	motor neuron	NA	NA	SRP012412	SRS15428080	0.992	0.576	10.556	0.821	0.603	0.944	10378.5	65409	435174.54	2468
SRX17911858	Motor Neuron	motor neuron	NA	NA	SRP012412	SRS15428081	0.992	0.576	9.874	0.817	0.621	0.943	10626.79	63442	434308.59	2464
SRX17911908	Motor Neuron	motor neuron	NA	NA	SRP012412	SRS15428126	0.986	0.801	6.032	0.831	0.292	0.924	2140.55	40075	100428.92	1574
SRX17911909	Motor Neuron	motor neuron	NA	NA	SRP012412	SRS15428127	0.983	0.812	8.679	0.833	0.354	0.935	2068.32	44195	102859.1	1617
SRX17911921	Motor Neuron	motor neuron	NA	NA	SRP012412	SRS15428138	0.989	0.773	3.298	0.811	0.104	0.797	2668.94	32800	183059.71	939
SRX17911922	Motor Neuron	motor neuron	NA	NA	SRP012412	SRS15428139	0.991	0.768	5.799	0.833	0.188	0.932	2243.27	41347	130053.68	1264
SRX17911952	Motor Neuron	motor neuron	NA	NA	SRP012412	SRS15428167	0.981	0.757	2.698	0.780	0.089	0.734	2231.35	26798	231264.98	743
SRX17911953	Motor Neuron	motor neuron	NA	NA	SRP012412	SRS15428168	0.991	0.788	7.485	0.801	0.499	0.925	1896.84	37263	91483.83	1656
SRX17911966	Motor Neuron	motor neuron	NA	NA	SRP012412	SRS15428178	0.990	0.776	6.712	0.802	0.421	0.916	2874.77	38772	180250.72	1367
SRX17911967	Motor Neuron	motor neuron	NA	NA	SRP012412	SRS15428179	0.987	0.777	5.963	0.834	0.222	0.922	2873.1	38399	189769.22	1290
SRX17911980	Motor Neuron	motor neuron	NA	NA	SRP012412	SRS15428188	0.991	0.530	8.976	0.821	0.429	0.937	12136.91	59522	440730.47	2346
SRX17911981	Motor Neuron	motor neuron	NA	NA	SRP012412	SRS15428189	0.991	0.532	8.208	0.819	0.405	0.930	12753.17	56256	440740.41	2315
SRX17912009	Motor Neuron	motor neuron	NA	NA	SRP012412	SRS15428214	0.991	0.792	13.831	0.828	0.663	0.954	1894.34	53859	59586.53	2673
SRX17912010	Motor Neuron	motor neuron	NA	NA	SRP012412	SRS15428215	0.991	0.789	13.200	0.829	0.651	0.954	1872.31	53387	63087.12	2480
SRX17912019	Motor Neuron	motor neuron	NA	NA	SRP012412	SRS15428223	0.992	0.539	10.456	0.832	0.605	0.950	11028.92	72539	377388.01	2947
SRX17912020	Motor Neuron	motor neuron	NA	NA	SRP012412	SRS15428224	0.991	0.531	9.574	0.809	0.552	0.942	12353.2	63897	384938.4	2885
SRX17912055	Motor Neuron	motor neuron	NA	NA	SRP012412	SRS15428252	0.991	0.779	13.436	0.844	0.615	0.952	2573.77	53400	124392.08	2030
SRX17912056	Motor Neuron	motor neuron	NA	NA	SRP012412	SRS15428253	0.991	0.775	11.684	0.843	0.641	0.951	2551.13	51938	123753.41	2028
SRX17912092	Motor Neuron	motor neuron	NA	NA	SRP012412	SRS15428285	0.991	0.611	9.533	0.826	0.611	0.940	8432.94	61918	384714.96	2504
SRX17912093	Motor Neuron	motor neuron	NA	NA	SRP012412	SRS15428286	0.991	0.610	10.379	0.823	0.616	0.943	8245.83	62792	381353.19	2534
SRX1793681	HeLa	NA	NA	HeLa_S3	SRP075562	SRS1463017	0.983	0.666	11.610	0.630	0.636	0.936	12002.27	70556	507396.84	2328
SRX17960375	C33A	NA	NA	C33A	SRP357194	SRS15477030	0.994	0.441	15.057	0.853	0.809	0.939	12662.29	80022	324368.04	3275
SRX17960376	CaSki	NA	NA	CaSki	SRP357194	SRS15477031	0.993	0.666	16.244	0.858	0.754	0.928	9705.52	72302	387793.99	2572
SRX17960377	HeLa	NA	NA	HeLa	SRP357194	SRS15477032	0.992	0.533	19.014	0.849	0.804	0.959	8599.74	109887	245694.97	4749
SRX17960378	S12	NA	NA	S12	SRP357194	SRS15477033	0.993	0.436	14.845	0.868	0.779	0.949	13250.04	77317	346714.26	4126
SRX17960379	SiHa	NA	NA	SiHa	SRP357194	SRS15477034	0.992	0.622	14.938	0.705	0.806	0.936	11147.8	74201	558816.71	2046
SRX1806734	ESC	human embryonic stem cell line	NA	H9 human embryonic stem cell	SRP075876	SRS1471633	0.990	0.818	23.266	0.900	0.775	0.937	1079.37	44583	19879.61	4371
SRX1806735	ESC	human embryonic stem cell line	NA	H9 human embryonic stem cell	SRP075876	SRS1471634	0.989	0.854	22.974	0.893	0.772	0.937	1133.09	43832	22241.62	4507
SRX1806736	ESC	human embryonic stem cell line	NA	Embryoid body derived from H9 hESC	SRP075876	SRS1471635	0.994	0.833	15.317	0.576	0.844	0.934	1165.31	44560	38904.52	3663
SRX1806737	ESC	human embryonic stem cell line	NA	Embryoid body derived from H9 hESC	SRP075876	SRS1471636	0.991	0.844	22.268	0.894	0.791	0.937	1218.53	39303	39150.32	3846
SRX1806738	ESC	human embryonic stem cell line	NA	Cerebral organoids, 40 days differentiation	SRP075876	SRS1471637	0.995	0.835	14.152	0.895	0.698	0.934	1737.27	48458	88898.1	2486
SRX1806739	ESC	human embryonic stem cell line	NA	Cerebral organoids, 40 days differentiation	SRP075876	SRS1471638	0.995	0.844	23.727	0.890	0.785	0.937	1884.43	51548	94465.98	2374
SRX1806740	ESC	human embryonic stem cell line	NA	Cerebral organoids, 60 days differentiation	SRP075876	SRS1471639	0.995	0.833	14.004	0.887	0.689	0.934	1798.25	47573	93620.22	2373
SRX1806741	ESC	human embryonic stem cell line	NA	Cerebral organoids, 60 days differentiation	SRP075876	SRS1471640	0.995	0.841	24.887	0.883	0.812	0.938	2472.83	51240	108368.59	2265
SRX1806742	Brain	NA	NA	Middle frontal gyrus from 19w gestation human brain	SRP075876	SRS1471641	0.995	0.815	28.581	0.879	0.813	0.948	1263.7	80819	27394.63	3455
SRX1809977	ESC	NA	NA	Embryonic stem cell line	SRP075910	SRS1474323	0.974	0.659	3.188	0.766	0.683	0.731	1591.98	26490	5710287.89	94
SRX1809978	ESC	NA	NA	Embryonic stem cell line	SRP075910	SRS1474324	0.973	0.640	5.365	0.810	0.729	0.869	1516.56	27280	38938.64	363
SRX1809979	ESC	NA	NA	Embryonic stem cell line	SRP075910	SRS1474325	0.970	0.630	4.728	0.805	0.715	0.867	1527.37	26928	28597.75	253
SRX1809980	ESC	NA	NA	Embryonic stem cell line	SRP075910	SRS1474326	0.952	0.653	4.160	0.821	0.750	0.856	1435.11	26090	19232.48	423
SRX1809981	ESC	NA	NA	Embryonic stem cell line	SRP075910	SRS1474327	0.974	0.684	4.485	0.765	0.826	0.840	1609.51	23851	19426.68	402
SRX1809982	ESC	NA	NA	Embryonic stem cell line	SRP075910	SRS1474328	0.970	0.761	3.336	0.683	0.648	0.799	1597.05	24288	186504.7	1335
SRX1809983	ESC	NA	NA	Embryonic stem cell line	SRP075910	SRS1474329	0.973	0.873	11.769	0.804	0.689	0.949	1241.03	37684	18458.41	3830
SRX1809984	ESC	NA	NA	Embryonic stem cell line	SRP075910	SRS1474330	0.974	0.857	7.619	0.857	0.957	0.950	1225.62	34272	25674.29	2246
SRX18120791	Cord Blood	CD8+	Cord blood	Cord blood	SRP405874	SRS15622798	0.981	0.782	23.243	0.863	0.704	0.966	984.81	57636	13180.81	3294
SRX18120792	Cord Blood	CD8+	Cord blood	Cord blood	SRP405874	SRS15622799	0.981	0.781	24.769	0.844	0.684	0.966	984.58	57975	12727.61	3527
SRX18120793	Cord Blood	CD8+	Cord blood	Cord blood	SRP405874	SRS15622800	0.982	0.775	28.887	0.865	0.751	0.967	977.87	59375	13953.83	3106
SRX18120794	Cord Blood	CD8+	Cord blood	Cord blood	SRP405874	SRS15622801	0.982	0.783	25.518	0.855	0.672	0.966	982.7	58891	13850.08	3174
SRX18120795	Cord Blood	CD8+	Cord blood	Cord blood	SRP405874	SRS15622802	0.981	0.753	23.737	0.872	0.755	0.964	953.82	59828	12523.2	3372
SRX18120796	Cord Blood	CD8+	Cord blood	Cord blood	SRP405874	SRS15622803	0.980	0.760	28.509	0.873	0.772	0.966	970.67	59873	13429.84	3285
SRX18120797	Cord Blood	CD8+	Cord blood	Cord blood	SRP405874	SRS15622804	0.983	0.762	25.776	0.873	0.761	0.969	934.89	62258	11956.0	3807
SRX18120798	Cord Blood	CD8+	Cord blood	Cord blood	SRP405874	SRS15622805	0.972	0.824	26.033	0.876	0.803	0.966	1056.68	65107	17250.94	4397
SRX18122821	Embryonic Kidney	human embryonic kidney cell	NA	human embryonic kidney cell	SRP405928	SRS15624790	0.995	0.405	3.202	0.295	0.694	1.000	13115.17	7141	955570.44	772
SRX18122822	Breast Cancer	human breast cancer cell	NA	human breast cancer cell	SRP405928	SRS15624791	0.995	0.409	3.215	0.285	0.731	1.000	5081.47	8545	1087289.01	670
SRX18122823	Hepatocarcinoma	human hepatocarcinoma cell	NA	human hepatocarcinoma cell	SRP405928	SRS15624792	0.993	0.390	3.916	0.605	0.785	1.000	35847.93	885	1140040.58	1400
SRX18122824	Hepatocarcinoma	human hepatocarcinoma cell	NA	human hepatocarcinoma cell	SRP405928	SRS15624793	0.995	0.229	4.623	0.600	0.558	1.000	4307.76	4678	2056427.55	615
SRX18272255	ESC	hESC	NA	UCLA1	SRP408041	SRS15765429	0.955	0.735	19.164	0.584	0.854	0.966	1101.28	36098	7725.96	3813
SRX18272256	ESC	hESC	NA	UCLA1	SRP408041	SRS15765430	0.953	0.733	13.202	0.583	0.885	0.962	1200.73	31520	12854.53	1810
SRX18272257	PGCLC	hPGCLC	NA	UCLA1	SRP408041	SRS15765431	0.963	0.715	8.496	0.609	0.846	0.957	1242.12	31745	12285.9	1583
SRX18272258	PGCLC	hPGCLC	NA	UCLA1	SRP408041	SRS15765432	0.962	0.690	14.486	0.612	0.815	0.964	1132.02	36543	8053.56	3020
SRX18272259	ESC	hESC	NA	UCLA2	SRP408041	SRS15765433	0.957	0.749	23.165	0.579	0.874	0.971	1022.8	41414	8272.91	4350
SRX18272260	ESC	hESC	NA	UCLA2	SRP408041	SRS15765434	0.947	0.748	11.747	0.603	0.865	0.964	1170.23	33608	12128.58	1713
SRX18272261	ESC	hESC	NA	UCLA2	SRP408041	SRS15765435	0.956	0.747	17.044	0.589	0.858	0.969	1087.16	37277	7457.77	3832
SRX18272262	PGCLC	hPGCLC	NA	UCLA2	SRP408041	SRS15765436	0.957	0.691	20.217	0.612	0.807	0.971	1064.61	39449	6798.28	3554
SRX18272263	PGCLC	hPGCLC	NA	UCLA2	SRP408041	SRS15765437	0.963	0.711	13.786	0.604	0.740	0.968	1116.18	39579	10826.63	1832
SRX18272264	PGCLC	hPGCLC	NA	UCLA2	SRP408041	SRS15765438	0.963	0.706	13.663	0.604	0.832	0.968	1128.98	38546	10307.88	1985
SRX18272265	ESC	hESC	NA	UCLA1	SRP408041	SRS15765439	0.983	0.743	19.309	0.755	0.783	0.970	1004.48	36842	14746.01	4227
SRX18272266	ESC	hESC	NA	UCLA1	SRP408041	SRS15765440	0.982	0.732	17.290	0.759	0.783	0.968	1095.01	33195	12471.33	3986
SRX18272267	ESC	hESC	NA	UCLA1	SRP408041	SRS15765441	0.975	0.755	19.307	0.726	0.814	0.970	1045.78	33820	10319.36	3335
SRX18337795	embryo-derived naive hPSC	embryo-derived naive hPSC	NA	embryo-derived HNES1	SRP409096	SRS15826634	0.975	0.304	5.937	0.367	0.860	0.731	4737.66	16159	394098.39	1121
SRX18337796	embryo-derived naive hPSC	embryo-derived naive hPSC	NA	embryo-derived HNES1	SRP409096	SRS15826635	0.955	0.454	4.811	0.592	0.891	0.909	8688.88	34512	369139.85	1735
SRX18337799	chemically reset hPSC	chemically reset hPSC	NA	chemically reset cR-H9-EOS	SRP409096	SRS15826638	0.982	0.720	2.791	0.604	0.850	0.746	1995.13	22320	137684.43	1565
SRX18337800	chemically reset hPSC	chemically reset hPSC	NA	chemically reset cR-H9-EOS	SRP409096	SRS15826639	0.979	0.720	3.089	0.607	0.795	0.800	1801.39	23773	57525.81	1146
SRX18337804	embryo-derived naive hPSC	embryo-derived naive hPSC	NA	embryo-derived HNES1	SRP409096	SRS15826643	0.982	0.648	4.245	0.678	0.516	0.884	2021.66	29545	126414.12	1937
SRX18337806	embryo-derived naive hPSC	embryo-derived naive hPSC	NA	embryo-derived HNES1	SRP409096	SRS15826645	0.985	0.643	1.781	0.537	0.962	0.744	2423.13	25112	196322.98	1040
SRX18337807	chemically reset hPSC	chemically reset hPSC	NA	chemically reset cR-H9-EOS	SRP409096	SRS15826646	0.970	0.571	6.897	0.567	0.914	0.778	1383.69	30537	29640.84	543
SRX18337808	chemically reset hPSC	chemically reset hPSC	NA	chemically reset cR-H9-EOS	SRP409096	SRS15826647	0.973	0.591	4.615	0.597	0.951	0.740	1423.4	30356	37978.98	427
SRX18337811	chemically reset hPSC	chemically reset hPSC	NA	chemically reset cR-H9-EOS	SRP409096	SRS15826650	0.982	0.689	1.740	0.545	0.980	0.734	1685.88	24354	47899.12	271
SRX18337814	conventional hPSC	conventional hPSC	NA	H9-EOS (parental line for cR-H9-EOS)	SRP409096	SRS15826653	0.972	0.614	8.826	0.612	0.897	0.802	1267.52	31110	32995.92	585
SRX18337815	conventional hPSC	conventional hPSC	NA	H9-EOS (parental line for cR-H9-EOS)	SRP409096	SRS15826654	0.978	0.672	7.326	0.670	0.941	0.847	1285.14	31038	28696.85	754
SRX186031	Lung Fiboblast Cells	lung fiboblast cells	NA	lung fibroblast	SRP015704	SRS362202	0.924	0.627	13.375	0.798	0.343	0.917	12990.61	48952	595779.56	2015
SRX186032	Glioblastoma	glioblastoma	NA	glioblastoma cells	SRP015704	SRS362203	0.975	0.676	3.216	0.704	0.962	0.818	13706.25	42170	723690.56	1180
SRX186033	Glioblastoma	glioblastoma	NA	glioblastoma cells	SRP015704	SRS362203	0.977	0.685	5.981	0.745	0.964	0.898	12659.69	49359	548735.6	1572
SRX186034	Glioblastoma	glioblastoma	NA	glioblastoma cells	SRP015704	SRS362204	0.976	0.681	3.409	0.713	0.976	0.847	13526.88	44319	707372.22	1251
SRX186035	Glioblastoma	glioblastoma	NA	glioblastoma cells	SRP015704	SRS362204	0.978	0.686	6.442	0.753	0.977	0.917	12639.56	50658	558824.02	1602
SRX186542	ESC	NA	NA	H1-hESC	SRP015742	SRS362610	0.987	0.843	13.249	0.672	0.366	0.944	1179.63	37056	10121.88	4170
SRX186543	Normal	NA	NA	GM12878	SRP015742	SRS362611	0.995	0.517	12.863	0.676	0.391	0.942	18891.08	35153	1081300.06	1520
SRX1869512	Lung Fibroblast	NA	lung fibroblast	IMR90, Roche, 1ug starting material	SRP076893	SRS1520199	0.997	0.474	21.185	0.696	0.709	0.723	6915.89	21567	1048234.16	1038
SRX1869513	Lung Fibroblast	NA	lung fibroblast	IMR90, WGBS	SRP076893	SRS1520200	0.985	0.627	11.729	0.762	0.407	0.920	8512.46	50975	754284.38	1564
SRX18916776	PBMC	CD8 T cell	PBMC	PBMC	SRP404930	SRS16343513	0.996	0.719	2.757	0.791	0.680	1.000	1064.38	18860	383395.23	13
SRX18916777	PBMC	CD8 T cell	PBMC	PBMC	SRP404930	SRS16343514	0.996	0.745	2.902	0.813	0.598	1.000	1132.83	20943	236660.39	114
SRX18916778	LN	CD8 T cell	LN	LN	SRP404930	SRS16343515	0.994	0.701	11.388	0.814	0.358	1.000	2390.06	21228	24830.89	583
SRX18916779	LN	CD8 T cell	LN	LN	SRP404930	SRS16343516	0.994	0.745	12.733	0.817	0.323	1.000	1506.88	26244	20261.79	566
SRX18916780	LN	CD8 T cell	LN	LN	SRP404930	SRS16343517	0.990	0.715	7.402	0.773	0.053	1.000	874.85	13909	75285.97	74
SRX18916781	Tumor	CD8 T cell	Tumor	Tumor	SRP404930	SRS16343518	0.994	0.661	6.546	0.737	0.045	1.000	764.95	5040	107177.24	67
SRX18916782	Tumor	CD8 T cell	Tumor	Tumor	SRP404930	SRS16343519	0.996	0.690	11.139	0.790	0.138	1.000	1835.51	17061	56446.01	268
SRX18916783	Tumor	CD8 T cell	Tumor	Tumor	SRP404930	SRS16343520	0.996	0.726	13.271	0.820	0.534	1.000	1924.2	28720	16055.31	690
SRX18916784	Tumor	CD8 T cell	Tumor	Tumor	SRP404930	SRS16343521	0.996	0.712	8.874	0.785	0.096	1.000	1069.15	14720	74241.66	153
SRX18916801	Tumor	CD8 T cell	Tumor	Tumor	SRP404930	SRS16343538	0.995	0.678	9.465	0.780	0.061	1.000	991.61	14920	92259.67	141
SRX18916802	Tumor	CD8 T cell	Tumor	Tumor	SRP404930	SRS16343539	0.994	0.756	10.843	0.806	0.505	1.000	1505.33	23034	23559.81	470
SRX18928741	Pancreas	Acini	Pancreas	Pancreas	SRP415835	SRS16354191	0.992	0.695	13.292	0.959	0.999	0.939	1350.38	48809	256340.57	2901
SRX18928742	Pancreas	Acini	Pancreas	Pancreas	SRP415835	SRS16354192	0.993	0.691	13.770	0.960	0.998	0.939	1317.37	52373	57597.07	4993
SRX18928743	Pancreas	Acini	Pancreas	Pancreas	SRP415835	SRS16354193	0.994	0.680	10.027	0.948	0.995	0.935	1341.29	45574	36050.09	4566
SRX18928744	Pancreas	Acini	Pancreas	Pancreas	SRP415835	SRS16354194	0.993	0.707	12.756	0.959	0.998	0.942	1219.76	47528	20047.36	2865
SRX18928745	Pancreas	Acini	Pancreas	Pancreas	SRP415835	SRS16354196	0.991	0.688	11.954	0.959	0.998	0.941	1461.54	49269	259775.25	2861
SRX18928746	Pancreas	Ducts	Pancreas	Pancreas	SRP415835	SRS16354195	0.992	0.753	8.232	0.953	0.997	0.928	1225.77	57282	11988.41	3096
SRX18928747	Pancreas	Ducts	Pancreas	Pancreas	SRP415835	SRS16354197	0.993	0.777	8.069	0.951	0.997	0.931	1108.9	57816	23804.61	1903
SRX18928748	Pancreas	Ducts	Pancreas	Pancreas	SRP415835	SRS16354198	0.994	0.734	9.757	0.952	0.997	0.935	1033.24	63725	16632.73	3677
SRX18928749	Pancreas	Ducts	Pancreas	Pancreas	SRP415835	SRS16354199	0.995	0.756	8.044	0.951	0.996	0.933	1130.63	56718	30288.73	2084
SRX18928750	Pancreas	PanIN lesion	Pancreas	Pancreas	SRP415835	SRS16354200	0.993	0.713	12.667	0.958	0.998	0.938	1308.44	58616	35706.75	4416
SRX18928751	Pancreas	PanIN lesion	Pancreas	Pancreas	SRP415835	SRS16354201	0.993	0.693	13.126	0.960	0.998	0.938	1448.0	66366	28803.25	3840
SRX18928752	Pancreas	PanIN lesion	Pancreas	Pancreas	SRP415835	SRS16354202	0.995	0.724	7.735	0.950	0.993	0.931	1236.78	61460	18445.03	1343
SRX18928753	Pancreas	PanIN lesion	Pancreas	Pancreas	SRP415835	SRS16354203	0.994	0.718	12.556	0.959	0.998	0.942	1193.22	69912	14770.81	2711
SRX18928754	Pancreas	PanIN lesion	Pancreas	Pancreas	SRP415835	SRS16354204	0.992	0.690	11.423	0.958	0.999	0.939	2197.51	67361	231496.26	2913
SRX18928755	Pancreas	PDAC lesion	Pancreas	Pancreas	SRP415835	SRS16354205	0.995	0.702	6.851	0.950	0.993	0.925	1396.68	50892	33658.27	1519
SRX18928756	Pancreas	PDAC lesion	Pancreas	Pancreas	SRP415835	SRS16354206	0.995	0.658	17.493	0.956	0.997	0.939	1504.32	86543	23217.83	2189
SRX18928757	Pancreas	PDAC lesion	Pancreas	Pancreas	SRP415835	SRS16354207	0.995	0.669	12.878	0.953	0.996	0.937	3112.22	73022	286927.85	2574
SRX18928758	Pancreas	PDAC lesion	Pancreas	Pancreas	SRP415835	SRS16354208	0.995	0.687	12.714	0.955	0.996	0.940	1986.5	61376	646171.1	1687
SRX18928759	Pancreas	PDAC lesion	Pancreas	Pancreas	SRP415835	SRS16354209	0.995	0.628	9.979	0.952	0.995	0.933	4474.52	69426	364088.75	2112
SRX18928760	Pancreas	PDAC lesion	Pancreas	Pancreas	SRP415835	SRS16354210	0.995	0.686	13.991	0.954	0.996	0.942	1417.92	68509	13996.7	2883
SRX18928761	Pancreas	Acini	Pancreas	Pancreas	SRP415835	SRS16354211	0.990	0.722	11.721	0.967	0.998	0.936	1352.09	49911	197195.33	3695
SRX18928762	Pancreas	Acini	Pancreas	Pancreas	SRP415835	SRS16354212	0.990	0.716	13.824	0.968	0.998	0.937	1970.3	55726	471199.67	2126
SRX18928763	Pancreas	Acini	Pancreas	Pancreas	SRP415835	SRS16354214	0.992	0.716	12.429	0.968	0.998	0.935	2312.25	56422	465415.53	2120
SRX18928764	Pancreas	Ducts	Pancreas	Pancreas	SRP415835	SRS16354213	0.990	0.808	12.517	0.967	0.998	0.936	1122.26	65661	17566.6	3613
SRX18928765	Pancreas	Ducts	Pancreas	Pancreas	SRP415835	SRS16354216	0.991	0.813	16.247	0.968	0.998	0.938	1111.77	70034	16084.71	3858
SRX18928766	Pancreas	Ducts	Pancreas	Pancreas	SRP415835	SRS16354215	0.991	0.817	13.580	0.967	0.998	0.936	1102.12	69521	15375.36	3924
SRX18928767	Pancreas	PanIN lesion	Pancreas	Pancreas	SRP415835	SRS16354218	0.991	0.736	5.275	0.967	0.999	0.914	1814.67	45021	593209.76	1479
SRX18928768	Pancreas	PanIN lesion	Pancreas	Pancreas	SRP415835	SRS16354217	0.990	0.699	8.822	0.967	0.997	0.931	2325.82	56705	693025.06	1351
SRX18928769	Pancreas	PanIN lesion	Pancreas	Pancreas	SRP415835	SRS16354219	0.991	0.750	12.280	0.967	0.998	0.936	1363.75	64301	20575.96	3120
SRX18928770	Pancreas	PanIN lesion	Pancreas	Pancreas	SRP415835	SRS16354220	0.991	0.709	12.618	0.968	0.998	0.935	2047.01	67090	398368.62	2157
SRX18928771	Pancreas	PanIN lesion	Pancreas	Pancreas	SRP415835	SRS16354221	0.992	0.743	14.345	0.968	0.998	0.937	1465.55	72880	58007.29	5430
SRX18928772	Pancreas	PanIN lesion	Pancreas	Pancreas	SRP415835	SRS16354222	0.991	0.755	11.945	0.968	0.998	0.935	1316.66	70179	25450.85	3604
SRX18928773	Pancreas	PanIN lesion	Pancreas	Pancreas	SRP415835	SRS16354223	0.991	0.736	9.486	0.967	0.998	0.932	1658.6	62825	76629.35	4581
SRX18928774	Pancreas	PanIN lesion	Pancreas	Pancreas	SRP415835	SRS16354224	0.991	0.725	12.871	0.968	0.998	0.935	2062.83	69005	327002.35	2312
SRX18928775	Pancreas	PanIN lesion	Pancreas	Pancreas	SRP415835	SRS16354225	0.991	0.747	13.022	0.968	0.998	0.935	1388.72	70438	30257.8	3180
SRX18975757	B Cell Precursor Leukemia	NA	B cell precursor leukemia	NA	SRP241842	SRS5989101	0.996	0.745	28.710	0.709	0.787	0.965	1122.61	63849	12109.35	2576
SRX18975758	B Cell Precursor Leukemia	NA	B cell precursor leukemia	NA	SRP241842	SRS5989101	0.995	0.760	20.995	0.755	0.314	0.962	1097.23	64040	11911.02	2127
SRX18975964	Blood	B-Lymphocyte	blood	NA	SRP373598	SRS12895852	0.998	0.522	49.478	0.865	0.800	0.968	10997.06	69988	958256.51	1793
SRX18975965	Blood	B-Lymphocyte	blood	NA	SRP373598	SRS12895852	0.998	0.520	38.835	0.862	0.810	0.967	11363.48	66634	977034.84	1746
SRX190150	Left Ventricle	NA	Left Ventricle	NA	SRP000941	SRS306613	0.995	0.800	39.559	0.864	0.585	0.930	1120.99	57850	20275.18	3330
SRX190151	Thymus	NA	Thymus	NA	SRP000941	SRS348369	0.996	0.861	48.270	0.891	0.645	0.931	1036.38	61605	14917.83	4092
SRX190152	Ovary	NA	Ovary	NA	SRP000941	SRS348370	0.996	0.764	46.391	0.893	0.576	0.928	1231.35	90613	20837.33	2843
SRX190153	Adrenal Gland	NA	Adrenal Gland	NA	SRP000941	SRS300640	0.996	0.775	31.322	0.899	0.534	0.929	1041.49	49107	16306.59	2604
SRX190155	Adipose Tissue	NA	Adipose Tissue	NA	SRP000941	SRS306617	0.996	0.803	33.574	0.887	0.554	0.930	1071.37	54956	13709.8	3154
SRX190156	Gastric	NA	Gastric	NA	SRP000941	SRS308397	0.996	0.784	38.815	0.880	0.557	0.931	1256.57	68083	12814.54	3388
SRX190158	Psoas Muscle	NA	Psoas Muscle	NA	SRP000941	SRS306621	0.995	0.770	50.975	0.883	0.531	0.932	1269.33	76888	16422.91	3135
SRX190159	Right Atrium	NA	Right Atrium	NA	SRP000941	SRS306622	0.995	0.782	42.081	0.885	0.609	0.931	1134.42	63269	17601.34	2786
SRX190160	Right Ventricle	NA	Right Ventricle	NA	SRP000941	SRS308398	0.995	0.787	34.343	0.887	0.635	0.930	1096.56	57324	17884.91	3049
SRX190161	Sigmoid Colon	NA	Sigmoid Colon	NA	SRP000941	SRS306624	0.996	0.771	58.263	0.886	0.579	0.933	1229.09	79452	12864.61	3105
SRX19265785	HEK293T	NA	NA	HEK293T	SRP420728	SRS16668250	0.984	0.576	14.561	0.672	0.852	0.966	10094.21	84147	357510.23	2601
SRX19265786	HEK293T	NA	NA	HEK293T	SRP420728	SRS16668251	0.988	0.567	11.258	0.689	0.859	0.963	10910.68	77659	368584.75	2512
SRX19265787	HEK293T	NA	NA	HEK293T	SRP420728	SRS16668252	0.984	0.568	11.624	0.709	0.851	0.965	10394.9	81580	349798.56	2659
SRX19265788	HEK293T	NA	NA	HEK293T	SRP420728	SRS16668253	0.990	0.560	9.478	0.692	0.878	0.962	11124.57	75626	360738.42	2559
SRX19265789	HEK293T	NA	NA	HEK293T	SRP420728	SRS16668254	0.988	0.555	14.685	0.718	0.861	0.967	9370.89	90428	358037.24	2607
SRX19265790	HEK293T	NA	NA	HEK293T	SRP420728	SRS16668255	0.990	0.552	13.540	0.699	0.792	0.967	9456.68	88929	361546.16	2578
SRX19265791	HEK293T	NA	NA	HEK293T	SRP420728	SRS16668256	0.986	0.451	11.725	0.689	0.865	0.965	10315.28	75657	344742.37	2514
SRX19265792	HEK293T	NA	NA	HEK293T	SRP420728	SRS16668257	0.984	0.452	11.404	0.708	0.862	0.964	10747.27	72522	343282.68	2527
SRX19265793	HEK293T	NA	NA	HEK293T	SRP420728	SRS16668258	0.992	0.025	12.099	0.760	0.703	0.966	0.0	0	92692324.0	2
SRX19265794	HEK293T	NA	NA	HEK293T	SRP420728	SRS16668259	0.992	0.024	8.954	0.754	0.605	0.963	0.0	0	106711724.33	3
SRX19265795	HEK293T	NA	NA	HEK293T	SRP420728	SRS16668260	0.992	0.022	13.364	0.799	0.672	0.967	0.0	0	0.0	0
SRX19265796	HEK293T	NA	NA	HEK293T	SRP420728	SRS16668261	0.992	0.024	11.269	0.770	0.735	0.965	0.0	0	0.0	0
SRX19265797	HEK293T	NA	NA	HEK293T	SRP420728	SRS16668262	0.992	0.042	10.802	0.788	0.705	0.965	0.0	0	113581500.0	1
SRX19265798	HEK293T	NA	NA	HEK293T	SRP420728	SRS16668263	0.992	0.058	5.696	0.789	0.551	0.947	0.0	0	131202500.0	1
SRX19265799	HEK293T	NA	NA	HEK293T	SRP420728	SRS16668264	0.992	0.106	8.391	0.770	0.652	0.960	0.0	0	131199010.0	1
SRX19265800	HEK293T	NA	NA	HEK293T	SRP420728	SRS16668265	0.992	0.111	9.453	0.756	0.824	0.961	0.0	0	113581500.0	1
SRX19430736	Plasma	NA	plasma	plasma	SRP423445	SRS16824758	0.986	0.747	7.552	0.684	0.699	0.924	1182.76	44251	26224.57	840
SRX19430737	Plasma	NA	plasma	plasma	SRP423445	SRS16824760	0.986	0.742	9.802	0.649	0.648	0.934	1115.4	47835	21622.55	1050
SRX19430738	Plasma	NA	plasma	plasma	SRP423445	SRS16824761	0.988	0.679	10.122	0.621	0.640	0.935	1082.23	47519	19873.36	1003
SRX19430739	Plasma	NA	plasma	plasma	SRP423445	SRS16824762	0.981	0.679	8.935	0.579	0.576	0.925	1146.01	44183	22560.3	902
SRX19487576	Glioblastoma Tumor	NA	glioblastoma tumor	glioblastoma tumor	SRP424257	SRS16878547	0.995	0.730	2.510	0.841	0.398	0.795	2114.59	32625	884867.28	965
SRX19626981	Brain	glioblastoma stem cell	brain	brain	SRP426514	SRS16996847	0.992	0.431	5.311	0.864	0.709	0.897	21444.11	26066	459867.58	2082
SRX19626982	Brain	glioblastoma stem cell	brain	brain	SRP426514	SRS16996848	0.976	0.433	6.479	0.885	0.628	0.909	16816.35	36266	474455.84	1931
SRX19626983	Brain	glioblastoma stem cell	brain	brain	SRP426514	SRS16996849	0.991	0.620	7.348	0.852	0.632	0.929	11394.68	62669	404866.21	2595
SRX19626984	Brain	glioblastoma stem cell	brain	brain	SRP426514	SRS16996851	0.991	0.644	9.241	0.903	0.697	0.935	10438.35	70658	403203.89	2609
SRX19626985	Brain	glioblastoma stem cell	brain	brain	SRP426514	SRS16996850	0.994	0.228	4.123	0.864	0.703	0.837	0.0	0	6607789.3	50
SRX19626986	Brain	glioblastoma stem cell	brain	brain	SRP426514	SRS16996853	0.996	0.243	5.994	0.912	0.719	0.911	58331.87	3200	3762348.85	52
SRX19626987	Brain	glioblastoma stem cell	brain	brain	SRP426514	SRS16996852	0.996	0.621	7.571	0.908	0.675	0.921	12684.84	56049	348809.71	2777
SRX19626988	Brain	glioblastoma stem cell	brain	brain	SRP426514	SRS16996854	0.995	0.616	7.457	0.906	0.731	0.929	12307.97	57665	350500.16	2774
SRX19626989	Brain	glioblastoma stem cell	brain	brain	SRP426514	SRS16996855	0.994	0.395	6.282	0.850	0.667	0.907	21467.33	26951	468145.82	2062
SRX19626990	Brain	glioblastoma stem cell	brain	brain	SRP426514	SRS16996857	0.995	0.611	6.338	0.899	0.703	0.912	12968.76	59317	482562.72	2228
SRX19626991	Brain	glioblastoma stem cell	brain	brain	SRP426514	SRS16996856	0.995	0.574	4.592	0.850	0.721	0.862	14908.04	47967	533685.19	2020
SRX19626992	Brain	glioblastoma stem cell	brain	brain	SRP426514	SRS16996858	0.993	0.318	5.610	0.895	0.674	0.893	33928.44	10085	476559.37	1884
SRX19626993	Skin	primary dermal fibroblast	skin	skin	SRP426514	SRS16996859	0.989	0.556	3.531	0.793	0.542	0.777	12402.27	33892	1015706.48	1107
SRX19626994	Skin	primary dermal fibroblast	skin	skin	SRP426514	SRS16996860	0.988	0.552	5.852	0.802	0.426	0.855	13388.67	37606	875925.34	1295
SRX19626995	Skin	primary dermal fibroblast	skin	skin	SRP426514	SRS16996861	0.992	0.640	6.087	0.785	0.526	0.880	9603.18	56652	729059.57	1654
SRX19626996	Skin	primary dermal fibroblast	skin	skin	SRP426514	SRS16996862	0.986	0.651	9.199	0.800	0.478	0.915	8501.53	64924	681565.48	1758
SRX19626997	Brain	Human Astrocytes	brain	brain	SRP426514	SRS16996863	0.997	0.648	11.123	0.865	0.577	0.952	1139.98	48967	12474.16	2204
SRX19626998	Brain	Human Astrocytes	brain	brain	SRP426514	SRS16996864	0.996	0.653	10.379	0.870	0.567	0.950	1185.0	46923	12660.99	2075
SRX19626999	Brain	Human Astrocytes	brain	brain	SRP426514	SRS16996866	0.997	0.766	8.932	0.875	0.655	0.952	1172.26	49714	35211.78	1596
SRX19627000	Brain	Human Astrocytes	brain	brain	SRP426514	SRS16996865	0.997	0.777	8.679	0.882	0.679	0.950	1202.99	49601	37208.11	1537
SRX19627001	Skin	primary dermal fibroblast	skin	skin	SRP426514	SRS16996867	0.994	0.601	6.035	0.852	0.637	0.859	13086.28	47853	703980.44	1665
SRX19627002	Skin	primary dermal fibroblast	skin	skin	SRP426514	SRS16996868	0.994	0.606	12.976	0.871	0.611	0.923	9656.21	67524	523677.82	2217
SRX19627003	Skin	primary dermal fibroblast	skin	skin	SRP426514	SRS16996870	0.994	0.655	3.487	0.883	0.647	0.794	12322.44	47982	746067.06	1583
SRX19627004	Skin	primary dermal fibroblast	skin	skin	SRP426514	SRS16996871	0.994	0.656	17.887	0.875	0.623	0.934	8441.28	77902	512290.55	2330
SRX19627005	Brain	Human Astrocytes	brain	brain	SRP426514	SRS16996869	0.991	0.776	8.187	0.863	0.605	0.896	1467.81	46640	47018.31	1314
SRX19627006	Brain	Human Astrocytes	brain	brain	SRP426514	SRS16996873	0.991	0.769	6.166	0.851	0.580	0.860	1557.03	42953	43045.17	1317
SRX19627007	Brain	Human Astrocytes	brain	brain	SRP426514	SRS16996872	0.992	0.790	5.785	0.858	0.586	0.860	1645.39	39579	83280.68	1126
SRX19627030	Brain	Human Astrocytes	brain	brain	SRP426514	SRS16996895	0.991	0.784	4.453	0.834	0.606	0.814	1692.03	35951	75651.96	1044
SRX19634831	Patient Derived Xenograft	NA	Patient derived xenograft	Patient derived xenograft	SRP426633	SRS17003868	0.979	0.443	22.445	0.842	0.638	0.963	8504.44	106841	164593.5	5261
SRX19634832	Patient Derived Xenograft	NA	Patient derived xenograft	Patient derived xenograft	SRP426633	SRS17003869	0.978	0.742	20.873	0.865	0.652	0.960	4916.79	86989	171728.98	2783
SRX19634833	Patient Derived Xenograft	NA	Patient derived xenograft	Patient derived xenograft	SRP426633	SRS17003870	0.979	0.451	16.104	0.727	0.646	0.961	9040.73	104552	135479.38	6773
SRX19634834	Patient Derived Xenograft	NA	Patient derived xenograft	Patient derived xenograft	SRP426633	SRS17003871	0.978	0.722	16.629	0.791	0.670	0.964	4599.89	91912	156819.35	2861
SRX19634835	Patient Derived Xenograft	NA	Patient derived xenograft	Patient derived xenograft	SRP426633	SRS17003872	0.979	0.644	14.251	0.753	0.644	0.950	6961.54	101087	175974.06	4148
SRX19634836	Patient Derived Xenograft	NA	Patient derived xenograft	Patient derived xenograft	SRP426633	SRS17003873	0.978	0.602	20.189	0.779	0.642	0.964	4881.25	149803	147017.98	5088
SRX19634837	Patient Derived Xenograft	NA	Patient derived xenograft	Patient derived xenograft	SRP426633	SRS17003874	0.979	0.637	19.805	0.874	0.675	0.959	7926.46	99564	219111.71	4665
SRX19876667	Blood	NA	blood	NA	SRP430982	SRS17231100	0.977	0.818	8.412	0.867	0.607	0.950	1212.04	43653	17656.44	1728
SRX19876668	Blood	NA	blood	NA	SRP430982	SRS17231101	0.977	0.808	8.514	0.864	0.529	0.951	1206.46	43861	21051.66	1606
SRX19876669	Blood	NA	blood	NA	SRP430982	SRS17231102	0.979	0.707	8.800	0.868	0.549	0.950	1200.69	41067	13716.76	1166
SRX19876670	Blood	NA	blood	NA	SRP430982	SRS17231103	0.970	0.805	7.432	0.861	0.497	0.949	1251.81	42186	20215.15	1400
SRX19876671	Blood	NA	blood	NA	SRP430982	SRS17231104	0.977	0.800	9.322	0.855	0.576	0.956	1170.32	43407	17606.67	1411
SRX19876672	Blood	NA	blood	NA	SRP430982	SRS17231105	0.978	0.808	8.745	0.866	0.521	0.954	1152.45	48814	16935.98	1802
SRX19876673	Blood	NA	blood	NA	SRP430982	SRS17231106	0.978	0.804	8.119	0.871	0.535	0.945	1246.34	40677	22720.35	1501
SRX19876674	Blood	NA	blood	NA	SRP430982	SRS17231107	0.978	0.796	8.010	0.867	0.562	0.947	1267.09	40524	17585.72	1373
SRX19876675	Blood	NA	blood	NA	SRP430982	SRS17231108	0.972	0.799	6.465	0.857	0.511	0.919	1397.3	34464	23673.69	1237
SRX19876676	Blood	NA	blood	NA	SRP430982	SRS17231109	0.974	0.810	7.898	0.873	0.555	0.951	1183.3	47251	20420.99	1749
SRX19876677	Blood	NA	blood	NA	SRP430982	SRS17231110	0.977	0.812	9.339	0.844	0.696	0.956	1141.07	49979	17292.67	1682
SRX19876678	Blood	NA	blood	NA	SRP430982	SRS17231111	0.976	0.812	7.834	0.868	0.568	0.948	1223.74	43979	17614.34	1520
SRX19876679	Blood	NA	blood	NA	SRP430982	SRS17231112	0.977	0.817	9.002	0.868	0.617	0.954	1115.31	52029	20796.94	1802
SRX19876680	Blood	NA	blood	NA	SRP430982	SRS17231113	0.978	0.796	7.758	0.877	0.564	0.947	1283.67	43530	27407.25	1493
SRX19876681	Blood	NA	blood	NA	SRP430982	SRS17231114	0.977	0.801	7.901	0.869	0.557	0.950	1213.72	46576	20162.42	1764
SRX19876682	Blood	NA	blood	NA	SRP430982	SRS17231115	0.976	0.810	8.784	0.860	0.711	0.950	1209.34	44990	20480.74	1589
SRX19876683	Blood	NA	blood	NA	SRP430982	SRS17231116	0.975	0.803	9.700	0.866	0.774	0.951	1141.14	46501	16389.65	1509
SRX19876684	Blood	NA	blood	NA	SRP430982	SRS17231117	0.979	0.807	12.297	0.865	0.767	0.951	1137.34	48510	12418.9	2592
SRX19876685	Blood	NA	blood	NA	SRP430982	SRS17231118	0.979	0.801	10.621	0.866	0.747	0.948	1154.39	49431	11187.55	2919
SRX19876686	Blood	NA	blood	NA	SRP430982	SRS17231119	0.976	0.822	6.913	0.858	0.362	0.940	1257.63	41787	19387.63	1620
SRX19876687	Blood	NA	blood	NA	SRP430982	SRS17231120	0.976	0.819	10.916	0.861	0.573	0.949	1152.4	48787	22823.12	1589
SRX19876688	Blood	NA	blood	NA	SRP430982	SRS17231121	0.977	0.804	9.540	0.864	0.752	0.950	1148.68	47030	20570.94	1451
SRX19876689	Blood	NA	blood	NA	SRP430982	SRS17231122	0.978	0.825	9.101	0.848	0.733	0.951	1168.6	48099	20281.12	1548
SRX19876690	Blood	NA	blood	NA	SRP430982	SRS17231123	0.977	0.820	8.544	0.869	0.478	0.941	1217.53	44173	22039.76	1296
SRX19876691	Blood	NA	blood	NA	SRP430982	SRS17231124	0.976	0.814	9.512	0.855	0.635	0.951	1198.84	46215	19618.39	1608
SRX19876692	Blood	NA	blood	NA	SRP430982	SRS17231125	0.974	0.805	9.212	0.831	0.741	0.954	1205.86	46166	22474.87	1725
SRX19876693	Blood	NA	blood	NA	SRP430982	SRS17231126	0.975	0.769	8.990	0.867	0.750	0.949	1267.07	36631	23408.4	1207
SRX19876694	Blood	NA	blood	NA	SRP430982	SRS17231127	0.976	0.814	9.739	0.859	0.642	0.953	1138.87	49479	16913.44	1485
SRX19876695	Blood	NA	blood	NA	SRP430982	SRS17231128	0.978	0.813	17.489	0.864	0.755	0.964	993.88	63276	10065.67	3797
SRX19876696	Blood	NA	blood	NA	SRP430982	SRS17231129	0.977	0.816	12.416	0.861	0.610	0.958	1108.6	50856	10018.55	3318
SRX19876697	Blood	NA	blood	NA	SRP430982	SRS17231130	0.977	0.815	8.927	0.851	0.709	0.952	1174.18	46397	17219.43	1792
SRX19876698	Blood	NA	blood	NA	SRP430982	SRS17231131	0.978	0.785	8.483	0.877	0.631	0.938	1285.49	40545	18715.01	1276
SRX19876699	Blood	NA	blood	NA	SRP430982	SRS17231132	0.978	0.794	8.346	0.874	0.632	0.946	1304.12	36544	24808.87	1403
SRX19876700	Blood	NA	blood	NA	SRP430982	SRS17231133	0.978	0.813	9.570	0.870	0.589	0.951	1162.86	46648	22220.61	1851
SRX19876701	Blood	NA	blood	NA	SRP430982	SRS17231134	0.974	0.822	7.954	0.858	0.512	0.939	1210.2	45483	18018.56	1505
SRX19876702	Blood	NA	blood	NA	SRP430982	SRS17231135	0.976	0.799	8.768	0.854	0.532	0.952	1178.99	45635	18200.78	1558
SRX19876703	Blood	NA	blood	NA	SRP430982	SRS17231136	0.969	0.810	7.650	0.854	0.456	0.948	1230.36	45458	17537.42	1613
SRX19876704	Blood	NA	blood	NA	SRP430982	SRS17231137	0.976	0.819	7.953	0.863	0.538	0.945	1184.09	47251	20223.44	1761
SRX1989574	Blast	NA	NA	basophilic erythroblasts	SRP080340	SRS1593301	0.997	0.607	34.482	0.732	0.944	0.966	1128.05	49602	1314418.51	1062
SRX1989575	Blast	NA	NA	basophilic erythroblasts	SRP080340	SRS1593302	0.997	0.594	37.048	0.750	0.942	0.966	1403.41	48891	1270697.91	1113
SRX19984740	Tibia	epithelial cell	tibia	NA	SRP432935	SRS17330199	0.996	0.532	7.227	0.865	0.644	0.943	13557.62	35851	963419.73	957
SRX1998608	DNA	NA	DNA	NA	SRP080893	SRS1600000	0.995	0.762	7.033	0.771	0.923	0.944	1024.36	54258	21383.32	1485
SRX1998609	DNA	NA	DNA	NA	SRP080893	SRS1600001	0.993	0.767	6.453	0.682	0.827	0.942	1064.92	48539	24146.73	1209
SRX1998610	DNA	NA	DNA	NA	SRP080893	SRS1600002	0.993	0.766	6.292	0.683	0.737	0.942	1106.7	46151	18965.93	1481
SRX1998630	DNA	NA	DNA	NA	SRP080893	SRS1600020	0.994	0.761	5.423	0.646	0.736	0.935	1147.91	43421	18562.96	1227
SRX2023278	Prostate	Cancer Associated Fibroblast	Prostate	CAF	SRP082156	SRS1617769	0.995	0.610	6.331	0.863	0.953	0.945	6662.15	56611	813550.53	1458
SRX2023279	Prostate	Cancer Associated Fibroblast	Prostate	CAF	SRP082156	SRS1617770	0.983	0.590	6.186	0.867	0.953	0.945	6515.8	53081	828116.45	1436
SRX2023280	Prostate	Cancer Associated Fibroblast	Prostate	CAF	SRP082156	SRS1617771	0.997	0.615	6.476	0.860	0.969	0.945	6345.42	54255	830832.36	1457
SRX2023281	Prostate	Cancer Associated Fibroblast	Prostate	CAF	SRP082156	SRS1617772	0.995	0.593	5.939	0.867	0.980	0.943	7752.79	52973	817893.85	1467
SRX2023282	Prostate	Normal Prostate Fibroblast	Prostate	NPF	SRP082156	SRS1617773	0.996	0.575	6.265	0.872	0.963	0.944	11344.81	50555	689500.43	1807
SRX2023283	Prostate	Normal Prostate Fibroblast	Prostate	NPF	SRP082156	SRS1617774	0.991	0.611	6.524	0.858	0.969	0.946	6174.98	51998	936251.0	1314
SRX2023284	Prostate	Normal Prostate Fibroblast	Prostate	NPF	SRP082156	SRS1617775	0.995	0.571	6.599	0.865	0.980	0.945	12299.22	50947	728877.05	1803
SRX2023285	Prostate	Normal Prostate Fibroblast	Prostate	NPF	SRP082156	SRS1617776	0.995	0.627	6.777	0.871	0.979	0.946	3784.87	51526	873064.68	1375
SRX20233648	Neonatal Foreskin	Fibroblast	Neonatal Foreskin	Neonatal Foreskin	SRP436137	SRS17567925	0.994	0.655	6.440	0.814	0.440	1.000	9567.76	53873	670771.81	1743
SRX20233649	Neonatal Foreskin	Fibroblast	Neonatal Foreskin	Neonatal Foreskin	SRP436137	SRS17567926	0.993	0.653	6.789	0.805	0.418	1.000	9763.13	56296	679791.98	1738
SRX20233650	Neonatal Foreskin	Fibroblast	Neonatal Foreskin	Neonatal Foreskin	SRP436137	SRS17567927	0.994	0.653	7.819	0.823	0.348	1.000	9967.41	60359	620726.79	1984
SRX20233651	Neonatal Foreskin	Fibroblast	Neonatal Foreskin	Neonatal Foreskin	SRP436137	SRS17567929	0.944	0.681	6.530	0.704	0.429	1.000	9467.58	58029	665959.2	1752
SRX20233652	Neonatal Foreskin	Fibroblast	Neonatal Foreskin	Neonatal Foreskin	SRP436137	SRS17567928	0.994	0.624	7.175	0.818	0.335	1.000	12692.76	56737	598997.71	1948
SRX20233653	Neonatal Foreskin	Fibroblast	Neonatal Foreskin	Neonatal Foreskin	SRP436137	SRS17567930	0.993	0.587	6.649	0.821	0.334	1.000	15150.62	49375	617789.42	2002
SRX20503478	Plasma Separated From Blood	NA	Plasma separated from blood	Plasma separated from blood	SRP341621	SRS17826413	0.988	0.676	2.161	0.806	0.782	0.705	1826.64	26684	69000.72	159
SRX20503479	Plasma Separated From Blood	NA	Plasma separated from blood	Plasma separated from blood	SRP341621	SRS17826417	0.988	0.727	2.158	0.803	0.794	0.702	1616.8	29849	66600.12	341
SRX20503534	Plasma Separated From Blood	NA	Plasma separated from blood	Plasma separated from blood	SRP341621	SRS17826470	0.988	0.701	2.233	0.804	0.750	0.713	1609.32	31752	57662.08	324
SRX20520080	Nasopharyngeal Carcinoma	Human nasopharyngeal carcinoma	NA	NPC268	SRP439675	SRS17829968	0.985	0.585	40.971	0.856	0.617	0.970	7853.66	119490	395647.86	3183
SRX20533740	ESC	NA	NA	Human embryonic stem cells	SRP286872	SRS17842320	0.983	0.786	9.404	0.866	0.801	0.953	1203.4	36448	21003.77	3381
SRX20533741	iPSC	NA	NA	Human pluripotent stem cells	SRP286872	SRS17842321	0.985	0.745	9.529	0.784	0.803	0.946	1316.96	35717	8214.18	4405
SRX20533742	iPSC	NA	NA	Human pluripotent stem cells	SRP286872	SRS17842322	0.985	0.755	10.241	0.817	0.796	0.948	1291.07	35550	9180.78	3900
SRX20533743	iPSC	NA	NA	Human pluripotent stem cells	SRP286872	SRS17842324	0.986	0.746	9.001	0.783	0.820	0.946	1336.11	34812	8219.89	4274
SRX20533744	iPSC	NA	NA	Human pluripotent stem cells	SRP286872	SRS17842323	0.986	0.742	9.547	0.748	0.800	0.946	1318.62	35327	8197.88	4523
SRX20533745	iPSC	NA	NA	Human pluripotent stem cells	SRP286872	SRS17842325	0.990	0.720	9.747	0.808	0.802	0.947	1334.11	38497	47518.97	3848
SRX20533746	iPSC	NA	NA	Human pluripotent stem cells	SRP286872	SRS17842326	0.985	0.744	10.244	0.797	0.778	0.948	1296.42	35708	8378.06	4259
SRX20533747	iPSC	NA	NA	Human pluripotent stem cells	SRP286872	SRS17842327	0.986	0.729	9.572	0.755	0.776	0.947	1303.92	35520	8318.96	4138
SRX20533748	iPSC	NA	NA	Human pluripotent stem cells	SRP286872	SRS17842328	0.986	0.731	9.722	0.811	0.784	0.947	1322.03	34023	9346.16	3825
SRX20533749	iPSC	NA	NA	Human pluripotent stem cells	SRP286872	SRS17842330	0.987	0.747	9.120	0.785	0.824	0.946	1328.89	35026	8989.15	3953
SRX20533750	iPSC	NA	NA	Human pluripotent stem cells	SRP286872	SRS17842329	0.986	0.741	9.686	0.783	0.802	0.947	1320.65	33668	9627.04	3975
SRX20533751	iPSC	NA	NA	Human pluripotent stem cells	SRP286872	SRS17842331	0.986	0.745	9.381	0.779	0.758	0.946	1322.9	33806	8013.6	4381
SRX20555454	Embryonic Kidney	Human embryonic kidney	NA	HEK293	SRP440514	SRS17862015	0.978	0.670	23.030	0.862	0.667	0.964	8285.76	83317	405114.76	2246
SRX20555455	Embryonic Kidney	Human embryonic kidney	NA	HEK293	SRP440514	SRS17862014	0.979	0.671	22.899	0.862	0.593	0.964	8261.71	83754	405528.01	2250
SRX20555456	Embryonic Kidney	Human embryonic kidney	NA	HEK293	SRP440514	SRS17862016	0.976	0.675	33.069	0.845	0.626	0.968	7820.93	89761	391819.78	2350
SRX20555457	Embryonic Kidney	Human embryonic kidney	NA	HEK293	SRP440514	SRS17862017	0.979	0.705	19.871	0.868	0.644	0.961	4549.18	75217	161152.8	2942
SRX20555458	Embryonic Kidney	Human embryonic kidney	NA	HEK293	SRP440514	SRS17862018	0.978	0.707	23.081	0.864	0.603	0.964	4378.03	79130	157935.5	3067
SRX20555459	Embryonic Kidney	Human embryonic kidney	NA	HEK293	SRP440514	SRS17862020	0.980	0.704	27.948	0.865	0.626	0.965	4260.7	82300	156723.29	3130
SRX20592306	iPSC	NA	NA	Human pluripotent stem cells	SRP286872	SRS17892798	0.986	0.738	8.060	0.780	0.785	0.945	1342.87	33788	13418.79	2342
SRX20592307	iPSC	NA	NA	Human pluripotent stem cells	SRP286872	SRS17892799	0.985	0.794	2.594	0.880	0.816	0.860	1549.41	27484	36935.22	825
SRX20592308	iPSC	NA	NA	Human pluripotent stem cells	SRP286872	SRS17892800	0.983	0.801	1.767	0.883	0.851	0.770	1661.92	25285	50012.28	510
SRX20592309	iPSC	NA	NA	Human pluripotent stem cells	SRP286872	SRS17892801	0.984	0.802	1.702	0.881	0.853	0.760	1651.86	25406	43033.68	669
SRX20592310	iPSC	NA	NA	Human pluripotent stem cells	SRP286872	SRS17892802	0.984	0.776	1.742	0.882	0.855	0.769	1739.05	26212	46582.82	744
SRX20592311	iPSC	NA	NA	Human pluripotent stem cells	SRP286872	SRS17892803	0.985	0.780	2.166	0.886	0.838	0.820	1666.48	27698	47433.02	794
SRX20592312	iPSC	NA	NA	Human pluripotent stem cells	SRP286872	SRS17892804	0.984	0.778	1.773	0.885	0.864	0.772	1698.19	27271	45076.33	812
SRX20592313	iPSC	NA	NA	Human pluripotent stem cells	SRP286872	SRS17892805	0.988	0.742	9.829	0.813	0.756	0.947	1332.84	36180	8753.05	4745
SRX20592314	iPSC	NA	NA	Human pluripotent stem cells	SRP286872	SRS17892806	0.989	0.737	10.528	0.817	0.791	0.947	1295.44	36982	9231.48	4583
SRX20592315	iPSC	NA	NA	Human pluripotent stem cells	SRP286872	SRS17892807	0.989	0.736	12.470	0.799	0.819	0.949	1263.12	38337	9517.14	4749
SRX20592316	iPSC	NA	NA	Human pluripotent stem cells	SRP286872	SRS17892808	0.987	0.750	10.489	0.836	0.787	0.947	1309.64	36669	9434.18	4390
SRX20592317	iPSC	NA	NA	Human pluripotent stem cells	SRP286872	SRS17892809	0.989	0.751	8.460	0.765	0.797	0.943	1362.53	35621	15741.0	2540
SRX20592318	iPSC	NA	NA	Human pluripotent stem cells	SRP286872	SRS17892810	0.989	0.739	9.828	0.794	0.805	0.947	1302.04	36952	9962.14	4235
SRX20592319	Mesenchymal Stem Cell	NA	NA	Mesenchymal stem cells	SRP286872	SRS17892811	0.996	0.493	2.198	0.869	0.827	0.820	34503.37	13516	632961.9	1891
SRX20592320	Mesenchymal Stem Cell	NA	NA	Mesenchymal stem cells	SRP286872	SRS17892812	0.996	0.495	2.512	0.864	0.829	0.844	32577.48	16311	603693.17	1989
SRX20592321	iPSC	NA	NA	Human pluripotent stem cells	SRP286872	SRS17892813	0.986	0.798	9.703	0.868	0.807	0.941	1352.53	37436	10707.0	4212
SRX20592322	iPSC	NA	NA	Human pluripotent stem cells	SRP286872	SRS17892814	0.987	0.806	9.733	0.874	0.753	0.939	1327.76	37577	17575.66	4069
SRX20592323	iPSC	NA	NA	Human pluripotent stem cells	SRP286872	SRS17892815	0.986	0.792	10.368	0.871	0.788	0.943	1320.77	37876	10971.32	4386
SRX20592324	iPSC	NA	NA	Human pluripotent stem cells	SRP286872	SRS17892816	0.988	0.787	10.437	0.863	0.756	0.945	1262.01	41224	19718.15	3914
SRX20592325	iPSC	NA	NA	Human pluripotent stem cells	SRP286872	SRS17892817	0.985	0.785	10.218	0.865	0.792	0.944	1342.45	37527	12844.26	3627
SRX20592326	iPSC	NA	NA	Human pluripotent stem cells	SRP286872	SRS17892818	0.988	0.797	9.605	0.861	0.791	0.941	1306.11	38334	22181.43	3743
SRX20592327	Keratinocytes	NA	NA	Keratinocytes	SRP286872	SRS17892819	0.993	0.712	1.940	0.873	0.758	0.763	2497.49	32038	591137.96	1158
SRX20592328	Keratinocytes	NA	NA	Keratinocytes	SRP286872	SRS17892820	0.994	0.706	1.811	0.870	0.768	0.759	2450.33	33477	436824.75	1180
SRX20592329	Keratinocytes	NA	NA	Keratinocytes	SRP286872	SRS17892821	0.994	0.710	2.523	0.867	0.783	0.834	2179.13	37560	143644.58	1879
SRX20594657	Plasma	NA	Plasma	NA	SRP441171	SRS17894975	0.994	0.795	2.006	0.512	0.720	0.798	1547.17	32529	54542.63	503
SRX20594658	Plasma	NA	Plasma	NA	SRP441171	SRS17894976	0.993	0.794	1.989	0.502	0.736	0.793	1567.45	32942	48512.64	464
SRX20594668	Plasma	NA	Plasma	NA	SRP441171	SRS17894986	0.994	0.806	2.169	0.656	0.753	0.808	1648.01	29593	49306.52	469
SRX20594669	Plasma	NA	Plasma	NA	SRP441171	SRS17894987	0.994	0.808	2.100	0.666	0.756	0.800	1593.51	31044	61254.28	552
SRX20596052	Cardiac Mesenchymal Stromal	cardiac mesenchymal stromal cells	NA	cardiac mesenchymal stromal cells	SRP441209	SRS17896281	0.976	0.520	2.115	0.991	0.999	0.741	25989.76	15604	682877.49	1740
SRX20596053	Cardiac Mesenchymal Stromal	cardiac mesenchymal stromal cells	NA	cardiac mesenchymal stromal cells	SRP441209	SRS17896282	0.989	0.543	2.064	0.992	0.999	0.763	24927.77	20451	680405.91	1724
SRX20596056	Cardiac Mesenchymal Stromal	cardiac mesenchymal stromal cells	NA	cardiac mesenchymal stromal cells	SRP441209	SRS17896285	0.981	0.643	2.098	0.991	0.999	0.740	9947.04	40505	732747.55	1398
SRX20596061	Cardiac Mesenchymal Stromal	cardiac mesenchymal stromal cells	NA	cardiac mesenchymal stromal cells	SRP441209	SRS17896290	0.976	0.543	1.959	0.992	0.999	0.734	23123.22	16607	730181.42	1658
SRX20596063	Cardiac Mesenchymal Stromal	cardiac mesenchymal stromal cells	NA	cardiac mesenchymal stromal cells	SRP441209	SRS17896292	0.978	0.563	2.071	0.992	0.999	0.710	17460.76	23756	729584.3	1570
SRX20680318	Cell Line	Human Embryonic Stem Cell Line	Cell line	Cell line	SRP386415	SRS17975221	0.980	0.830	13.163	0.853	0.526	0.960	1095.16	44359	30815.49	4314
SRX20680319	Cell Line	Human Embryonic Stem Cell Line	Cell line	Cell line	SRP386415	SRS17975222	0.981	0.839	13.526	0.846	0.451	0.960	1110.82	44756	33376.4	4120
SRX20680320	Cell Line	Human Embryonic Stem Cell Line	Cell line	Cell line	SRP386415	SRS17975223	0.978	0.827	8.400	0.865	0.466	0.954	1218.27	36546	49629.86	2610
SRX20680321	Cell Line	Human Embryonic Stem Cell Line	Cell line	Cell line	SRP386415	SRS17975224	0.980	0.801	11.388	0.878	0.548	0.958	1122.82	41440	27220.44	3896
SRX20680322	Cell Line	Human Embryonic Stem Cell Line	Cell line	Cell line	SRP386415	SRS17975225	0.981	0.804	9.448	0.877	0.541	0.955	1156.36	39376	48761.67	2483
SRX20680323	Cell Line	Human Embryonic Stem Cell Line	Cell line	Cell line	SRP386415	SRS17975226	0.909	0.821	10.147	0.865	0.436	0.958	1373.98	40772	63427.95	2326
SRX20680324	Cell Line	Human Embryonic Stem Cell Line	Cell line	Cell line	SRP386415	SRS17975227	0.978	0.828	10.086	0.865	0.448	0.957	1196.01	37691	53188.3	2592
SRX20687273	Platelet	Platelet	NA	Platelet	SRP405928	SRS17981006	0.992	0.706	4.013	0.648	0.713	1.000	1432.16	20973	54301.72	356
SRX20687274	Platelet	Platelet	NA	Platelet	SRP405928	SRS17981007	0.992	0.739	4.055	0.697	0.643	1.000	1406.38	23632	54888.77	355
SRX20750946	iPSC	NA	NA	Human pluripotent stem cells	SRP286872	SRS18040326	0.989	0.496	15.276	0.866	0.392	0.927	2303.98	41503	86264.16	4719
SRX20750947	iPSC	NA	NA	Human pluripotent stem cells	SRP286872	SRS18040327	0.992	0.542	10.191	0.857	0.494	0.914	7781.06	50770	239480.23	3384
SRX20770459	Liver	Tumor	liver	NA	SRP445661	SRS18056734	0.990	0.568	24.565	0.879	0.935	0.967	21036.5	48335	390757.47	3751
SRX20770460	Liver	Tumor	liver	NA	SRP445661	SRS18056735	0.990	0.618	25.216	0.870	0.924	0.967	1735.16	43933	502525.21	1977
SRX20770461	Liver	Tumor	liver	NA	SRP445661	SRS18056737	0.991	0.683	28.668	0.881	0.902	0.966	5955.1	88565	298336.87	3017
SRX20770462	Liver	Tumor	liver	NA	SRP445661	SRS18056738	0.992	0.562	28.455	0.867	0.917	0.967	17718.73	56559	375331.66	3713
SRX20770463	Liver	Normal	liver	NA	SRP445661	SRS18056736	0.988	0.715	24.312	0.853	0.934	0.966	1176.6	40423	20240.28	2439
SRX20770464	Liver	Normal	liver	NA	SRP445661	SRS18056740	0.989	0.677	24.691	0.829	0.944	0.966	1183.25	35257	15390.64	1958
SRX20770465	Liver	Normal	liver	NA	SRP445661	SRS18056747	0.989	0.713	24.726	0.874	0.928	0.967	1171.13	37711	15167.73	2099
SRX20770466	Liver	Normal	liver	NA	SRP445661	SRS18056739	0.983	0.734	19.067	0.869	0.863	0.962	1306.55	40568	62733.47	6888
SRX20770467	Liver	Normal	liver	NA	SRP445661	SRS18056742	0.991	0.710	23.258	0.818	0.935	0.969	1177.41	36383	17217.46	2444
SRX20770468	Liver	Normal	liver	NA	SRP445661	SRS18056741	0.990	0.700	23.521	0.853	0.922	0.967	1149.09	37038	15655.69	2486
SRX20770469	Liver	Normal	liver	NA	SRP445661	SRS18056743	0.991	0.687	25.666	0.865	0.915	0.967	1132.26	37258	14451.59	2428
SRX20770470	Liver	Normal	liver	NA	SRP445661	SRS18056746	0.990	0.715	24.163	0.797	0.939	0.969	1160.97	45589	18997.81	2841
SRX20770471	Liver	Tumor	liver	NA	SRP445661	SRS18056745	0.990	0.469	24.886	0.875	0.934	0.966	9579.1	131702	205419.6	6715
SRX20770472	Liver	Normal	liver	NA	SRP445661	SRS18056748	0.991	0.703	26.811	0.875	0.875	0.968	1619.0	48355	465668.8	2223
SRX20770473	Liver	Normal	liver	NA	SRP445661	SRS18056744	0.992	0.695	27.966	0.880	0.907	0.967	1255.57	41455	167080.2	4308
SRX20770474	Liver	Normal	liver	NA	SRP445661	SRS18056750	0.992	0.692	28.766	0.878	0.915	0.966	1247.79	41480	431157.1	2341
SRX20770475	Liver	Normal	liver	NA	SRP445661	SRS18056751	0.989	0.695	22.283	0.823	0.927	0.966	1172.95	34628	20413.77	1945
SRX20770476	Liver	Tumor	liver	NA	SRP445661	SRS18056749	0.990	0.616	24.543	0.864	0.916	0.965	8211.35	88169	332897.43	3243
SRX20770477	Liver	Tumor	liver	NA	SRP445661	SRS18056753	0.991	0.559	24.427	0.836	0.931	0.968	12656.24	84423	262842.02	4721
SRX20770478	Liver	Tumor	liver	NA	SRP445661	SRS18056755	0.991	0.492	24.870	0.844	0.936	0.966	11351.57	80547	147424.52	6974
SRX20770479	Liver	Tumor	liver	NA	SRP445661	SRS18056754	0.992	0.530	27.117	0.856	0.920	0.967	12626.1	80465	200030.65	5732
SRX20770480	Liver	Tumor	liver	NA	SRP445661	SRS18056752	0.991	0.563	23.711	0.850	0.925	0.967	13005.88	77693	313972.2	4241
SRX20770481	Liver	Tumor	liver	NA	SRP445661	SRS18056756	0.990	0.569	23.739	0.984	0.889	0.923	28679.81	33922	389933.4	3991
SRX20770482	Liver	Tumor	liver	NA	SRP445661	SRS18056757	0.990	0.471	25.642	0.882	0.885	0.967	12300.22	103972	271526.2	5493
SRX20808902	Colon	Colorectal cancer cell	Colon	Colon	SRP446321	SRS18092411	0.989	0.701	2.258	0.572	0.648	0.830	9962.55	48165	976552.96	927
SRX20808903	Colon	Colorectal cancer cell	Colon	Colon	SRP446321	SRS18092412	0.989	0.708	2.244	0.573	0.679	0.828	9853.52	48837	971952.02	935
SRX20808904	Colon	Colorectal cancer cell	Colon	Colon	SRP446321	SRS18092413	0.986	0.705	2.126	0.581	0.657	0.815	9560.43	47699	1005300.32	898
SRX20808905	Colon	Colorectal cancer cell	Colon	Colon	SRP446321	SRS18092414	0.989	0.683	6.444	0.645	0.589	0.942	10745.39	57826	782643.8	1214
SRX20808906	Colon	Colorectal cancer cell	Colon	Colon	SRP446321	SRS18092415	0.989	0.677	6.997	0.641	0.577	0.946	10664.06	58387	769916.77	1246
SRX20808907	Colon	Colorectal cancer cell	Colon	Colon	SRP446321	SRS18092416	0.988	0.506	7.682	0.625	0.600	0.954	11254.46	53834	622628.98	1388
SRX20808908	Colon	Colorectal cancer cell	Colon	Colon	SRP446321	SRS18092417	0.987	0.465	9.193	0.612	0.634	0.959	10272.25	57960	617507.3	1363
SRX20808909	Colon	Colorectal cancer cell	Colon	Colon	SRP446321	SRS18092419	0.988	0.445	6.173	0.641	0.623	0.946	12572.34	45360	729567.92	1152
SRX20808910	Colon	Colorectal cancer cell	Colon	Colon	SRP446321	SRS18092420	0.986	0.386	11.166	0.586	0.614	0.963	10238.6	59876	615197.14	1362
SRX20808911	Colon	Colorectal cancer cell	Colon	Colon	SRP446321	SRS18092418	0.985	0.325	7.517	0.637	0.628	0.954	13049.41	44431	1639585.67	644
SRX20808912	Colon	Colorectal cancer cell	Colon	Colon	SRP446321	SRS18092421	0.984	0.351	8.458	0.599	0.595	0.958	11823.21	50564	643771.7	1262
SRX20808913	Colon	Colorectal cancer cell	Colon	Colon	SRP446321	SRS18092422	0.989	0.683	7.407	0.649	0.610	0.944	10226.06	59915	702336.34	1338
SRX20808914	Colon	Colorectal cancer cell	Colon	Colon	SRP446321	SRS18092423	0.986	0.326	1.637	0.582	0.660	0.745	0.0	0	17249621.22	36
SRX20808915	Colon	Colorectal cancer cell	Colon	Colon	SRP446321	SRS18092424	0.983	0.279	1.645	0.582	0.658	0.747	0.0	0	21506078.77	22
SRX20808916	Colon	Colorectal cancer cell	Colon	Colon	SRP446321	SRS18092425	0.987	0.286	1.617	0.572	0.677	0.742	0.0	0	22206946.0	22
SRX20808917	Colon	Colorectal cancer cell	Colon	Colon	SRP446321	SRS18092426	0.988	0.305	2.081	0.547	0.660	0.810	0.0	0	12600075.89	62
SRX20808918	Colon	Colorectal cancer cell	Colon	Colon	SRP446321	SRS18092427	0.989	0.265	2.043	0.547	0.655	0.806	1619001.0	1	18766690.83	29
SRX20808919	Colon	Colorectal cancer cell	Colon	Colon	SRP446321	SRS18092428	0.989	0.265	1.862	0.549	0.674	0.781	0.0	0	20021572.0	26
SRX20808920	Colon	Colorectal cancer cell	Colon	Colon	SRP446321	SRS18092429	0.987	0.266	2.465	0.565	0.660	0.848	0.0	0	13143821.07	58
SRX20808921	Colon	Colorectal cancer cell	Colon	Colon	SRP446321	SRS18092430	0.987	0.239	2.753	0.566	0.652	0.869	0.0	0	17335051.06	31
SRX20808922	Colon	Colorectal cancer cell	Colon	Colon	SRP446321	SRS18092431	0.988	0.660	6.325	0.662	0.592	0.943	11033.9	55576	755151.9	1250
SRX20808923	Colon	Colorectal cancer cell	Colon	Colon	SRP446321	SRS18092432	0.988	0.661	7.451	0.648	0.587	0.949	10798.71	58290	662264.91	1447
SRX20808924	Colon	Colorectal cancer cell	Colon	Colon	SRP446321	SRS18092433	0.988	0.664	7.149	0.644	0.610	0.949	10902.94	57541	756997.55	1262
SRX20808925	Colon	Colorectal cancer cell	Colon	Colon	SRP446321	SRS18092434	0.987	0.559	6.503	0.641	0.621	0.948	12350.63	49696	717151.34	1244
SRX20808926	Colon	Colorectal cancer cell	Colon	Colon	SRP446321	SRS18092435	0.987	0.572	8.525	0.598	0.619	0.958	11188.58	57454	618266.51	1477
SRX20808927	Colon	Colorectal cancer cell	Colon	Colon	SRP446321	SRS18092436	0.988	0.581	8.333	0.608	0.641	0.957	11108.73	56896	606475.63	1486
SRX20808928	Colon	Colorectal cancer cell	Colon	Colon	SRP446321	SRS18092437	0.984	0.490	7.685	0.602	0.575	0.956	12032.77	52965	659862.17	1308
SRX20808929	Colon	Colorectal cancer cell	Colon	Colon	SRP446321	SRS18092438	0.986	0.469	8.793	0.602	0.607	0.959	11791.48	55637	593778.0	1462
SRX20808930	Colon	Colorectal cancer cell	Colon	Colon	SRP446321	SRS18092440	0.985	0.482	7.885	0.603	0.597	0.957	12160.8	52701	687294.18	1267
SRX20808931	Colon	Colorectal cancer cell	Colon	Colon	SRP446321	SRS18092439	0.987	0.219	3.200	0.560	0.666	0.894	0.0	0	0.0	0
SRX20808932	Colon	Colorectal cancer cell	Colon	Colon	SRP446321	SRS18092441	0.988	0.425	1.510	0.585	0.660	0.721	20984.17	2284	1211168.29	670
SRX20808933	Colon	Colorectal cancer cell	Colon	Colon	SRP446321	SRS18092442	0.987	0.409	1.541	0.563	0.673	0.726	41315.88	443	1241916.8	675
SRX20808934	Colon	Colorectal cancer cell	Colon	Colon	SRP446321	SRS18092443	0.988	0.420	1.773	0.559	0.665	0.768	26939.83	3012	1120057.82	745
SRX20808935	Colon	Colorectal cancer cell	Colon	Colon	SRP446321	SRS18092444	0.988	0.436	1.716	0.558	0.672	0.758	18457.59	8001	1143099.77	724
SRX20808936	Colon	Colorectal cancer cell	Colon	Colon	SRP446321	SRS18092445	0.989	0.414	2.283	0.562	0.656	0.832	31137.04	5327	1049348.02	820
SRX20808937	Colon	Colorectal cancer cell	Colon	Colon	SRP446321	SRS18092446	0.989	0.425	2.103	0.563	0.679	0.813	23926.61	7956	1056488.47	796
SRX20808938	Colon	Colorectal cancer cell	Colon	Colon	SRP446321	SRS18092447	0.987	0.401	2.375	0.567	0.671	0.840	42073.33	2363	1028935.68	797
SRX20808939	Colon	Colorectal cancer cell	Colon	Colon	SRP446321	SRS18092448	0.987	0.385	2.584	0.566	0.654	0.858	55905.07	1582	963577.35	891
SRX20808940	Colon	Colorectal cancer cell	Colon	Colon	SRP446321	SRS18092449	0.987	0.389	2.532	0.562	0.678	0.854	52245.68	1683	1026665.68	814
SRX20808941	Colon	Colorectal cancer cell	Colon	Colon	SRP446321	SRS18092450	0.986	0.635	8.460	0.601	0.639	0.958	11438.94	58163	627057.47	1490
SRX20808942	Colon	Colorectal cancer cell	Colon	Colon	SRP446321	SRS18092451	0.987	0.549	8.177	0.587	0.627	0.957	12421.1	53321	671339.0	1362
SRX20808943	Colon	Colorectal cancer cell	Colon	Colon	SRP446321	SRS18092452	0.986	0.592	6.957	0.629	0.594	0.952	12573.71	52249	728400.77	1293
SRX20808944	Colon	Colorectal cancer cell	Colon	Colon	SRP446321	SRS18092453	0.987	0.357	7.863	0.592	0.633	0.957	12596.74	50115	717603.72	1189
SRX20808945	Colon	Colorectal cancer cell	Colon	Colon	SRP446321	SRS18092455	0.987	0.392	8.469	0.607	0.620	0.958	11880.92	53613	623564.77	1361
SRX20808946	Colon	Colorectal cancer cell	Colon	Colon	SRP446321	SRS18092454	0.987	0.321	8.077	0.633	0.640	0.957	13301.77	48248	655829.55	1275
SRX20808947	Colon	Colorectal cancer cell	Colon	Colon	SRP446321	SRS18092456	0.987	0.239	7.796	0.590	0.592	0.957	15660.32	36775	3792324.01	263
SRX20808948	Colon	Colorectal cancer cell	Colon	Colon	SRP446321	SRS18092457	0.987	0.284	9.019	0.593	0.579	0.960	12600.09	50721	1495025.05	639
SRX20808949	Colon	Colorectal cancer cell	Colon	Colon	SRP446321	SRS18092458	0.987	0.243	8.020	0.573	0.616	0.958	15503.51	39492	4066873.8	174
SRX20808950	Colon	Colorectal cancer cell	Colon	Colon	SRP446321	SRS18092459	0.988	0.192	1.943	0.564	0.646	0.792	0.0	0	131674223.0	1
SRX20808951	Colon	Colorectal cancer cell	Colon	Colon	SRP446321	SRS18092460	0.988	0.236	1.698	0.572	0.679	0.755	0.0	0	0.0	0
SRX20808952	Colon	Colorectal cancer cell	Colon	Colon	SRP446321	SRS18092461	0.987	0.206	1.779	0.564	0.657	0.768	0.0	0	38168904.5	2
SRX20808953	Colon	Colorectal cancer cell	Colon	Colon	SRP446321	SRS18092462	0.989	0.180	1.974	0.559	0.658	0.796	0.0	0	131411075.5	2
SRX20808954	Colon	Colorectal cancer cell	Colon	Colon	SRP446321	SRS18092464	0.986	0.237	2.216	0.559	0.665	0.825	0.0	0	18643934.4	30
SRX20808955	Colon	Colorectal cancer cell	Colon	Colon	SRP446321	SRS18092463	0.989	0.197	2.350	0.552	0.660	0.839	1812009.0	1	32866107.33	3
SRX20808956	Colon	Colorectal cancer cell	Colon	Colon	SRP446321	SRS18092465	0.987	0.165	2.468	0.558	0.658	0.848	2770802.0	1	131625603.0	1
SRX20808957	Colon	Colorectal cancer cell	Colon	Colon	SRP446321	SRS18092467	0.987	0.216	2.176	0.566	0.658	0.820	1619088.0	1	131601881.0	1
SRX20808958	Colon	Colorectal cancer cell	Colon	Colon	SRP446321	SRS18092466	0.987	0.181	2.859	0.562	0.652	0.877	0.0	0	38235719.5	2
SRX21082210	Breast cancer PDX model Gar15-13	NA	Breast cancer PDX model Gar15-13	Gar15-13 Vehicle tumour	SRP450395	SRS18351652	0.987	0.574	14.957	0.860	0.754	0.955	9717.01	77033	349520.25	3233
SRX21082211	Breast cancer PDX model Gar15-13	NA	Breast cancer PDX model Gar15-13	Gar15-13 Vehicle tumour	SRP450395	SRS18351653	0.986	0.574	12.938	0.830	0.776	0.954	10363.86	71896	355123.7	3189
SRX21082212	Breast cancer PDX model Gar15-13	NA	Breast cancer PDX model Gar15-13	Gar15-13 Decitabine tumour	SRP450395	SRS18351654	0.986	0.458	16.989	0.831	0.730	0.956	10377.28	80898	298335.14	3553
SRX21082213	Breast cancer PDX model Gar15-13	NA	Breast cancer PDX model Gar15-13	Gar15-13 Decitabine tumour	SRP450395	SRS18351655	0.987	0.461	12.694	0.816	0.760	0.954	11313.1	67378	320667.12	3274
SRX21082214	Breast cancer PDX model HCI005	NA	Breast cancer PDX model HCI005	HCI005 Vehicle tumour	SRP450395	SRS18351656	0.984	0.573	12.358	0.737	0.778	0.951	7157.2	87391	200405.52	3955
SRX21082215	Breast cancer PDX model HCI005	NA	Breast cancer PDX model HCI005	HCI005 Vehicle tumour	SRP450395	SRS18351657	0.986	0.566	11.571	0.629	0.729	0.949	7556.39	83439	301568.47	2750
SRX21082216	Breast cancer PDX model HCI005	NA	Breast cancer PDX model HCI005	HCI005 Decitabine tumour	SRP450395	SRS18351658	0.986	0.536	12.325	0.666	0.735	0.950	7395.36	84267	198553.12	4007
SRX21082217	Breast cancer PDX model HCI005	NA	Breast cancer PDX model HCI005	HCI005 Decitabine tumour	SRP450395	SRS18351659	0.987	0.533	13.008	0.744	0.761	0.951	7368.94	86724	199606.45	4052
SRX21118118	Colorectal	NA	colorectal	NA	SRP450683	SRS18384697	0.995	0.461	6.893	0.825	0.618	0.748	3384.12	25810	2083206.86	457
SRX21118128	Colorectal	NA	colorectal	NA	SRP450683	SRS18384707	0.996	0.458	6.200	0.787	0.644	0.706	2303.09	24956	111435.14	87
SRX21118157	Colorectal	NA	colorectal	NA	SRP450683	SRS18384737	0.997	0.471	3.757	0.878	0.629	0.707	3109.98	24120	1884585.1	542
SRX21118161	Colorectal	NA	colorectal	NA	SRP450683	SRS18384735	0.993	0.553	5.360	0.828	0.899	0.836	1556.98	29497	38357.55	164
SRX21118162	Colorectal	NA	colorectal	NA	SRP450683	SRS18384742	0.994	0.551	4.377	0.806	0.892	0.797	1586.1	30976	39259.19	172
SRX21118163	Colorectal	NA	colorectal	NA	SRP450683	SRS18384739	0.994	0.567	4.841	0.822	0.916	0.844	1553.34	31744	33327.33	309
SRX21118165	Colorectal	NA	colorectal	NA	SRP450683	SRS18384741	0.995	0.569	2.845	0.865	0.779	0.772	1816.99	28872	47251.3	190
SRX21118166	Colorectal	NA	colorectal	NA	SRP450683	SRS18384749	0.994	0.554	3.358	0.863	0.769	0.732	1640.09	28752	67345.53	86
SRX21118171	Colorectal	NA	colorectal	NA	SRP450683	SRS18384748	0.994	0.450	7.857	0.790	0.891	0.808	3352.01	27488	1801034.49	494
SRX21165844	Hepatoma	hepatoma cell	NA	HepG2	SRP451599	SRS18427630	0.993	0.358	17.195	0.721	0.534	0.964	15131.84	103072	382429.67	5256
SRX21165845	Hepatoma	hepatoma cell	NA	HepG2	SRP451599	SRS18427631	0.993	0.364	20.755	0.810	0.513	0.965	14442.21	107740	391018.81	5155
SRX21199439	Bcar-T	BCAR-T	NA	BCAR-T	SRP452335	SRS18458278	0.999	0.757	14.968	0.879	0.416	0.960	996.38	50393	10031.97	3169
SRX21199440	Bcar-T	BCAR-T	NA	BCAR-T	SRP452335	SRS18458279	0.998	0.692	13.578	0.874	0.438	0.962	1114.69	41101	9822.35	1845
SRX21199441	Bcar-T	BCAR-T	NA	BCAR-T	SRP452335	SRS18458280	0.999	0.671	13.749	0.840	0.421	0.963	1136.15	38614	10941.13	1641
SRX21199442	BCAR-iNKT	BCAR-iNKT	NA	BCAR-iNKT	SRP452335	SRS18458281	0.999	0.757	16.279	0.869	0.367	0.963	912.46	53900	11608.0	3274
SRX21199443	BCAR-iNKT	BCAR-iNKT	NA	BCAR-iNKT	SRP452335	SRS18458282	0.999	0.756	13.770	0.868	0.409	0.962	969.41	48878	11921.26	3003
SRX21199444	BCAR-iNKT	BCAR-iNKT	NA	BCAR-iNKT	SRP452335	SRS18458283	0.999	0.755	13.622	0.871	0.403	0.962	967.05	48730	10795.75	3466
SRX21199445	BCAR-iNKT-IL15	BCAR-iNKT-IL15	NA	BCAR-iNKT-IL15	SRP452335	SRS18458284	0.995	0.767	16.992	0.870	0.696	0.963	931.51	56168	11254.46	3714
SRX21199446	BCAR-iNKT-IL15	BCAR-iNKT-IL15	NA	BCAR-iNKT-IL15	SRP452335	SRS18458285	0.995	0.770	20.220	0.870	0.684	0.964	915.91	58563	12493.62	3252
SRX21199447	BCAR-iNKT-IL15	BCAR-iNKT-IL15	NA	BCAR-iNKT-IL15	SRP452335	SRS18458286	0.995	0.769	16.075	0.865	0.711	0.963	938.87	54930	12044.96	3247
SRX21238929	B Cell Lymphoma	B cell lymphoma	B cell lymphoma	NA	SRP453184	SRS18493867	0.988	0.590	42.822	0.846	0.867	0.967	5188.17	122063	1054857.93	1365
SRX21238930	B Cell Lymphoma	B cell lymphoma	B cell lymphoma	NA	SRP453184	SRS18493868	0.990	0.587	46.966	0.852	0.825	0.966	5113.09	124196	1078693.11	1331
SRX21238931	B Cell Lymphoma	B cell lymphoma	B cell lymphoma	NA	SRP453184	SRS18493869	0.990	0.591	48.193	0.875	0.852	0.966	5040.0	126467	1078001.51	1337
SRX21238932	B Cell Lymphoma	B cell lymphoma	B cell lymphoma	NA	SRP453184	SRS18493870	0.990	0.588	48.450	0.868	0.847	0.966	4991.97	127068	1081360.86	1332
SRX21238933	B Cell Lymphoma	B cell lymphoma	B cell lymphoma	NA	SRP453184	SRS18493871	0.988	0.583	47.122	0.829	0.839	0.968	5122.2	124093	1098735.17	1310
SRX21238934	B Cell Lymphoma	B cell lymphoma	B cell lymphoma	NA	SRP453184	SRS18493872	0.989	0.583	45.803	0.839	0.835	0.968	5033.84	126353	1088372.78	1328
SRX21238935	B Cell Lymphoma	B cell lymphoma	B cell lymphoma	NA	SRP453184	SRS18493873	0.990	0.585	48.076	0.838	0.838	0.967	5065.24	126478	1072096.24	1355
SRX21238936	B Cell Lymphoma	B cell lymphoma	B cell lymphoma	NA	SRP453184	SRS18493874	0.991	0.578	45.902	0.843	0.830	0.967	5059.3	126093	1100778.85	1309
SRX21313555	Prostate Tumour	NA	Prostate tumour	Prostate tumour	SRP454277	SRS18561420	0.995	0.703	14.630	0.794	0.736	0.960	2803.02	73242	493293.06	1393
SRX21313556	Prostate Tumour	NA	Prostate tumour	Prostate tumour	SRP454277	SRS18561421	0.996	0.662	15.042	0.792	0.659	0.960	4306.55	61502	367278.98	1772
SRX21313557	Prostate Tumour	NA	Prostate tumour	Prostate tumour	SRP454277	SRS18561422	0.996	0.738	15.632	0.795	0.720	0.960	1442.4	67244	113507.56	3711
SRX21313558	Prostate Tumour	NA	Prostate tumour	Prostate tumour	SRP454277	SRS18561423	0.996	0.725	16.330	0.798	0.694	0.960	1082.39	63705	17384.88	1284
SRX21313559	Prostate Tumour	NA	Prostate tumour	Prostate tumour	SRP454277	SRS18561424	0.990	0.722	25.316	0.789	0.776	0.966	2198.66	74040	214027.82	2687
SRX21313560	Prostate Tumour	NA	Prostate tumour	Prostate tumour	SRP454277	SRS18561425	0.989	0.728	22.224	0.789	0.782	0.965	1523.86	69182	162957.3	2550
SRX213279	Bladder	NA	Bladder	NA	SRP000941	SRS382215	0.995	0.793	51.695	0.883	0.636	0.933	1196.99	67088	16710.51	2980
SRX213280	Liver	NA	Liver	NA	SRP000941	SRS382947	0.995	0.786	52.558	0.881	0.562	0.933	1266.18	57709	219045.14	3072
SRX213911	Right Ventricle	NA	Right Ventricle	NA	SRP000941	SRS308398	0.994	0.792	7.777	0.880	0.859	0.913	1225.34	40664	28885.67	1594
SRX21459099	Embyonic Kidney	human embyonic kidney	NA	HEK293T stably expressing dCas9-SSSavi and 6xgRNA	SRP456514	SRS18694971	0.991	0.737	6.640	0.652	0.821	0.935	17565.2	33428	737633.12	1150
SRX21459100	Embyonic Kidney	human embyonic kidney	NA	HEK293T stably expressing dCas9-SSSavi and 6xgRNA	SRP456514	SRS18694972	0.994	0.641	7.336	0.739	0.803	0.938	8906.56	61138	350435.73	2015
SRX21459101	Embyonic Kidney	human embyonic kidney	NA	HEK293T stably expressing dCas9-SSSavi and 6xgRNA	SRP456514	SRS18694973	0.991	0.740	9.057	0.801	0.831	0.942	17604.43	39724	696092.54	1296
SRX21481454	Cell Line	iPSC	cell line	cell line	SRP456983	SRS18714039	0.975	0.797	14.391	0.921	0.530	0.968	1183.37	36528	7819.06	4255
SRX21481455	Cell Line	iPSC	cell line	cell line	SRP456983	SRS18714040	0.977	0.675	15.919	0.921	0.493	0.970	2540.26	40639	49285.39	2725
SRX21481456	Cell Line	iPSC	cell line	cell line	SRP456983	SRS18714041	0.972	0.858	13.556	0.920	0.476	0.968	1239.22	36561	9245.85	4726
SRX21481457	Cell Line	iPSC	cell line	cell line	SRP456983	SRS18714042	0.971	0.768	11.227	0.920	0.499	0.966	2855.06	37835	81514.71	1700
SRX21481458	Cell Line	Definitive Endoderm	cell line	cell line	SRP456983	SRS18714043	0.981	0.670	16.357	0.920	0.471	0.970	3127.72	39927	54180.58	2841
SRX2156919	Fibroblast Of Arm	fibroblast of arm	NA	NA	SRP012412	SRS1313065	0.989	0.601	23.412	0.726	0.726	0.964	9739.62	85025	325776.74	3476
SRX2156920	Fibroblast Of Arm	fibroblast of arm	NA	NA	SRP012412	SRS1313066	0.988	0.602	26.951	0.752	0.709	0.967	9548.29	87689	326414.36	3480
SRX2156983	Mammary Epithelial	mammary epithelial cell	NA	NA	SRP012412	SRS1686838	0.984	0.709	19.683	0.702	0.255	0.965	2982.72	72120	503683.7	2123
SRX2156984	Mammary Epithelial	mammary epithelial cell	NA	NA	SRP012412	SRS1686839	0.984	0.710	16.928	0.698	0.363	0.962	2997.89	68994	509263.13	2099
SRX2157007	Cell Line	NA	NA	NA	SRP012412	SRS1686844	0.994	0.263	25.052	0.788	0.784	0.959	13397.04	130854	200282.86	8554
SRX2157008	Cell Line	NA	NA	NA	SRP012412	SRS1686843	0.994	0.266	24.230	0.593	0.494	0.958	12922.58	135024	189570.76	8914
SRX2157045	Hepatocellular Carcinoma	NA	NA	NA	SRP012412	SRS1686846	0.994	0.432	13.275	0.766	0.166	0.960	17046.92	53673	763850.74	2363
SRX2157046	Hepatocellular Carcinoma	NA	NA	NA	SRP012412	SRS1686847	0.994	0.443	26.744	0.668	0.928	0.959	10196.73	113066	723933.06	2542
SRX2157047	Cell Line	NA	NA	NA	SRP012412	SRS1686848	0.992	0.477	21.442	0.778	0.738	0.955	9194.69	76501	987783.43	1705
SRX2157048	Cell Line	NA	NA	NA	SRP012412	SRS1686849	0.993	0.518	26.749	0.802	0.866	0.960	12572.42	56638	992706.03	1720
SRX2159826	prostate cancer cell line (LNCaP)	NA	prostate cancer cell line (LNCaP)	LNCAP	SRP089722	SRS1688787	0.995	0.460	6.397	0.864	0.955	0.942	14072.9	55141	219732.65	3549
SRX2159827	prostate cancer cell line (LNCaP)	NA	prostate cancer cell line (LNCaP)	LNCAP	SRP089722	SRS1688788	0.995	0.459	5.092	0.868	0.963	0.930	16118.43	45639	271194.22	2872
SRX2159828	prostate cancer cell line (LNCaP)	NA	prostate cancer cell line (LNCaP)	LNCAP	SRP089722	SRS1688789	0.995	0.460	3.819	0.868	0.971	0.908	18824.23	34346	311172.43	2490
SRX2159829	prostate cancer cell line (LNCaP)	NA	prostate cancer cell line (LNCaP)	LNCAP	SRP089722	SRS1688790	0.995	0.459	6.267	0.851	0.947	0.940	14384.77	53361	223291.21	3497
SRX2159830	prostate cancer cell line (LNCaP)	NA	prostate cancer cell line (LNCaP)	LNCAP	SRP089722	SRS1688791	0.995	0.459	6.137	0.854	0.948	0.939	14474.21	53190	222542.59	3505
SRX2159831	primary prostate epithelial cells (PrEC)	NA	primary prostate epithelial cells (PrEC)	PrEC	SRP089722	SRS1688792	0.996	0.675	6.185	0.878	0.965	0.944	1243.17	50602	30882.56	716
SRX2159832	primary prostate epithelial cells (PrEC)	NA	primary prostate epithelial cells (PrEC)	PrEC	SRP089722	SRS1688793	0.996	0.672	6.002	0.878	0.965	0.942	1287.73	48034	28371.15	871
SRX2159833	primary prostate epithelial cells (PrEC)	NA	primary prostate epithelial cells (PrEC)	PrEC	SRP089722	SRS1688794	0.996	0.672	6.162	0.878	0.964	0.942	1256.66	50058	27778.69	891
SRX2159834	primary prostate epithelial cells (PrEC)	NA	primary prostate epithelial cells (PrEC)	PrEC	SRP089722	SRS1688795	0.995	0.669	2.380	0.876	0.979	0.849	1852.34	33254	64260.83	326
SRX2174425	Retina	NA	NA	retina	SRP090105	SRS1701734	0.994	0.633	20.439	0.713	0.877	0.937	8160.22	77755	306965.68	2679
SRX2174426	Retina	NA	NA	retina	SRP090105	SRS1701735	0.993	0.633	19.356	0.684	0.887	0.934	7874.18	79924	308568.6	2665
SRX2174427	Retina	NA	NA	retina	SRP090105	SRS1701736	0.994	0.628	11.385	0.355	0.898	0.916	7971.11	77524	353887.58	2259
SRX2174428	Retina	NA	NA	retina	SRP090105	SRS1701737	0.994	0.634	19.463	0.685	0.892	0.934	6917.76	93253	308209.1	2562
SRX2174429	Retina	NA	NA	retina	SRP090105	SRS1701738	0.994	0.772	17.355	0.812	0.929	0.945	926.39	68878	18246.71	3786
SRX2174430	Retina	NA	NA	retina	SRP090105	SRS1701739	0.995	0.761	18.522	0.796	0.926	0.940	986.08	70301	33804.44	2341
SRX2174431	Retina	NA	NA	retina	SRP090105	SRS1701740	0.994	0.760	16.555	0.801	0.937	0.942	1026.88	68484	55458.22	2756
SRX2174432	Retina	NA	NA	retina	SRP090105	SRS1701741	0.995	0.764	21.921	0.794	0.913	0.944	1020.94	72789	37656.67	2167
SRX2174433	Retina	NA	NA	retina	SRP090105	SRS1701742	0.994	0.759	15.652	0.756	0.929	0.934	1046.83	66301	38075.02	2567
SRX2174434	Retina	NA	NA	retina	SRP090105	SRS1701743	0.995	0.767	17.705	0.800	0.928	0.939	985.13	68472	35784.07	2673
SRX2174435	Retina	NA	NA	retina	SRP090105	SRS1701744	0.992	0.764	21.257	0.701	0.903	0.943	998.56	70038	34200.57	2328
SRX2174436	Retina	NA	NA	retina	SRP090105	SRS1701745	0.994	0.763	21.357	0.796	0.910	0.942	989.02	71016	34497.15	2445
SRX21821892	Normal Pancreatic Ductal Patient-Derived Organoid	NA	normal pancreatic ductal patient-derived organoid	normal pancreatic ductal patient-derived organoid	SRP461642	SRS18922379	0.985	0.642	5.037	0.891	0.563	0.937	6088.37	47357	924384.12	1239
SRX21821893	Normal Pancreatic Ductal Patient-Derived Organoid	NA	normal pancreatic ductal patient-derived organoid	normal pancreatic ductal patient-derived organoid	SRP461642	SRS18922380	0.985	0.602	4.417	0.891	0.609	0.928	9598.6	43390	1087327.69	1166
SRX21821894	Normal Pancreatic Ductal Patient-Derived Organoid	NA	normal pancreatic ductal patient-derived organoid	normal pancreatic ductal patient-derived organoid	SRP461642	SRS18922381	0.985	0.545	4.265	0.887	0.615	0.924	15108.67	33843	1008582.61	1327
SRX21821895	Normal Pancreatic Ductal Patient-Derived Organoid	NA	normal pancreatic ductal patient-derived organoid	normal pancreatic ductal patient-derived organoid	SRP461642	SRS18922382	0.985	0.632	5.249	0.887	0.548	0.939	7736.57	50124	899693.72	1324
SRX21821896	Pancreatic Ductal Adenocarcinoma Patient-Derived Organoid	NA	pancreatic ductal adenocarcinoma patient-derived organoid	pancreatic ductal adenocarcinoma patient-derived organoid	SRP461642	SRS18922383	0.985	0.682	4.443	0.891	0.613	0.919	6731.02	52605	1057579.53	1204
SRX21821897	Pancreatic Ductal Adenocarcinoma Patient-Derived Organoid	NA	pancreatic ductal adenocarcinoma patient-derived organoid	pancreatic ductal adenocarcinoma patient-derived organoid	SRP461642	SRS18922384	0.985	0.705	5.119	0.892	0.599	0.927	7339.04	58998	498456.5	1724
SRX21821898	Pancreatic Ductal Adenocarcinoma Patient-Derived Organoid	NA	pancreatic ductal adenocarcinoma patient-derived organoid	pancreatic ductal adenocarcinoma patient-derived organoid	SRP461642	SRS18922385	0.985	0.707	5.290	0.888	0.576	0.932	2472.26	46445	887264.67	1073
SRX21821899	Pancreatic Ductal Adenocarcinoma Patient-Derived Organoid	NA	pancreatic ductal adenocarcinoma patient-derived organoid	pancreatic ductal adenocarcinoma patient-derived organoid	SRP461642	SRS18922386	0.985	0.582	5.205	0.893	0.580	0.927	11813.22	41633	920103.06	1297
SRX21821900	Pancreatic Ductal Adenocarcinoma Patient-Derived Organoid	NA	pancreatic ductal adenocarcinoma patient-derived organoid	pancreatic ductal adenocarcinoma patient-derived organoid	SRP461642	SRS18922387	0.984	0.619	4.950	0.891	0.593	0.925	6078.84	36650	2121308.87	474
SRX21821901	Pancreatic Ductal Adenocarcinoma Patient-Derived Organoid	NA	pancreatic ductal adenocarcinoma patient-derived organoid	pancreatic ductal adenocarcinoma patient-derived organoid	SRP461642	SRS18922388	0.985	0.535	4.635	0.891	0.637	0.924	18360.32	43009	648504.6	1747
SRX21821902	Pancreatic Ductal Adenocarcinoma Patient-Derived Organoid	NA	pancreatic ductal adenocarcinoma patient-derived organoid	pancreatic ductal adenocarcinoma patient-derived organoid	SRP461642	SRS18922389	0.985	0.697	5.852	0.893	0.518	0.935	7235.3	67050	529405.68	1489
SRX21821903	Pancreatic Ductal Adenocarcinoma Patient-Derived Organoid	NA	pancreatic ductal adenocarcinoma patient-derived organoid	pancreatic ductal adenocarcinoma patient-derived organoid	SRP461642	SRS18922390	0.985	0.658	4.763	0.889	0.597	0.926	9668.41	56371	663220.96	1701
SRX21821904	Pancreatic Ductal Adenocarcinoma Patient-Derived Organoid	NA	pancreatic ductal adenocarcinoma patient-derived organoid	pancreatic ductal adenocarcinoma patient-derived organoid	SRP461642	SRS18922391	0.986	0.547	4.386	0.887	0.609	0.917	14678.11	37418	663235.14	1620
SRX21821905	Pancreatic Ductal Adenocarcinoma Patient-Derived Organoid	NA	pancreatic ductal adenocarcinoma patient-derived organoid	pancreatic ductal adenocarcinoma patient-derived organoid	SRP461642	SRS18922392	0.985	0.731	4.472	0.888	0.582	0.920	2211.41	54790	349159.44	1298
SRX21821906	Pancreatic Ductal Adenocarcinoma Patient-Derived Organoid	NA	pancreatic ductal adenocarcinoma patient-derived organoid	pancreatic ductal adenocarcinoma patient-derived organoid	SRP461642	SRS18922393	0.985	0.777	4.096	0.885	0.605	0.910	1809.72	46299	457286.69	1402
SRX21821907	Pancreatic Ductal Adenocarcinoma Patient-Derived Organoid	NA	pancreatic ductal adenocarcinoma patient-derived organoid	pancreatic ductal adenocarcinoma patient-derived organoid	SRP461642	SRS18922394	0.985	0.679	4.143	0.892	0.608	0.912	7022.31	51093	1024826.56	1178
SRX21821908	Pancreatic Ductal Adenocarcinoma Patient-Derived Organoid	NA	pancreatic ductal adenocarcinoma patient-derived organoid	pancreatic ductal adenocarcinoma patient-derived organoid	SRP461642	SRS18922395	0.985	0.653	4.865	0.893	0.599	0.927	10576.48	56777	805516.92	1420
SRX21821909	Pancreatic Ductal Adenocarcinoma Patient-Derived Organoid	NA	pancreatic ductal adenocarcinoma patient-derived organoid	pancreatic ductal adenocarcinoma patient-derived organoid	SRP461642	SRS18922396	0.985	0.574	4.815	0.891	0.590	0.925	15846.47	44506	682527.0	1786
SRX21821910	Pancreatic Ductal Adenocarcinoma Patient-Derived Organoid	NA	pancreatic ductal adenocarcinoma patient-derived organoid	pancreatic ductal adenocarcinoma patient-derived organoid	SRP461642	SRS18922397	0.985	0.775	6.377	0.894	0.548	0.938	1371.8	47198	22371.12	306
SRX21821911	Pancreatic Ductal Adenocarcinoma Patient-Derived Organoid	NA	pancreatic ductal adenocarcinoma patient-derived organoid	pancreatic ductal adenocarcinoma patient-derived organoid	SRP461642	SRS18922398	0.985	0.748	5.001	0.889	0.621	0.928	1791.22	45153	71085.89	3446
SRX21821912	Pancreatic Ductal Adenocarcinoma Patient-Derived Organoid	NA	pancreatic ductal adenocarcinoma patient-derived organoid	pancreatic ductal adenocarcinoma patient-derived organoid	SRP461642	SRS18922399	0.985	0.533	4.476	0.895	0.626	0.919	17273.15	30231	862309.58	1452
SRX21821913	Pancreatic Ductal Adenocarcinoma Patient-Derived Organoid	NA	pancreatic ductal adenocarcinoma patient-derived organoid	pancreatic ductal adenocarcinoma patient-derived organoid	SRP461642	SRS18922400	0.985	0.698	4.267	0.890	0.585	0.913	5803.34	54224	816849.45	1255
SRX21821914	Pancreatic Ductal Adenocarcinoma Patient-Derived Organoid	NA	pancreatic ductal adenocarcinoma patient-derived organoid	pancreatic ductal adenocarcinoma patient-derived organoid	SRP461642	SRS18922401	0.985	0.524	4.635	0.896	0.611	0.919	20289.36	36446	770378.82	1600
SRX21821915	Pancreatic Ductal Adenocarcinoma Patient-Derived Organoid	NA	pancreatic ductal adenocarcinoma patient-derived organoid	pancreatic ductal adenocarcinoma patient-derived organoid	SRP461642	SRS18922402	0.985	0.754	4.887	0.899	0.601	0.923	5712.0	62446	604705.91	1124
SRX21821916	Pancreatic Ductal Adenocarcinoma Patient-Derived Organoid	NA	pancreatic ductal adenocarcinoma patient-derived organoid	pancreatic ductal adenocarcinoma patient-derived organoid	SRP461642	SRS18922403	0.985	0.741	4.205	0.893	0.616	0.913	4252.9	53793	701979.84	1387
SRX21821917	Pancreatic Ductal Adenocarcinoma Patient-Derived Organoid	NA	pancreatic ductal adenocarcinoma patient-derived organoid	pancreatic ductal adenocarcinoma patient-derived organoid	SRP461642	SRS18922404	0.962	0.702	5.045	0.891	0.590	0.931	4305.71	53866	1002291.19	1063
SRX21821918	Pancreatic Ductal Adenocarcinoma Patient-Derived Organoid	NA	pancreatic ductal adenocarcinoma patient-derived organoid	pancreatic ductal adenocarcinoma patient-derived organoid	SRP461642	SRS18922405	0.985	0.741	5.034	0.890	0.599	0.930	1547.85	46732	58387.66	1828
SRX21821919	Pancreatic Ductal Adenocarcinoma Patient-Derived Organoid	NA	pancreatic ductal adenocarcinoma patient-derived organoid	pancreatic ductal adenocarcinoma patient-derived organoid	SRP461642	SRS18922406	0.985	0.740	4.158	0.885	0.606	0.916	2779.97	46531	996445.44	1141
SRX21821920	Pancreatic Ductal Adenocarcinoma Patient-Derived Organoid	NA	pancreatic ductal adenocarcinoma patient-derived organoid	pancreatic ductal adenocarcinoma patient-derived organoid	SRP461642	SRS18922407	0.985	0.566	4.204	0.892	0.616	0.912	14395.56	45716	636783.3	1485
SRX21821921	Pancreatic Ductal Adenocarcinoma Patient-Derived Organoid	NA	pancreatic ductal adenocarcinoma patient-derived organoid	pancreatic ductal adenocarcinoma patient-derived organoid	SRP461642	SRS18922408	0.985	0.666	4.681	0.892	0.576	0.918	7061.15	53196	506562.86	1417
SRX21821922	Pancreatic Ductal Adenocarcinoma Patient-Derived Organoid	NA	pancreatic ductal adenocarcinoma patient-derived organoid	pancreatic ductal adenocarcinoma patient-derived organoid	SRP461642	SRS18922409	0.985	0.711	4.586	0.893	0.611	0.926	2884.4	45289	1035207.55	1070
SRX21821923	Pancreatic Ductal Adenocarcinoma Patient-Derived Organoid	NA	pancreatic ductal adenocarcinoma patient-derived organoid	pancreatic ductal adenocarcinoma patient-derived organoid	SRP461642	SRS18922410	0.985	0.665	4.500	0.894	0.588	0.911	9899.29	53835	464794.7	1723
SRX21821924	Pancreatic Ductal Adenocarcinoma Patient-Derived Organoid	NA	pancreatic ductal adenocarcinoma patient-derived organoid	pancreatic ductal adenocarcinoma patient-derived organoid	SRP461642	SRS18922411	0.985	0.392	4.565	0.898	0.606	0.921	51601.98	7163	635414.67	2170
SRX21821925	Pancreatic Ductal Adenocarcinoma Patient-Derived Organoid	NA	pancreatic ductal adenocarcinoma patient-derived organoid	pancreatic ductal adenocarcinoma patient-derived organoid	SRP461642	SRS18922412	0.985	0.675	5.696	0.898	0.534	0.934	5273.7	54591	957840.87	1160
SRX21821926	Pancreatic Ductal Adenocarcinoma Patient-Derived Organoid	NA	pancreatic ductal adenocarcinoma patient-derived organoid	pancreatic ductal adenocarcinoma patient-derived organoid	SRP461642	SRS18922413	0.985	0.680	5.212	0.892	0.550	0.927	7926.5	62287	607246.06	1594
SRX21827799	Embryonic Kidney	Human Embryonic Kidney	NA	HEK293T	SRP461724	SRS18927387	0.984	0.631	37.194	0.920	0.684	0.969	6114.54	124677	257382.68	3202
SRX21827800	Embryonic Kidney	Human Embryonic Kidney	NA	HEK293T	SRP461724	SRS18927391	0.982	0.621	30.443	0.923	0.743	0.967	6236.66	121884	260604.38	3162
SRX21850956	Kidney Epithelial	human embryonic kidney cells	kidney epithelial	kidney epithelial	SRP462521	SRS18948012	0.991	0.603	6.549	0.734	0.927	0.940	11738.64	61963	480866.11	1683
SRX21850957	Kidney Epithelial	human embryonic kidney cells	kidney epithelial	kidney epithelial	SRP462521	SRS18948011	0.991	0.603	6.116	0.735	0.929	0.936	12101.17	59871	484796.13	1666
SRX21850958	Kidney Epithelial	human embryonic kidney cells	kidney epithelial	kidney epithelial	SRP462521	SRS18948017	0.992	0.360	5.692	0.762	0.926	0.929	14934.79	43949	517809.43	1444
SRX21850959	Kidney Epithelial	human embryonic kidney cells	kidney epithelial	kidney epithelial	SRP462521	SRS18948015	0.992	0.361	5.603	0.763	0.927	0.927	14897.77	44425	517931.13	1440
SRX21850960	Kidney Epithelial	human embryonic kidney cells	kidney epithelial	kidney epithelial	SRP462521	SRS18948018	0.991	0.398	4.805	0.708	0.924	0.912	17073.65	37558	531722.08	1409
SRX21850961	Kidney Epithelial	human embryonic kidney cells	kidney epithelial	kidney epithelial	SRP462521	SRS18948020	0.991	0.399	4.954	0.710	0.923	0.914	16771.88	38398	516218.2	1449
SRX21852585	Placenta	EVT	placenta	NA	SRP462543	SRS18949586	0.981	0.371	8.967	0.877	0.606	0.953	18353.55	64040	257234.15	4995
SRX21852586	Placenta	EVT	placenta	NA	SRP462543	SRS18949587	0.982	0.375	11.476	0.880	0.604	0.955	16575.72	73144	185869.04	6912
SRX21852587	Placenta	hTSC	placenta	NA	SRP462543	SRS18949588	0.980	0.298	4.625	0.868	0.659	0.930	51257.08	10646	372189.91	3311
SRX21852588	Placenta	hTSC	placenta	NA	SRP462543	SRS18949589	0.980	0.297	5.960	0.863	0.630	0.943	29179.61	29802	326416.4	3765
SRX21852589	iPSC derived extravillous trophoblast	EVT	iPSC derived extravillous trophoblast	NA	SRP462543	SRS18949590	0.982	0.387	15.841	0.885	0.704	0.960	17356.51	55169	309173.59	4437
SRX21852590	iPSC derived extravillous trophoblast	EVT	iPSC derived extravillous trophoblast	NA	SRP462543	SRS18949591	0.981	0.388	12.354	0.885	0.655	0.958	18891.72	48383	331424.52	4111
SRX21852591	iPSC derived trophoblast stem cell	hTSC	iPSC derived trophoblast stem cell	NA	SRP462543	SRS18949592	0.982	0.402	29.353	0.889	0.710	0.966	14433.98	75938	263376.26	5282
SRX21852592	iPSC derived trophoblast stem cell	hTSC	iPSC derived trophoblast stem cell	NA	SRP462543	SRS18949593	0.982	0.405	20.178	0.890	0.737	0.963	15862.7	66656	278002.6	4993
SRX21852593	iSPC reprogrammed from mesenchymal stem cell	iPSC	iSPC reprogrammed from mesenchymal stem cell	NA	SRP462543	SRS18949594	0.979	0.409	13.139	0.829	0.654	0.960	8771.04	64466	147304.38	5212
SRX21852594	iSPC reprogrammed from mesenchymal stem cell	iPSC	iSPC reprogrammed from mesenchymal stem cell	NA	SRP462543	SRS18949595	0.979	0.407	11.596	0.797	0.620	0.958	9027.95	62821	148679.84	5098
SRX21852595	iPSC derived extravillous trophoblast	EVT	iPSC derived extravillous trophoblast	NA	SRP462543	SRS18949596	0.981	0.649	11.879	0.883	0.690	0.958	4618.59	61444	478622.73	2343
SRX21852596	iPSC derived extravillous trophoblast	EVT	iPSC derived extravillous trophoblast	NA	SRP462543	SRS18949597	0.981	0.647	9.322	0.882	0.612	0.955	4612.05	57987	586953.37	1921
SRX21852597	Placenta	hTSC	placenta	NA	SRP462543	SRS18949598	0.981	0.320	10.583	0.881	0.712	0.954	17444.74	68940	250722.68	5091
SRX21852598	iPSC derived trophoblast stem cell	hTSC	iPSC derived trophoblast stem cell	NA	SRP462543	SRS18949599	0.982	0.584	13.304	0.884	0.637	0.959	4682.99	61154	436343.45	2377
SRX21852599	iPSC derived trophoblast stem cell	hTSC	iPSC derived trophoblast stem cell	NA	SRP462543	SRS18949600	0.981	0.582	11.813	0.881	0.638	0.958	4817.06	57850	450141.31	2309
SRX21852600	iSPC reprogrammed from mesenchymal stem cell	iPSC	iSPC reprogrammed from mesenchymal stem cell	NA	SRP462543	SRS18949601	0.973	0.815	10.312	0.886	0.685	0.955	1302.85	33158	12796.6	1942
SRX21852601	iSPC reprogrammed from mesenchymal stem cell	iPSC	iSPC reprogrammed from mesenchymal stem cell	NA	SRP462543	SRS18949602	0.973	0.795	10.545	0.883	0.658	0.957	1273.9	33461	12146.08	1913
SRX21852602	Mesenchymal Stem Cell	MSC	Mesenchymal stem cell	NA	SRP462543	SRS18949603	0.982	0.696	8.397	0.869	0.533	0.953	2224.33	54969	549185.33	1738
SRX21852603	iPSC derived extravillous trophoblast	EVT	iPSC derived extravillous trophoblast	NA	SRP462543	SRS18949604	0.981	0.399	10.441	0.880	0.644	0.954	20506.23	46356	332666.7	4046
SRX21852604	iPSC derived extravillous trophoblast	EVT	iPSC derived extravillous trophoblast	NA	SRP462543	SRS18949605	0.982	0.401	11.349	0.884	0.675	0.955	19807.6	49171	286639.07	4690
SRX21852605	iPSC derived trophoblast stem cell	hTSC	iPSC derived trophoblast stem cell	NA	SRP462543	SRS18949606	0.982	0.392	14.373	0.885	0.706	0.958	17651.72	59019	265934.0	5060
SRX21852606	iPSC derived trophoblast stem cell	hTSC	iPSC derived trophoblast stem cell	NA	SRP462543	SRS18949607	0.982	0.389	16.538	0.885	0.650	0.959	16774.73	63788	258554.59	5220
SRX21852607	iSPC reprogrammed from mesenchymal stem cell	iPSC	iSPC reprogrammed from mesenchymal stem cell	NA	SRP462543	SRS18949608	0.977	0.446	8.936	0.835	0.635	0.953	7255.68	56002	259771.1	2850
SRX21852608	Placenta	hTSC	placenta	NA	SRP462543	SRS18949609	0.981	0.321	12.320	0.878	0.660	0.955	16491.82	73926	185013.43	6923
SRX21852609	iSPC reprogrammed from mesenchymal stem cell	iPSC	iSPC reprogrammed from mesenchymal stem cell	NA	SRP462543	SRS18949610	0.977	0.442	8.411	0.819	0.570	0.952	6956.58	53580	252715.65	2830
SRX21852610	iPSC derived extravillous trophoblast	EVT	iPSC derived extravillous trophoblast	NA	SRP462543	SRS18949611	0.981	0.561	4.522	0.878	0.665	0.930	17396.14	38068	528557.6	2244
SRX21852611	iPSC derived extravillous trophoblast	EVT	iPSC derived extravillous trophoblast	NA	SRP462543	SRS18949612	0.981	0.562	11.237	0.880	0.613	0.955	13987.15	55699	331197.7	3589
SRX21852612	iPSC derived trophoblast stem cell	hTSC	iPSC derived trophoblast stem cell	NA	SRP462543	SRS18949613	0.982	0.494	16.506	0.887	0.634	0.959	12309.22	58632	338170.69	3404
SRX21852613	iPSC derived trophoblast stem cell	hTSC	iPSC derived trophoblast stem cell	NA	SRP462543	SRS18949614	0.982	0.494	10.267	0.887	0.680	0.954	13882.83	50128	438988.56	2665
SRX21852614	iSPC reprogrammed from mesenchymal stem cell	iPSC	iSPC reprogrammed from mesenchymal stem cell	NA	SRP462543	SRS18949615	0.976	0.821	11.979	0.886	0.560	0.955	1162.6	38095	13112.4	4122
SRX21852615	iSPC reprogrammed from mesenchymal stem cell	iPSC	iSPC reprogrammed from mesenchymal stem cell	NA	SRP462543	SRS18949616	0.975	0.819	12.623	0.883	0.569	0.956	1152.48	38709	12755.46	4248
SRX21852616	iPSC derived trophoblast stem cell	hTSC	iPSC derived trophoblast stem cell	NA	SRP462543	SRS18949617	0.981	0.582	9.237	0.879	0.552	0.952	5832.5	53041	728455.89	1572
SRX21852617	iPSC derived trophoblast stem cell	hTSC	iPSC derived trophoblast stem cell	NA	SRP462543	SRS18949618	0.981	0.581	10.926	0.883	0.583	0.954	5827.26	56354	746772.59	1522
SRX21852618	iSPC reprogrammed from mesenchymal stem cell	iPSC	iSPC reprogrammed from mesenchymal stem cell	NA	SRP462543	SRS18949619	0.975	0.807	10.565	0.887	0.654	0.954	1199.25	35585	22203.8	2211
SRX21852619	iSPC reprogrammed from mesenchymal stem cell	iPSC	iSPC reprogrammed from mesenchymal stem cell	NA	SRP462543	SRS18949620	0.975	0.804	10.022	0.887	0.661	0.953	1208.82	35192	19949.47	2319
SRX21852620	Mesenchymal Stem Cell	MSC	Mesenchymal stem cell	NA	SRP462543	SRS18949621	0.981	0.690	10.365	0.878	0.576	0.954	4409.71	67727	579238.57	1773
SRX21852621	Placenta	EVT	placenta	NA	SRP462543	SRS18949622	0.981	0.376	9.600	0.855	0.711	0.952	17633.95	65192	246898.03	5035
SRX21852622	Mesenchymal Stem Cell	MSC	Mesenchymal stem cell	NA	SRP462543	SRS18949623	0.982	0.697	12.710	0.885	0.610	0.956	2385.65	63029	437848.09	2062
SRX21852623	iPSC derived extravillous trophoblast	EVT	iPSC derived extravillous trophoblast	NA	SRP462543	SRS18949624	0.982	0.409	13.528	0.883	0.643	0.959	18522.77	55795	272227.89	5092
SRX21852624	iPSC derived extravillous trophoblast	EVT	iPSC derived extravillous trophoblast	NA	SRP462543	SRS18949625	0.981	0.407	9.964	0.878	0.621	0.956	21329.4	44748	335563.89	4136
SRX21852625	Placenta	EVT	placenta	NA	SRP462543	SRS18949626	0.980	0.337	3.920	0.836	0.579	0.918	52676.21	11074	370516.44	3609
SRX21852626	iPSC derived trophoblast stem cell	hTSC	iPSC derived trophoblast stem cell	NA	SRP462543	SRS18949627	0.982	0.382	10.946	0.884	0.710	0.957	20177.76	49679	333065.38	4183
SRX21852627	iPSC derived trophoblast stem cell	hTSC	iPSC derived trophoblast stem cell	NA	SRP462543	SRS18949628	0.982	0.384	10.457	0.886	0.694	0.956	20533.67	48320	332995.43	4167
SRX21852628	iSPC reprogrammed from mesenchymal stem cell	iPSC	iSPC reprogrammed from mesenchymal stem cell	NA	SRP462543	SRS18949629	0.978	0.416	12.876	0.840	0.664	0.959	8130.19	62258	155905.1	4531
SRX21852629	iSPC reprogrammed from mesenchymal stem cell	iPSC	iSPC reprogrammed from mesenchymal stem cell	NA	SRP462543	SRS18949630	0.978	0.415	11.186	0.829	0.676	0.957	8324.01	59993	212204.99	3403
SRX21852630	iPSC derived extravillous trophoblast	EVT	iPSC derived extravillous trophoblast	NA	SRP462543	SRS18949631	0.981	0.561	9.482	0.877	0.642	0.956	14964.49	50158	426147.28	2988
SRX21852631	iPSC derived extravillous trophoblast	EVT	iPSC derived extravillous trophoblast	NA	SRP462543	SRS18949632	0.980	0.562	8.443	0.876	0.628	0.953	15217.82	48099	437635.36	2876
SRX21852632	iPSC derived trophoblast stem cell	hTSC	iPSC derived trophoblast stem cell	NA	SRP462543	SRS18949633	0.982	0.513	15.247	0.882	0.653	0.960	12971.52	57935	366297.66	3334
SRX21852633	iPSC derived trophoblast stem cell	hTSC	iPSC derived trophoblast stem cell	NA	SRP462543	SRS18949634	0.982	0.511	12.475	0.882	0.667	0.958	13597.98	53834	379549.97	3180
SRX21852634	iSPC reprogrammed from mesenchymal stem cell	iPSC	iSPC reprogrammed from mesenchymal stem cell	NA	SRP462543	SRS18949635	0.975	0.823	5.701	0.872	0.589	0.942	1320.81	32899	21497.07	1209
SRX21852635	iSPC reprogrammed from mesenchymal stem cell	iPSC	iSPC reprogrammed from mesenchymal stem cell	NA	SRP462543	SRS18949636	0.974	0.820	5.950	0.862	0.575	0.943	1304.1	33281	20570.98	1366
SRX21852636	Placenta	EVT	placenta	NA	SRP462543	SRS18949637	0.980	0.337	4.778	0.864	0.626	0.933	36219.53	22864	349595.34	3804
SRX21852637	Mesenchymal Stem Cell	MSC	Mesenchymal stem cell	NA	SRP462543	SRS18949638	0.982	0.660	12.170	0.884	0.709	0.958	4401.95	68700	456648.19	2215
SRX21852638	iPSC derived extravillous trophoblast	EVT	iPSC derived extravillous trophoblast	NA	SRP462543	SRS18949639	0.981	0.419	5.495	0.882	0.664	0.940	30138.91	19799	477511.32	2567
SRX21852639	iPSC derived extravillous trophoblast	EVT	iPSC derived extravillous trophoblast	NA	SRP462543	SRS18949640	0.981	0.422	13.092	0.885	0.571	0.956	16383.08	54618	315270.6	3891
SRX21852640	iPSC derived trophoblast stem cell	hTSC	iPSC derived trophoblast stem cell	NA	SRP462543	SRS18949641	0.980	0.424	12.678	0.888	0.657	0.956	16689.88	54004	304789.14	4032
SRX21852641	iPSC derived trophoblast stem cell	hTSC	iPSC derived trophoblast stem cell	NA	SRP462543	SRS18949642	0.982	0.422	10.325	0.889	0.690	0.953	17952.92	48440	381272.09	3248
SRX21852642	iPSC reprogrammed from renal epithelial	iPSC	iPSC reprogrammed from renal epithelial cells	NA	SRP462543	SRS18949643	0.976	0.480	9.133	0.815	0.621	0.953	4904.16	51422	244934.21	2788
SRX21852643	iPSC reprogrammed from renal epithelial	iPSC	iPSC reprogrammed from renal epithelial cells	NA	SRP462543	SRS18949644	0.977	0.479	10.816	0.819	0.616	0.956	5307.13	56458	257846.17	2697
SRX21852644	iPSC derived extravillous trophoblast	EVT	iPSC derived extravillous trophoblast	NA	SRP462543	SRS18949645	0.981	0.553	10.782	0.885	0.689	0.956	13307.11	55100	353760.1	3329
SRX21852645	iPSC derived extravillous trophoblast	EVT	iPSC derived extravillous trophoblast	NA	SRP462543	SRS18949646	0.980	0.551	7.218	0.881	0.542	0.948	15016.14	45542	433987.91	2756
SRX21852646	iPSC derived trophoblast stem cell	hTSC	iPSC derived trophoblast stem cell	NA	SRP462543	SRS18949647	0.981	0.493	5.840	0.872	0.679	0.944	18614.4	30816	532540.46	2221
SRX21852647	Placenta	hTSC	placenta	NA	SRP462543	SRS18949648	0.982	0.290	8.802	0.880	0.642	0.950	21156.74	55219	226108.57	5808
SRX21852648	iPSC derived trophoblast stem cell	hTSC	iPSC derived trophoblast stem cell	NA	SRP462543	SRS18949650	0.981	0.491	8.702	0.873	0.597	0.954	14979.8	44678	460582.6	2568
SRX21852649	iSPC reprogrammed from mesenchymal stem cell	iPSC	iSPC reprogrammed from mesenchymal stem cell	NA	SRP462543	SRS18949649	0.974	0.814	10.040	0.883	0.545	0.956	1243.44	35105	13471.81	1992
SRX21852650	iSPC reprogrammed from mesenchymal stem cell	iPSC	iSPC reprogrammed from mesenchymal stem cell	NA	SRP462543	SRS18949651	0.974	0.818	11.670	0.886	0.584	0.957	1211.72	36377	8113.36	4005
SRX21852651	Mesenchymal Stem Cell	MSC	Mesenchymal stem cell	NA	SRP462543	SRS18949652	0.981	0.673	12.087	0.875	0.632	0.958	3323.79	66090	427032.48	2273
SRX21852652	iPSC derived extravillous trophoblast	EVT	iPSC derived extravillous trophoblast	NA	SRP462543	SRS18949653	0.978	0.396	10.579	0.873	0.550	0.954	19307.32	59733	359697.97	3910
SRX21852653	iPSC derived extravillous trophoblast	EVT	iPSC derived extravillous trophoblast	NA	SRP462543	SRS18949654	0.978	0.399	12.775	0.872	0.557	0.956	18525.36	63861	301416.98	4655
SRX21852654	iPSC derived trophoblast stem cell	hTSC	iPSC derived trophoblast stem cell	NA	SRP462543	SRS18949655	0.980	0.346	10.102	0.878	0.621	0.954	19989.14	52933	391012.63	3532
SRX21852655	iPSC derived trophoblast stem cell	hTSC	iPSC derived trophoblast stem cell	NA	SRP462543	SRS18949656	0.979	0.348	10.809	0.879	0.657	0.954	19363.75	55420	383598.47	3613
SRX21852657	iSPC reprogrammed from mesenchymal stem cell	iPSC	iSPC reprogrammed from mesenchymal stem cell	NA	SRP462543	SRS18949658	0.979	0.351	10.999	0.785	0.626	0.954	10370.09	58777	172374.85	4655
SRX21852658	Placenta	hTSC	placenta	NA	SRP462543	SRS18949659	0.982	0.288	10.238	0.877	0.614	0.954	19462.2	61998	220518.95	5954
SRX21852659	iPSC derived extravillous trophoblast	EVT	iPSC derived extravillous trophoblast	NA	SRP462543	SRS18949660	0.981	0.589	6.675	0.872	0.624	0.945	12149.92	47692	589383.75	2117
SRX21852660	iPSC derived extravillous trophoblast	EVT	iPSC derived extravillous trophoblast	NA	SRP462543	SRS18949661	0.980	0.585	5.551	0.868	0.638	0.940	12530.54	44030	670121.87	1867
SRX21852661	iPSC derived trophoblast stem cell	hTSC	iPSC derived trophoblast stem cell	NA	SRP462543	SRS18949662	0.981	0.527	6.369	0.866	0.611	0.945	13370.78	39395	667214.88	1812
SRX21852662	iPSC derived trophoblast stem cell	hTSC	iPSC derived trophoblast stem cell	NA	SRP462543	SRS18949663	0.982	0.528	8.824	0.872	0.481	0.952	11644.09	49128	593338.53	2029
SRX21852664	iSPC reprogrammed from mesenchymal stem cell	iPSC	iSPC reprogrammed from mesenchymal stem cell	NA	SRP462543	SRS18949665	0.976	0.812	9.781	0.876	0.597	0.953	1215.29	37050	15833.19	2327
SRX21852665	Mesenchymal Stem Cell	MSC	Mesenchymal stem cell	NA	SRP462543	SRS18949666	0.981	0.680	12.503	0.880	0.641	0.956	2108.72	59027	438573.06	2054
SRX21852666	iPSC derived extravillous trophoblast	EVT	iPSC derived extravillous trophoblast	NA	SRP462543	SRS18949667	0.982	0.425	12.432	0.879	0.690	0.956	15201.59	54868	304407.02	3857
SRX21852667	iPSC derived extravillous trophoblast	EVT	iPSC derived extravillous trophoblast	NA	SRP462543	SRS18949668	0.981	0.426	11.334	0.880	0.657	0.954	15690.68	52320	311597.92	3760
SRX21852668	iPSC derived trophoblast stem cell	hTSC	iPSC derived trophoblast stem cell	NA	SRP462543	SRS18949669	0.982	0.409	30.065	0.894	0.641	0.963	12670.46	73585	261413.56	4514
SRX21852669	Placenta	EVT	placenta	NA	SRP462543	SRS18949670	0.980	0.375	9.134	0.850	0.656	0.952	18006.69	63421	250286.63	4963
SRX21852670	iPSC derived trophoblast stem cell	hTSC	iPSC derived trophoblast stem cell	NA	SRP462543	SRS18949671	0.982	0.410	16.535	0.890	0.693	0.959	14371.18	61907	278291.2	4229
SRX21852671	iSPC reprogrammed from mesenchymal stem cell	iPSC	iSPC reprogrammed from mesenchymal stem cell	NA	SRP462543	SRS18949672	0.977	0.499	14.396	0.831	0.653	0.958	2877.35	55566	92531.77	4860
SRX21852672	iSPC reprogrammed from mesenchymal stem cell	iPSC	iSPC reprogrammed from mesenchymal stem cell	NA	SRP462543	SRS18949673	0.977	0.510	19.879	0.825	0.637	0.961	2743.67	58679	91029.32	5129
SRX21852673	iPSC derived extravillous trophoblast	EVT	iPSC derived extravillous trophoblast	NA	SRP462543	SRS18949674	0.982	0.635	10.194	0.885	0.687	0.954	5564.36	58547	725503.89	1666
SRX21852674	iPSC derived extravillous trophoblast	EVT	iPSC derived extravillous trophoblast	NA	SRP462543	SRS18949675	0.981	0.642	11.092	0.888	0.696	0.954	5233.47	60128	615599.39	1925
SRX2193417	Primary Tumor	NA	Primary Tumor	Patient A124	SRP049651	SRS1715908	0.995	0.728	8.265	0.820	0.959	0.950	1190.38	37949	25385.2	1022
SRX2193418	Peritoneal Metastasis	NA	peritoneal metastasis	Patient A124	SRP049651	SRS1715909	0.996	0.719	9.109	0.814	0.963	0.952	1257.14	38817	15349.38	2146
SRX2193419	Normal Pancreas	NA	Normal Pancreas	Patient A124	SRP049651	SRS1715910	0.995	0.658	7.918	0.782	0.951	0.949	1332.59	33647	23120.29	1177
SRX2193420	Primary Tumor	NA	Primary Tumor	Patient A125	SRP049651	SRS1715911	0.996	0.723	7.970	0.831	0.958	0.946	1315.34	33100	18004.99	1471
SRX2193421	Primary Tumor	NA	Primary Tumor	Patient A125	SRP049651	SRS1715912	0.996	0.498	5.779	0.847	0.855	0.928	28127.94	20229	864381.69	1590
SRX2193422	Liver Metastasis	NA	liver metastasis	Patient A125	SRP049651	SRS1715913	0.996	0.551	6.175	0.822	0.895	0.921	19391.96	33461	1038157.66	1287
SRX2193423	Liver Metastasis	NA	liver metastasis	Patient A125	SRP049651	SRS1715914	0.996	0.579	5.583	0.847	0.914	0.925	11323.17	46321	1095165.32	1172
SRX21974118	Colorectal Cancer Cell Line	colorectal cancer cell line	NA	HCT116 cells	SRP464289	SRS19050025	0.977	0.737	2.336	0.835	0.772	0.724	11204.09	48689	956667.15	988
SRX21974119	Colorectal Cancer Cell Line	colorectal cancer cell line	NA	HCT116 with knocked out DNMT3B	SRP464289	SRS19049827	0.978	0.730	3.255	0.848	0.755	0.824	11620.22	46068	745287.04	960
SRX21974120	Colorectal Cancer Cell Line	colorectal cancer cell line	NA	HCT116 with knocked out DNMT3B expressing DNMT3B	SRP464289	SRS19049828	0.974	0.786	2.548	0.842	0.736	0.759	10737.29	40587	767973.8	870
SRX21974121	Colorectal Cancer Cell Line	colorectal cancer cell line	NA	HCT116 with knocked out DNMT3B expressing DNMT3B W263A	SRP464289	SRS19050026	0.970	0.836	2.473	0.840	0.690	0.759	1412.86	19348	944593.89	706
SRX21974122	Colorectal Cancer Cell Line	colorectal cancer cell line	NA	HCT116 with knocked out DNMT3B expressing DNMT3A	SRP464289	SRS19050028	0.970	0.761	3.149	0.843	0.690	0.819	11625.06	44492	720740.87	960
SRX21974123	Colorectal Cancer Cell Line	colorectal cancer cell line	NA	HCT116 with knocked out DNMT3B expressing DNMT3A catalytic dead	SRP464289	SRS19050027	0.975	0.724	2.485	0.840	0.676	0.774	11816.13	43971	779933.72	912
SRX21974125	Colorectal Cancer Cell Line	colorectal cancer cell line	NA	HCT116 cells with DNMT3B W263A mutation knocked in by CRISPR	SRP464289	SRS19049829	0.975	0.784	2.147	0.869	0.792	0.731	9232.98	52766	957457.52	967
SRX21974126	Colorectal Cancer Cell Line	colorectal cancer cell line	NA	HCT116 cells with DNMT3B W263A mutation knocked in by CRISPR	SRP464289	SRS19050029	0.979	0.766	2.274	0.874	0.797	0.754	10218.83	50533	926474.61	946
SRX21974127	Colorectal Cancer Cell Line	colorectal cancer cell line	NA	HCT116 cells with DNMT3B W263A mutation knocked in by CRISPR	SRP464289	SRS19049831	0.930	0.777	2.653	0.878	0.786	0.793	10207.01	54658	924813.8	1030
SRX21974128	Colorectal Cancer Cell Line	colorectal cancer cell line	NA	HCT116 control clone cells unedited by CRISPR	SRP464289	SRS19050030	0.980	0.750	3.260	0.879	0.789	0.827	10875.74	55798	856274.74	1154
SRX21974129	Colorectal Cancer Cell Line	colorectal cancer cell line	NA	HCT116 control clone cells unedited by CRISPR	SRP464289	SRS19049832	0.981	0.748	2.635	0.875	0.795	0.800	11246.04	53148	896948.15	1102
SRX21974130	Colorectal Cancer Cell Line	colorectal cancer cell line	NA	HCT116 cells	SRP464289	SRS19049833	0.977	0.731	1.617	0.863	0.932	0.723	10717.58	46243	1013011.05	931
SRX21974131	Colorectal Cancer Cell Line	colorectal cancer cell line	NA	HCT116 with knocked out DNMT3B	SRP464289	SRS19050032	0.977	0.712	1.805	0.865	0.932	0.756	11452.09	44305	837248.81	844
SRX21974132	Colorectal Cancer Cell Line	colorectal cancer cell line	NA	HCT116 with knocked out DNMT3B expressing DNMT3B	SRP464289	SRS19049834	0.972	0.797	1.755	0.860	0.936	0.749	8073.65	41132	894012.02	755
SRX21974133	Colorectal Cancer Cell Line	colorectal cancer cell line	NA	HCT116 with knocked out DNMT3B expressing DNMT3B delta N	SRP464289	SRS19049835	0.970	0.780	1.800	0.858	0.934	0.756	10077.79	40971	858460.54	787
SRX21974134	Colorectal Cancer Cell Line	colorectal cancer cell line	NA	HCT116 with knocked out DNMT3B expressing DNMT3B	SRP464289	SRS19050031	0.973	0.799	1.812	0.865	0.929	0.756	9069.15	39995	827235.69	801
SRX21974135	Colorectal Cancer Cell Line	colorectal cancer cell line	NA	HCT116 with knocked out DNMT3B expressing DNMT3B delta N	SRP464289	SRS19050033	0.973	0.776	1.775	0.862	0.930	0.754	10292.57	41369	847703.14	790
SRX21982623	Leukapheresis Products	DCreg	Leukapheresis products	Leukapheresis products	SRP464400	SRS19057843	0.977	0.780	36.893	0.921	0.656	0.972	925.7	84142	13137.02	4287
SRX21982624	Leukapheresis Products	DCreg	Leukapheresis products	Leukapheresis products	SRP464400	SRS19057844	0.977	0.783	47.914	0.911	0.758	0.977	942.0	85344	13114.56	4721
SRX21982625	Leukapheresis Products	DCreg	Leukapheresis products	Leukapheresis products	SRP464400	SRS19057845	0.978	0.776	40.626	0.917	0.771	0.971	935.47	83761	13898.24	4526
SRX21982626	Leukapheresis Products	DCreg	Leukapheresis products	Leukapheresis products	SRP464400	SRS19057846	0.978	0.790	35.449	0.919	0.771	0.975	920.23	84452	14379.76	4331
SRX21982627	Leukapheresis Products	DCreg	Leukapheresis products	Leukapheresis products	SRP464400	SRS19057847	0.982	0.799	12.991	0.889	0.138	0.974	903.9	74970	14320.9	3752
SRX21982628	Leukapheresis Products	DCreg	Leukapheresis products	Leukapheresis products	SRP464400	SRS19057848	0.981	0.801	16.333	0.906	0.208	0.972	917.19	77605	13976.92	3943
SRX21982629	Leukapheresis Products	mDC	Leukapheresis products	Leukapheresis products	SRP464400	SRS19057849	0.978	0.791	33.902	0.915	0.761	0.971	929.99	83216	12876.35	4415
SRX21982630	Leukapheresis Products	mDC	Leukapheresis products	Leukapheresis products	SRP464400	SRS19057850	0.978	0.792	45.915	0.914	0.668	0.978	930.11	86072	13213.66	4535
SRX21982631	Leukapheresis Products	mDC	Leukapheresis products	Leukapheresis products	SRP464400	SRS19057851	0.978	0.782	30.817	0.922	0.813	0.971	916.24	82368	13955.86	3945
SRX21982632	Leukapheresis Products	mDC	Leukapheresis products	Leukapheresis products	SRP464400	SRS19057852	0.978	0.784	29.984	0.918	0.813	0.975	907.06	83124	12772.74	4969
SRX21982633	Leukapheresis Products	mDC	Leukapheresis products	Leukapheresis products	SRP464400	SRS19057853	0.979	0.797	13.968	0.904	0.138	0.975	916.4	77021	13895.18	4108
SRX21982634	Leukapheresis Products	mDC	Leukapheresis products	Leukapheresis products	SRP464400	SRS19057854	0.982	0.801	16.815	0.896	0.209	0.972	911.47	77610	13112.27	4210
SRX22149900	Blood	CD8 T cell	peripheral blood	peripheral blood	SRP467414	SRS19209432	0.965	0.844	4.654	0.853	0.198	0.903	1322.78	38686	28928.41	1451
SRX22149901	Blood	CD8 T cell	peripheral blood	peripheral blood	SRP467414	SRS19209433	0.980	0.728	4.444	0.828	0.186	0.890	1749.14	28031	22329.68	476
SRX22149902	Blood	CD8 T cell	peripheral blood	peripheral blood	SRP467414	SRS19209434	0.967	0.721	4.178	0.631	0.148	0.888	1841.87	27949	30819.72	419
SRX22149903	Blood	CD8 T cell	peripheral blood	peripheral blood	SRP467414	SRS19209435	0.979	0.851	5.608	0.843	0.397	0.920	1274.78	40955	27103.42	1436
SRX22149904	Blood	CD8 T cell	peripheral blood	peripheral blood	SRP467414	SRS19209436	0.980	0.720	6.191	0.863	0.334	0.927	1585.69	30688	14238.41	843
SRX22149905	Blood	CD8 T cell	peripheral blood	peripheral blood	SRP467414	SRS19209437	0.980	0.719	4.909	0.853	0.200	0.908	1704.8	29249	18185.64	539
SRX22149906	Blood	CD8 T cell	peripheral blood	peripheral blood	SRP467414	SRS19209438	0.980	0.848	6.392	0.868	0.235	0.927	1270.5	42535	23183.77	1980
SRX22149907	Blood	CD8 T cell	peripheral blood	peripheral blood	SRP467414	SRS19209439	0.980	0.710	8.334	0.863	0.356	0.948	1365.58	35585	15312.04	900
SRX22149908	Blood	CD8 T cell	peripheral blood	peripheral blood	SRP467414	SRS19209440	0.980	0.719	5.922	0.841	0.302	0.924	1749.95	29922	31409.83	254
SRX22149909	Blood	CD8 T cell	peripheral blood	peripheral blood	SRP467414	SRS19209441	0.980	0.852	7.354	0.871	0.484	0.933	1225.96	43359	20238.26	2165
SRX22149910	Blood	CD8 T cell	peripheral blood	peripheral blood	SRP467414	SRS19209442	0.981	0.739	9.677	0.876	0.553	0.946	1381.75	35340	15832.61	884
SRX22149911	Blood	CD8 T cell	peripheral blood	peripheral blood	SRP467414	SRS19209443	0.979	0.709	4.814	0.846	0.182	0.912	1815.46	29294	20934.2	563
SRX22149912	Blood	CD8 T cell	peripheral blood	peripheral blood	SRP467414	SRS19209444	0.980	0.730	4.862	0.860	0.161	0.914	1606.55	30202	18681.49	632
SRX22149913	Blood	CD8 T cell	peripheral blood	peripheral blood	SRP467414	SRS19209445	0.979	0.726	5.289	0.721	0.250	0.919	1637.62	29421	20973.34	508
SRX22163323	HTM	NA	HTM	NA	SRP467808	SRS19221781	0.994	0.689	9.514	0.740	0.814	0.961	7388.69	64143	298542.65	2322
SRX22163326	HTM	NA	HTM	NA	SRP467808	SRS19221786	0.971	0.726	11.819	0.876	0.807	0.964	6676.43	74363	249390.66	2823
SRX22163328	HTM	NA	HTM	NA	SRP467808	SRS19221782	0.990	0.720	10.980	0.809	0.795	0.964	7100.88	67058	254653.98	2734
SRX22163329	HTM	NA	HTM	NA	SRP467808	SRS19221785	0.992	0.711	10.147	0.854	0.806	0.962	7015.79	68676	297256.02	2395
SRX22163331	HTM	NA	HTM	NA	SRP467808	SRS19221789	0.920	0.696	6.615	0.744	0.788	0.955	8624.0	54128	331805.45	2104
SRX22163333	HTM	NA	HTM	NA	SRP467808	SRS19221792	0.941	0.693	12.425	0.771	0.762	0.964	7204.29	68168	241171.77	2848
SRX22163336	HTM	NA	HTM	NA	SRP467808	SRS19221795	0.932	0.694	8.867	0.755	0.791	0.961	8056.26	60249	296945.25	2355
SRX22163337	HTM	NA	HTM	NA	SRP467808	SRS19221794	0.944	0.727	10.823	0.807	0.777	0.964	7274.1	67346	246150.73	2878
SRX22163345	HTM	NA	HTM	NA	SRP467808	SRS19221798	0.951	0.703	8.927	0.713	0.821	0.960	7844.44	61996	295090.82	2380
SRX22163356	HTM	NA	HTM	NA	SRP467808	SRS19221813	0.920	0.736	9.390	0.876	0.813	0.962	7499.41	65425	296518.88	2430
SRX22163365	Tissue	NA	Tissue	NA	SRP467808	SRS19221821	0.982	0.753	8.655	0.843	0.793	0.962	1294.02	37657	26370.62	1219
SRX22163366	Tissue	NA	Tissue	NA	SRP467808	SRS19221826	0.995	0.724	7.633	0.819	0.797	0.955	1171.18	39463	14030.09	1162
SRX22163367	HTM	NA	HTM	NA	SRP467808	SRS19221823	0.993	0.721	9.342	0.877	0.786	0.961	7128.86	67496	299548.15	2379
SRX22163368	Tissue	NA	Tissue	NA	SRP467808	SRS19221825	0.997	0.784	8.913	0.879	0.783	0.958	1044.35	51899	15523.97	1700
SRX22163369	Tissue	NA	Tissue	NA	SRP467808	SRS19221824	0.996	0.755	8.741	0.847	0.771	0.961	1117.45	43654	14813.26	1311
SRX22163370	Tissue	NA	Tissue	NA	SRP467808	SRS19221830	0.996	0.760	8.725	0.814	0.770	0.961	1083.59	46816	13057.65	1672
SRX22163371	Tissue	NA	Tissue	NA	SRP467808	SRS19221829	0.996	0.773	9.666	0.859	0.777	0.961	1005.56	56312	15615.56	2040
SRX22163372	Tissue	NA	Tissue	NA	SRP467808	SRS19221828	0.997	0.777	8.995	0.883	0.779	0.958	1030.26	52188	18219.31	1605
SRX22163373	Tissue	NA	Tissue	NA	SRP467808	SRS19221833	0.996	0.778	8.609	0.879	0.788	0.957	1048.35	51114	17707.85	1783
SRX22163374	Tissue	NA	Tissue	NA	SRP467808	SRS19221831	0.997	0.772	10.552	0.875	0.749	0.959	997.59	55514	10173.51	2800
SRX22163375	Tissue	NA	Tissue	NA	SRP467808	SRS19221832	0.997	0.751	8.271	0.866	0.804	0.961	1111.09	47524	15769.28	1587
SRX22163376	Tissue	NA	Tissue	NA	SRP467808	SRS19221834	0.997	0.777	8.812	0.874	0.792	0.962	1057.21	53194	16881.57	1559
SRX22163377	Tissue	NA	Tissue	NA	SRP467808	SRS19221836	0.997	0.748	9.575	0.833	0.782	0.963	1263.03	39539	194183.95	2256
SRX22163378	HTM	NA	HTM	NA	SRP467808	SRS19221835	0.991	0.716	13.519	0.808	0.803	0.966	6316.55	77400	239783.25	2933
SRX22163379	HTM	NA	HTM	NA	SRP467808	SRS19221839	0.984	0.704	14.560	0.727	0.823	0.966	6511.71	75683	236789.55	2930
SRX22368596	Bone Marrow	hematopoietic stem cells	Bone marrow	NA	SRP470181	SRS19416333	0.984	0.753	5.361	0.370	0.227	0.931	1209.62	41765	35000.81	887
SRX22368599	Bone Marrow	hematopoietic stem cells	Bone marrow	NA	SRP470181	SRS19416336	0.985	0.753	17.181	0.731	0.630	0.971	902.35	64161	11204.43	3328
SRX22368600	Bone Marrow	megakaryocyte progenitor cells	Bone marrow	NA	SRP470181	SRS19416337	0.975	0.745	4.246	0.352	0.170	0.905	1360.55	36166	35832.08	799
SRX22368602	Bone Marrow	megakaryocyte progenitor cells	Bone marrow	NA	SRP470181	SRS19416339	0.986	0.704	10.484	0.485	0.555	0.966	1130.93	42240	16893.17	1583
SRX22368605	Bone Marrow	hematopoietic stem cells	Bone marrow	NA	SRP470181	SRS19416342	0.958	0.739	2.536	0.255	0.131	0.780	1419.63	31992	52199.74	355
SRX22368606	Bone Marrow	megakaryocyte progenitor cells	Bone marrow	NA	SRP470181	SRS19416343	0.967	0.690	2.279	0.235	0.168	0.774	1690.27	28717	59673.67	175
SRX22491162	Blood	NA	Whole blood	NA	SRP471363	SRS19504465	0.985	0.744	8.642	0.814	0.801	0.917	1184.67	40090	21538.39	764
SRX22491163	Blood	NA	Whole blood	NA	SRP471363	SRS19504465	0.985	0.746	8.589	0.814	0.801	0.917	1179.26	40460	21337.39	785
SRX22491261	Blood	NA	Whole blood	NA	SRP471363	SRS19504465	0.985	0.744	8.539	0.817	0.802	0.917	1178.89	40421	20805.85	849
SRX22491262	Blood	NA	Whole blood	NA	SRP471363	SRS19504465	0.985	0.743	8.451	0.813	0.803	0.917	1185.83	40145	21412.03	768
SRX22491266	Blood	NA	Whole blood	NA	SRP471363	SRS19504425	0.996	0.794	19.270	0.839	0.730	0.960	925.0	66603	9612.37	3669
SRX22491268	Blood	NA	Whole blood	NA	SRP471363	SRS19504432	0.996	0.781	21.189	0.828	0.763	0.964	898.45	68630	9601.17	3553
SRX22491270	Blood	NA	Whole blood	NA	SRP471363	SRS19504434	0.996	0.788	20.156	0.828	0.745	0.961	953.85	61653	9160.57	3541
SRX22491273	Blood	NA	Whole blood	NA	SRP471363	SRS19504435	0.996	0.790	19.629	0.839	0.741	0.959	962.45	62211	9751.1	3317
SRX22491275	Blood	NA	Whole blood	NA	SRP471363	SRS19504445	0.983	0.792	19.174	0.886	0.638	0.964	933.02	69600	10304.82	3349
SRX22491277	Blood	NA	Whole blood	NA	SRP471363	SRS19504445	0.983	0.792	2.214	0.885	0.717	0.826	1511.49	33205	42069.35	423
SRX22491278	Blood	NA	Whole blood	NA	SRP471363	SRS19504501	0.984	0.794	21.449	0.885	0.622	0.965	945.34	67345	10529.26	3578
SRX22643088	Mammary Gland	Breast cancer cell	Mammary gland	Mammary gland	SRP474233	SRS19640479	0.984	0.459	16.267	0.829	0.633	0.961	9041.52	137377	232351.89	5901
SRX22643089	Mammary Gland	Breast cancer cell	Mammary gland	Mammary gland	SRP474233	SRS19640480	0.986	0.463	16.152	0.836	0.664	0.961	9056.18	136934	231151.2	5928
SRX22643090	Mammary Gland	Breast cancer cell	Mammary gland	Mammary gland	SRP474233	SRS19640481	0.983	0.465	17.502	0.835	0.651	0.961	8711.72	142847	229998.98	5960
SRX22643091	Mammary Gland	Breast cancer cell	Mammary gland	Mammary gland	SRP474233	SRS19640482	0.984	0.470	18.552	0.840	0.663	0.962	8604.96	144988	230253.82	5945
SRX22643092	Mammary Gland	Breast cancer cell	Mammary gland	Mammary gland	SRP474233	SRS19640483	0.984	0.470	17.845	0.840	0.664	0.961	8802.7	141763	234266.92	5840
SRX22643093	Mammary Gland	Breast cancer cell	Mammary gland	Mammary gland	SRP474233	SRS19640484	0.986	0.477	17.607	0.847	0.657	0.961	8856.31	140980	232500.78	5887
SRX2270130	Lymphoblastoid Cell Line	lymphoblastoid cell line	NA	lymphoblastoid cell line	SRP092113	SRS1761387	0.981	0.568	15.840	0.853	0.974	0.960	12876.16	42892	1349797.17	1154
SRX2270131	Lymphoblastoid Cell Line	lymphoblastoid cell line	NA	lymphoblastoid cell line	SRP092113	SRS1761388	0.983	0.591	18.283	0.731	0.708	0.947	10769.44	40173	1745809.5	815
SRX2270132	Lymphoblastoid Cell Line	lymphoblastoid cell line	NA	lymphoblastoid cell line	SRP092113	SRS1761386	0.994	0.547	10.918	0.772	0.963	0.934	15888.72	33228	1522412.8	933
SRX2270133	Lymphoblastoid Cell Line	lymphoblastoid cell line	NA	lymphoblastoid cell line	SRP092113	SRS1761389	0.996	0.559	15.997	0.803	0.976	0.961	13029.49	43392	1343861.0	1180
SRX2270134	ALL cell line	ALL cell line	NA	ALL cell line	SRP092113	SRS1761390	0.980	0.807	13.421	0.848	0.974	0.954	1111.21	60403	13013.23	2310
SRX2270135	ALL cell line	ALL cell line	NA	ALL cell line	SRP092113	SRS1761391	0.982	0.788	19.008	0.772	0.740	0.947	1047.56	61942	18331.74	1115
SRX2270136	ALL cell line	ALL cell line	NA	ALL cell line	SRP092113	SRS1761392	0.988	0.792	11.714	0.801	0.967	0.942	1158.07	50310	11681.4	1981
SRX2270137	ALL cell line	ALL cell line	NA	ALL cell line	SRP092113	SRS1761393	0.995	0.808	18.276	0.867	0.972	0.954	1079.74	67291	14497.3	2728
SRX22759272	Blood	lymphoblast	blood	NA	SRP473783	SRS19637549	0.996	0.175	1.802	0.814	0.719	0.731	174280.55	162	663929.07	2557
SRX22759273	Blood	lymphoblast	blood	NA	SRP473783	SRS19637549	0.996	0.181	1.805	0.834	0.734	0.736	152790.19	397	663260.87	2558
SRX22759274	Blood	lymphoblast	blood	NA	SRP473783	SRS19637549	0.996	0.207	1.674	0.831	0.729	0.717	113912.07	716	660892.75	2565
SRX22759275	Blood	lymphoblast	blood	NA	SRP473783	SRS19637549	0.996	0.255	2.057	0.835	0.712	0.777	55805.34	8841	610616.21	2778
SRX22759277	Blood	lymphoblast	blood	NA	SRP473783	SRS19637549	0.996	0.259	2.083	0.852	0.711	0.784	52800.1	10212	610202.12	2768
SRX22759278	Blood	lymphoblast	blood	NA	SRP473783	SRS19637549	0.996	0.258	2.421	0.817	0.707	0.816	47749.18	15833	571999.29	2963
SRX22805582	Colon	Colorectal cancer cell	Colon	Colon	SRP446321	SRS19788773	0.988	0.719	24.983	0.589	0.610	0.970	6276.84	94606	408066.93	1906
SRX22805583	Colon	Colorectal cancer cell	Colon	Colon	SRP446321	SRS19788774	0.988	0.370	1.970	0.636	0.646	0.790	54337.67	3498	605510.13	947
SRX22813946	Colon Origin	Epithelial	Colon origin	Colon origin	SRP476462	SRS19795575	0.979	0.617	60.389	0.919	0.744	0.970	6170.3	126964	362499.35	2999
SRX22813947	Colon Origin	Epithelial	Colon origin	Colon origin	SRP476462	SRS19795576	0.978	0.630	39.553	0.923	0.749	0.967	6060.88	119383	371124.12	2827
SRX22953907	Cell Line	iPSC	cell line	cell line	SRP456983	SRS19921626	0.984	0.814	15.874	0.917	0.747	0.962	1117.06	73916	18316.88	5905
SRX22953908	Cell Line	iPSC	cell line	cell line	SRP456983	SRS19921627	0.984	0.763	13.496	0.913	0.741	0.965	1148.16	88927	18315.1	6535
SRX22953909	Cell Line	iPSC-derived DE	cell line	cell line	SRP456983	SRS19921628	0.979	0.815	20.731	0.912	0.693	0.970	1144.63	40682	10614.22	4732
SRX22964083	Pectoralis Major Muscle	NA	Pectoralis major muscle tissue	NA	SRP478896	SRS19929153	0.983	0.605	29.290	0.919	0.535	0.973	7819.71	107159	332500.01	3342
SRX22964084	Pectoralis Major Muscle	NA	Pectoralis major muscle tissue	NA	SRP478896	SRS19929154	0.983	0.605	33.945	0.921	0.515	0.973	7553.36	110947	332034.24	3356
SRX22964085	Pectoralis Major Muscle	NA	Pectoralis major muscle tissue	NA	SRP478896	SRS19929155	0.984	0.607	33.342	0.923	0.515	0.973	7541.06	111108	332117.53	3366
SRX22964086	Pectoralis Major Muscle	NA	Pectoralis major muscle tissue	NA	SRP478896	SRS19929156	0.983	0.589	37.007	0.922	0.518	0.974	7089.29	117056	274367.7	4249
SRX22964087	Pectoralis Major Muscle	NA	Pectoralis major muscle tissue	NA	SRP478896	SRS19929157	0.984	0.598	37.114	0.923	0.535	0.974	6982.09	117985	289983.86	4076
SRX22964088	Pectoralis Major Muscle	NA	Pectoralis major muscle tissue	NA	SRP478896	SRS19929158	0.982	0.586	33.506	0.915	0.541	0.973	7027.77	119224	284995.4	4098
SRX22998061	Colon	Colorectal carcinoma cell line	Colon	Colon	SRP479538	SRS19962691	0.984	0.650	13.251	0.905	0.765	0.963	8925.95	80269	365704.2	2548
SRX22998062	Colon	Colorectal carcinoma cell line	Colon	Colon	SRP479538	SRS19962692	0.984	0.648	13.628	0.904	0.776	0.964	8910.59	80432	355204.54	2627
SRX22998063	Colon	Colorectal carcinoma cell line	Colon	Colon	SRP479538	SRS19962693	0.984	0.655	12.331	0.908	0.787	0.962	8924.48	78760	357213.53	2569
SRX22998064	Colon	Colorectal carcinoma cell line	Colon	Colon	SRP479538	SRS19962694	0.984	0.654	13.423	0.908	0.755	0.963	8775.66	80282	353956.74	2601
SRX22998065	Colon	Colorectal carcinoma cell line	Colon	Colon	SRP479538	SRS19962695	0.982	0.650	9.481	0.907	0.784	0.958	9756.95	72743	476720.49	1979
SRX22998066	Colon	Colorectal carcinoma cell line	Colon	Colon	SRP479538	SRS19962696	0.982	0.648	10.441	0.907	0.793	0.961	9556.01	74306	471513.72	2005
SRX22998067	Colon	Colorectal carcinoma cell line	Colon	Colon	SRP479538	SRS19962697	0.982	0.655	9.833	0.910	0.804	0.959	9559.16	73171	472906.97	1972
SRX22998068	Colon	Colorectal carcinoma cell line	Colon	Colon	SRP479538	SRS19962698	0.983	0.655	14.597	0.910	0.768	0.964	8572.26	82684	353978.03	2613
SRX23004006	MNKT	MNKT	NA	MNKT	SRP479666	SRS19967858	0.988	0.711	11.629	0.680	0.377	0.951	1039.55	42487	23426.17	1103
SRX23004007	MNKT	MNKT	NA	MNKT	SRP479666	SRS19967859	0.986	0.686	10.475	0.652	0.409	0.944	1059.62	41914	19854.47	1080
SRX23004008	MNKT	MNKT	NA	MNKT	SRP479666	SRS19967860	0.985	0.668	9.844	0.652	0.440	0.939	1098.09	39731	21737.71	974
SRX23004009	MT	MT	NA	MT	SRP479666	SRS19967861	0.985	0.649	12.886	0.655	0.420	0.949	1076.24	40860	19571.01	1000
SRX23004010	MT	MT	NA	MT	SRP479666	SRS19967862	0.986	0.658	12.810	0.620	0.405	0.953	1081.94	40873	18129.42	843
SRX23004011	MT	MT	NA	MT	SRP479666	SRS19967863	0.989	0.629	16.936	0.616	0.376	0.964	1142.21	38653	15196.36	765
SRX23016379	Ovary	NA	ovary	NA	SRP479947	SRS19979522	0.994	0.652	6.755	0.859	0.451	0.911	12254.9	69342	460456.16	2355
SRX23016380	Ovary	NA	ovary	NA	SRP479947	SRS19979523	0.994	0.660	7.168	0.850	0.579	0.928	11740.82	72535	453397.03	2395
SRX23016391	Ovary	NA	ovary	NA	SRP479947	SRS19979534	0.994	0.654	6.249	0.853	0.500	0.878	13057.49	64286	465529.26	2308
SRX23016392	Ovary	NA	ovary	NA	SRP479947	SRS19979535	0.994	0.651	6.001	0.828	0.465	0.890	12949.18	65046	458422.56	2350
SRX23069517	Naive State	naive state	NA	induce and maintain in LAY medium	SRP480822	SRS20029306	0.975	0.504	16.180	0.880	0.567	0.965	4134.08	65963	140035.67	4481
SRX23069518	Naive State	naive state	NA	induce and maintain in LAY medium	SRP480822	SRS20029307	0.975	0.503	15.076	0.880	0.647	0.965	4648.74	66299	140908.09	4629
SRX23069519	Naive State	naive state	NA	induce and maintain in LADY medium	SRP480822	SRS20029308	0.975	0.457	17.049	0.877	0.562	0.966	7770.0	72327	155061.11	4933
SRX23069520	Naive State	naive state	NA	induce and maintain in LADY medium	SRP480822	SRS20029309	0.976	0.446	13.205	0.881	0.617	0.964	8243.99	69343	155098.1	4986
SRX23069521	Naive State	naive state	NA	induce and maintain in LUDY medium	SRP480822	SRS20029310	0.976	0.452	18.341	0.875	0.596	0.966	7328.66	72129	139949.28	5139
SRX23069522	Naive State	naive state	NA	induce and maintain in LUDY medium	SRP480822	SRS20029311	0.976	0.441	15.606	0.884	0.588	0.965	7591.87	72472	140463.91	5252
SRX23069523	Naive State	naive state	NA	induce and maintain in LKPY medium	SRP480822	SRS20029312	0.975	0.453	18.762	0.871	0.619	0.964	7601.14	69443	215440.21	3569
SRX23069524	Naive State	naive state	NA	induce and maintain in LKPY medium	SRP480822	SRS20029313	0.976	0.427	12.960	0.880	0.598	0.964	8351.07	67559	216608.06	3646
SRX23069525	Naive State	naive state	NA	cultured in 5iLAF	SRP480822	SRS20029314	0.978	0.376	15.646	0.879	0.614	0.965	7583.76	68171	139711.47	5171
SRX23069526	Primed State	primed state	NA	primed	SRP480822	SRS20029315	0.974	0.816	14.112	0.826	0.563	0.964	1139.22	37536	9129.56	4006
SRX2321535	ESC	NA	Human Embryonic Stem Cells	NA	SRP092462	SRS1777810	0.975	0.775	1.902	0.796	0.095	0.706	1503.65	25826	41876.15	479
SRX2321536	ESC	NA	Human Embryonic Stem Cells	NA	SRP092462	SRS1777809	0.978	0.751	1.879	0.767	0.100	0.711	1650.72	21664	168458.71	600
SRX2323848	ESC	NA	Human Embryonic Stem Cells	NA	SRP092462	SRS1777809	0.978	0.751	1.879	0.767	0.100	0.711	1661.87	21281	169580.97	595
SRX2323849	ESC	NA	Human Embryonic Stem Cells	NA	SRP092462	SRS1777810	0.975	0.775	1.902	0.796	0.095	0.706	1616.38	22905	41933.15	480
SRX23363334	Foreskin Fibroblasts	foreskin fibroblasts	NA	foreskin fibroblasts	SRP485412	SRS20225869	0.997	0.655	24.987	0.884	0.701	0.967	3475.49	80794	496928.0	2159
SRX23363335	Foreskin Fibroblasts	foreskin fibroblasts	NA	foreskin fibroblasts	SRP485412	SRS20225870	0.997	0.648	28.159	0.881	0.663	0.967	4233.86	83576	510634.47	2195
SRX23363336	Foreskin Fibroblasts	foreskin fibroblasts	NA	foreskin fibroblasts	SRP485412	SRS20225872	0.997	0.643	27.771	0.884	0.690	0.968	5511.13	84761	533262.61	2206
SRX23363337	Dermal Fibroblasts	dermal fibroblasts	NA	dermal fibroblasts	SRP485412	SRS20225871	0.994	0.651	16.707	0.878	0.736	0.956	1076.78	71633	13235.6	1798
SRX23363338	Dermal Fibroblasts	dermal fibroblasts	NA	dermal fibroblasts	SRP485412	SRS20225873	0.997	0.694	22.205	0.887	0.714	0.964	1256.22	75492	33694.12	5754
SRX23363339	Dermal Fibroblasts	dermal fibroblasts	NA	dermal fibroblasts	SRP485412	SRS20225874	0.997	0.684	20.239	0.888	0.712	0.961	1834.75	72625	586275.2	1806
SRX2340537	ESC	NA	NA	HUES8 human embryonic stem cells (hESCs)	SRP093254	SRS1795130	0.974	0.773	2.057	0.826	0.107	0.720	1505.19	25304	34413.84	587
SRX2340538	ESC	NA	NA	HUES8 human embryonic stem cells (hESCs)	SRP093254	SRS1795125	0.978	0.749	2.027	0.796	0.111	0.724	1657.08	20949	184504.9	563
SRX23616861	Reprogramming Fibroblast	Reprogramming fibroblast	NA	Reprogramming fibroblast	SRP059433	SRS20457469	0.980	0.574	2.216	0.573	0.780	0.712	2417.33	26482	1051252.66	542
SRX23616863	Fibroblast	Fibroblast	NA	Fibroblast	SRP059433	SRS20457472	0.987	0.575	3.609	0.707	0.574	0.819	3176.43	32844	1749895.52	552
SRX23616865	Reprogramming Fibroblast	Reprogramming fibroblast	NA	Reprogramming fibroblast	SRP059433	SRS20457474	0.985	0.583	6.311	0.630	0.749	0.847	1916.17	39862	813366.9	973
SRX23616866	Reprogramming Fibroblast	Reprogramming fibroblast	NA	Reprogramming fibroblast	SRP059433	SRS20457475	0.986	0.579	6.236	0.654	0.757	0.856	2209.93	38552	1097109.81	813
SRX23616867	Reprogramming Fibroblast	Reprogramming fibroblast	NA	Reprogramming fibroblast	SRP059433	SRS20457476	0.986	0.567	3.509	0.530	0.549	0.789	3131.83	30537	1816449.27	519
SRX23645967	iPSC	iPSC	NA	iPSC	SRP490076	SRS20479616	0.978	0.813	18.579	0.853	0.643	0.967	1082.01	43068	8408.02	4328
SRX23645968	iPSC	iPSC	NA	iPSC	SRP490076	SRS20479617	0.980	0.826	18.519	0.851	0.664	0.967	1113.3	43836	10666.29	4699
SRX23645969	iPSC	iPSC	NA	iPSC	SRP490076	SRS20479618	0.977	0.825	18.839	0.823	0.641	0.968	1091.74	44110	9013.9	4487
SRX23645970	iPSC	iPSC	NA	iPSC	SRP490076	SRS20479619	0.978	0.824	19.109	0.864	0.640	0.964	1108.58	43919	19603.07	4321
SRX23654274	Colorectal Carcinoma epithelial	Colorectal Carcinoma epithelial cells	NA	HCT116	SRP490212	SRS20486919	0.993	0.716	14.882	0.797	0.672	0.964	6079.09	98701	578487.42	1624
SRX23654275	Colorectal Carcinoma epithelial	Colorectal Carcinoma epithelial cells	NA	HCT116	SRP490212	SRS20486918	0.993	0.591	14.453	0.798	0.697	0.964	9365.24	71287	480720.9	1905
SRX23654276	Colorectal Carcinoma epithelial	Colorectal Carcinoma epithelial cells	NA	HCT116	SRP490212	SRS20486930	0.993	0.646	16.220	0.810	0.616	0.966	8355.88	83156	526340.66	1811
SRX23654277	Colorectal Carcinoma epithelial	Colorectal Carcinoma epithelial cells	NA	HCT116	SRP490212	SRS20486931	0.976	0.735	16.199	0.811	0.692	0.965	6523.67	97529	576590.59	1632
SRX23654278	Colorectal Carcinoma epithelial	Colorectal Carcinoma epithelial cells	NA	HCT116	SRP490212	SRS20486932	0.993	0.542	17.645	0.792	0.654	0.967	9112.57	75497	445199.54	2003
SRX23654279	Colorectal Carcinoma epithelial	Colorectal Carcinoma epithelial cells	NA	HCT116	SRP490212	SRS20486933	0.991	0.627	18.045	0.811	0.659	0.967	9098.88	81107	506710.29	1855
SRX23654280	Colorectal Carcinoma epithelial	Colorectal Carcinoma epithelial cells	NA	HCT116	SRP490212	SRS20486934	0.996	0.686	26.706	0.778	0.716	0.973	5676.81	113321	513974.36	1813
SRX23654281	Colorectal Carcinoma epithelial	Colorectal Carcinoma epithelial cells	NA	HCT116	SRP490212	SRS20486935	0.996	0.407	28.686	0.743	0.820	0.975	9051.93	86287	407802.67	2340
SRX23654282	Colorectal Carcinoma epithelial	Colorectal Carcinoma epithelial cells	NA	HCT116	SRP490212	SRS20486936	0.996	0.507	26.761	0.754	0.758	0.974	9656.73	89510	439904.91	2336
SRX23654283	Colorectal Carcinoma epithelial	Colorectal Carcinoma epithelial cells	NA	HCT116	SRP490212	SRS20486937	0.996	0.709	16.560	0.753	0.563	0.965	7461.92	89973	524769.13	1854
SRX23654284	Colorectal Carcinoma epithelial	Colorectal Carcinoma epithelial cells	NA	HCT116	SRP490212	SRS20486938	0.997	0.379	24.438	0.830	0.767	0.971	8215.6	74022	432256.87	1950
SRX23654285	Colorectal Carcinoma epithelial	Colorectal Carcinoma epithelial cells	NA	HCT116	SRP490212	SRS20486939	0.996	0.701	21.868	0.824	0.696	0.969	7076.35	95577	520319.33	1877
SRX23654286	Colorectal Carcinoma epithelial	Colorectal Carcinoma epithelial cells	NA	HCT116	SRP490212	SRS20486940	0.996	0.707	23.014	0.827	0.761	0.970	6959.21	97887	528201.49	1856
SRX23654287	Colorectal Carcinoma epithelial	Colorectal Carcinoma epithelial cells	NA	HCT116	SRP490212	SRS20486920	0.997	0.370	24.494	0.845	0.789	0.970	8305.55	72911	444427.58	1889
SRX23654288	Colorectal Carcinoma epithelial	Colorectal Carcinoma epithelial cells	NA	HCT116	SRP490212	SRS20486941	0.997	0.696	18.983	0.829	0.603	0.967	7407.11	90821	524519.56	1848
SRX2368141	ESC	ESC	NA	Shef6	SRP093764	SRS1814157	0.986	0.432	4.379	0.719	0.475	0.800	5090.85	19367	621680.54	1197
SRX2368142	ESC	ESC	NA	Shef6	SRP093764	SRS1814158	0.987	0.432	2.315	0.712	0.430	0.715	4603.57	13504	859415.85	861
SRX2368144	ESC	ESC	NA	Shef6	SRP093764	SRS1814160	0.984	0.386	3.640	0.676	0.596	0.782	5184.43	16398	616250.61	1103
SRX2368145	ESC	ESC	NA	Shef6	SRP093764	SRS1814161	0.984	0.389	3.475	0.722	0.293	0.745	5236.0	13833	644905.99	1050
SRX2368146	ESC	ESC	NA	Shef6	SRP093764	SRS1814162	0.987	0.340	2.297	0.707	0.182	0.732	0.0	0	598922.73	1489
SRX2368147	ESC	ESC	NA	Shef6	SRP093764	SRS1814163	0.985	0.357	2.625	0.739	0.129	0.710	0.0	0	692944.75	1220
SRX2368148	ESC	ESC	NA	Shef6	SRP093764	SRS1814164	0.978	0.643	3.822	0.729	0.169	0.709	1432.88	27574	47515.31	191
SRX2368150	ESC	ESC	NA	Shef6	SRP093764	SRS1814166	0.979	0.677	3.107	0.721	0.225	0.730	1484.76	26812	52418.39	203
SRX23751330	Plasma	Plasma	Plasma	Plasma	SRP491820	SRS20579062	0.979	0.795	2.186	0.802	0.582	0.804	1640.89	32294	55910.92	489
SRX23751331	Plasma	Plasma	Plasma	Plasma	SRP491820	SRS20577456	0.978	0.808	2.923	0.798	0.414	0.859	1497.9	35119	35087.85	670
SRX23751332	Plasma	Plasma	Plasma	Plasma	SRP491820	SRS20577457	0.978	0.811	3.024	0.822	0.605	0.868	1482.52	35703	41092.87	596
SRX23751333	Plasma	Plasma	Plasma	Plasma	SRP491820	SRS20580655	0.978	0.808	2.899	0.803	0.514	0.857	1552.59	34048	39590.03	672
SRX23751334	Plasma	Plasma	Plasma	Plasma	SRP491820	SRS20579063	0.975	0.819	2.471	0.779	0.491	0.820	1542.21	32811	41885.86	472
SRX23751335	Plasma	Plasma	Plasma	Plasma	SRP491820	SRS20577458	0.979	0.793	3.391	0.813	0.614	0.874	1508.98	33807	32881.05	847
SRX23751336	Plasma	Plasma	Plasma	Plasma	SRP491820	SRS20577459	0.979	0.807	2.967	0.811	0.605	0.858	1525.11	34920	43447.19	690
SRX23751337	Plasma	Plasma	Plasma	Plasma	SRP491820	SRS20577460	0.977	0.808	3.096	0.797	0.581	0.859	1483.69	34880	32280.42	704
SRX23751338	Plasma	Plasma	Plasma	Plasma	SRP491820	SRS20577461	0.978	0.811	2.538	0.807	0.622	0.822	1586.78	32033	54830.17	693
SRX23751339	Plasma	Plasma	Plasma	Plasma	SRP491820	SRS20579064	0.979	0.802	3.016	0.798	0.610	0.861	1562.25	33143	47190.09	647
SRX23751340	Plasma	Plasma	Plasma	Plasma	SRP491820	SRS20579065	0.976	0.804	3.633	0.789	0.562	0.890	1446.89	36629	32418.87	844
SRX23751341	Plasma	Plasma	Plasma	Plasma	SRP491820	SRS20577463	0.978	0.809	3.766	0.779	0.629	0.890	1460.56	36403	37150.88	917
SRX23751342	Plasma	Plasma	Plasma	Plasma	SRP491820	SRS20577462	0.977	0.828	2.795	0.777	0.544	0.837	1513.64	34227	46771.73	748
SRX23751343	Plasma	Plasma	Plasma	Plasma	SRP491820	SRS20577464	0.978	0.810	3.043	0.785	0.531	0.866	1535.09	35967	44190.84	820
SRX23751344	Plasma	Plasma	Plasma	Plasma	SRP491820	SRS20577465	0.978	0.807	3.087	0.781	0.619	0.867	1552.85	35213	38211.29	692
SRX23751345	Plasma	Plasma	Plasma	Plasma	SRP491820	SRS20580656	0.978	0.818	3.403	0.793	0.662	0.878	1456.36	36188	36904.77	749
SRX23751346	Plasma	Plasma	Plasma	Plasma	SRP491820	SRS20577466	0.979	0.811	2.537	0.752	0.496	0.829	1583.83	33924	48540.57	657
SRX23751347	Plasma	Plasma	Plasma	Plasma	SRP491820	SRS20577467	0.979	0.803	3.487	0.750	0.628	0.894	1413.09	36922	30687.47	628
SRX23751348	Plasma	Plasma	Plasma	Plasma	SRP491820	SRS20579066	0.979	0.808	3.406	0.796	0.637	0.876	1510.0	35330	35902.02	913
SRX23751349	Plasma	Plasma	Plasma	Plasma	SRP491820	SRS20577468	0.980	0.812	3.218	0.792	0.529	0.872	1481.74	35431	38238.52	673
SRX23751350	Plasma	Plasma	Plasma	Plasma	SRP491820	SRS20577469	0.977	0.814	2.759	0.799	0.566	0.854	1511.28	36414	47499.17	688
SRX23751351	Plasma	Plasma	Plasma	Plasma	SRP491820	SRS20577470	0.979	0.816	3.166	0.820	0.495	0.869	1483.18	36808	32876.08	1016
SRX23751352	Plasma	Plasma	Plasma	Plasma	SRP491820	SRS20577644	0.977	0.802	3.613	0.789	0.485	0.889	1448.56	37278	33884.44	796
SRX23751353	Plasma	Plasma	Plasma	Plasma	SRP491820	SRS20577471	0.974	0.805	2.742	0.803	0.437	0.849	1490.97	35486	44603.55	760
SRX23751354	Plasma	Plasma	Plasma	Plasma	SRP491820	SRS20579067	0.977	0.807	3.595	0.794	0.567	0.889	1483.07	37738	36007.25	997
SRX23751355	Plasma	Plasma	Plasma	Plasma	SRP491820	SRS20577472	0.976	0.803	2.916	0.787	0.617	0.860	1547.88	33832	38067.97	650
SRX23751356	Plasma	Plasma	Plasma	Plasma	SRP491820	SRS20577473	0.976	0.817	2.911	0.792	0.678	0.861	1538.37	33958	42129.72	724
SRX23751357	Plasma	Plasma	Plasma	Plasma	SRP491820	SRS20577474	0.978	0.809	2.990	0.797	0.547	0.868	1494.52	35283	35092.57	728
SRX23751358	Plasma	Plasma	Plasma	Plasma	SRP491820	SRS20577475	0.978	0.808	3.458	0.807	0.574	0.889	1479.41	36255	37496.94	637
SRX23751359	Plasma	Plasma	Plasma	Plasma	SRP491820	SRS20577646	0.959	0.822	3.336	0.790	0.580	0.867	1417.78	38548	39875.24	854
SRX23751360	Plasma	Plasma	Plasma	Plasma	SRP491820	SRS20579068	0.974	0.809	2.529	0.784	0.332	0.830	1495.66	35041	45168.24	575
SRX23751361	Plasma	Plasma	Plasma	Plasma	SRP491820	SRS20577476	0.977	0.807	3.254	0.808	0.607	0.875	1502.66	34942	39159.79	640
SRX23751362	Plasma	Plasma	Plasma	Plasma	SRP491820	SRS20577477	0.979	0.785	3.239	0.752	0.486	0.885	1474.68	35243	37760.06	639
SRX23751363	Plasma	Plasma	Plasma	Plasma	SRP491820	SRS20577647	0.979	0.801	2.560	0.795	0.460	0.838	1579.06	31348	56628.38	590
SRX23751364	Plasma	Plasma	Plasma	Plasma	SRP491820	SRS20577650	0.979	0.799	2.965	0.812	0.517	0.869	1489.97	34011	44828.9	621
SRX237631	Placenta From Full-Term Pregnancy	NA	placenta from full-term pregnancy	placenta	SRP014634	SRS395327	0.995	0.640	3.726	0.811	0.937	0.880	11250.97	43992	614120.89	1744
SRX237632	Placenta From Full-Term Pregnancy	NA	placenta from full-term pregnancy	placenta	SRP014634	SRS395328	0.995	0.609	3.242	0.798	0.913	0.859	13878.28	38354	616929.06	1705
SRX23887182	Lymphocyte	NA	lymphocyte	NA	SRP494242	SRS20712730	0.983	0.785	19.087	0.910	0.534	0.974	966.3	57411	10567.21	3341
SRX23887183	Lymphocyte	NA	lymphocyte	NA	SRP494242	SRS20712731	0.986	0.763	16.517	0.912	0.498	0.972	1090.86	46581	8626.93	2902
SRX23887184	Lymphocyte	NA	lymphocyte	NA	SRP494242	SRS20712732	0.987	0.767	17.459	0.911	0.507	0.969	1079.49	47519	12251.93	2447
SRX23887185	Lymphocyte	NA	lymphocyte	NA	SRP494242	SRS20712733	0.984	0.761	18.286	0.911	0.465	0.970	1066.28	48582	11519.95	2934
SRX23887186	Lymphocyte	NA	lymphocyte	NA	SRP494242	SRS20712734	0.984	0.737	18.657	0.913	0.513	0.974	1097.65	46775	10197.26	2230
SRX23887187	Lymphocyte	NA	lymphocyte	NA	SRP494242	SRS20712735	0.984	0.788	19.375	0.912	0.513	0.974	964.49	57982	10039.88	3817
SRX23887188	Lymphocyte	NA	lymphocyte	NA	SRP494242	SRS20712736	0.987	0.772	18.824	0.910	0.478	0.973	1029.36	50291	8576.5	3305
SRX23887189	Lymphocyte	NA	lymphocyte	NA	SRP494242	SRS20712737	0.983	0.770	19.655	0.915	0.547	0.969	1002.08	54540	11842.28	3106
SRX23887190	Lymphocyte	NA	lymphocyte	NA	SRP494242	SRS20712738	0.985	0.774	17.539	0.913	0.503	0.969	1039.49	50937	11716.35	3089
SRX23887191	Lymphocyte	NA	lymphocyte	NA	SRP494242	SRS20712739	0.984	0.752	22.634	0.911	0.494	0.975	1029.72	50914	10134.78	2633
SRX23902469	1000 Genomes LCL	1000 Genomes LCL	NA	HG00621	SRP494617	SRS20725809	0.981	0.717	7.664	0.879	0.820	0.958	1323.7	39171	18303.17	859
SRX23902470	1000 Genomes LCL	1000 Genomes LCL	NA	HG00621	SRP494617	SRS20725810	0.981	0.728	8.819	0.898	0.785	0.961	1291.18	41243	18923.31	971
SRX23902471	1000 Genomes LCL	1000 Genomes LCL	NA	HG00741	SRP494617	SRS20725811	0.983	0.626	11.271	0.916	0.837	0.961	5031.96	45914	1804199.98	785
SRX23902472	1000 Genomes LCL	1000 Genomes LCL	NA	HG00741	SRP494617	SRS20725812	0.984	0.624	9.408	0.916	0.857	0.959	4851.21	43476	1902816.07	731
SRX23902473	1000 Genomes LCL	1000 Genomes LCL	NA	HG01952	SRP494617	SRS20725813	0.981	0.623	9.752	0.887	0.817	0.964	6193.06	47791	1545020.7	972
SRX23902474	1000 Genomes LCL	1000 Genomes LCL	NA	HG01952	SRP494617	SRS20725814	0.983	0.617	11.188	0.890	0.799	0.965	6177.55	48878	1488270.7	1031
SRX23902475	1000 Genomes LCL	1000 Genomes LCL	NA	HG01978	SRP494617	SRS20725815	0.981	0.601	9.428	0.874	0.811	0.959	7789.35	46470	1556048.84	938
SRX23902476	1000 Genomes LCL	1000 Genomes LCL	NA	HG01978	SRP494617	SRS20725816	0.981	0.611	13.219	0.910	0.727	0.963	7570.42	52144	1549396.08	915
SRX23902477	1000 Genomes LCL	1000 Genomes LCL	NA	HG03516	SRP494617	SRS20725817	0.982	0.621	13.498	0.912	0.743	0.962	6776.93	51315	1654255.14	873
SRX23902478	1000 Genomes LCL	1000 Genomes LCL	NA	HG03516	SRP494617	SRS20725818	0.982	0.617	13.620	0.906	0.695	0.962	6708.78	50903	1688033.22	847
SRX23939109	Neuron	neuron	neuron	neuron	SRP434804	SRS20742622	0.978	0.745	12.779	0.475	0.615	0.951	1294.17	47040	126652.16	1540
SRX23939110	Neuron	neuron	neuron	neuron	SRP434804	SRS20742623	0.977	0.743	12.857	0.513	0.605	0.949	1286.77	47425	122452.5	1598
SRX23939111	Neuron	neuron	neuron	neuron	SRP434804	SRS20742624	0.977	0.743	12.158	0.514	0.615	0.947	1287.54	46567	133258.24	1433
SRX2395714	Kidney	NA	Kidney	Small needle biopsy	SRP094554	SRS1837018	0.986	0.794	10.235	0.934	0.574	0.917	1248.48	40361	18718.07	1806
SRX2395715	Kidney	NA	Kidney	Small needle biopsy	SRP094554	SRS1837020	0.982	0.800	5.313	0.922	0.734	0.864	1445.74	35345	27930.85	1107
SRX2395716	Kidney	NA	Kidney	Small needle biopsy	SRP094554	SRS1837019	0.985	0.804	9.497	0.939	0.638	0.902	1280.42	42237	24351.84	1465
SRX2395717	Kidney	NA	Kidney	Small needle biopsy	SRP094554	SRS1837022	0.979	0.790	8.136	0.950	0.395	0.902	1310.01	40872	25190.07	1435
SRX2395718	Kidney	NA	Kidney	Small needle biopsy	SRP094554	SRS1837021	0.986	0.804	11.499	0.951	0.605	0.921	1190.81	43861	19161.62	1615
SRX2395719	Kidney	NA	Kidney	Small needle biopsy	SRP094554	SRS1837023	0.983	0.799	10.219	0.946	0.457	0.917	1207.23	44037	23527.71	1688
SRX2395720	Kidney	NA	Kidney	Small needle biopsy	SRP094554	SRS1837024	0.983	0.792	13.005	0.955	0.634	0.922	1182.08	45131	23074.54	1473
SRX2395721	Kidney	NA	Kidney	Small needle biopsy	SRP094554	SRS1837025	0.985	0.785	4.070	0.955	0.084	0.867	1397.53	35912	33415.55	797
SRX2395722	Kidney	NA	Kidney	Small needle biopsy	SRP094554	SRS1837026	0.986	0.798	12.145	0.951	0.708	0.921	1187.3	48220	19019.68	1927
SRX2395723	Kidney	NA	Kidney	Small needle biopsy	SRP094554	SRS1837027	0.986	0.790	12.682	0.948	0.646	0.924	1193.23	43792	21469.53	1803
SRX2395724	Kidney	NA	Kidney	Small needle biopsy	SRP094554	SRS1837028	0.985	0.799	11.182	0.946	0.638	0.916	1201.43	42920	21439.38	1661
SRX2395725	Kidney	NA	Kidney	Small needle biopsy	SRP094554	SRS1837029	0.983	0.790	3.981	0.890	0.752	0.827	1462.86	36067	37389.93	1012
SRX2395726	Kidney	NA	Kidney	Small needle biopsy	SRP094554	SRS1837030	0.962	0.790	11.254	0.956	0.665	0.912	1210.26	42871	23014.91	1563
SRX2395727	Kidney	NA	Kidney	Small needle biopsy	SRP094554	SRS1837032	0.985	0.788	9.201	0.924	0.500	0.905	1265.36	42143	26342.44	1176
SRX2395728	Kidney	NA	Kidney	Small needle biopsy	SRP094554	SRS1837031	0.964	0.802	9.069	0.949	0.722	0.905	1221.29	40510	24876.69	1056
SRX2395729	Kidney	NA	Kidney	Small needle biopsy	SRP094554	SRS1837033	0.983	0.802	10.347	0.935	0.633	0.912	1195.83	45784	24076.23	1532
SRX2395730	Kidney	NA	Kidney	Small needle biopsy	SRP094554	SRS1837034	0.983	0.790	9.586	0.949	0.585	0.900	1234.83	40321	25998.0	1165
SRX2395731	Kidney	NA	Kidney	Small needle biopsy	SRP094554	SRS1837035	0.984	0.790	10.454	0.937	0.681	0.911	1190.29	42367	15664.12	1759
SRX2395732	Kidney	NA	Kidney	Small needle biopsy	SRP094554	SRS1837036	0.984	0.794	9.256	0.934	0.552	0.909	1248.99	39819	20013.01	1636
SRX24005747	A549	NA	NA	A549	SRP496763	SRS20802028	0.999	0.547	6.770	0.905	0.584	0.947	16962.77	51871	617441.02	2060
SRX24005748	A549	NA	NA	A549	SRP496763	SRS20802027	0.998	0.539	5.257	0.893	0.574	0.935	18682.97	43680	667933.77	1897
SRX24005749	A549	NA	NA	A549	SRP496763	SRS20802026	0.999	0.563	4.300	0.906	0.566	0.917	19271.66	40697	722128.03	1748
SRX24005750	A549	NA	NA	A549	SRP496763	SRS20802029	0.999	0.557	6.902	0.904	0.500	0.945	17074.27	51501	613658.31	2077
SRX24005751	A549	NA	NA	A549	SRP496763	SRS20802030	0.999	0.551	4.783	0.905	0.589	0.928	17944.35	46089	614084.15	1971
SRX24005752	A549	NA	NA	A549	SRP496763	SRS20802031	0.999	0.547	8.245	0.904	0.584	0.953	14774.8	60998	491584.82	2485
SRX24005753	A549	NA	NA	A549	SRP496763	SRS20802032	0.999	0.549	5.447	0.905	0.566	0.937	16886.11	51024	555737.95	2193
SRX24005754	A549	NA	NA	A549	SRP496763	SRS20802035	0.999	0.548	6.390	0.904	0.508	0.944	16175.39	53946	558217.19	2183
SRX24005755	HCT116	NA	NA	HCT116	SRP496763	SRS20802033	0.999	0.705	9.796	0.905	0.570	0.954	10216.44	71718	664531.9	1495
SRX24005756	HCT116	NA	NA	HCT116	SRP496763	SRS20802034	0.998	0.702	7.912	0.903	0.591	0.949	10720.49	67434	664671.2	1474
SRX24005757	HCT116	NA	NA	HCT116	SRP496763	SRS20802036	0.999	0.700	5.726	0.904	0.592	0.936	11700.7	61326	734211.97	1353
SRX24005758	HCT116	NA	NA	HCT116	SRP496763	SRS20802037	0.999	0.704	7.240	0.904	0.605	0.946	10926.27	65541	665601.4	1469
SRX24005759	HCT116	NA	NA	HCT116	SRP496763	SRS20802038	0.999	0.727	8.480	0.906	0.587	0.951	9132.85	72253	667482.12	1488
SRX24005760	HCT116	NA	NA	HCT116	SRP496763	SRS20802040	0.999	0.723	7.852	0.906	0.611	0.949	9276.75	70774	691353.05	1437
SRX24005761	HCT116	NA	NA	HCT116	SRP496763	SRS20802039	0.999	0.722	7.150	0.903	0.555	0.947	9513.88	68838	694140.18	1423
SRX24005762	HCT116	NA	NA	HCT116	SRP496763	SRS20802041	0.999	0.715	7.184	0.901	0.575	0.946	9369.28	69877	709148.53	1396
SRX24005763	RKO	NA	NA	RKO	SRP496763	SRS20802042	0.999	0.628	10.352	0.907	0.557	0.954	9227.55	50537	1526352.09	902
SRX24005764	RKO	NA	NA	RKO	SRP496763	SRS20802043	0.999	0.624	7.660	0.907	0.590	0.948	12043.63	43992	1498061.92	934
SRX24005765	RKO	NA	NA	RKO	SRP496763	SRS20802044	0.999	0.627	6.870	0.907	0.576	0.945	11718.96	42166	1522061.44	890
SRX24005766	RKO	NA	NA	RKO	SRP496763	SRS20802045	0.999	0.632	7.958	0.908	0.614	0.949	10982.35	44356	1506918.7	905
SRX24005767	RKO	NA	NA	RKO	SRP496763	SRS20802047	0.999	0.659	7.556	0.908	0.595	0.947	9944.36	47181	1363523.96	973
SRX24005768	RKO	NA	NA	RKO	SRP496763	SRS20802046	0.999	0.659	7.641	0.907	0.616	0.948	10109.38	47335	1382043.46	955
SRX24005769	RKO	NA	NA	RKO	SRP496763	SRS20802048	0.999	0.654	6.889	0.904	0.545	0.945	9907.74	47439	1426930.46	914
SRX24005770	RKO	NA	NA	RKO	SRP496763	SRS20802049	0.999	0.659	7.613	0.904	0.577	0.949	9523.69	48207	1371629.29	969
SRX2403334	Neural Stem Cell	neural stem cells	not applicable	NA	SRP094721	SRS1842795	0.997	0.826	11.600	0.910	0.964	0.942	1034.1	46686	36302.07	3872
SRX2403336	Neural Stem Cell	neural stem cells	not applicable	NA	SRP094721	SRS1842795	0.996	0.820	11.405	0.901	0.940	0.945	1030.53	44492	33575.72	3834
SRX24105885	Blood	Peripheral blood mono nuclear cells	Blood	Blood	SRP498758	SRS20894074	0.991	0.696	22.613	0.845	0.905	0.962	883.45	62552	9646.26	3039
SRX24105886	Blood	Peripheral blood mono nuclear cells	Blood	Blood	SRP498758	SRS20894075	0.992	0.679	24.264	0.824	0.920	0.966	883.34	58937	7827.54	3564
SRX24105887	Blood	Peripheral blood mono nuclear cells	Blood	Blood	SRP498758	SRS20894076	0.992	0.683	28.252	0.822	0.903	0.967	875.15	62752	8694.64	3562
SRX24105888	Blood	Peripheral blood mono nuclear cells	Blood	Blood	SRP498758	SRS20894077	0.992	0.689	29.700	0.841	0.884	0.966	880.06	59828	8430.99	3531
SRX24105889	Blood	Peripheral blood mono nuclear cells	Blood	Blood	SRP498758	SRS20894078	0.992	0.673	20.644	0.812	0.909	0.961	960.11	50151	9096.68	2650
SRX24105890	Blood	Peripheral blood mono nuclear cells	Blood	Blood	SRP498758	SRS20894079	0.992	0.792	15.858	0.830	0.967	0.959	998.11	52783	10158.12	3501
SRX24105891	Blood	Peripheral blood mono nuclear cells	Blood	Blood	SRP498758	SRS20894080	0.993	0.788	19.956	0.810	0.959	0.965	943.37	59828	9869.91	3784
SRX24105892	Blood	Peripheral blood mono nuclear cells	Blood	Blood	SRP498758	SRS20894081	0.992	0.793	16.922	0.847	0.966	0.961	1008.25	50470	10333.63	3626
SRX24105893	Blood	Peripheral blood mono nuclear cells	Blood	Blood	SRP498758	SRS20894082	0.988	0.810	14.467	0.865	0.831	0.905	1177.57	45017	10789.63	3041
SRX24105894	Blood	Peripheral blood mono nuclear cells	Blood	Blood	SRP498758	SRS20894083	0.992	0.779	19.141	0.816	0.956	0.961	957.76	57697	10259.27	3467
SRX24105895	Blood	Peripheral blood mono nuclear cells	Blood	Blood	SRP498758	SRS20894084	0.992	0.689	27.249	0.844	0.879	0.969	862.4	65960	9492.63	3422
SRX24105896	Blood	Peripheral blood mono nuclear cells	Blood	Blood	SRP498758	SRS20894085	0.991	0.701	19.864	0.846	0.920	0.967	913.77	57090	8499.58	3294
SRX24105897	Blood	Peripheral blood mono nuclear cells	Blood	Blood	SRP498758	SRS20894086	0.992	0.692	25.416	0.823	0.906	0.963	880.19	58625	9577.5	2735
SRX24105898	Blood	Peripheral blood mono nuclear cells	Blood	Blood	SRP498758	SRS20894087	0.991	0.698	21.790	0.842	0.896	0.967	904.1	55627	8650.16	3497
SRX24105899	Blood	Peripheral blood mono nuclear cells	Blood	Blood	SRP498758	SRS20894088	0.993	0.694	26.666	0.813	0.895	0.966	859.4	64899	8630.75	3355
SRX24105900	Blood	Peripheral blood mono nuclear cells	Blood	Blood	SRP498758	SRS20894089	0.992	0.685	18.617	0.853	0.923	0.962	967.93	51517	9381.08	3178
SRX24105901	Blood	Peripheral blood mono nuclear cells	Blood	Blood	SRP498758	SRS20894090	0.993	0.797	21.013	0.814	0.965	0.964	961.32	54061	9438.85	3874
SRX24105902	Blood	Peripheral blood mono nuclear cells	Blood	Blood	SRP498758	SRS20894094	0.992	0.693	25.393	0.830	0.885	0.967	884.8	58604	8384.02	3478
SRX24105903	Blood	Peripheral blood mono nuclear cells	Blood	Blood	SRP498758	SRS20894091	0.992	0.688	23.843	0.832	0.910	0.966	870.76	62466	8995.49	3530
SRX24105904	Blood	Peripheral blood mono nuclear cells	Blood	Blood	SRP498758	SRS20894093	0.992	0.689	19.301	0.878	0.913	0.965	969.01	50529	9782.07	3105
SRX24105905	Blood	Peripheral blood mono nuclear cells	Blood	Blood	SRP498758	SRS20894092	0.992	0.682	23.179	0.820	0.895	0.966	868.42	63927	9315.59	2908
SRX24105906	Blood	Peripheral blood mono nuclear cells	Blood	Blood	SRP498758	SRS20894095	0.992	0.689	20.639	0.806	0.906	0.966	915.63	55416	8806.24	3103
SRX24105907	Blood	Peripheral blood mono nuclear cells	Blood	Blood	SRP498758	SRS20894096	0.992	0.680	19.719	0.810	0.902	0.965	919.51	56607	9047.18	3210
SRX24105908	Blood	Peripheral blood mono nuclear cells	Blood	Blood	SRP498758	SRS20894097	0.991	0.691	21.085	0.829	0.910	0.966	887.15	58731	9122.99	3574
SRX24105909	Blood	Peripheral blood mono nuclear cells	Blood	Blood	SRP498758	SRS20894098	0.992	0.687	29.125	0.844	0.891	0.967	851.16	69075	9701.82	3293
SRX24105910	Blood	Peripheral blood mono nuclear cells	Blood	Blood	SRP498758	SRS20894100	0.992	0.690	25.265	0.845	0.887	0.963	884.46	63162	10758.89	3395
SRX24105911	Blood	Peripheral blood mono nuclear cells	Blood	Blood	SRP498758	SRS20894099	0.992	0.702	21.971	0.857	0.863	0.966	908.72	55100	8782.68	3253
SRX24105912	Blood	Peripheral blood mono nuclear cells	Blood	Blood	SRP498758	SRS20894101	0.991	0.692	20.576	0.829	0.907	0.963	928.65	50995	8682.92	2861
SRX24105913	Blood	Peripheral blood mono nuclear cells	Blood	Blood	SRP498758	SRS20894102	0.993	0.698	27.411	0.847	0.889	0.967	846.92	71859	9724.47	3619
SRX24105914	Blood	Peripheral blood mono nuclear cells	Blood	Blood	SRP498758	SRS20894103	0.992	0.694	24.330	0.844	0.883	0.963	893.67	59010	10187.16	3363
SRX24132841	PBMC	NA	PBMC	PBMC	SRP499337	SRS20917655	0.982	0.763	11.532	0.891	0.785	0.959	1125.97	45343	9127.07	2854
SRX24132842	PBMC	NA	PBMC	PBMC	SRP499337	SRS20917657	0.982	0.784	11.830	0.894	0.777	0.956	1107.16	46716	10399.21	3057
SRX24132843	PBMC	NA	PBMC	PBMC	SRP499337	SRS20917658	0.982	0.785	11.491	0.885	0.785	0.957	1112.0	46566	9864.43	3291
SRX24132844	PBMC	NA	PBMC	PBMC	SRP499337	SRS20917659	0.977	0.797	13.899	0.877	0.643	0.961	1072.43	51294	12566.17	3163
SRX24132845	PBMC	NA	PBMC	PBMC	SRP499337	SRS20917660	0.981	0.792	13.000	0.883	0.645	0.959	1084.5	48300	10239.53	3803
SRX24132846	PBMC	NA	PBMC	PBMC	SRP499337	SRS20917661	0.983	0.784	16.341	0.873	0.744	0.965	986.08	64607	10541.56	3743
SRX24132847	PBMC	NA	PBMC	PBMC	SRP499337	SRS20917662	0.981	0.784	12.240	0.893	0.656	0.956	1115.3	45734	11681.56	2765
SRX24132848	PBMC	NA	PBMC	PBMC	SRP499337	SRS20917663	0.981	0.790	14.210	0.891	0.659	0.959	1083.25	48973	12230.8	3171
SRX24132849	PBMC	NA	PBMC	PBMC	SRP499337	SRS20917664	0.982	0.787	11.329	0.880	0.791	0.957	1124.64	46066	9461.7	3379
SRX24132850	PBMC	NA	PBMC	PBMC	SRP499337	SRS20917665	0.980	0.799	13.293	0.889	0.786	0.960	1083.7	50336	11320.57	3601
SRX24132851	PBMC	NA	PBMC	PBMC	SRP499337	SRS20917666	0.978	0.785	14.862	0.879	0.813	0.961	1068.96	50157	11062.88	3269
SRX24132879	PBMC	NA	PBMC	PBMC	SRP499337	SRS20917694	0.982	0.782	11.309	0.883	0.780	0.957	1117.78	48906	10361.18	3003
SRX24132880	PBMC	NA	PBMC	PBMC	SRP499337	SRS20917695	0.980	0.772	12.269	0.872	0.816	0.960	1122.47	46875	10526.47	2566
SRX24132881	PBMC	NA	PBMC	PBMC	SRP499337	SRS20917696	0.981	0.797	10.917	0.893	0.807	0.956	1124.92	47033	9394.75	3379
SRX24132882	PBMC	NA	PBMC	PBMC	SRP499337	SRS20917697	0.981	0.796	11.200	0.883	0.789	0.959	1116.87	46699	8951.15	3456
SRX24132883	PBMC	NA	PBMC	PBMC	SRP499337	SRS20917698	0.982	0.779	12.056	0.875	0.784	0.962	1068.72	51936	11299.1	3349
SRX24132884	PBMC	NA	PBMC	PBMC	SRP499337	SRS20917699	0.982	0.754	12.215	0.881	0.779	0.961	1122.92	45345	10622.29	2725
SRX24132885	PBMC	NA	PBMC	PBMC	SRP499337	SRS20917700	0.982	0.792	11.694	0.879	0.795	0.958	1122.64	45947	10807.06	3221
SRX24132886	PBMC	NA	PBMC	PBMC	SRP499337	SRS20917701	0.982	0.784	11.600	0.885	0.789	0.957	1096.58	47817	11364.0	3057
SRX24132887	PBMC	NA	PBMC	PBMC	SRP499337	SRS20917702	0.982	0.763	11.624	0.879	0.781	0.958	1178.61	42587	9810.0	2655
SRX24132888	PBMC	NA	PBMC	PBMC	SRP499337	SRS20917704	0.981	0.763	15.490	0.884	0.788	0.961	1120.19	45179	10615.07	2373
SRX24132889	PBMC	NA	PBMC	PBMC	SRP499337	SRS20917703	0.982	0.775	13.535	0.891	0.763	0.958	1072.54	49856	10415.37	2830
SRX24132890	PBMC	NA	PBMC	PBMC	SRP499337	SRS20917706	0.981	0.774	11.600	0.887	0.773	0.957	1124.33	45482	9261.33	3127
SRX24132891	PBMC	NA	PBMC	PBMC	SRP499337	SRS20917705	0.981	0.757	13.141	0.892	0.758	0.958	1102.32	49156	11117.78	2767
SRX24132892	PBMC	NA	PBMC	PBMC	SRP499337	SRS20917707	0.981	0.762	11.640	0.883	0.787	0.957	1178.96	44867	10736.69	2634
SRX24132893	PBMC	NA	PBMC	PBMC	SRP499337	SRS20917708	0.981	0.768	12.338	0.885	0.796	0.961	1094.36	46839	8703.41	3232
SRX24132894	PBMC	NA	PBMC	PBMC	SRP499337	SRS20917709	0.981	0.759	12.796	0.893	0.773	0.961	1085.39	46836	8825.24	3079
SRX24132895	PBMC	NA	PBMC	PBMC	SRP499337	SRS20917710	0.981	0.752	12.389	0.892	0.787	0.957	1119.7	44573	9424.05	2722
SRX24132896	PBMC	NA	PBMC	PBMC	SRP499337	SRS20917711	0.983	0.763	11.820	0.883	0.778	0.958	1152.87	43532	10238.63	2385
SRX24132897	PBMC	NA	PBMC	PBMC	SRP499337	SRS20917712	0.982	0.779	15.242	0.893	0.779	0.959	1056.27	50145	9241.09	3125
SRX24132898	PBMC	NA	PBMC	PBMC	SRP499337	SRS20917713	0.982	0.773	11.371	0.897	0.780	0.956	1110.29	46010	9106.25	2885
SRX24132899	PBMC	NA	PBMC	PBMC	SRP499337	SRS20917714	0.981	0.779	12.441	0.894	0.810	0.959	1100.23	48199	8610.51	3660
SRX2416284	Testis	Spermatogonial Stem Cells	testis	human SSCs	SRP094960	SRS1853866	0.983	0.705	11.079	0.595	0.594	0.931	2338.36	69615	87116.52	1342
SRX2416285	Testis	Spermatogonial Stem Cells	testis	human SSCs	SRP094960	SRS1853863	0.984	0.728	10.327	0.579	0.606	0.930	2422.75	64646	93703.28	1309
SRX2417146	Embryonic Kidney Cell Line	Human embryonic kidney cell line	NA	Human embryonic kidney cells	SRP095006	SRS1854502	0.966	0.622	27.024	0.843	0.746	0.954	9727.61	78557	404793.24	2254
SRX2417147	Embryonic Kidney Cell Line	Human embryonic kidney cell line	NA	Human embryonic kidney cells	SRP095006	SRS1854501	0.967	0.616	26.686	0.842	0.760	0.955	8956.64	85102	301163.09	2994
SRX2417148	Embryonic Kidney Cell Line	Human embryonic kidney cell line	NA	Human embryonic kidney cells	SRP095006	SRS1854503	0.971	0.621	30.629	0.843	0.747	0.956	8764.6	88021	295074.35	3069
SRX2417149	Embryonic Kidney Cell Line	Human embryonic kidney cell line	NA	Human embryonic kidney cells	SRP095006	SRS1854504	0.963	0.614	25.468	0.847	0.777	0.957	8686.37	88070	293213.94	3098
SRX2417150	Embryonic Kidney Cell Line	Human embryonic kidney cell line	NA	Human embryonic kidney cells	SRP095006	SRS1854506	0.967	0.616	25.892	0.847	0.773	0.957	8579.14	88816	290599.1	3114
SRX2417151	Embryonic Kidney Cell Line	Human embryonic kidney cell line	NA	Human embryonic kidney cells	SRP095006	SRS1854505	0.967	0.621	29.483	0.853	0.775	0.958	8102.89	94022	284914.05	3180
SRX2417152	Embryonic Kidney Cell Line	Human embryonic kidney cell line	NA	Human embryonic kidney cells	SRP095006	SRS1854508	0.964	0.622	31.769	0.836	0.723	0.957	8808.82	85943	295494.91	3064
SRX2417153	Embryonic Kidney Cell Line	Human embryonic kidney cell line	NA	Human embryonic kidney cells	SRP095006	SRS1854507	0.962	0.626	27.033	0.843	0.727	0.953	9557.84	78121	409207.75	2227
SRX2417154	Embryonic Kidney Cell Line	Human embryonic kidney cell line	NA	Human embryonic kidney cells	SRP095006	SRS1854509	0.964	0.621	21.922	0.841	0.714	0.951	9988.29	73683	405238.27	2246
SRX24206358	Cell Line	Human Embryonic Kidney	cell line	Sequencing data for 5mC from HEK293T by BS-seq	SRP500704	SRS20977228	0.985	0.632	18.107	0.927	0.006	0.966	7518.06	90804	214496.11	3625
SRX24235092	iPSCs were derived from lymphoblasts	neurons	iPSCs were derived from lymphoblasts	iPSCs were derived from lymphoblasts	SRP501436	SRS21003807	0.993	0.819	18.588	0.893	0.801	0.969	1316.85	68973	51013.34	2755
SRX24235093	iPSCs were derived from lymphoblasts	neurons	iPSCs were derived from lymphoblasts	iPSCs were derived from lymphoblasts	SRP501436	SRS21003806	0.993	0.804	32.091	0.895	0.797	0.974	1707.16	75066	57559.65	2776
SRX24235094	iPSCs were derived from lymphoblasts	neurons	iPSCs were derived from lymphoblasts	iPSCs were derived from lymphoblasts	SRP501436	SRS21003809	0.992	0.805	23.293	0.879	0.773	0.972	1909.91	64291	77147.22	2618
SRX24235095	iPSCs were derived from lymphoblasts	neurons	iPSCs were derived from lymphoblasts	iPSCs were derived from lymphoblasts	SRP501436	SRS21003808	0.992	0.808	20.175	0.894	0.595	0.971	1334.74	65559	52531.43	3196
SRX24235096	iPSCs were derived from lymphoblasts	neurons	iPSCs were derived from lymphoblasts	iPSCs were derived from lymphoblasts	SRP501436	SRS21003810	0.992	0.806	20.244	0.893	0.592	0.971	1328.0	65718	53770.27	3065
SRX24235097	iPSCs were derived from lymphoblasts	neurons	iPSCs were derived from lymphoblasts	iPSCs were derived from lymphoblasts	SRP501436	SRS21003811	0.992	0.813	21.712	0.890	0.602	0.971	1228.39	67641	43454.95	3186
SRX24350639	HCC	NA	HCC tissue	NA	SRP503688	SRS21109528	0.991	0.527	25.420	0.838	0.885	0.964	11758.25	83141	199213.71	5771
SRX24350640	HCC	NA	HCC tissue	NA	SRP503688	SRS21109527	0.990	0.622	26.292	0.824	0.871	0.965	12046.65	59196	410203.79	2884
SRX24350643	HCC	NA	HCC tissue	NA	SRP503688	SRS21109531	0.991	0.704	22.126	0.834	0.780	0.962	1118.32	36337	36988.68	2661
SRX24350644	Paracancerous	NA	Paracancerous tissue	NA	SRP503688	SRS21109532	0.990	0.717	24.490	0.838	0.835	0.965	1145.06	35931	11428.73	2274
SRX24350645	Paracancerous	NA	Paracancerous tissue	NA	SRP503688	SRS21109529	0.991	0.416	25.767	0.835	0.875	0.963	14776.33	90213	255122.31	5654
SRX24350646	Paracancerous	NA	Paracancerous tissue	NA	SRP503688	SRS21109530	0.991	0.732	25.393	0.844	0.869	0.964	1125.7	36975	13409.38	2589
SRX24373100	Cholangiocarcinoma	tumor cells	cholangiocarcinoma	cholangiocarcinoma	SRP504106	SRS21129754	0.984	0.636	12.172	0.847	0.615	0.962	12410.97	76305	224593.16	4921
SRX24373101	Cholangiocarcinoma	tumor cells	cholangiocarcinoma	cholangiocarcinoma	SRP504106	SRS21129755	0.985	0.634	13.235	0.854	0.585	0.962	12224.49	78022	223911.74	4943
SRX24373102	Cholangiocarcinoma	tumor cells	cholangiocarcinoma	cholangiocarcinoma	SRP504106	SRS21129756	0.985	0.634	12.793	0.851	0.604	0.962	12266.83	77577	224360.24	4930
SRX24373103	Cholangiocarcinoma	tumor cells	cholangiocarcinoma	cholangiocarcinoma	SRP504106	SRS21129757	0.984	0.637	12.096	0.851	0.589	0.961	12308.14	77003	226831.73	4868
SRX24373104	Cholangiocarcinoma	tumor cells	cholangiocarcinoma	cholangiocarcinoma	SRP504106	SRS21129758	0.984	0.636	13.102	0.850	0.606	0.962	12170.9	78107	225898.63	4898
SRX24373105	Cholangiocarcinoma	tumor cells	cholangiocarcinoma	cholangiocarcinoma	SRP504106	SRS21129759	0.985	0.635	12.424	0.852	0.611	0.961	12287.54	77139	225670.38	4894
SRX24373106	Cholangiocarcinoma	tumor cells	cholangiocarcinoma	cholangiocarcinoma	SRP504106	SRS21129760	0.985	0.526	12.271	0.849	0.594	0.961	12217.95	70065	208493.28	4793
SRX24373107	Cholangiocarcinoma	tumor cells	cholangiocarcinoma	cholangiocarcinoma	SRP504106	SRS21129761	0.986	0.525	12.400	0.852	0.623	0.961	12136.89	70625	210648.52	4737
SRX24373108	Cholangiocarcinoma	tumor cells	cholangiocarcinoma	cholangiocarcinoma	SRP504106	SRS21129762	0.985	0.529	12.410	0.852	0.617	0.960	12117.22	70865	210026.93	4746
SRX24373109	Cholangiocarcinoma	tumor cells	cholangiocarcinoma	cholangiocarcinoma	SRP504106	SRS21129763	0.986	0.460	11.591	0.835	0.571	0.959	12788.33	66366	209510.57	4639
SRX24373110	Cholangiocarcinoma	tumor cells	cholangiocarcinoma	cholangiocarcinoma	SRP504106	SRS21129764	0.986	0.465	11.393	0.850	0.571	0.959	12806.19	66309	210372.55	4608
SRX24373111	Cholangiocarcinoma	tumor cells	cholangiocarcinoma	cholangiocarcinoma	SRP504106	SRS21129765	0.984	0.463	11.879	0.848	0.574	0.960	12537.57	67404	274645.76	3588
SRX24395668	xrTestis	NA	xrTestis	xrTestis	SRP504674	SRS21151101	0.987	0.124	15.737	0.518	0.532	0.969	35144.46	13478	236967.85	2199
SRX24395669	PGCLC	PGCLCs	NA	PGCLCs	SRP504674	SRS21151102	0.988	0.685	7.085	0.696	0.166	0.938	1263.3	34048	17804.98	773
SRX24395670	PGCLC	PGCLCs	NA	PGCLCs	SRP504674	SRS21151103	0.985	0.682	11.329	0.651	0.191	0.963	1088.76	40742	11282.85	1808
SRX24395684	xrTestis	NA	xrTestis	xrTestis	SRP504674	SRS21151117	0.988	0.265	10.732	0.486	0.419	0.963	12995.4	17144	400647.3	524
SRX24395685	xrTestis	NA	xrTestis	xrTestis	SRP504674	SRS21151118	0.989	0.159	14.465	0.519	0.283	0.970	29895.89	8922	372851.46	719
SRX24395687	xrTestis	NA	xrTestis	xrTestis	SRP504674	SRS21151120	0.988	0.276	12.295	0.539	0.250	0.966	10247.28	25535	351465.29	537
SRX24395688	xrTestis	NA	xrTestis	xrTestis	SRP504674	SRS21151121	0.987	0.178	15.875	0.530	0.344	0.968	23868.19	11584	443814.87	455
SRX24404496	Trophoblast Stem Cell	Trophoblast stem cells	NA	CT29	SRP504847	SRS21159237	0.979	0.296	3.115	0.545	0.922	0.817	104349.39	719	610867.86	2072
SRX24404497	Trophoblast Stem Cell	Trophoblast stem cells	NA	CT29	SRP504847	SRS21159238	0.980	0.299	3.020	0.554	0.925	0.815	101894.08	734	622703.73	2024
SRX24404498	Trophoblast Stem Cell	Trophoblast stem cells	NA	CT29	SRP504847	SRS21159239	0.978	0.350	2.646	0.556	0.902	0.794	64776.17	2000	630086.34	2043
SRX24404499	Trophoblast Stem Cell	Trophoblast stem cells	NA	BTS11	SRP504847	SRS21159240	0.979	0.326	3.091	0.559	0.937	0.818	78763.73	1330	602934.6	2080
SRX24404500	Trophoblast Stem Cell	Trophoblast stem cells	NA	BTS11	SRP504847	SRS21159241	0.978	0.322	2.870	0.539	0.791	0.795	82743.68	967	634822.54	1954
SRX24404501	Trophoblast Stem Cell	Trophoblast stem cells	NA	BTS11	SRP504847	SRS21159242	0.978	0.376	3.024	0.538	0.932	0.812	49151.59	3709	592268.66	2137
SRX24404502	Trophoblast Stem Cell	Trophoblast stem cells	NA	BTS11	SRP504847	SRS21159243	0.977	0.449	3.669	0.585	0.960	0.803	18938.45	14681	608032.22	2053
SRX24404503	Trophoblast Stem Cell	Trophoblast stem cells	NA	BTS11	SRP504847	SRS21159244	0.978	0.451	4.139	0.564	0.954	0.826	18801.67	16045	587059.26	2105
SRX24404504	Trophoblast Stem Cell	Trophoblast stem cells	NA	CT29	SRP504847	SRS21159245	0.976	0.418	5.038	0.621	0.960	0.822	28552.13	8848	653217.38	2054
SRX24404505	Trophoblast Stem Cell	Trophoblast stem cells	NA	CT29	SRP504847	SRS21159246	0.978	0.422	4.396	0.604	0.959	0.809	25988.21	9330	670219.53	1976
SRX24404509	Trophoblast Stem Cell	Trophoblast stem cells	NA	CT29	SRP504847	SRS21159250	0.979	0.423	2.325	0.598	0.964	0.707	21210.72	7078	871546.6	1466
SRX24404510	Trophoblast Stem Cell	Trophoblast stem cells	NA	BTS11	SRP504847	SRS21159251	0.980	0.369	17.686	0.612	0.799	0.919	15609.14	43309	358168.03	3249
SRX24404511	Trophoblast Stem Cell	Trophoblast stem cells	NA	BTS11	SRP504847	SRS21159252	0.977	0.371	12.914	0.656	0.830	0.873	15562.12	27066	453183.15	2550
SRX24404512	Trophoblast Stem Cell	Trophoblast stem cells	NA	BTS11	SRP504847	SRS21159253	0.977	0.370	14.768	0.657	0.810	0.876	15289.96	29350	450574.16	2558
SRX24404513	Trophoblast Stem Cell	Trophoblast stem cells	NA	BTS11	SRP504847	SRS21159254	0.975	0.494	6.882	0.681	0.842	0.808	7822.4	26205	831606.47	1136
SRX24404514	Trophoblast Stem Cell	Trophoblast stem cells	NA	BTS11	SRP504847	SRS21159255	0.977	0.497	14.803	0.626	0.828	0.900	9743.51	35741	658335.61	1552
SRX24404515	Trophoblast Stem Cell	Trophoblast stem cells	NA	BTS11	SRP504847	SRS21159256	0.978	0.489	14.890	0.614	0.835	0.915	10585.15	37296	632366.02	1650
SRX24574973	Ovary	cumulus cells	ovary	ovary	SRP508090	SRS21315121	0.986	0.683	17.866	0.722	0.603	0.965	1035.32	64431	34581.26	2177
SRX24574974	Ovary	cumulus cells	ovary	ovary	SRP508090	SRS21315122	0.986	0.663	16.845	0.653	0.617	0.962	1053.38	63285	33808.41	2115
SRX24574975	Ovary	cumulus cells	ovary	ovary	SRP508090	SRS21315123	0.987	0.680	17.612	0.718	0.608	0.964	1019.1	64447	29567.45	1716
SRX24574976	Ovary	cumulus cells	ovary	ovary	SRP508090	SRS21315124	0.986	0.673	16.330	0.729	0.591	0.965	1037.82	63109	29184.85	2029
SRX24574977	Ovary	cumulus cells	ovary	ovary	SRP508090	SRS21315125	0.986	0.662	15.153	0.659	0.600	0.962	1077.07	61968	34043.38	2048
SRX24574978	Ovary	cumulus cells	ovary	ovary	SRP508090	SRS21315126	0.987	0.682	16.805	0.731	0.573	0.964	1022.97	61557	28437.56	2100
SRX2463356	Dental Pulp Stem Cell	NA	Dental Pulp Stem Cells	Dental Pulp Stem Cells	SRP096028	SRS1895911	0.976	0.697	3.324	0.659	0.551	0.835	2213.1	32816	1015024.66	849
SRX2463361	Dental Pulp Stem Cell	NA	Dental Pulp Stem Cells	Dental Pulp Stem Cells	SRP096028	SRS1895915	0.986	0.653	2.964	0.821	0.612	0.793	4423.83	33142	1286127.48	753
SRX2463364	Luhmes	NA	NA	LUHMES	SRP096028	SRS1895919	0.984	0.706	2.004	0.817	0.584	0.714	2747.79	38643	1116453.43	721
SRX2463365	Luhmes	NA	NA	LUHMES	SRP096028	SRS1895920	0.986	0.709	1.954	0.855	0.590	0.716	2859.76	37377	1084493.39	753
SRX24732801	ESC	hESC	NA	H9	SRP510440	SRS21455179	0.979	0.809	21.482	0.911	0.804	0.968	1259.74	52236	50822.02	3537
SRX24732802	ESC	hESC	NA	H9	SRP510440	SRS21455180	0.973	0.555	19.417	0.905	0.739	0.967	2109.05	51869	56118.08	4194
SRX24732803	ESC	hESC	NA	H9	SRP510440	SRS21455181	0.976	0.479	24.909	0.903	0.685	0.969	3465.15	59182	141552.28	4285
SRX24732804	ESC	hESC	NA	H9	SRP510440	SRS21455182	0.979	0.354	19.968	0.907	0.814	0.967	10033.21	72639	165541.08	5310
SRX24732805	ESC	hESC	NA	H9	SRP510440	SRS21455183	0.980	0.351	26.445	0.912	0.770	0.969	9804.39	76085	157660.55	5635
SRX24732806	ESC	hESC	NA	H9	SRP510440	SRS21455184	0.977	0.814	23.105	0.917	0.739	0.968	1119.17	44163	19027.88	4342
SRX24732807	ESC	hESC	NA	H9	SRP510440	SRS21455185	0.977	0.796	21.994	0.915	0.676	0.968	1110.77	43492	16882.69	4321
SRX24732808	ESC	hESC	NA	H9	SRP510440	SRS21455186	0.974	0.810	21.395	0.898	0.900	0.964	1110.08	46256	10054.11	4334
SRX24732809	ESC	hESC	NA	H9	SRP510440	SRS21455187	0.974	0.805	21.598	0.899	0.905	0.964	1098.25	46785	10174.57	4577
SRX24732810	ESC	hESC	NA	H9	SRP510440	SRS21455188	0.973	0.807	22.594	0.891	0.900	0.964	1098.09	47100	10051.7	4564
SRX24732811	ESC	hESC	NA	H9	SRP510440	SRS21455189	0.973	0.551	18.763	0.902	0.728	0.964	2142.82	53400	51051.87	2906
SRX24732812	ESC	hESC	NA	H9	SRP510440	SRS21455190	0.971	0.603	17.901	0.824	0.748	0.963	2021.77	49092	53308.1	3120
SRX24732813	ESC	hESC	NA	H9	SRP510440	SRS21455191	0.974	0.544	19.140	0.878	0.748	0.964	1854.53	45142	48992.34	3677
SRX24732814	ESC	hESC	NA	H9	SRP510440	SRS21455192	0.975	0.563	17.566	0.866	0.768	0.964	1584.42	43303	36268.69	3035
SRX24744451	IMR-90 (JCRB9054)	NA	NA	tPBAT library prepared from IMR90 genomic DNA	SRP510686	SRS21466464	0.990	0.588	31.828	0.685	0.660	0.977	10868.64	70636	492492.83	2742
SRX24744452	IMR-90 (JCRB9054)	NA	NA	sPBAT library prepared from IMR90 genomic DNA	SRP510686	SRS21466465	0.991	0.582	28.052	0.684	0.682	0.976	11128.14	69268	489834.48	2763
SRX24756561	Brain	MTG	Brain	Brain	SRP510877	SRS21476158	0.987	0.484	16.639	0.912	0.729	0.769	1179.79	45355	69552.83	308
SRX24756565	Brain	IFG	Brain	Brain	SRP510877	SRS21476162	0.988	0.488	15.735	0.927	0.656	0.736	1246.45	40158	93855.12	170
SRX24756567	Brain	MTG	Brain	Brain	SRP510877	SRS21476164	0.997	0.470	12.867	0.899	0.802	0.727	1167.16	43973	83798.99	248
SRX24756568	Brain	HIPP	Brain	Brain	SRP510877	SRS21476165	0.991	0.492	16.941	0.929	0.721	0.788	1150.13	43284	70048.39	403
SRX24756570	Brain	ITG	Brain	Brain	SRP510877	SRS21476167	0.985	0.494	13.476	0.939	0.589	0.700	1263.34	39975	123576.58	264
SRX24756577	Brain	HIPP	Brain	Brain	SRP510877	SRS21476174	0.993	0.490	17.657	0.934	0.635	0.744	1175.93	40276	89294.68	166
SRX24756580	Brain	SFG	Brain	Brain	SRP510877	SRS21476177	0.992	0.507	14.572	0.929	0.778	0.773	1137.54	43665	78538.6	217
SRX24756581	Brain	MFG	Brain	Brain	SRP510877	SRS21476178	0.989	0.480	23.544	0.933	0.656	0.782	1135.09	43598	83350.17	183
SRX24756582	Brain	CING	Brain	Brain	SRP510877	SRS21476179	0.985	0.508	18.718	0.935	0.366	0.702	1206.04	40774	136455.47	227
SRX24782513	Tumor	tumor cell	NA	A549	SRP511377	SRS21500396	0.995	0.531	10.521	0.818	0.449	0.949	13596.46	66682	402091.23	2915
SRX24782514	Tumor	tumor cell	NA	A549	SRP511377	SRS21500397	0.995	0.161	12.183	0.817	0.392	0.954	57690.99	3256	380547.12	2835
SRX24782515	Tumor	tumor cell	NA	A549	SRP511377	SRS21500398	0.995	0.156	10.674	0.825	0.388	0.951	107819.28	481	417977.01	2597
SRX24801737	induced pluripotent stem cells (iPSC)	induced pluripotent stem cells (iPSC)	NA	TSP77 TSC2 +/+ (Sundberg et al., 2018)	SRP511776	SRS21518133	0.982	0.742	10.595	0.557	0.716	0.956	1202.03	33469	15649.34	2276
SRX24801738	induced pluripotent stem cells (iPSC)	induced pluripotent stem cells (iPSC)	NA	TSP77 TSC2 +/+ (Sundberg et al., 2018)	SRP511776	SRS21518134	0.984	0.743	14.371	0.536	0.503	0.961	1129.83	36857	9657.57	3935
SRX24801739	induced pluripotent stem cells (iPSC)	induced pluripotent stem cells (iPSC)	NA	TSP77 TSC2 +/LOF (Sundberg et al., 2018)	SRP511776	SRS21518135	0.981	0.736	11.864	0.499	0.445	0.957	1177.68	34379	12460.74	1986
SRX24801740	induced pluripotent stem cells (iPSC)	induced pluripotent stem cells (iPSC)	NA	TSP77 TSC2 +/LOF (Sundberg et al., 2018)	SRP511776	SRS21518136	0.982	0.743	10.509	0.531	0.713	0.956	1202.57	33007	12983.56	1833
SRX24801741	induced pluripotent stem cells (iPSC)	induced pluripotent stem cells (iPSC)	NA	TSP77 TSC2 LOF/LOF (Sundberg et al., 2018)	SRP511776	SRS21518137	0.979	0.720	8.144	0.440	0.636	0.949	1256.61	32818	17292.97	1134
SRX24801742	induced pluripotent stem cells (iPSC)	induced pluripotent stem cells (iPSC)	NA	TSP77 TSC2 LOF/LOF (Sundberg et al., 2018)	SRP511776	SRS21518138	0.981	0.747	10.398	0.539	0.733	0.955	1193.61	33995	12943.66	1862
SRX24801743	iPSC-derived neural progenitor	iPSC-derived neural progenitor cells	NA	TSP77 TSC2 +/+ (Sundberg et al., 2018)	SRP511776	SRS21518139	0.988	0.760	11.331	0.516	0.667	0.957	1168.5	34762	65699.6	2585
SRX24801744	iPSC-derived neural progenitor	iPSC-derived neural progenitor cells	NA	TSP77 TSC2 +/+ (Sundberg et al., 2018)	SRP511776	SRS21518140	0.988	0.783	7.854	0.505	0.555	0.952	1247.32	31120	57330.06	2248
SRX24801745	iPSC-derived neural progenitor	iPSC-derived neural progenitor cells	NA	TSP77 TSC2 +/LOF (Sundberg et al., 2018)	SRP511776	SRS21518141	0.989	0.768	11.281	0.530	0.694	0.957	1122.41	34405	43329.92	2434
SRX24801746	iPSC-derived neural progenitor	iPSC-derived neural progenitor cells	NA	TSP77 TSC2 +/LOF (Sundberg et al., 2018)	SRP511776	SRS21518142	0.989	0.789	8.648	0.507	0.602	0.954	1180.95	31831	33603.64	2346
SRX24801747	iPSC-derived neural progenitor	iPSC-derived neural progenitor cells	NA	TSP77 TSC2 LOF/LOF (Sundberg et al., 2018)	SRP511776	SRS21518143	0.988	0.771	8.435	0.484	0.585	0.953	1208.08	32436	37949.66	2171
SRX24801748	iPSC-derived neural progenitor	iPSC-derived neural progenitor cells	NA	TSP77 TSC2 LOF/LOF (Sundberg et al., 2018)	SRP511776	SRS21518144	0.988	0.778	10.957	0.533	0.642	0.956	1121.97	35582	42455.63	2339
SRX248145	Fetal Intestine Large	NA	Fetal Intestine, Large	NA	SRP001371	SRS183516	0.985	0.807	19.894	0.673	0.918	0.955	1114.86	57274	13202.78	3802
SRX248146	Fetal Intestine Small	NA	Fetal Intestine, Small	NA	SRP001371	SRS183520	0.985	0.799	14.004	0.390	0.965	0.945	1173.75	49586	12330.55	3341
SRX248434	Hair Follicle	NA	Hair follicle	Hair follicle	SRP019232	SRS400547	0.994	0.708	25.596	0.812	0.719	0.939	1048.03	97787	10728.94	2883
SRX248435	Hair Follicle	NA	Hair follicle	Hair follicle	SRP019232	SRS400548	0.994	0.735	20.206	0.788	0.612	0.941	1032.25	96361	15464.4	1587
SRX248436	Peripheral Blood Lymphocyte	NA	Peripheral blood lymphocyte	Peripheral blood lymphocyte	SRP019232	SRS400549	0.992	0.765	23.947	0.791	0.822	0.928	979.35	46870	13627.54	1523
SRX248437	Peripheral Blood Lymphocyte	NA	Peripheral blood lymphocyte	Peripheral blood lymphocyte	SRP019232	SRS400550	0.994	0.787	22.788	0.787	0.735	0.924	965.05	49997	13481.53	1850
SRX24946435	Embryonic Kidney	Human embryonic kidney	NA	HEK293T	SRP514328	SRS21650366	0.996	0.575	10.452	0.807	0.538	0.919	11914.77	67572	453670.94	2121
SRX24946436	Embryonic Kidney	Human embryonic kidney	NA	HEK293T	SRP514328	SRS21650367	0.994	0.537	10.945	0.769	0.557	0.935	13905.85	56514	478707.34	2146
SRX24993274	ESC	NA	NA	Human embryonic stem cells	SRP478956	SRS21694741	0.966	0.808	17.094	0.475	0.721	0.961	1159.36	35813	8477.87	3658
SRX24993275	ESC	NA	NA	Human embryonic stem cells	SRP478956	SRS21694738	0.969	0.789	15.749	0.532	0.608	0.962	1162.2	34774	7876.31	3774
SRX25003535	Isolated WBC	NA	Isolated WBC	Isolated WBC	SRP515320	SRS21704248	0.982	0.787	12.199	0.923	0.755	0.966	1041.5	58105	9777.86	3648
SRX25003536	Isolated WBC	NA	Isolated WBC	Isolated WBC	SRP515320	SRS21704249	0.982	0.782	12.813	0.924	0.759	0.967	1073.62	54104	10000.05	3501
SRX25003537	Isolated WBC	NA	Isolated WBC	Isolated WBC	SRP515320	SRS21704250	0.983	0.789	13.366	0.924	0.718	0.965	1008.75	63615	10243.29	3722
SRX25003538	Isolated WBC	NA	Isolated WBC	Isolated WBC	SRP515320	SRS21704251	0.982	0.797	16.201	0.906	0.758	0.968	962.83	69031	13009.74	3647
SRX25003539	Isolated WBC	NA	Isolated WBC	Isolated WBC	SRP515320	SRS21704252	0.985	0.806	13.489	0.916	0.711	0.968	967.0	68299	12043.04	3633
SRX25003540	Isolated WBC	NA	Isolated WBC	Isolated WBC	SRP515320	SRS21704253	0.982	0.794	12.105	0.919	0.758	0.967	1047.66	57822	10709.69	3428
SRX25003541	Isolated WBC	NA	Isolated WBC	Isolated WBC	SRP515320	SRS21704254	0.983	0.776	15.441	0.925	0.751	0.965	1044.64	59634	12815.25	2920
SRX25003542	Isolated WBC	NA	Isolated WBC	Isolated WBC	SRP515320	SRS21704255	0.982	0.772	18.663	0.924	0.743	0.967	1005.73	63640	11485.09	3000
SRX25003543	Isolated WBC	NA	Isolated WBC	Isolated WBC	SRP515320	SRS21704256	0.983	0.782	15.294	0.922	0.737	0.966	1031.88	59725	11436.35	3210
SRX25003544	Isolated WBC	NA	Isolated WBC	Isolated WBC	SRP515320	SRS21704257	0.984	0.810	12.931	0.915	0.744	0.967	1061.11	58080	10370.14	3477
SRX25003545	Isolated WBC	NA	Isolated WBC	Isolated WBC	SRP515320	SRS21704258	0.982	0.768	13.072	0.915	0.634	0.969	1090.7	51413	9969.84	3171
SRX25003546	Isolated WBC	NA	Isolated WBC	Isolated WBC	SRP515320	SRS21704259	0.982	0.770	13.965	0.915	0.617	0.966	1025.04	62040	11216.08	3461
SRX25003547	Isolated WBC	NA	Isolated WBC	Isolated WBC	SRP515320	SRS21704260	0.982	0.789	14.061	0.922	0.767	0.969	1018.11	62205	10627.85	3650
SRX25003548	Isolated WBC	NA	Isolated WBC	Isolated WBC	SRP515320	SRS21704261	0.982	0.795	17.975	0.923	0.750	0.966	946.43	73957	10894.1	4200
SRX25003549	Isolated WBC	NA	Isolated WBC	Isolated WBC	SRP515320	SRS21704262	0.983	0.789	15.006	0.924	0.718	0.969	948.49	69799	11168.29	3400
SRX25003550	Isolated WBC	NA	Isolated WBC	Isolated WBC	SRP515320	SRS21704263	0.983	0.804	13.063	0.926	0.757	0.964	1042.9	58947	10484.49	3470
SRX25003572	Isolated WBC	NA	Isolated WBC	Isolated WBC	SRP515320	SRS21704285	0.982	0.786	12.134	0.914	0.648	0.965	1043.96	58561	11741.85	3302
SRX25003573	Isolated WBC	NA	Isolated WBC	Isolated WBC	SRP515320	SRS21704286	0.983	0.780	11.699	0.910	0.773	0.968	1047.87	56655	9558.36	3277
SRX25003574	Isolated WBC	NA	Isolated WBC	Isolated WBC	SRP515320	SRS21704287	0.982	0.792	16.517	0.925	0.756	0.970	916.44	74007	10185.8	3780
SRX25003575	Isolated WBC	NA	Isolated WBC	Isolated WBC	SRP515320	SRS21704288	0.981	0.770	13.883	0.914	0.652	0.965	1034.41	57401	10416.81	3310
SRX25003576	Isolated WBC	NA	Isolated WBC	Isolated WBC	SRP515320	SRS21704290	0.983	0.795	15.131	0.924	0.743	0.970	974.53	65685	10227.93	3518
SRX25003577	Isolated WBC	NA	Isolated WBC	Isolated WBC	SRP515320	SRS21704289	0.981	0.784	11.995	0.912	0.639	0.969	996.06	63159	10975.65	4059
SRX25003578	Isolated WBC	NA	Isolated WBC	Isolated WBC	SRP515320	SRS21704291	0.985	0.780	17.364	0.887	0.644	0.971	938.56	69262	10438.0	3835
SRX25003579	Isolated WBC	NA	Isolated WBC	Isolated WBC	SRP515320	SRS21704294	0.985	0.811	13.067	0.919	0.755	0.964	1007.2	66759	13028.35	3353
SRX25003599	Isolated WBC	NA	Isolated WBC	Isolated WBC	SRP515320	SRS21704312	0.983	0.787	19.295	0.923	0.707	0.968	999.84	62978	10775.79	3450
SRX25003600	Isolated WBC	NA	Isolated WBC	Isolated WBC	SRP515320	SRS21704314	0.982	0.785	12.425	0.924	0.770	0.963	1083.81	50651	10369.48	2890
SRX25003601	Isolated WBC	NA	Isolated WBC	Isolated WBC	SRP515320	SRS21704313	0.981	0.783	16.316	0.914	0.605	0.967	947.06	69777	11304.06	3868
SRX25003602	Isolated WBC	NA	Isolated WBC	Isolated WBC	SRP515320	SRS21704315	0.982	0.780	13.278	0.924	0.740	0.965	1047.44	58574	11323.12	3329
SRX25003603	Isolated WBC	NA	Isolated WBC	Isolated WBC	SRP515320	SRS21704316	0.983	0.798	14.138	0.921	0.771	0.969	1014.57	60558	10795.43	3402
SRX25003620	Isolated WBC	NA	Isolated WBC	Isolated WBC	SRP515320	SRS21704333	0.983	0.795	14.257	0.921	0.750	0.966	992.19	64113	10828.63	3641
SRX25003621	Isolated WBC	NA	Isolated WBC	Isolated WBC	SRP515320	SRS21704334	0.982	0.779	16.908	0.923	0.729	0.968	1006.74	61190	10286.66	3486
SRX25003622	Isolated WBC	NA	Isolated WBC	Isolated WBC	SRP515320	SRS21704335	0.983	0.793	15.289	0.922	0.691	0.970	968.92	67190	11468.53	3623
SRX25003623	Isolated WBC	NA	Isolated WBC	Isolated WBC	SRP515320	SRS21704336	0.982	0.802	14.066	0.926	0.760	0.965	1030.9	60172	12119.34	3730
SRX25003624	Isolated WBC	NA	Isolated WBC	Isolated WBC	SRP515320	SRS21704337	0.982	0.793	12.195	0.922	0.764	0.968	1044.31	56305	9879.83	3393
SRX25003625	Isolated WBC	NA	Isolated WBC	Isolated WBC	SRP515320	SRS21704338	0.983	0.794	16.430	0.920	0.770	0.971	980.9	65441	10487.29	4035
SRX25003626	Isolated WBC	NA	Isolated WBC	Isolated WBC	SRP515320	SRS21704339	0.982	0.783	15.254	0.928	0.746	0.965	1022.29	58899	9998.68	3279
SRX25003627	Isolated WBC	NA	Isolated WBC	Isolated WBC	SRP515320	SRS21704340	0.982	0.779	12.399	0.923	0.755	0.964	1057.44	57599	10471.84	3603
SRX25003628	Isolated WBC	NA	Isolated WBC	Isolated WBC	SRP515320	SRS21704341	0.982	0.792	15.737	0.920	0.708	0.970	981.44	68027	11110.69	3687
SRX25003629	Isolated WBC	NA	Isolated WBC	Isolated WBC	SRP515320	SRS21704343	0.983	0.783	16.579	0.903	0.740	0.971	984.14	65067	11020.54	3518
SRX25003630	Isolated WBC	NA	Isolated WBC	Isolated WBC	SRP515320	SRS21704342	0.982	0.781	12.209	0.921	0.786	0.963	1065.05	54988	10469.83	2786
SRX25003631	Isolated WBC	NA	Isolated WBC	Isolated WBC	SRP515320	SRS21704344	0.981	0.787	13.569	0.912	0.598	0.970	908.86	73750	10222.74	3880
SRX25003632	Isolated WBC	NA	Isolated WBC	Isolated WBC	SRP515320	SRS21704345	0.982	0.782	12.420	0.913	0.630	0.969	1031.55	58935	11490.3	3673
SRX25003633	Isolated WBC	NA	Isolated WBC	Isolated WBC	SRP515320	SRS21704346	0.983	0.794	12.144	0.924	0.753	0.964	1044.18	58793	10827.19	3816
SRX25003634	Isolated WBC	NA	Isolated WBC	Isolated WBC	SRP515320	SRS21704347	0.982	0.793	15.989	0.924	0.743	0.965	1036.58	57951	12197.75	3330
SRX25003635	Isolated WBC	NA	Isolated WBC	Isolated WBC	SRP515320	SRS21704348	0.983	0.798	13.526	0.924	0.751	0.965	978.19	67906	11981.7	3593
SRX25041283	MDA-MB-468	NA	NA	MDA-MB-468	SRP515825	SRS21738776	0.986	0.556	16.403	0.847	0.546	0.957	7155.56	137612	355332.25	2987
SRX25062933	Kidney	human clear renal carcinoma cells Caki1	kidney	NA	SRP510797	SRS21759334	0.996	0.622	7.925	0.697	0.771	0.942	11631.99	64226	547344.24	1803
SRX25062934	Kidney	human clear renal carcinoma cells Caki1	kidney	NA	SRP510797	SRS21759335	0.997	0.621	8.393	0.697	0.810	0.949	11467.12	67000	551730.61	1799
SRX25062935	Kidney	human clear renal carcinoma cells Caki1	kidney	NA	SRP510797	SRS21759336	0.997	0.621	11.597	0.695	0.739	0.955	10659.69	73369	462258.68	2127
SRX25062936	Kidney	Kaiso-deficient Caki1	kidney	NA	SRP510797	SRS21759337	0.995	0.629	11.997	0.583	0.654	0.950	9517.43	83470	380660.44	2647
SRX25062937	Kidney	Kaiso-deficient Caki1	kidney	NA	SRP510797	SRS21759339	0.994	0.629	9.151	0.684	0.657	0.946	10645.44	74459	527723.42	1947
SRX25062938	Kidney	Kaiso-deficient Caki1	kidney	NA	SRP510797	SRS21759338	0.965	0.633	10.514	0.691	0.648	0.950	10204.32	77623	386389.48	2626
SRX25078711	B-ALL cell line	B cell	B-ALL cell line	B-ALL cell line	SRP516302	SRS21772765	0.986	0.779	17.102	0.913	0.568	0.968	961.41	78919	16901.88	2769
SRX25078712	B-ALL cell line	B cell	B-ALL cell line	B-ALL cell line	SRP516302	SRS21772766	0.982	0.766	17.350	0.912	0.633	0.969	978.23	79539	16432.83	2843
SRX25078713	B-ALL cell line	iMac	B-ALL cell line	B-ALL cell line	SRP516302	SRS21772767	0.983	0.759	16.349	0.908	0.590	0.969	1008.83	76749	17496.58	3046
SRX25078714	B-ALL cell line	iMac	B-ALL cell line	B-ALL cell line	SRP516302	SRS21772768	0.984	0.758	16.437	0.897	0.626	0.969	1010.33	77068	18287.98	3030
SRX2515468	Kidney	NA	NA	Human embryonic kidney	SRP097759	SRS1938677	0.962	0.626	6.567	0.748	0.943	0.925	10155.25	56181	488417.86	1474
SRX2515469	Kidney	NA	NA	Human embryonic kidney	SRP097759	SRS1938678	0.964	0.590	2.774	0.770	0.964	0.837	12384.62	43630	875271.65	813
SRX2515470	Kidney	NA	NA	Human embryonic kidney	SRP097759	SRS1938679	0.958	0.657	8.641	0.775	0.947	0.940	9446.14	61358	529935.56	1417
SRX2515471	Kidney	NA	NA	Human embryonic kidney	SRP097759	SRS1938680	0.952	0.649	7.041	0.801	0.930	0.929	10104.99	58507	595532.75	1288
SRX25280270	BA46	NA	BA46	NA	SRP519334	SRS21956691	0.967	0.742	8.254	0.698	0.232	0.933	1276.92	45154	33554.11	2817
SRX25280273	BA46	NA	BA46	NA	SRP519334	SRS21956691	0.967	0.817	49.767	0.747	0.701	0.965	1522.94	63898	43133.12	5225
SRX25280350	BA46	NA	BA46	NA	SRP519334	SRS21963378	0.967	0.808	55.663	0.738	0.705	0.969	1671.75	68570	26858.8	5110
SRX25280354	BA46	NA	BA46	NA	SRP519334	SRS21963377	0.971	0.811	46.507	0.727	0.710	0.966	1619.98	65158	44053.89	4744
SRX25280561	BA46	NA	BA46	NA	SRP519334	SRS21963379	0.966	0.824	51.474	0.739	0.699	0.967	1558.1	64358	28613.91	4485
SRX2529937	Adult Brain Frontal Lobe	NA	Adult Brain Frontal Lobe	Adult Brain DNA from a single donor	SRP098648	SRS1950839	0.985	0.748	19.662	0.792	0.803	0.949	1142.35	46605	30621.74	2202
SRX2529938	Adult Brain Frontal Lobe	NA	Adult Brain Frontal Lobe	Adult Brain DNA from a single donor	SRP098648	SRS1950840	0.986	0.617	15.532	0.787	0.757	0.945	1351.37	43395	43863.34	2613
SRX2529939	LNCaP clone	NA	LNCaP clone	LNCaP cell line DNA	SRP098648	SRS1950841	0.997	0.491	13.470	0.743	0.769	0.955	11221.94	72935	168695.27	4718
SRX2529940	LNCaP clone	NA	LNCaP clone	LNCaP cell line DNA	SRP098648	SRS1950842	0.995	0.493	19.254	0.785	0.775	0.963	9972.5	83652	168565.0	4775
SRX2529941	LNCaP clone	NA	LNCaP clone	LNCaP cell line DNA	SRP098648	SRS1950843	0.996	0.476	16.601	0.766	0.764	0.960	10699.66	78259	168740.17	4817
SRX2529942	LNCaP clone	NA	LNCaP clone	LNCaP cell line DNA	SRP098648	SRS1950844	0.994	0.476	15.978	0.774	0.760	0.959	10833.11	77332	169916.37	4797
SRX25393333	Lung	T cell	lung	NA	SRP521100	SRS22056747	0.998	0.707	10.978	0.985	0.531	0.953	2340.98	41053	748845.71	2005
SRX25393335	Lung	T cell	lung	NA	SRP521100	SRS22056749	0.998	0.770	9.206	0.984	0.479	0.952	1133.0	41814	11984.47	1474
SRX25393337	Mesenteric Lymph Node	T cell	mesenteric lymph node	NA	SRP521100	SRS22056751	0.998	0.790	10.160	0.984	0.538	0.953	1087.67	46412	12380.49	1487
SRX25393339	Mesenteric Lymph Node	T cell	mesenteric lymph node	NA	SRP521100	SRS22056753	0.997	0.776	9.407	0.984	0.514	0.952	1128.9	42977	11738.19	1530
SRX25393341	Spleen	T cell	spleen	NA	SRP521100	SRS22056755	0.998	0.790	8.801	0.983	0.461	0.952	1115.13	44819	11628.26	1567
SRX25393343	Spleen	T cell	spleen	NA	SRP521100	SRS22056757	0.998	0.793	9.991	0.984	0.499	0.953	1059.83	46077	12398.99	1811
SRX25393346	Jejunum	T cell	jejunum	NA	SRP521100	SRS22056760	0.996	0.751	9.939	0.984	0.578	0.952	1169.82	41602	14592.6	1326
SRX25393348	Spleen	T cell	spleen	NA	SRP521100	SRS22056762	0.998	0.754	10.987	0.984	0.530	0.954	1173.38	40546	8657.11	2060
SRX25393350	Jejunum	T cell	jejunum	NA	SRP521100	SRS22056764	0.995	0.765	10.682	0.984	0.546	0.953	1112.17	44328	7692.08	2808
SRX25393351	Lung	T cell	lung	NA	SRP521100	SRS22056765	0.998	0.767	8.727	0.983	0.476	0.951	1183.57	40731	14082.89	1265
SRX25393353	Mesenteric Lymph Node	T cell	mesenteric lymph node	NA	SRP521100	SRS22056767	0.998	0.766	9.410	0.983	0.525	0.953	1146.13	41191	15229.47	1291
SRX25393355	Spleen	T cell	spleen	NA	SRP521100	SRS22056769	0.998	0.733	10.191	0.985	0.535	0.953	1410.21	38731	15132.14	773
SRX25393357	Lung	T cell	lung	NA	SRP521100	SRS22056771	0.998	0.755	7.471	0.983	0.343	0.950	1267.73	38112	14117.71	871
SRX25393359	Lung	T cell	lung	NA	SRP521100	SRS22056773	0.994	0.706	6.598	0.983	0.322	0.946	1654.82	34204	21835.57	311
SRX25393361	Mesenteric Lymph Node	T cell	mesenteric lymph node	NA	SRP521100	SRS22056775	0.998	0.743	11.281	0.985	0.517	0.954	1180.59	41722	9353.19	1853
SRX25393363	Mesenteric Lymph Node	T cell	mesenteric lymph node	NA	SRP521100	SRS22056777	0.998	0.703	10.386	0.985	0.548	0.953	1427.84	39246	16819.47	634
SRX25393366	Spleen	T cell	spleen	NA	SRP521100	SRS22056781	0.998	0.743	9.614	0.983	0.483	0.953	1227.39	39626	12602.52	1131
SRX25393368	Spleen	T cell	spleen	NA	SRP521100	SRS22056782	0.997	0.713	11.250	0.985	0.540	0.954	1540.0	40176	12877.28	1218
SRX25393370	Mesenteric Lymph Node	T cell	mesenteric lymph node	NA	SRP521100	SRS22056784	0.997	0.706	8.938	0.983	0.488	0.949	1674.69	37304	17114.63	777
SRX25393372	Jejunum	T cell	jejunum	NA	SRP521100	SRS22056786	0.992	0.693	11.960	0.984	0.536	0.951	1987.92	39276	1751565.43	774
SRX25393374	Jejunum	T cell	jejunum	NA	SRP521100	SRS22056788	0.996	0.718	7.579	0.984	0.606	0.948	1323.19	36832	13069.32	1025
SRX25393376	Spleen	T cell	spleen	NA	SRP521100	SRS22056789	0.998	0.707	11.030	0.986	0.522	0.953	2131.28	40221	112031.22	8469
SRX25393378	Spleen	T cell	spleen	NA	SRP521100	SRS22056793	0.998	0.782	10.009	0.984	0.457	0.953	1128.09	43769	14677.04	1436
SRX25393380	Spleen	T cell	spleen	NA	SRP521100	SRS22056795	0.998	0.790	10.228	0.984	0.560	0.953	1063.06	45726	9346.42	3020
SRX25393381	Lung	T cell	lung	NA	SRP521100	SRS22056794	0.998	0.759	9.370	0.983	0.494	0.952	1176.37	39932	15742.14	1091
SRX25393383	Mesenteric Lymph Node	T cell	mesenteric lymph node	NA	SRP521100	SRS22056798	0.998	0.779	10.980	0.984	0.537	0.954	1100.49	45352	9237.5	2581
SRX25393384	Mesenteric Lymph Node	T cell	mesenteric lymph node	NA	SRP521100	SRS22056797	0.998	0.731	9.490	0.984	0.465	0.951	1305.36	38713	15168.66	807
SRX25393386	Lung	T cell	lung	NA	SRP521100	SRS22056800	0.998	0.724	9.840	0.984	0.466	0.950	1313.62	38726	16144.7	772
SRX25393389	Lung	T cell	lung	NA	SRP521100	SRS22056803	0.998	0.734	10.079	0.985	0.484	0.950	1517.48	40091	12726.11	1179
SRX25393391	Jejunum	T cell	jejunum	NA	SRP521100	SRS22056805	0.997	0.718	12.238	0.985	0.572	0.954	1218.63	40644	11106.0	1272
SRX25393393	Spleen	T cell	spleen	NA	SRP521100	SRS22056807	0.998	0.702	10.922	0.984	0.562	0.950	1839.74	38749	19451.33	1489
SRX25393395	Spleen	T cell	spleen	NA	SRP521100	SRS22056809	0.998	0.716	10.100	0.984	0.508	0.950	1629.23	38318	15669.67	1490
SRX25393397	Mesenteric Lymph Node	T cell	mesenteric lymph node	NA	SRP521100	SRS22056812	0.998	0.679	9.523	0.984	0.511	0.950	2339.79	37209	1996468.87	645
SRX25393399	Lung	T cell	lung	NA	SRP521100	SRS22056813	0.998	0.738	9.008	0.984	0.520	0.952	1287.51	38184	13521.26	969
SRX25393400	Spleen	T cell	spleen	NA	SRP521100	SRS22056814	0.998	0.731	10.500	0.985	0.459	0.951	1334.79	39763	13346.93	1195
SRX25393402	Mesenteric Lymph Node	T cell	mesenteric lymph node	NA	SRP521100	SRS22056817	0.998	0.713	9.415	0.984	0.481	0.950	1264.25	38336	15760.8	792
SRX25393404	Jejunum	T cell	jejunum	NA	SRP521100	SRS22056816	0.996	0.729	7.575	0.984	0.604	0.948	1293.08	36187	13542.61	873
SRX25393406	Lung	T cell	lung	NA	SRP521100	SRS22056820	0.998	0.759	9.851	0.984	0.480	0.953	1219.55	40496	13831.15	926
SRX25393408	Lung	T cell	lung	NA	SRP521100	SRS22056822	0.998	0.745	10.570	0.984	0.520	0.953	1212.11	39802	9849.38	1570
SRX25393410	Mesenteric Lymph Node	T cell	mesenteric lymph node	NA	SRP521100	SRS22056824	0.998	0.704	9.684	0.985	0.430	0.952	1602.8	37318	17319.1	622
SRX25393413	Mesenteric Lymph Node	T cell	mesenteric lymph node	NA	SRP521100	SRS22056827	0.997	0.739	9.894	0.985	0.468	0.952	1239.51	39266	14571.12	824
SRX25393415	Spleen	T cell	spleen	NA	SRP521100	SRS22056829	0.998	0.774	10.326	0.984	0.531	0.953	1146.54	42460	8702.12	2082
SRX25393418	Spleen	T cell	spleen	NA	SRP521100	SRS22056832	0.998	0.726	11.280	0.985	0.526	0.951	1266.59	40581	11364.39	1417
SRX25393419	Mesenteric Lymph Node	T cell	mesenteric lymph node	NA	SRP521100	SRS22056833	0.998	0.749	11.247	0.984	0.480	0.954	1183.17	40063	8864.35	1931
SRX25393421	Jejunum	T cell	jejunum	NA	SRP521100	SRS22056835	0.996	0.725	8.137	0.984	0.619	0.949	1403.3	36387	15595.06	678
SRX25393423	Lung	T cell	lung	NA	SRP521100	SRS22056838	0.998	0.776	9.977	0.984	0.489	0.953	1117.68	44624	10807.07	1684
SRX25393424	Mesenteric Lymph Node	T cell	mesenteric lymph node	NA	SRP521100	SRS22056837	0.997	0.761	15.187	0.985	0.564	0.954	1074.03	46044	8279.25	2201
SRX25393491	Spinal Bone	NA	spinal bone	spinal bone	SRP521101	SRS22056848	0.997	0.721	17.639	0.746	0.705	0.959	945.11	52193	8491.19	3253
SRX25393492	Spinal Bone	NA	spinal bone	spinal bone	SRP521101	SRS22056849	0.997	0.738	16.268	0.710	0.707	0.961	982.16	49899	10141.13	2806
SRX25393493	Spinal Bone	NA	spinal bone	spinal bone	SRP521101	SRS22056854	0.996	0.753	16.916	0.731	0.679	0.960	992.74	53508	11191.95	3373
SRX25393494	Spinal Bone	NA	spinal bone	spinal bone	SRP521101	SRS22056852	0.997	0.728	16.867	0.727	0.733	0.960	994.11	49562	8754.99	2531
SRX25393495	Spinal Bone	NA	spinal bone	spinal bone	SRP521101	SRS22056850	0.996	0.731	17.493	0.692	0.702	0.962	949.9	53789	10525.79	3153
SRX25393496	Spinal Bone	NA	spinal bone	spinal bone	SRP521101	SRS22056851	0.997	0.742	17.599	0.714	0.700	0.959	907.56	59664	9394.95	3257
SRX25393497	Spinal Bone	NA	spinal bone	spinal bone	SRP521101	SRS22056853	0.997	0.736	15.783	0.703	0.752	0.956	993.14	49689	8930.72	3172
SRX25393498	Spinal Bone	NA	spinal bone	spinal bone	SRP521101	SRS22056855	0.997	0.718	16.221	0.724	0.711	0.960	990.29	48858	7931.98	3703
SRX25393499	Spinal Bone	NA	spinal bone	spinal bone	SRP521101	SRS22056856	0.997	0.727	17.682	0.707	0.644	0.962	956.6	54152	8036.6	3492
SRX25393500	Spinal Bone	NA	spinal bone	spinal bone	SRP521101	SRS22056859	0.997	0.716	16.441	0.712	0.712	0.960	998.44	49558	9269.57	3313
SRX25393501	Spinal Bone	NA	spinal bone	spinal bone	SRP521101	SRS22056857	0.997	0.725	16.549	0.714	0.765	0.960	970.0	51756	8041.22	3150
SRX25393502	Spinal Bone	NA	spinal bone	spinal bone	SRP521101	SRS22056858	0.996	0.722	18.944	0.695	0.700	0.963	1017.34	49478	10892.51	2883
SRX25393503	Spinal Bone	NA	spinal bone	spinal bone	SRP521101	SRS22056860	0.997	0.718	18.136	0.686	0.751	0.961	938.33	54751	8616.48	3075
SRX25412308	Cell Line	Human Embryonic Kidney	cell line	cell line	SRP521389	SRS22072914	0.985	0.633	18.028	0.869	0.006	0.961	7553.3	89975	214852.76	3605
SRX25569521	PGCLC	hPGCLC	NA	A4	SRP523710	SRS22221508	0.992	0.605	8.444	0.876	0.578	0.960	3977.73	65882	154960.76	3338
SRX25569522	DDX4+ induced oogonia-like cells (no DNMT1i)	DDX4+ induced oogonia-like cells (no DNMT1i)	NA	ATCC-BXS0116	SRP523710	SRS22221507	0.994	0.799	2.458	0.882	0.591	0.858	1397.18	27806	66391.22	730
SRX25569523	DDX4+ induced oogonia-like cells (no DNMT1i)	DDX4+ induced oogonia-like cells (no DNMT1i)	NA	ATCC-BXS0116	SRP523710	SRS22221509	0.992	0.793	7.430	0.887	0.510	0.957	1173.32	34597	34575.47	2147
SRX25569524	PGCLC	hPGCLC	NA	ATCC-BXS0115	SRP523710	SRS22221510	0.993	0.587	7.342	0.772	0.555	0.957	4210.08	64331	107238.61	4126
SRX25569525	hiPSC primed	hiPSC_primed	NA	ATCC-BXS0116	SRP523710	SRS22221511	0.987	0.797	7.257	0.899	0.631	0.957	1202.17	32195	18642.57	1837
SRX25569526	hiPSC primed	hiPSC_primed	NA	PGP1	SRP523710	SRS22221512	0.985	0.775	5.161	0.899	0.505	0.947	1411.49	27864	16148.15	979
SRX25569527	DDX4+ induced oogonia-like	DDX4+ induced oogonia-like cells	NA	ATCC-BXS0115	SRP523710	SRS22221513	0.953	0.243	5.013	0.890	0.746	0.938	0.0	0	0.0	0
SRX25569528	DDX4+ induced oogonia-like	DDX4+ induced oogonia-like cells	NA	ATCC-BXS0116	SRP523710	SRS22221514	0.947	0.195	4.669	0.892	0.719	0.932	0.0	0	0.0	0
SRX25569529	DDX4+ induced oogonia-like	DDX4+ induced oogonia-like cells	NA	PGP1	SRP523710	SRS22221515	0.980	0.283	4.107	0.878	0.707	0.923	0.0	0	0.0	0
SRX25569530	DDX4+ induced oogonia-like	DDX4+ induced oogonia-like cells	NA	ATCC-BXS0115	SRP523710	SRS22221517	0.938	0.210	3.646	0.893	0.742	0.913	0.0	0	50587500.0	1
SRX25569531	DDX4+ induced oogonia-like	DDX4+ induced oogonia-like cells	NA	ATCC-BXS0116	SRP523710	SRS22221516	0.911	0.213	3.762	0.891	0.736	0.916	0.0	0	131200674.0	1
SRX25569532	DDX4+ induced oogonia-like	DDX4+ induced oogonia-like cells	NA	PGP1	SRP523710	SRS22221518	0.983	0.213	3.474	0.879	0.752	0.903	0.0	0	0.0	0
SRX25569533	DDX4+ induced oogonia-like cells naive reset	DDX4+ induced oogonia-like cells, naive reset	NA	ATCC-BXS0115	SRP523710	SRS22221519	0.974	0.127	4.057	0.882	0.751	0.922	0.0	0	131414623.0	2
SRX25569534	DDX4+ induced oogonia-like cells naive reset	DDX4+ induced oogonia-like cells, naive reset	NA	ATCC-BXS0116	SRP523710	SRS22221520	0.978	0.170	3.789	0.883	0.722	0.914	0.0	0	0.0	0
SRX25569535	DDX4+ induced oogonia-like cells naive reset	DDX4+ induced oogonia-like cells, naive reset	NA	PGP1	SRP523710	SRS22221521	0.980	0.165	2.851	0.868	0.727	0.874	0.0	0	0.0	0
SRX25569536	hiPSC naivereset	hiPSC_naivereset	NA	ATCC-BXS0115	SRP523710	SRS22221524	0.946	0.709	3.875	0.816	0.728	0.921	1719.8	29876	75594.71	1189
SRX25577961	Epidermal Equivalent	NA	human epidermal equivalent	human epidermal equivalent	SRP523753	SRS22229878	0.984	0.725	21.008	0.913	0.716	0.972	1255.27	80220	130142.62	4260
SRX25577962	Epidermal Equivalent	NA	human epidermal equivalent	human epidermal equivalent	SRP523753	SRS22229879	0.984	0.726	25.755	0.915	0.655	0.973	1324.37	84349	154392.6	3863
SRX25577963	Epidermal Equivalent	NA	human epidermal equivalent	human epidermal equivalent	SRP523753	SRS22229880	0.985	0.726	39.776	0.914	0.622	0.976	1401.2	88759	111915.82	4821
SRX25577964	Epidermal Equivalent	NA	human epidermal equivalent	human epidermal equivalent	SRP523753	SRS22229881	0.984	0.721	21.051	0.908	0.707	0.972	1218.51	80724	96781.36	5008
SRX25577965	Epidermal Equivalent	NA	human epidermal equivalent	human epidermal equivalent	SRP523753	SRS22229882	0.984	0.717	22.028	0.909	0.710	0.972	1216.04	82529	91887.32	5137
SRX25577966	Epidermal Equivalent	NA	human epidermal equivalent	human epidermal equivalent	SRP523753	SRS22229883	0.984	0.721	21.874	0.911	0.717	0.972	1216.51	82381	96710.61	4959
SRX25577967	Epidermal Equivalent	NA	human epidermal equivalent	human epidermal equivalent	SRP523753	SRS22229884	0.985	0.707	22.990	0.910	0.747	0.972	1093.5	93909	23246.5	4275
SRX25577968	Epidermal Equivalent	NA	human epidermal equivalent	human epidermal equivalent	SRP523753	SRS22229885	0.985	0.707	23.435	0.907	0.745	0.972	1119.97	94056	28191.22	5417
SRX25577969	Epidermal Equivalent	NA	human epidermal equivalent	human epidermal equivalent	SRP523753	SRS22229886	0.985	0.706	23.858	0.909	0.773	0.972	1123.27	93753	31114.2	5737
SRX25577970	Epidermal Equivalent	NA	human epidermal equivalent	human epidermal equivalent	SRP523753	SRS22229887	0.985	0.715	23.326	0.910	0.743	0.972	1079.67	95711	21719.26	3721
SRX25577971	Epidermal Equivalent	NA	human epidermal equivalent	human epidermal equivalent	SRP523753	SRS22229888	0.986	0.710	24.762	0.906	0.712	0.973	1098.2	94900	23603.99	4599
SRX25577972	Epidermal Equivalent	NA	human epidermal equivalent	human epidermal equivalent	SRP523753	SRS22229889	0.986	0.711	24.604	0.910	0.713	0.973	1121.92	94529	29113.04	5712
SRX2558808	Postmortem Brain	NA	Postmortem brain tissue	whole genome bisulfite sequencing replicate 1	SRP099603	SRS1976026	0.972	0.765	19.236	0.860	0.729	0.960	1313.83	55963	44356.99	4313
SRX2558809	Postmortem Brain	NA	Postmortem brain tissue	whole genome bisulfite sequencing replicate 2	SRP099603	SRS1976025	0.972	0.768	18.416	0.859	0.728	0.960	1317.16	54046	45302.23	4148
SRX2558810	Postmortem Brain	NA	Postmortem brain tissue	TET-assisted bisulfite sequencing replicate 1	SRP099603	SRS1976029	0.985	0.211	20.454	0.847	0.826	0.962	5542.05	40432	1405672.22	55
SRX2558811	Postmortem Brain	NA	Postmortem brain tissue	TET-assisted bisulfite sequencing replicate 2	SRP099603	SRS1976028	0.983	0.217	14.681	0.837	0.514	0.957	5895.49	39381	0.0	0
SRX25647225	Lymphocyte	NA	lymphocyte	NA	SRP525209	SRS22290317	0.983	0.773	19.797	0.907	0.706	0.972	1081.78	47893	9276.84	2792
SRX25647226	Lymphocyte	NA	lymphocyte	NA	SRP525209	SRS22290323	0.980	0.769	22.614	0.902	0.706	0.973	1027.54	51720	9431.53	2897
SRX25647227	Lymphocyte	NA	lymphocyte	NA	SRP525209	SRS22290316	0.984	0.800	18.960	0.908	0.703	0.972	1060.59	51136	10382.02	3303
SRX25647228	Lymphocyte	NA	lymphocyte	NA	SRP525209	SRS22290325	0.981	0.804	20.479	0.895	0.610	0.973	1013.63	55871	11455.49	3224
SRX25647229	Lymphocyte	NA	lymphocyte	NA	SRP525209	SRS22290320	0.983	0.788	20.494	0.899	0.630	0.973	1082.38	48934	9542.88	2931
SRX25647230	Lymphocyte	NA	lymphocyte	NA	SRP525209	SRS22290322	0.984	0.808	14.691	0.909	0.484	0.966	1172.79	45353	9295.04	3087
SRX25647231	Lymphocyte	NA	lymphocyte	NA	SRP525209	SRS22290318	0.983	0.816	19.768	0.910	0.489	0.970	1094.41	51112	10447.73	3139
SRX25647232	Lymphocyte	NA	lymphocyte	NA	SRP525209	SRS22290321	0.982	0.818	17.996	0.907	0.491	0.970	1061.27	52637	10301.3	3369
SRX25647233	Lymphocyte	NA	lymphocyte	NA	SRP525209	SRS22290324	0.981	0.813	15.182	0.909	0.509	0.968	1133.29	47532	9546.77	3486
SRX25647234	Lymphocyte	NA	lymphocyte	NA	SRP525209	SRS22290319	0.983	0.821	15.058	0.908	0.479	0.966	1124.99	48937	10447.47	3186
SRX25652584	Fallopian Tube	NA	Fallopian tube	NA	SRP525370	SRS22295386	0.977	0.785	19.718	0.917	0.444	0.963	1204.73	63365	18533.82	3256
SRX25652585	Fallopian Tube	NA	Fallopian tube	NA	SRP525370	SRS22295382	0.975	0.757	24.286	0.788	0.673	0.964	1216.65	69723	23330.64	3375
SRX25652586	Fallopian Tube	NA	Fallopian tube	NA	SRP525370	SRS22295383	0.976	0.745	23.128	0.895	0.456	0.964	1141.15	64632	17397.8	3387
SRX25652587	Fallopian Tube	NA	Fallopian tube	NA	SRP525370	SRS22295385	0.975	0.752	23.372	0.893	0.723	0.963	1156.9	62410	18837.51	3320
SRX25652588	Fallopian Tube	NA	Fallopian tube	NA	SRP525370	SRS22295393	0.974	0.777	20.101	0.863	0.698	0.962	1145.96	61693	14792.07	3628
SRX25652589	Fallopian Tube	NA	Fallopian tube	NA	SRP525370	SRS22295389	0.978	0.762	23.674	0.915	0.509	0.966	1126.38	58707	14422.59	3178
SRX25652590	Fallopian Tube	NA	Fallopian tube	NA	SRP525370	SRS22295387	0.978	0.757	22.393	0.900	0.770	0.963	1161.32	62486	19473.86	2940
SRX25652591	Fallopian Tube	NA	Fallopian tube	NA	SRP525370	SRS22295390	0.977	0.763	15.444	0.913	0.539	0.962	1196.76	55202	19097.19	2810
SRX25652592	Fallopian Tube	NA	Fallopian tube	NA	SRP525370	SRS22295388	0.977	0.795	17.176	0.922	0.469	0.960	1208.26	56322	16414.48	3127
SRX25652593	Fallopian Tube	NA	Fallopian tube	NA	SRP525370	SRS22295394	0.976	0.775	16.477	0.909	0.621	0.963	1153.56	55191	16305.88	3243
SRX25652594	Fallopian Tube	NA	Fallopian tube	NA	SRP525370	SRS22295391	0.975	0.783	18.982	0.921	0.530	0.963	1152.29	61257	14440.54	3282
SRX25652595	Fallopian Tube	NA	Fallopian tube	NA	SRP525370	SRS22295392	0.977	0.761	13.860	0.919	0.522	0.959	1185.68	64155	17350.73	3308
SRX25652596	Fallopian Tube	NA	Fallopian tube	NA	SRP525370	SRS22295395	0.977	0.796	14.875	0.922	0.467	0.956	1216.95	55322	17899.09	3023
SRX25652597	Fallopian Tube	NA	Fallopian tube	NA	SRP525370	SRS22295396	0.977	0.781	17.438	0.921	0.440	0.961	1212.6	63885	19109.75	3019
SRX25652598	Fallopian Tube	NA	Fallopian tube	NA	SRP525370	SRS22295398	0.976	0.753	19.002	0.833	0.737	0.962	1145.41	59796	16864.65	3283
SRX25652599	Fallopian Tube	NA	Fallopian tube	NA	SRP525370	SRS22295397	0.976	0.754	16.725	0.875	0.414	0.962	1126.41	53249	15033.59	3053
SRX25652600	Fallopian Tube	NA	Fallopian tube	NA	SRP525370	SRS22295400	0.975	0.734	19.018	0.887	0.420	0.963	1135.47	58351	19682.94	2899
SRX25652601	Fallopian Tube	NA	Fallopian tube	NA	SRP525370	SRS22295399	0.974	0.774	20.740	0.880	0.755	0.964	1148.94	67121	16081.46	3349
SRX25652602	Fallopian Tube	NA	Fallopian tube	NA	SRP525370	SRS22295404	0.977	0.761	19.460	0.914	0.508	0.963	1172.06	60235	19920.51	3180
SRX25652603	Fallopian Tube	NA	Fallopian tube	NA	SRP525370	SRS22295403	0.978	0.758	19.837	0.918	0.551	0.964	1179.1	63317	17427.0	3167
SRX25652604	Fallopian Tube	NA	Fallopian tube	NA	SRP525370	SRS22295401	0.977	0.753	22.521	0.907	0.442	0.964	1143.48	67059	15680.58	3299
SRX25652605	Fallopian Tube	NA	Fallopian tube	NA	SRP525370	SRS22295402	0.976	0.763	20.384	0.804	0.726	0.962	1171.2	69397	20035.58	3193
SRX25652606	Fallopian Tube	NA	Fallopian tube	NA	SRP525370	SRS22295405	0.979	0.760	18.608	0.915	0.496	0.963	1165.69	65070	17080.18	3359
SRX25652607	Fallopian Tube	NA	Fallopian tube	NA	SRP525370	SRS22295408	0.976	0.743	17.349	0.908	0.510	0.961	1179.97	62446	20187.14	3332
SRX25652608	Fallopian Tube	NA	Fallopian tube	NA	SRP525370	SRS22295407	0.977	0.779	15.333	0.919	0.526	0.961	1193.53	55613	18230.67	2965
SRX25652609	Fallopian Tube	NA	Fallopian tube	NA	SRP525370	SRS22295410	0.979	0.757	17.010	0.916	0.537	0.963	1182.14	66245	20813.75	2961
SRX25652610	Fallopian Tube	NA	Fallopian tube	NA	SRP525370	SRS22295411	0.977	0.774	17.632	0.929	0.454	0.961	1178.21	59918	18994.61	3584
SRX25652611	Fallopian Tube	NA	Fallopian tube	NA	SRP525370	SRS22295409	0.977	0.780	17.994	0.924	0.450	0.961	1177.86	56064	15774.03	3001
SRX25652612	Fallopian Tube	NA	Fallopian tube	NA	SRP525370	SRS22295413	0.977	0.770	19.170	0.927	0.505	0.963	1156.65	59489	15415.9	3272
SRX25652613	Fallopian Tube	NA	Fallopian tube	NA	SRP525370	SRS22295414	0.976	0.780	16.992	0.922	0.537	0.962	1151.03	62631	17566.56	3196
SRX25652614	Fallopian Tube	NA	Fallopian tube	NA	SRP525370	SRS22295415	0.976	0.779	14.623	0.906	0.548	0.960	1162.75	54589	14041.12	3015
SRX25652615	Fallopian Tube	NA	Fallopian tube	NA	SRP525370	SRS22295412	0.977	0.785	19.476	0.917	0.591	0.963	1203.22	57021	18886.93	3579
SRX25652616	Fallopian Tube	NA	Fallopian tube	NA	SRP525370	SRS22295417	0.976	0.794	15.718	0.909	0.593	0.959	1227.1	54398	18841.88	2982
SRX25652617	Fallopian Tube	NA	Fallopian tube	NA	SRP525370	SRS22295416	0.977	0.792	15.304	0.909	0.563	0.960	1204.72	50622	15312.54	3249
SRX25652618	Fallopian Tube	NA	Fallopian tube	NA	SRP525370	SRS22295418	0.976	0.764	25.164	0.912	0.712	0.965	1138.5	66269	15225.88	3113
SRX25652619	Fallopian Tube	NA	Fallopian tube	NA	SRP525370	SRS22295419	0.976	0.767	26.382	0.908	0.708	0.964	1132.8	66805	14875.89	3224
SRX25652620	Fallopian Tube	NA	Fallopian tube	NA	SRP525370	SRS22295420	0.978	0.768	19.735	0.915	0.564	0.964	1182.14	61918	18587.84	3353
SRX25652621	Fallopian Tube	NA	Fallopian tube	NA	SRP525370	SRS22295422	0.977	0.754	22.853	0.896	0.459	0.964	1113.53	61526	14654.95	3141
SRX25652622	Fallopian Tube	NA	Fallopian tube	NA	SRP525370	SRS22295421	0.978	0.756	23.516	0.906	0.381	0.965	1137.0	61386	15053.77	3410
SRX25652623	Fallopian Tube	NA	Fallopian tube	NA	SRP525370	SRS22295423	0.975	0.775	20.036	0.830	0.733	0.963	1146.96	59406	15493.93	3439
SRX25652624	Fallopian Tube	NA	Fallopian tube	NA	SRP525370	SRS22295426	0.978	0.749	18.315	0.903	0.380	0.964	1133.36	53700	16330.38	3156
SRX25652625	Fallopian Tube	NA	Fallopian tube	NA	SRP525370	SRS22295425	0.978	0.763	24.317	0.914	0.476	0.965	1123.98	58251	15246.86	3475
SRX25652626	Fallopian Tube	NA	Fallopian tube	NA	SRP525370	SRS22295424	0.976	0.755	13.976	0.888	0.441	0.961	1155.69	50632	14517.76	2899
SRX25652627	Fallopian Tube	NA	Fallopian tube	NA	SRP525370	SRS22295427	0.978	0.744	14.971	0.890	0.464	0.961	1135.7	51912	14102.91	3137
SRX25652628	Fallopian Tube	NA	Fallopian tube	NA	SRP525370	SRS22295442	0.978	0.776	15.955	0.901	0.424	0.961	1165.08	55460	13318.49	2919
SRX25652629	Fallopian Tube	NA	Fallopian tube	NA	SRP525370	SRS22295429	0.978	0.766	18.939	0.920	0.537	0.962	1197.35	68102	18740.76	3801
SRX25652630	Fallopian Tube	NA	Fallopian tube	NA	SRP525370	SRS22295428	0.978	0.752	15.436	0.912	0.575	0.961	1194.19	57376	18093.67	2928
SRX25652631	Fallopian Tube	NA	Fallopian tube	NA	SRP525370	SRS22295430	0.977	0.777	18.387	0.912	0.550	0.963	1149.31	59350	15283.08	3097
SRX25652632	Fallopian Tube	NA	Fallopian tube	NA	SRP525370	SRS22295432	0.979	0.749	24.732	0.914	0.522	0.966	1153.64	73726	17331.32	2948
SRX25652633	Fallopian Tube	NA	Fallopian tube	NA	SRP525370	SRS22295433	0.978	0.749	21.297	0.909	0.514	0.962	1120.33	63153	15166.23	3132
SRX25652634	Fallopian Tube	NA	Fallopian tube	NA	SRP525370	SRS22295431	0.976	0.776	20.937	0.858	0.774	0.963	1174.09	61542	18775.21	3073
SRX25652635	Fallopian Tube	NA	Fallopian tube	NA	SRP525370	SRS22295434	0.976	0.756	21.802	0.897	0.725	0.963	1182.32	68639	18187.79	3571
SRX25652636	Fallopian Tube	NA	Fallopian tube	NA	SRP525370	SRS22295435	0.977	0.758	23.736	0.908	0.450	0.964	1178.68	66701	19273.39	3238
SRX25652637	Fallopian Tube	NA	Fallopian tube	NA	SRP525370	SRS22295436	0.977	0.764	18.116	0.909	0.497	0.962	1192.8	61978	20186.7	3439
SRX25652638	Fallopian Tube	NA	Fallopian tube	NA	SRP525370	SRS22295438	0.977	0.746	20.927	0.907	0.500	0.964	1159.38	63561	19621.55	3187
SRX25652639	Fallopian Tube	NA	Fallopian tube	NA	SRP525370	SRS22295437	0.978	0.776	18.137	0.920	0.572	0.963	1141.46	60096	15013.05	3038
SRX25652640	Fallopian Tube	NA	Fallopian tube	NA	SRP525370	SRS22295440	0.976	0.739	16.549	0.895	0.413	0.962	1141.91	58902	15265.45	3000
SRX25652641	Fallopian Tube	NA	Fallopian tube	NA	SRP525370	SRS22295439	0.974	0.761	18.116	0.892	0.499	0.963	1118.22	62208	16020.66	3248
SRX25652642	Fallopian Tube	NA	Fallopian tube	NA	SRP525370	SRS22295441	0.979	0.785	18.056	0.918	0.396	0.959	1209.27	57928	18999.91	3368
SRX25652643	Fallopian Tube	NA	Fallopian tube	NA	SRP525370	SRS22295444	0.976	0.763	22.273	0.855	0.743	0.965	1164.89	65306	17196.66	3348
SRX25652644	Fallopian Tube	NA	Fallopian tube	NA	SRP525370	SRS22295443	0.978	0.777	14.787	0.922	0.533	0.960	1190.13	53377	15543.25	3021
SRX25652645	Fallopian Tube	NA	Fallopian tube	NA	SRP525370	SRS22295445	0.976	0.774	15.877	0.917	0.470	0.962	1158.24	58285	15284.93	3010
SRX25652646	Fallopian Tube	NA	Fallopian tube	NA	SRP525370	SRS22295446	0.976	0.779	16.846	0.913	0.451	0.962	1187.68	56551	16617.86	2981
SRX25652647	Fallopian Tube	NA	Fallopian tube	NA	SRP525370	SRS22295448	0.977	0.767	17.558	0.923	0.458	0.961	1161.03	59397	15825.04	3392
SRX25652648	Fallopian Tube	NA	Fallopian tube	NA	SRP525370	SRS22295447	0.977	0.742	15.579	0.875	0.416	0.962	1137.53	55246	15802.03	2781
SRX25652649	Fallopian Tube	NA	Fallopian tube	NA	SRP525370	SRS22295450	0.977	0.764	20.773	0.919	0.509	0.962	1119.95	61205	15107.07	3332
SRX25652650	Fallopian Tube	NA	Fallopian tube	NA	SRP525370	SRS22295451	0.977	0.746	18.610	0.908	0.513	0.962	1163.38	58006	17656.22	3187
SRX25652651	Fallopian Tube	NA	Fallopian tube	NA	SRP525370	SRS22295452	0.976	0.777	17.077	0.915	0.554	0.963	1166.27	58508	15791.85	3364
SRX25652652	Fallopian Tube	NA	Fallopian tube	NA	SRP525370	SRS22295449	0.976	0.778	18.254	0.910	0.410	0.964	1127.49	60576	14736.98	3121
SRX25652653	Fallopian Tube	NA	Fallopian tube	NA	SRP525370	SRS22295453	0.978	0.752	22.856	0.903	0.539	0.965	1123.31	64812	15486.09	3016
SRX25652654	Fallopian Tube	NA	Fallopian tube	NA	SRP525370	SRS22295454	0.977	0.768	20.626	0.908	0.504	0.963	1137.36	58385	14314.24	3329
SRX25652655	Fallopian Tube	NA	Fallopian tube	NA	SRP525370	SRS22295462	0.977	0.749	15.654	0.911	0.532	0.961	1160.62	54550	18051.75	3210
SRX25652656	Fallopian Tube	NA	Fallopian tube	NA	SRP525370	SRS22295458	0.978	0.777	20.418	0.914	0.736	0.963	1158.02	58043	17715.5	3245
SRX25652657	Fallopian Tube	NA	Fallopian tube	NA	SRP525370	SRS22295455	0.977	0.771	15.221	0.915	0.523	0.961	1180.39	56445	17532.94	2862
SRX25652658	Fallopian Tube	NA	Fallopian tube	NA	SRP525370	SRS22295456	0.975	0.754	19.209	0.867	0.395	0.962	1103.73	54859	14214.62	3168
SRX25652659	Fallopian Tube	NA	Fallopian tube	NA	SRP525370	SRS22295459	0.974	0.757	22.142	0.792	0.685	0.962	1133.63	60225	16687.8	3056
SRX25652660	Fallopian Tube	NA	Fallopian tube	NA	SRP525370	SRS22295457	0.977	0.755	26.008	0.900	0.786	0.965	1179.17	69313	17415.55	3445
SRX25652661	Fallopian Tube	NA	Fallopian tube	NA	SRP525370	SRS22295460	0.977	0.766	20.112	0.913	0.776	0.963	1122.91	57127	13916.16	3372
SRX25652662	Fallopian Tube	NA	Fallopian tube	NA	SRP525370	SRS22295461	0.975	0.775	17.653	0.896	0.708	0.961	1136.17	57798	14619.07	3179
SRX25652663	Fallopian Tube	NA	Fallopian tube	NA	SRP525370	SRS22295465	0.976	0.759	17.842	0.895	0.629	0.962	1130.82	52438	14412.51	3091
SRX25652664	Fallopian Tube	NA	Fallopian tube	NA	SRP525370	SRS22295463	0.977	0.756	19.061	0.907	0.394	0.962	1128.46	70098	15064.52	3562
SRX25652665	Fallopian Tube	NA	Fallopian tube	NA	SRP525370	SRS22295464	0.979	0.763	16.629	0.929	0.449	0.962	1164.41	64821	15891.54	3032
SRX25652666	Fallopian Tube	NA	Fallopian tube	NA	SRP525370	SRS22295468	0.976	0.775	19.302	0.919	0.408	0.963	1193.27	63744	16911.43	2992
SRX25652667	Fallopian Tube	NA	Fallopian tube	NA	SRP525370	SRS22295467	0.977	0.767	17.177	0.919	0.584	0.962	1141.1	61504	16682.6	3255
SRX25652668	Fallopian Tube	NA	Fallopian tube	NA	SRP525370	SRS22295466	0.979	0.774	16.387	0.934	0.443	0.960	1170.72	66728	16892.5	3437
SRX25652669	Fallopian Tube	NA	Fallopian tube	NA	SRP525370	SRS22295470	0.979	0.769	18.842	0.928	0.485	0.963	1160.23	57792	15962.33	3167
SRX25652670	Fallopian Tube	NA	Fallopian tube	NA	SRP525370	SRS22295469	0.978	0.792	16.791	0.920	0.473	0.961	1199.85	55760	17469.69	2815
SRX25652671	Fallopian Tube	NA	Fallopian tube	NA	SRP525370	SRS22295471	0.978	0.781	18.680	0.920	0.438	0.963	1185.93	56680	15594.63	3184
SRX25652672	Fallopian Tube	NA	Fallopian tube	NA	SRP525370	SRS22295472	0.977	0.790	14.711	0.916	0.560	0.958	1197.45	51208	13668.39	3263
SRX25652673	Fallopian Tube	NA	Fallopian tube	NA	SRP525370	SRS22295474	0.975	0.761	22.954	0.826	0.719	0.964	1129.58	65766	16328.06	3400
SRX25652674	Fallopian Tube	NA	Fallopian tube	NA	SRP525370	SRS22295473	0.973	0.745	23.373	0.861	0.654	0.963	1202.06	71544	20907.54	3523
SRX25652675	Fallopian Tube	NA	Fallopian tube	NA	SRP525370	SRS22295486	0.977	0.778	14.851	0.900	0.461	0.961	1174.23	53665	13351.83	3270
SRX25652676	Fallopian Tube	NA	Fallopian tube	NA	SRP525370	SRS22295476	0.978	0.767	12.714	0.905	0.499	0.958	1197.24	52184	14591.59	3033
SRX25652677	Fallopian Tube	NA	Fallopian tube	NA	SRP525370	SRS22295475	0.978	0.761	17.545	0.911	0.538	0.964	1173.94	64526	18921.53	3215
SRX25652678	Fallopian Tube	NA	Fallopian tube	NA	SRP525370	SRS22295477	0.979	0.769	14.198	0.921	0.470	0.958	1225.44	51499	17074.61	2938
SRX25652679	Fallopian Tube	NA	Fallopian tube	NA	SRP525370	SRS22295478	0.978	0.779	16.339	0.910	0.456	0.959	1202.0	60328	16302.02	3267
SRX25652680	Fallopian Tube	NA	Fallopian tube	NA	SRP525370	SRS22295479	0.978	0.773	15.001	0.917	0.465	0.961	1176.6	52809	14660.2	3146
SRX25652681	Fallopian Tube	NA	Fallopian tube	NA	SRP525370	SRS22295480	0.975	0.779	14.448	0.914	0.480	0.960	1124.29	64422	15883.11	2732
SRX25652682	Fallopian Tube	NA	Fallopian tube	NA	SRP525370	SRS22295481	0.977	0.758	14.115	0.908	0.509	0.960	1175.93	54372	16982.86	2937
SRX25652683	Fallopian Tube	NA	Fallopian tube	NA	SRP525370	SRS22295483	0.976	0.783	14.742	0.923	0.461	0.959	1192.14	56226	18388.56	2874
SRX25652684	Fallopian Tube	NA	Fallopian tube	NA	SRP525370	SRS22295482	0.978	0.777	14.125	0.923	0.468	0.958	1203.32	53872	19414.8	2996
SRX25652685	Fallopian Tube	NA	Fallopian tube	NA	SRP525370	SRS22295484	0.976	0.780	14.424	0.917	0.464	0.957	1212.2	53447	19367.05	2959
SRX25652686	Fallopian Tube	NA	Fallopian tube	NA	SRP525370	SRS22295485	0.977	0.773	14.158	0.920	0.499	0.959	1199.17	55386	17786.2	2861
SRX2567409	purified primary alveolar epithelial type 2	purified primary alveolar epithelial type 2 cells	NA	donor lung	SRP100067	SRS1983782	0.997	0.782	5.028	0.831	0.792	0.894	1464.82	41898	28313.74	1395
SRX2567410	purified primary alveolar epithelial type 2	purified primary alveolar epithelial type 2 cells	NA	donor lung	SRP100067	SRS1983783	0.999	0.743	10.739	0.839	0.900	0.948	1033.75	69743	17349.83	2357
SRX25685852	HCT116	NA	NA	HCT116	SRP526064	SRS22326277	0.995	0.718	10.023	0.709	0.278	0.947	8770.48	73481	487117.0	1852
SRX25685853	HCT116	NA	NA	HCT116	SRP526064	SRS22326279	0.995	0.733	10.808	0.750	0.292	0.950	8252.02	78299	497711.72	1849
SRX25685854	HCT116	NA	NA	HCT116	SRP526064	SRS22326278	0.995	0.715	10.668	0.689	0.342	0.951	8492.63	75967	476724.47	1900
SRX25685855	HCT116	NA	NA	HCT116	SRP526064	SRS22326281	0.995	0.726	10.867	0.712	0.276	0.950	8391.07	78149	493096.42	1856
SRX25685856	HCT116	NA	NA	HCT116	SRP526064	SRS22326282	0.995	0.729	10.774	0.749	0.261	0.951	8124.79	77453	484041.25	1874
SRX25685857	HCT116	NA	NA	HCT116	SRP526064	SRS22326283	0.993	0.712	7.822	0.682	0.238	0.936	9349.7	67044	616758.69	1468
SRX25685858	HCT116	NA	NA	HCT116	SRP526064	SRS22326280	0.993	0.705	10.811	0.634	0.370	0.955	8510.4	74123	432566.3	2046
SRX25685859	HCT116	NA	NA	HCT116	SRP526064	SRS22326284	0.993	0.715	12.650	0.668	0.337	0.958	7942.38	79635	431898.77	2076
SRX25685860	HCT116	NA	NA	HCT116	SRP526064	SRS22326285	0.995	0.728	10.145	0.726	0.352	0.952	8391.99	75907	484933.0	1885
SRX25685861	HCT116	NA	NA	HCT116	SRP526064	SRS22326287	0.994	0.723	13.110	0.694	0.387	0.958	7741.11	82807	463304.86	1970
SRX25685862	HCT116	NA	NA	HCT116	SRP526064	SRS22326286	0.994	0.723	9.768	0.688	0.317	0.943	8921.93	72455	484174.55	1874
SRX25685863	HCT116	NA	NA	HCT116	SRP526064	SRS22326288	0.994	0.717	10.599	0.684	0.355	0.952	8419.4	75795	474865.33	1905
SRX25736038	Plasma	NA	Plasma	Plasma	SRP526881	SRS22375685	0.976	0.830	10.299	0.803	0.401	0.947	1175.25	51072	12419.21	3305
SRX25736039	Plasma	NA	Plasma	Plasma	SRP526881	SRS22375686	0.978	0.822	11.209	0.848	0.423	0.954	1156.7	52968	14655.34	3263
SRX25736040	Plasma	NA	Plasma	Plasma	SRP526881	SRS22375687	0.976	0.818	6.324	0.758	0.223	0.940	1247.49	44540	21868.86	1721
SRX25736041	Plasma	NA	Plasma	Plasma	SRP526881	SRS22375688	0.978	0.814	11.496	0.807	0.427	0.954	1147.66	51550	12594.04	2988
SRX25736042	Plasma	NA	Plasma	Plasma	SRP526881	SRS22375689	0.976	0.821	9.186	0.823	0.294	0.954	1177.06	50311	26303.06	1778
SRX25736043	Plasma	NA	Plasma	Plasma	SRP526881	SRS22375690	0.978	0.811	13.340	0.805	0.388	0.955	1115.8	55117	16068.5	2917
SRX25736044	Plasma	NA	Plasma	Plasma	SRP526881	SRS22375691	0.977	0.819	11.105	0.800	0.432	0.953	1152.34	51409	11637.97	3496
SRX25736045	Plasma	NA	Plasma	Plasma	SRP526881	SRS22375693	0.979	0.832	9.473	0.814	0.329	0.952	1105.29	56399	12144.87	3621
SRX25736046	Plasma	NA	Plasma	Plasma	SRP526881	SRS22375692	0.979	0.821	10.682	0.753	0.239	0.950	1171.59	50269	14549.82	2917
SRX25736047	Plasma	NA	Plasma	Plasma	SRP526881	SRS22375694	0.972	0.822	5.974	0.790	0.072	0.927	1342.84	37587	24710.98	1434
SRX25736048	Plasma	NA	Plasma	Plasma	SRP526881	SRS22375695	0.980	0.805	15.485	0.842	0.312	0.958	1126.92	49836	14353.23	2914
SRX25736049	Plasma	NA	Plasma	Plasma	SRP526881	SRS22375696	0.979	0.824	7.782	0.800	0.316	0.946	1230.91	46038	20936.5	1829
SRX25736050	Plasma	NA	Plasma	Plasma	SRP526881	SRS22375697	0.979	0.810	7.289	0.827	0.319	0.934	1312.55	40215	23491.12	1604
SRX25736051	Plasma	NA	Plasma	Plasma	SRP526881	SRS22375699	0.975	0.821	2.800	0.748	0.037	0.775	1587.64	29753	55671.56	614
SRX25736052	Plasma	NA	Plasma	Plasma	SRP526881	SRS22375698	0.978	0.812	3.539	0.761	0.033	0.830	1539.91	34130	47320.16	706
SRX25736053	Plasma	NA	Plasma	Plasma	SRP526881	SRS22375700	0.979	0.839	12.429	0.858	0.256	0.962	1007.82	65401	11241.95	4337
SRX25736054	Plasma	NA	Plasma	Plasma	SRP526881	SRS22375701	0.978	0.839	4.738	0.851	0.075	0.866	1429.07	36922	28037.63	1279
SRX25736055	Plasma	NA	Plasma	Plasma	SRP526881	SRS22375702	0.979	0.828	5.203	0.806	0.057	0.896	1435.85	35732	28652.66	1298
SRX25736056	Plasma	NA	Plasma	Plasma	SRP526881	SRS22375703	0.977	0.812	13.054	0.856	0.289	0.958	1181.27	48649	15479.57	2800
SRX25736057	Plasma	NA	Plasma	Plasma	SRP526881	SRS22375705	0.979	0.829	4.215	0.808	0.072	0.903	1414.84	37639	39801.98	929
SRX25752871	hiPSC	hiPSC	NA	ATCC-BXS0115	SRP527234	SRS22392214	0.982	0.824	10.509	0.876	0.747	0.959	1157.66	37653	22311.32	3905
SRX25752872	hiPSC	hiPSC	NA	ATCC-BXS0116	SRP527234	SRS22392217	0.973	0.834	9.361	0.843	0.788	0.958	1242.35	34047	35589.46	2455
SRX25752873	hiPSC	hiPSC	NA	PGP1	SRP527234	SRS22392215	0.971	0.833	9.438	0.871	0.755	0.961	1252.24	34871	17228.35	2292
SRX25752874	day2	day2	NA	ATCC-BXS0115	SRP527234	SRS22392216	0.985	0.384	8.660	0.881	0.788	0.957	1704.19	28993	1698683.41	388
SRX25752875	day2	day2	NA	ATCC-BXS0116	SRP527234	SRS22392218	0.939	0.390	9.415	0.860	0.791	0.958	1850.13	27395	2165661.46	198
SRX25752876	day2	day2	NA	PGP1	SRP527234	SRS22392220	0.975	0.377	9.827	0.872	0.762	0.961	1698.3	29918	1739075.62	290
SRX25752877	day5	day5	NA	ATCC-BXS0115	SRP527234	SRS22392219	0.988	0.356	9.895	0.886	0.757	0.960	2666.49	38855	82026.33	1684
SRX25752878	day5	day5	NA	ATCC-BXS0116	SRP527234	SRS22392221	0.989	0.336	9.054	0.883	0.766	0.957	3003.66	37876	139643.88	1058
SRX25752879	day5	day5	NA	PGP1	SRP527234	SRS22392222	0.990	0.324	9.607	0.883	0.740	0.962	3431.12	34816	139846.05	1077
SRX25752880	day5	day5	NA	ATCC-BXS0115	SRP527234	SRS22392223	0.987	0.345	8.502	0.878	0.769	0.957	3473.53	39234	132546.18	1283
SRX25752881	day5	day5	NA	ATCC-BXS0116	SRP527234	SRS22392224	0.990	0.329	9.875	0.885	0.774	0.958	2844.64	38787	79476.39	1796
SRX25752882	day5	day5	NA	PGP1	SRP527234	SRS22392225	0.992	0.322	8.533	0.883	0.791	0.959	3682.79	36022	164520.82	825
SRX25752883	day10	day10	NA	ATCC-BXS0115	SRP527234	SRS22392226	0.988	0.355	7.790	0.883	0.774	0.955	4052.09	39989	135614.78	1201
SRX25752884	day10	day10	NA	ATCC-BXS0116	SRP527234	SRS22392227	0.990	0.331	8.867	0.887	0.788	0.958	3795.28	40036	141529.54	1090
SRX25752885	day10	day10	NA	PGP1	SRP527234	SRS22392228	0.991	0.336	9.520	0.886	0.761	0.961	3711.75	38920	134101.57	1107
SRX25752886	day10	day10	NA	ATCC-BXS0115	SRP527234	SRS22392229	0.989	0.336	10.026	0.883	0.795	0.959	3784.65	41633	92517.04	1781
SRX25752887	day10	day10	NA	ATCC-BXS0116	SRP527234	SRS22392230	0.988	0.328	9.589	0.878	0.769	0.958	4009.75	40979	128897.97	1386
SRX25752888	day10	day10	NA	PGP1	SRP527234	SRS22392231	0.991	0.323	8.848	0.883	0.787	0.960	4232.92	38067	127774.71	1197
SRX25752889	day15	day15	NA	ATCC-BXS0115	SRP527234	SRS22392233	0.994	0.330	9.175	0.875	0.754	0.959	4907.17	40583	148924.77	1288
SRX25752890	day15	day15	NA	ATCC-BXS0116	SRP527234	SRS22392232	0.995	0.268	8.487	0.873	0.783	0.957	8057.68	33366	197659.64	1298
SRX25752891	day15	day15	NA	PGP1	SRP527234	SRS22392234	0.993	0.341	9.310	0.876	0.755	0.961	4267.94	37519	125946.34	1243
SRX25752892	day15	day15	NA	ATCC-BXS0115	SRP527234	SRS22392235	0.994	0.330	8.832	0.879	0.795	0.957	4384.0	41351	140665.31	1232
SRX25752893	day15	day15	NA	ATCC-BXS0116	SRP527234	SRS22392236	0.994	0.292	8.709	0.873	0.762	0.958	5789.64	38982	142760.11	1510
SRX25752894	day15	day15	NA	PGP1	SRP527234	SRS22392237	0.994	0.334	8.693	0.875	0.771	0.960	4321.74	38511	116289.74	1353
SRX25827815	HCT116	NA	not applicable	NA	SRP528679	SRS22457104	0.995	0.758	8.685	0.632	0.723	0.949	8382.42	75838	652835.21	1454
SRX25827816	HCT116	NA	not applicable	NA	SRP528679	SRS22457105	0.995	0.755	11.127	0.725	0.770	0.953	7592.62	84624	514407.12	1817
SRX25827817	HCT116	NA	not applicable	NA	SRP528679	SRS22457106	0.995	0.752	8.520	0.617	0.760	0.949	8515.11	73823	637464.51	1477
SRX259065	Cell Line	NA	NA	NA	SRP000996	SRS360531	0.995	0.763	45.746	0.741	0.920	0.960	950.98	48144	19874.54	4519
SRX259066	Cell Line	NA	NA	NA	SRP000996	SRS360524	0.995	0.783	37.820	0.769	0.925	0.952	982.58	45742	18559.06	4403
SRX259084	Cell Line	NA	NA	NA	SRP000996	SRS309498	0.996	0.778	46.609	0.745	0.890	0.958	1029.89	46549	32175.49	3668
SRX259085	Cell Line	NA	NA	NA	SRP000996	SRS406771	0.992	0.813	52.216	0.798	0.888	0.953	1090.75	45587	13367.33	5494
SRX259086	Cell Line	NA	NA	NA	SRP000996	SRS406770	0.993	0.780	33.873	0.813	0.941	0.938	1038.62	42315	15797.56	4721
SRX259087	Cell Line	NA	NA	NA	SRP000996	SRS309499	0.996	0.772	33.348	0.753	0.939	0.960	1026.73	44793	32341.92	3663
SRX259093	CD184+ endoderm cultured	CD184+ endoderm cultured cells	NA	NA	SRP000996	SRS406772	0.994	0.798	32.409	0.736	0.876	0.963	1048.22	44967	37640.59	3470
SRX259094	Cell Line	NA	NA	NA	SRP000996	SRS360524	0.994	0.787	22.813	0.807	0.897	0.952	981.2	45046	18458.8	4419
SRX259095	Cell Line	NA	NA	NA	SRP000996	SRS360524	0.993	0.781	11.666	0.779	0.273	0.945	1069.65	37336	27035.31	2670
SRX26017223	Bone (Femur)	NA	bone (femur)	present-day human	SRP531388	SRS22589047	0.984	0.737	33.237	0.920	0.728	0.974	953.34	62367	10852.22	3218
SRX26017224	Bone (Femur)	NA	bone (femur)	present-day human	SRP531388	SRS22589048	0.983	0.718	36.941	0.911	0.784	0.972	959.27	64105	12006.64	2807
SRX26017225	Bone (Femur)	NA	bone (femur)	present-day human	SRP531388	SRS22589049	0.984	0.738	31.901	0.910	0.776	0.971	966.61	61314	11184.98	3281
SRX26017226	Bone (Femur)	NA	bone (femur)	present-day human	SRP531388	SRS22589050	0.984	0.732	34.139	0.911	0.764	0.971	991.02	63559	12242.1	3211
SRX26114832	Nasopharyngeal Swab	NA	Nasopharyngeal swab	NA	SRP533334	SRS22678403	0.992	0.699	15.057	0.850	0.550	0.959	1161.82	69842	13520.61	3163
SRX26114833	Nasopharyngeal Swab	NA	Nasopharyngeal swab	NA	SRP533334	SRS22678404	0.994	0.741	11.986	0.863	0.384	0.956	1225.54	70087	16372.68	3449
SRX26114834	Nasopharyngeal Swab	NA	Nasopharyngeal swab	NA	SRP533334	SRS22678405	0.994	0.706	12.503	0.865	0.413	0.957	1179.92	69837	13460.28	2651
SRX26114835	Nasopharyngeal Swab	NA	Nasopharyngeal swab	NA	SRP533334	SRS22678406	0.993	0.724	12.487	0.851	0.437	0.958	1141.05	41435	9976.65	2527
SRX26114836	Nasopharyngeal Swab	NA	Nasopharyngeal swab	NA	SRP533334	SRS22678408	0.994	0.718	11.896	0.703	0.462	0.957	1198.39	39007	9909.56	2290
SRX26114837	Nasopharyngeal Swab	NA	Nasopharyngeal swab	NA	SRP533334	SRS22678409	0.994	0.652	22.079	0.848	0.434	0.962	968.61	56155	13608.74	3492
SRX26114838	Nasopharyngeal Swab	NA	Nasopharyngeal swab	NA	SRP533334	SRS22678407	0.994	0.698	17.730	0.860	0.517	0.961	1115.17	94990	14615.23	3072
SRX26114839	Nasopharyngeal Swab	NA	Nasopharyngeal swab	NA	SRP533334	SRS22678410	0.994	0.729	18.801	0.857	0.570	0.960	981.36	57781	11287.86	3662
SRX26114840	Nasopharyngeal Swab	NA	Nasopharyngeal swab	NA	SRP533334	SRS22678411	0.994	0.739	14.579	0.856	0.491	0.960	1037.27	50178	11913.21	3257
SRX26114841	Nasopharyngeal Swab	NA	Nasopharyngeal swab	NA	SRP533334	SRS22678413	0.993	0.739	14.051	0.852	0.455	0.963	1012.2	56832	13224.47	3411
SRX26114842	Nasopharyngeal Swab	NA	Nasopharyngeal swab	NA	SRP533334	SRS22678412	0.994	0.698	13.798	0.827	0.409	0.959	1021.11	49271	10933.87	2995
SRX26114843	Nasopharyngeal Swab	NA	Nasopharyngeal swab	NA	SRP533334	SRS22678414	0.994	0.697	13.441	0.860	0.491	0.962	1099.99	81594	15276.77	3025
SRX26114844	Nasopharyngeal Swab	NA	Nasopharyngeal swab	NA	SRP533334	SRS22678415	0.994	0.764	10.360	0.855	0.353	0.957	1006.78	55502	10794.1	3118
SRX26114845	Nasopharyngeal Swab	NA	Nasopharyngeal swab	NA	SRP533334	SRS22678416	0.994	0.747	8.178	0.863	0.295	0.954	1182.26	39495	15767.51	1684
SRX26114846	Nasopharyngeal Swab	NA	Nasopharyngeal swab	NA	SRP533334	SRS22678418	0.993	0.676	8.311	0.865	0.325	0.951	1223.83	37730	16527.05	1465
SRX26114847	Nasopharyngeal Swab	NA	Nasopharyngeal swab	NA	SRP533334	SRS22678417	0.994	0.616	20.156	0.840	0.420	0.965	868.44	62219	10519.7	3805
SRX26114848	Nasopharyngeal Swab	NA	Nasopharyngeal swab	NA	SRP533334	SRS22678420	0.994	0.713	15.060	0.843	0.452	0.963	990.84	52398	11094.6	3486
SRX26114849	Nasopharyngeal Swab	NA	Nasopharyngeal swab	NA	SRP533334	SRS22678419	0.993	0.659	19.626	0.847	0.437	0.961	991.55	49343	10746.97	3265
SRX26114850	Nasopharyngeal Swab	NA	Nasopharyngeal swab	NA	SRP533334	SRS22678422	0.993	0.727	17.193	0.857	0.476	0.961	1047.82	49213	10654.96	2884
SRX26114851	Nasopharyngeal Swab	NA	Nasopharyngeal swab	NA	SRP533334	SRS22678421	0.994	0.640	18.954	0.854	0.426	0.961	1022.12	48263	11815.93	3623
SRX26114852	Nasopharyngeal Swab	NA	Nasopharyngeal swab	NA	SRP533334	SRS22678424	0.993	0.762	12.205	0.846	0.462	0.960	984.57	57841	10955.33	3660
SRX26114853	Nasopharyngeal Swab	NA	Nasopharyngeal swab	NA	SRP533334	SRS22678423	0.993	0.750	12.281	0.852	0.546	0.956	1070.52	48574	12367.49	3426
SRX26114854	Nasopharyngeal Swab	NA	Nasopharyngeal swab	NA	SRP533334	SRS22678425	0.994	0.732	12.764	0.865	0.426	0.958	1206.49	59537	14298.26	2784
SRX26114855	Nasopharyngeal Swab	NA	Nasopharyngeal swab	NA	SRP533334	SRS22678426	0.993	0.733	5.058	0.852	0.129	0.937	1327.43	38380	27102.02	902
SRX26114856	Nasopharyngeal Swab	NA	Nasopharyngeal swab	NA	SRP533334	SRS22678427	0.994	0.752	21.674	0.862	0.391	0.962	1048.06	52822	11836.34	3386
SRX26114857	Nasopharyngeal Swab	NA	Nasopharyngeal swab	NA	SRP533334	SRS22678429	0.994	0.715	13.737	0.855	0.416	0.962	1113.85	42914	11147.4	3171
SRX26114858	Nasopharyngeal Swab	NA	Nasopharyngeal swab	NA	SRP533334	SRS22678428	0.993	0.724	9.470	0.863	0.429	0.954	1245.05	37129	9123.52	2935
SRX26114859	Nasopharyngeal Swab	NA	Nasopharyngeal swab	NA	SRP533334	SRS22678430	0.993	0.673	15.808	0.849	0.541	0.962	860.09	68464	8980.29	3682
SRX26114860	Nasopharyngeal Swab	NA	Nasopharyngeal swab	NA	SRP533334	SRS22678431	0.993	0.752	16.132	0.856	0.516	0.964	937.34	62685	9630.82	3848
SRX26114861	Nasopharyngeal Swab	NA	Nasopharyngeal swab	NA	SRP533334	SRS22678432	0.994	0.683	10.015	0.863	0.341	0.953	1126.67	42721	9971.01	2667
SRX26114862	Nasopharyngeal Swab	NA	Nasopharyngeal swab	NA	SRP533334	SRS22678433	0.993	0.744	17.756	0.852	0.467	0.964	1018.25	53980	11906.36	3223
SRX26114863	Nasopharyngeal Swab	NA	Nasopharyngeal swab	NA	SRP533334	SRS22678434	0.993	0.759	16.880	0.857	0.461	0.964	905.08	70404	11161.03	3866
SRX26114864	Nasopharyngeal Swab	NA	Nasopharyngeal swab	NA	SRP533334	SRS22678435	0.994	0.746	9.838	0.811	0.391	0.957	1135.95	44079	10993.01	3177
SRX26114865	Nasopharyngeal Swab	NA	Nasopharyngeal swab	NA	SRP533334	SRS22678436	0.993	0.694	16.162	0.863	0.414	0.960	1163.38	76715	14698.68	3191
SRX26114866	Nasopharyngeal Swab	NA	Nasopharyngeal swab	NA	SRP533334	SRS22678437	0.994	0.741	16.033	0.854	0.491	0.960	979.08	60030	11825.09	3129
SRX26114867	Nasopharyngeal Swab	NA	Nasopharyngeal swab	NA	SRP533334	SRS22678438	0.994	0.714	6.922	0.861	0.238	0.946	1198.91	45165	15185.05	1915
SRX26114868	Nasopharyngeal Swab	NA	Nasopharyngeal swab	NA	SRP533334	SRS22678439	0.993	0.753	11.501	0.859	0.506	0.960	1019.62	55839	10920.64	3622
SRX26114869	Nasopharyngeal Swab	NA	Nasopharyngeal swab	NA	SRP533334	SRS22678440	0.994	0.757	11.832	0.855	0.475	0.960	1097.04	45332	12340.26	3150
SRX26114870	Nasopharyngeal Swab	NA	Nasopharyngeal swab	NA	SRP533334	SRS22678441	0.994	0.725	12.108	0.850	0.467	0.960	1125.54	41815	10978.3	2972
SRX26114871	Nasopharyngeal Swab	NA	Nasopharyngeal swab	NA	SRP533334	SRS22678442	0.992	0.653	15.648	0.845	0.411	0.959	1052.65	43293	10434.77	2809
SRX26114872	Nasopharyngeal Swab	NA	Nasopharyngeal swab	NA	SRP533334	SRS22678443	0.994	0.759	14.167	0.851	0.426	0.962	1035.42	51831	11002.99	3523
SRX26114873	Nasopharyngeal Swab	NA	Nasopharyngeal swab	NA	SRP533334	SRS22678444	0.994	0.733	14.391	0.857	0.438	0.962	1094.41	45410	11452.57	3018
SRX26114874	Nasopharyngeal Swab	NA	Nasopharyngeal swab	NA	SRP533334	SRS22678445	0.994	0.717	14.905	0.852	0.521	0.962	1155.11	78505	15116.84	3521
SRX26114875	Nasopharyngeal Swab	NA	Nasopharyngeal swab	NA	SRP533334	SRS22678446	0.994	0.735	10.430	0.856	0.346	0.958	1137.38	43782	9754.81	3254
SRX26114876	Nasopharyngeal Swab	NA	Nasopharyngeal swab	NA	SRP533334	SRS22678447	0.994	0.747	9.106	0.850	0.372	0.955	1115.96	50196	12011.03	3361
SRX26114877	Nasopharyngeal Swab	NA	Nasopharyngeal swab	NA	SRP533334	SRS22678448	0.993	0.712	15.717	0.850	0.474	0.964	1041.74	48222	8658.55	2942
SRX26114878	Nasopharyngeal Swab	NA	Nasopharyngeal swab	NA	SRP533334	SRS22678449	0.993	0.754	13.427	0.851	0.405	0.961	1059.95	49479	10168.99	3300
SRX26114879	Nasopharyngeal Swab	NA	Nasopharyngeal swab	NA	SRP533334	SRS22678450	0.994	0.754	9.300	0.852	0.457	0.957	1027.86	54008	19670.37	1868
SRX26114880	Nasopharyngeal Swab	NA	Nasopharyngeal swab	NA	SRP533334	SRS22678451	0.993	0.711	15.346	0.859	0.454	0.959	1173.93	78285	15721.53	3224
SRX26114881	Nasopharyngeal Swab	NA	Nasopharyngeal swab	NA	SRP533334	SRS22678452	0.993	0.723	11.842	0.848	0.437	0.959	1184.37	69360	15062.53	3169
SRX26114882	Nasopharyngeal Swab	NA	Nasopharyngeal swab	NA	SRP533334	SRS22678453	0.993	0.742	14.086	0.848	0.474	0.963	1020.82	53935	10889.62	3779
SRX26114883	Nasopharyngeal Swab	NA	Nasopharyngeal swab	NA	SRP533334	SRS22678454	0.993	0.738	13.236	0.847	0.444	0.962	1090.66	42476	10598.59	3429
SRX26114884	Nasopharyngeal Swab	NA	Nasopharyngeal swab	NA	SRP533334	SRS22678455	0.993	0.727	11.282	0.858	0.393	0.960	1007.59	56024	9390.59	3623
SRX26114885	Nasopharyngeal Swab	NA	Nasopharyngeal swab	NA	SRP533334	SRS22678456	0.993	0.755	13.431	0.862	0.454	0.962	963.67	62120	11110.75	3805
SRX26114886	Nasopharyngeal Swab	NA	Nasopharyngeal swab	NA	SRP533334	SRS22678457	0.993	0.736	11.308	0.855	0.539	0.959	1058.08	50919	11217.67	3441
SRX26114887	Nasopharyngeal Swab	NA	Nasopharyngeal swab	NA	SRP533334	SRS22678459	0.993	0.708	5.622	0.857	0.228	0.933	1352.95	36408	18373.48	1496
SRX26114888	Nasopharyngeal Swab	NA	Nasopharyngeal swab	NA	SRP533334	SRS22678458	0.994	0.745	13.715	0.839	0.468	0.962	1026.58	52165	10375.69	3286
SRX26114889	Nasopharyngeal Swab	NA	Nasopharyngeal swab	NA	SRP533334	SRS22678461	0.993	0.674	15.123	0.865	0.523	0.959	1020.58	49738	9585.85	2660
SRX26114890	Nasopharyngeal Swab	NA	Nasopharyngeal swab	NA	SRP533334	SRS22678460	0.994	0.719	9.549	0.850	0.349	0.954	1053.95	50016	10105.71	3374
SRX26114891	Nasopharyngeal Swab	NA	Nasopharyngeal swab	NA	SRP533334	SRS22678462	0.993	0.721	13.204	0.860	0.399	0.958	1141.0	41584	10191.91	2753
SRX26114892	Nasopharyngeal Swab	NA	Nasopharyngeal swab	NA	SRP533334	SRS22678463	0.993	0.698	13.602	0.858	0.501	0.958	1092.75	47092	13289.52	3141
SRX26161959	Liver	NA	liver	NA	SRP338680	SRS10329758	0.988	0.411	32.371	0.740	0.725	0.963	13048.42	86206	741519.58	2489
SRX26268253	Colon	Colorectal cancer cell	Colon	Colon	SRP536371	SRS22807252	0.984	0.310	4.637	0.625	0.403	0.924	295952.0	1	5048789.88	228
SRX26268254	Colon	Colorectal cancer cell	Colon	Colon	SRP536371	SRS22807253	0.980	0.264	4.119	0.626	0.459	0.911	0.0	0	11986298.46	56
SRX26268255	Colon	Colorectal cancer cell	Colon	Colon	SRP536371	SRS22807254	0.986	0.269	4.208	0.611	0.452	0.914	0.0	0	10299698.08	75
SRX26268256	Colon	Colorectal cancer cell	Colon	Colon	SRP536371	SRS22807255	0.986	0.287	9.111	0.591	0.360	0.963	20801.27	21943	2166034.15	510
SRX26268257	Colon	Colorectal cancer cell	Colon	Colon	SRP536371	SRS22807256	0.988	0.247	8.325	0.592	0.359	0.960	124652.28	183	5050237.74	159
SRX26268258	Colon	Colorectal cancer cell	Colon	Colon	SRP536371	SRS22807257	0.988	0.247	7.395	0.594	0.401	0.956	241528.5	6	6613406.14	111
SRX26268259	Colon	Colorectal cancer cell	Colon	Colon	SRP536371	SRS22807258	0.987	0.414	4.403	0.633	0.402	0.919	21336.0	20205	800523.94	1032
SRX26268260	Colon	Colorectal cancer cell	Colon	Colon	SRP536371	SRS22807259	0.986	0.390	6.378	0.606	0.394	0.949	18250.79	31358	706139.04	1225
SRX26268261	Colon	Colorectal cancer cell	Colon	Colon	SRP536371	SRS22807260	0.987	0.398	7.463	0.606	0.387	0.957	15490.1	40248	595413.32	1390
SRX26268262	Colon	Colorectal cancer cell	Colon	Colon	SRP536371	SRS22807261	0.987	0.416	7.550	0.604	0.373	0.957	15328.53	41458	598606.85	1375
SRX26268263	Colon	Colorectal cancer cell	Colon	Colon	SRP536371	SRS22807262	0.988	0.394	8.009	0.606	0.421	0.960	15774.19	41703	579247.36	1489
SRX26268264	Colon	Colorectal cancer cell	Colon	Colon	SRP536371	SRS22807263	0.988	0.405	7.848	0.608	0.425	0.959	15183.37	42889	579667.25	1448
SRX26268265	Colon	Colorectal cancer cell	Colon	Colon	SRP536371	SRS22807264	0.988	0.174	9.107	0.606	0.344	0.962	0.0	0	16349025.5	22
SRX26268266	Colon	Colorectal cancer cell	Colon	Colon	SRP536371	SRS22807265	0.988	0.220	4.931	0.628	0.426	0.929	0.0	0	8412296.18	106
SRX26268267	Colon	Colorectal cancer cell	Colon	Colon	SRP536371	SRS22807266	0.986	0.188	8.053	0.611	0.366	0.959	309468.0	1	0.0	0
SRX26268268	Colon	Colorectal cancer cell	Colon	Colon	SRP536371	SRS22807267	0.989	0.167	6.771	0.603	0.372	0.952	0.0	0	144693908.0	1
SRX263874	Bladder	NA	Bladder	NA	SRP000941	SRS382215	0.995	0.793	3.978	0.858	0.939	0.875	1444.78	36286	31939.84	1190
SRX263875	Left Ventricle	NA	Left Ventricle	NA	SRP000941	SRS306613	0.994	0.798	8.738	0.844	0.877	0.917	1204.39	41073	20045.32	2692
SRX263876	Left Ventricle	NA	Left Ventricle	NA	SRP000941	SRS306613	0.994	0.796	4.190	0.851	0.929	0.882	1425.53	35472	47673.15	1129
SRX263877	Small Intestine	NA	Small Intestine	NA	SRP000941	SRS308395	0.996	0.791	4.407	0.853	0.936	0.883	1456.21	32034	23859.44	1153
SRX263878	Thymus	NA	Thymus	NA	SRP000941	SRS348369	0.996	0.861	3.775	0.837	0.951	0.873	1266.6	37579	31892.96	1278
SRX263879	Ovary	NA	Ovary	NA	SRP000941	SRS348370	0.995	0.759	3.843	0.836	0.948	0.872	1544.91	46399	37623.11	988
SRX263880	Adrenal Gland	NA	Adrenal Gland	NA	SRP000941	SRS300640	0.995	0.772	8.230	0.784	0.868	0.914	1270.89	35306	14035.55	2350
SRX263881	Adrenal Gland	NA	Adrenal Gland	NA	SRP000941	SRS300640	0.995	0.771	8.127	0.813	0.870	0.914	1265.37	35454	13502.2	2614
SRX263882	Aorta	NA	Aorta	NA	SRP000941	SRS306614	0.995	0.787	9.369	0.831	0.890	0.918	1161.18	60961	14109.39	2931
SRX263883	Aorta	NA	Aorta	NA	SRP000941	SRS306614	0.995	0.786	9.693	0.823	0.887	0.919	1154.39	61530	15218.06	2644
SRX263884	Aorta	NA	Aorta	NA	SRP000941	SRS306614	0.995	0.787	9.527	0.815	0.880	0.918	1170.71	60939	14688.44	2796
SRX263885	Aorta	NA	Aorta	NA	SRP000941	SRS306614	0.995	0.783	9.183	0.806	0.892	0.918	1173.19	59811	14868.26	2630
SRX263886	Adipose Tissue	NA	Adipose Tissue	NA	SRP000941	SRS306617	0.995	0.798	8.791	0.776	0.892	0.917	1223.59	37726	13084.7	2450
SRX263887	Adipose Tissue	NA	Adipose Tissue	NA	SRP000941	SRS306617	0.995	0.806	8.930	0.851	0.888	0.917	1194.43	39018	12078.27	2821
SRX263888	Gastric	NA	Gastric	NA	SRP000941	SRS308397	0.996	0.792	4.290	0.851	0.927	0.878	1498.98	39344	24935.69	1169
SRX263889	Gastric	NA	Gastric	NA	SRP000941	SRS308397	0.996	0.793	8.299	0.852	0.892	0.914	1302.23	46403	11459.27	2818
SRX263890	Right Atrium	NA	Right Atrium	NA	SRP000941	SRS306622	0.995	0.784	4.619	0.834	0.921	0.885	1423.07	36518	37683.39	1057
SRX263891	Right Atrium	NA	Right Atrium	NA	SRP000941	SRS306622	0.995	0.784	4.525	0.842	0.922	0.884	1416.53	36789	35612.08	1122
SRX263892	Right Ventricle	NA	Right Ventricle	NA	SRP000941	SRS308398	0.994	0.783	4.332	0.721	0.928	0.874	1465.86	34743	40920.17	1154
SRX263893	Right Ventricle	NA	Right Ventricle	NA	SRP000941	SRS308398	0.994	0.795	8.835	0.845	0.873	0.917	1210.86	41302	16364.71	2675
SRX2640456	anterior cingulate cortex (BA24)	NeuN neg	anterior cingulate cortex (BA24)	NeuN negative nuclei sorted from anterior cingulate cortex (BA24)	SRP101887	SRS2048042	0.992	0.788	10.779	0.823	0.887	0.958	1166.97	57846	23785.59	3474
SRX2640457	anterior cingulate cortex (BA24)	NeuN pos	anterior cingulate cortex (BA24)	NeuN positive nuclei sorted from anterior cingulate cortex (BA24)	SRP101887	SRS2048043	0.952	0.812	12.058	0.825	0.881	0.959	1325.62	49306	22136.32	4409
SRX2640458	prefrontal cortex (BA9)	NeuN neg	prefrontal cortex (BA9)	NeuN negative nuclei sorted from prefrontal cortex (BA9)	SRP101887	SRS2048044	0.991	0.785	9.790	0.785	0.944	0.957	1181.54	58589	23764.09	3367
SRX2640459	prefrontal cortex (BA9)	NeuN pos	prefrontal cortex (BA9)	NeuN positive nuclei sorted from prefrontal cortex (BA9)	SRP101887	SRS2048045	0.949	0.810	8.975	0.790	0.943	0.955	1417.71	54787	21491.65	5316
SRX2640460	hippocampus (HC)	NeuN neg	hippocampus (HC)	NeuN negative nuclei sorted from hippocampus (HC)	SRP101887	SRS2048046	0.992	0.787	10.261	0.820	0.884	0.957	1183.49	56804	23019.25	3567
SRX2640461	hippocampus (HC)	NeuN pos	hippocampus (HC)	NeuN positive nuclei sorted from hippocampus (HC)	SRP101887	SRS2048047	0.957	0.800	10.931	0.822	0.875	0.958	1330.48	53815	22058.81	4702
SRX2640462	nucleus accumbens (NAcc)	NeuN neg	nucleus accumbens (NAcc)	NeuN negative nuclei sorted from nucleus accumbens (NAcc)	SRP101887	SRS2048048	0.993	0.783	13.409	0.828	0.882	0.961	1143.97	67634	24289.4	3751
SRX2640463	nucleus accumbens (NAcc)	NeuN pos	nucleus accumbens (NAcc)	NeuN positive nuclei sorted from nucleus accumbens (NAcc)	SRP101887	SRS2048049	0.951	0.820	14.522	0.821	0.881	0.962	1233.96	65706	22421.63	5143
SRX2640464	anterior cingulate cortex (BA24)	NeuN pos	anterior cingulate cortex (BA24)	NeuN positive nuclei sorted from anterior cingulate cortex (BA24)	SRP101887	SRS2048050	0.947	0.824	19.747	0.831	0.864	0.966	1362.24	56547	22134.75	4926
SRX2640465	prefrontal cortex (BA9)	NeuN neg	prefrontal cortex (BA9)	NeuN negative nuclei sorted from prefrontal cortex (BA9)	SRP101887	SRS2048052	0.991	0.787	15.260	0.826	0.875	0.963	1154.06	62687	22223.89	3837
SRX2640466	prefrontal cortex (BA9)	NeuN pos	prefrontal cortex (BA9)	NeuN positive nuclei sorted from prefrontal cortex (BA9)	SRP101887	SRS2048051	0.945	0.818	16.595	0.827	0.870	0.964	1413.46	63275	21221.78	5405
SRX2640467	hippocampus (HC)	NeuN neg	hippocampus (HC)	NeuN negative nuclei sorted from hippocampus (HC)	SRP101887	SRS2048053	0.992	0.787	12.048	0.792	0.939	0.960	1156.14	59592	21964.63	3787
SRX2640468	hippocampus (HC)	NeuN pos	hippocampus (HC)	NeuN positive nuclei sorted from hippocampus (HC)	SRP101887	SRS2048054	0.943	0.815	12.378	0.795	0.931	0.961	1311.67	51156	22105.73	4616
SRX2640469	nucleus accumbens (NAcc)	NeuN neg	nucleus accumbens (NAcc)	NeuN negative nuclei sorted from nucleus accumbens (NAcc)	SRP101887	SRS2048056	0.992	0.788	11.196	0.791	0.944	0.960	1146.33	59770	23761.17	3538
SRX2640470	nucleus accumbens (NAcc)	NeuN pos	nucleus accumbens (NAcc)	NeuN positive nuclei sorted from nucleus accumbens (NAcc)	SRP101887	SRS2048055	0.955	0.826	11.492	0.799	0.943	0.960	1270.4	45206	23293.82	4029
SRX2640471	anterior cingulate cortex (BA24)	NeuN neg	anterior cingulate cortex (BA24)	NeuN negative nuclei sorted from anterior cingulate cortex (BA24)	SRP101887	SRS2048058	0.990	0.789	17.126	0.823	0.865	0.962	1174.05	64261	29142.95	4558
SRX2640472	prefrontal cortex (BA9)	NeuN neg	prefrontal cortex (BA9)	NeuN negative nuclei sorted from prefrontal cortex (BA9)	SRP101887	SRS2048057	0.991	0.779	15.074	0.818	0.872	0.959	1151.22	61727	28467.26	4449
SRX2640473	prefrontal cortex (BA9)	NeuN pos	prefrontal cortex (BA9)	NeuN positive nuclei sorted from prefrontal cortex (BA9)	SRP101887	SRS2048060	0.950	0.802	15.064	0.825	0.871	0.959	1384.71	59666	29938.52	5994
SRX2640474	hippocampus (HC)	NeuN neg	hippocampus (HC)	NeuN negative nuclei sorted from hippocampus (HC)	SRP101887	SRS2048059	0.992	0.774	12.651	0.822	0.869	0.958	1126.83	61378	25158.37	4464
SRX2640475	hippocampus (HC)	NeuN pos	hippocampus (HC)	NeuN positive nuclei sorted from hippocampus (HC)	SRP101887	SRS2048061	0.950	0.798	17.550	0.821	0.871	0.961	1329.8	55477	37216.86	5012
SRX2640476	nucleus accumbens (NAcc)	NeuN neg	nucleus accumbens (NAcc)	NeuN negative nuclei sorted from nucleus accumbens (NAcc)	SRP101887	SRS2048062	0.993	0.776	13.168	0.820	0.874	0.958	1133.08	59221	26077.75	4046
SRX2640477	nucleus accumbens (NAcc)	NeuN pos	nucleus accumbens (NAcc)	NeuN positive nuclei sorted from nucleus accumbens (NAcc)	SRP101887	SRS2048063	0.951	0.813	11.206	0.827	0.878	0.955	1237.0	47809	42322.79	4328
SRX2640478	anterior cingulate cortex (BA24)	NeuN neg	anterior cingulate cortex (BA24)	NeuN negative nuclei sorted from anterior cingulate cortex (BA24)	SRP101887	SRS2048064	0.992	0.780	11.467	0.816	0.882	0.958	1159.08	56368	22275.89	3578
SRX2640479	anterior cingulate cortex (BA24)	NeuN pos	anterior cingulate cortex (BA24)	NeuN positive nuclei sorted from anterior cingulate cortex (BA24)	SRP101887	SRS2048066	0.945	0.816	15.535	0.825	0.867	0.962	1341.53	57094	21124.31	4762
SRX2640480	prefrontal cortex (BA9)	NeuN neg	prefrontal cortex (BA9)	NeuN negative nuclei sorted from prefrontal cortex (BA9)	SRP101887	SRS2048065	0.992	0.782	10.578	0.769	0.946	0.959	1172.44	57267	21916.37	3838
SRX2640481	prefrontal cortex (BA9)	NeuN pos	prefrontal cortex (BA9)	NeuN positive nuclei sorted from prefrontal cortex (BA9)	SRP101887	SRS2048067	0.946	0.811	11.092	0.781	0.944	0.959	1380.08	56571	21471.7	5252
SRX2640482	hippocampus (HC)	NeuN neg	hippocampus (HC)	NeuN negative nuclei sorted from hippocampus (HC)	SRP101887	SRS2048068	0.992	0.785	10.036	0.781	0.943	0.957	1197.3	49047	19637.52	3710
SRX2640483	hippocampus (HC)	NeuN pos	hippocampus (HC)	NeuN positive nuclei sorted from hippocampus (HC)	SRP101887	SRS2048069	0.953	0.796	15.632	0.826	0.882	0.962	1445.28	73212	27064.21	4951
SRX2640484	nucleus accumbens (NAcc)	NeuN neg	nucleus accumbens (NAcc)	NeuN negative nuclei sorted from nucleus accumbens (NAcc)	SRP101887	SRS2048070	0.993	0.786	15.406	0.820	0.887	0.963	1153.72	62454	22335.28	4063
SRX2640485	nucleus accumbens (NAcc)	NeuN pos	nucleus accumbens (NAcc)	NeuN positive nuclei sorted from nucleus accumbens (NAcc)	SRP101887	SRS2048073	0.959	0.822	16.054	0.825	0.869	0.963	1258.94	55300	24273.68	4109
SRX2640486	anterior cingulate cortex (BA24)	NeuN pos	anterior cingulate cortex (BA24)	NeuN positive nuclei sorted from anterior cingulate cortex (BA24)	SRP101887	SRS2048072	0.953	0.818	16.620	0.838	0.867	0.960	1389.66	56318	49324.2	4388
SRX2640487	prefrontal cortex (BA9)	NeuN neg	prefrontal cortex (BA9)	NeuN negative nuclei sorted from prefrontal cortex (BA9)	SRP101887	SRS2048071	0.992	0.780	16.345	0.816	0.878	0.960	1164.01	68067	32647.9	4445
SRX2640488	prefrontal cortex (BA9)	NeuN pos	prefrontal cortex (BA9)	NeuN positive nuclei sorted from prefrontal cortex (BA9)	SRP101887	SRS2048077	0.951	0.802	15.325	0.826	0.859	0.960	1438.95	64371	35649.54	5729
SRX2640489	hippocampus (HC)	NeuN neg	hippocampus (HC)	NeuN negative nuclei sorted from hippocampus (HC)	SRP101887	SRS2048074	0.993	0.780	14.012	0.826	0.870	0.958	1175.9	58574	27922.69	4308
SRX2640490	hippocampus (HC)	NeuN pos	hippocampus (HC)	NeuN positive nuclei sorted from hippocampus (HC)	SRP101887	SRS2048075	0.956	0.795	13.777	0.827	0.869	0.958	1326.82	56015	35890.17	5102
SRX2640491	nucleus accumbens (NAcc)	NeuN neg	nucleus accumbens (NAcc)	NeuN negative nuclei sorted from nucleus accumbens (NAcc)	SRP101887	SRS2048076	0.992	0.776	11.240	0.795	0.937	0.957	1194.12	59430	29432.38	4479
SRX2640492	nucleus accumbens (NAcc)	NeuN pos	nucleus accumbens (NAcc)	NeuN positive nuclei sorted from nucleus accumbens (NAcc)	SRP101887	SRS2048078	0.962	0.818	10.278	0.788	0.946	0.955	1276.95	47373	62661.37	3364
SRX2640493	anterior cingulate cortex (BA24)	NeuN neg	anterior cingulate cortex (BA24)	NeuN negative nuclei sorted from anterior cingulate cortex (BA24)	SRP101887	SRS2048079	0.992	0.766	13.940	0.799	0.873	0.959	1131.67	55809	20912.66	4175
SRX2640494	anterior cingulate cortex (BA24)	NeuN pos	anterior cingulate cortex (BA24)	NeuN positive nuclei sorted from anterior cingulate cortex (BA24)	SRP101887	SRS2048080	0.955	0.801	12.242	0.826	0.871	0.957	1282.23	46588	23841.46	5475
SRX2640495	prefrontal cortex (BA9)	NeuN neg	prefrontal cortex (BA9)	NeuN negative nuclei sorted from prefrontal cortex (BA9)	SRP101887	SRS2048081	0.986	0.762	12.007	0.765	0.945	0.959	1146.74	59659	22827.97	4111
SRX2640496	prefrontal cortex (BA9)	NeuN pos	prefrontal cortex (BA9)	NeuN positive nuclei sorted from prefrontal cortex (BA9)	SRP101887	SRS2048082	0.951	0.802	10.051	0.785	0.945	0.955	1360.64	49873	23309.1	5558
SRX2640497	hippocampus (HC)	NeuN neg	hippocampus (HC)	NeuN negative nuclei sorted from hippocampus (HC)	SRP101887	SRS2048083	0.992	0.760	17.610	0.819	0.857	0.962	1119.77	66239	21981.12	4652
SRX2640498	hippocampus (HC)	NeuN pos	hippocampus (HC)	NeuN positive nuclei sorted from hippocampus (HC)	SRP101887	SRS2048084	0.954	0.803	15.762	0.815	0.878	0.960	1274.29	46107	33374.47	5195
SRX2640499	nucleus accumbens (NAcc)	NeuN neg	nucleus accumbens (NAcc)	NeuN negative nuclei sorted from nucleus accumbens (NAcc)	SRP101887	SRS2048085	0.992	0.763	11.329	0.780	0.939	0.958	1130.92	57432	22262.94	3991
SRX2640500	nucleus accumbens (NAcc)	NeuN pos	nucleus accumbens (NAcc)	NeuN positive nuclei sorted from nucleus accumbens (NAcc)	SRP101887	SRS2048086	0.962	0.807	10.812	0.783	0.938	0.957	1265.4	41429	39388.27	4422
SRX2640501	nucleus accumbens (NAcc)	bulk tissue	nucleus accumbens (NAcc)	nucleus accumbens (NAcc) tissue	SRP101887	SRS2048087	0.987	0.747	10.995	0.806	0.892	0.953	1238.6	45249	27978.9	4062
SRX2640502	prefrontal cortex (BA9)	bulk tissue	prefrontal cortex (BA9)	prefrontal cortex (BA9) tissue	SRP101887	SRS2048089	0.980	0.736	11.696	0.800	0.670	0.955	1233.48	37871	19391.28	3808
SRX2640503	nucleus accumbens (NAcc)	bulk tissue	nucleus accumbens (NAcc)	nucleus accumbens (NAcc) tissue	SRP101887	SRS2048088	0.986	0.728	11.607	0.801	0.885	0.953	1224.89	44743	23480.33	3548
SRX2640504	prefrontal cortex (BA9)	bulk tissue	prefrontal cortex (BA9)	prefrontal cortex (BA9) tissue	SRP101887	SRS2048090	0.980	0.743	11.434	0.805	0.635	0.958	1213.15	40964	18630.91	3773
SRX2640505	hippocampus (HC)	bulk tissue	hippocampus (HC)	hippocampus (HC) tissue	SRP101887	SRS2048091	0.985	0.737	10.057	0.793	0.641	0.952	1225.76	43691	20204.25	3437
SRX2640506	anterior cingulate cortex (BA24)	bulk tissue	anterior cingulate cortex (BA24)	anterior cingulate cortex (BA24) tissue	SRP101887	SRS2048092	0.990	0.773	11.763	0.824	0.970	0.955	1155.13	54993	21712.08	3354
SRX2640507	prefrontal cortex (BA9)	bulk tissue	prefrontal cortex (BA9)	prefrontal cortex (BA9) tissue	SRP101887	SRS2048095	0.976	0.715	11.765	0.754	0.934	0.956	1244.79	36498	14550.3	3988
SRX2640508	nucleus accumbens (NAcc)	bulk tissue	nucleus accumbens (NAcc)	nucleus accumbens (NAcc) tissue	SRP101887	SRS2048093	0.991	0.767	10.337	0.819	0.970	0.949	1215.34	44489	19652.83	3481
SRX2640509	hippocampus (HC)	bulk tissue	hippocampus (HC)	hippocampus (HC) tissue	SRP101887	SRS2048094	0.986	0.743	10.897	0.791	0.654	0.953	1190.99	43060	16901.67	3782
SRX2640510	nucleus accumbens (NAcc)	bulk tissue	nucleus accumbens (NAcc)	nucleus accumbens (NAcc) tissue	SRP101887	SRS2048096	0.985	0.751	11.875	0.799	0.889	0.957	1232.04	40342	20586.0	3405
SRX2640511	prefrontal cortex (BA9)	bulk tissue	prefrontal cortex (BA9)	prefrontal cortex (BA9) tissue	SRP101887	SRS2048097	0.980	0.718	12.248	0.780	0.932	0.953	1225.83	36132	15845.55	3862
SRX2640512	nucleus accumbens (NAcc)	bulk tissue	nucleus accumbens (NAcc)	nucleus accumbens (NAcc) tissue	SRP101887	SRS2048100	0.986	0.747	11.311	0.791	0.967	0.951	1245.48	40974	25081.51	4036
SRX2640513	nucleus accumbens (NAcc)	bulk tissue	nucleus accumbens (NAcc)	nucleus accumbens (NAcc) tissue	SRP101887	SRS2048098	0.989	0.753	12.994	0.818	0.965	0.959	1163.26	41306	18177.54	3567
SRX2640514	anterior cingulate cortex (BA24)	bulk tissue	anterior cingulate cortex (BA24)	anterior cingulate cortex (BA24) tissue	SRP101887	SRS2048099	0.985	0.733	11.756	0.817	0.966	0.958	1202.8	34545	12349.45	3559
SRX2640515	prefrontal cortex (BA9)	bulk tissue	prefrontal cortex (BA9)	prefrontal cortex (BA9) tissue	SRP101887	SRS2048101	0.982	0.724	12.558	0.763	0.942	0.954	1210.77	39148	22041.31	3581
SRX2640516	anterior cingulate cortex (BA24)	bulk tissue	anterior cingulate cortex (BA24)	anterior cingulate cortex (BA24) tissue	SRP101887	SRS2048102	0.977	0.723	10.295	0.788	0.948	0.953	1253.93	38161	17045.44	4109
SRX2640517	prefrontal cortex (BA9)	bulk tissue	prefrontal cortex (BA9)	prefrontal cortex (BA9) tissue	SRP101887	SRS2048103	0.976	0.745	11.189	0.824	0.961	0.949	1238.74	38991	17611.34	4243
SRX2640518	hippocampus (HC)	bulk tissue	hippocampus (HC)	hippocampus (HC) tissue	SRP101887	SRS2048104	0.991	0.756	10.402	0.814	0.629	0.950	1164.31	48136	21343.53	3434
SRX2640519	prefrontal cortex (BA9)	bulk tissue	prefrontal cortex (BA9)	prefrontal cortex (BA9) tissue	SRP101887	SRS2048105	0.982	0.711	9.615	0.721	0.948	0.953	1261.69	35022	13108.9	3344
SRX2640520	hippocampus (HC)	bulk tissue	hippocampus (HC)	hippocampus (HC) tissue	SRP101887	SRS2048106	0.987	0.729	7.646	0.734	0.606	0.941	1256.9	41125	28823.71	2098
SRX2640521	anterior cingulate cortex (BA24)	bulk tissue	anterior cingulate cortex (BA24)	anterior cingulate cortex (BA24) tissue	SRP101887	SRS2048107	0.982	0.693	11.756	0.666	0.936	0.954	1230.54	35525	14635.79	3393
SRX2640522	prefrontal cortex (BA9)	bulk tissue	prefrontal cortex (BA9)	prefrontal cortex (BA9) tissue	SRP101887	SRS2048108	0.981	0.729	10.146	0.780	0.962	0.947	1241.01	42083	20191.74	4139
SRX2640523	hippocampus (HC)	bulk tissue	hippocampus (HC)	hippocampus (HC) tissue	SRP101887	SRS2048109	0.987	0.736	8.303	0.771	0.626	0.941	1247.62	41842	19934.58	3639
SRX2640524	anterior cingulate cortex (BA24)	bulk tissue	anterior cingulate cortex (BA24)	anterior cingulate cortex (BA24) tissue	SRP101887	SRS2048113	0.981	0.734	12.880	0.822	0.966	0.957	1196.51	40052	16592.38	3811
SRX2640525	prefrontal cortex (BA9)	bulk tissue	prefrontal cortex (BA9)	prefrontal cortex (BA9) tissue	SRP101887	SRS2048111	0.981	0.723	8.729	0.784	0.959	0.949	1269.08	35872	28352.4	2204
SRX2640526	hippocampus (HC)	bulk tissue	hippocampus (HC)	hippocampus (HC) tissue	SRP101887	SRS2048110	0.990	0.733	8.890	0.802	0.966	0.951	1218.51	44901	17769.88	3384
SRX2640527	nucleus accumbens (NAcc)	bulk tissue	nucleus accumbens (NAcc)	nucleus accumbens (NAcc) tissue	SRP101887	SRS2048112	0.984	0.729	11.425	0.800	0.888	0.954	1245.74	38762	20582.5	3676
SRX26534024	Blood	NA	Blood	Blood	SRP541825	SRS23042402	0.984	0.751	14.460	0.854	0.829	0.957	962.8	63170	12976.29	2524
SRX26534025	Blood	NA	Blood	Blood	SRP541825	SRS23042403	0.983	0.751	17.741	0.798	0.766	0.960	880.95	70422	12736.98	2161
SRX26534026	Blood	NA	Blood	Blood	SRP541825	SRS23042404	0.982	0.786	19.092	0.822	0.800	0.962	908.07	53280	9648.39	2402
SRX26534027	Blood	NA	Blood	Blood	SRP541825	SRS23042405	0.984	0.670	15.675	0.859	0.842	0.960	1171.59	59548	24842.39	5930
SRX26534028	Blood	NA	Blood	Blood	SRP541825	SRS23042406	0.983	0.734	21.899	0.862	0.739	0.963	858.85	81162	11436.15	2699
SRX26534029	Blood	NA	Blood	Blood	SRP541825	SRS23042407	0.984	0.736	16.718	0.852	0.817	0.962	886.71	74197	10594.08	2953
SRX26534030	Blood	NA	Blood	Blood	SRP541825	SRS23042408	0.984	0.779	20.187	0.850	0.804	0.960	979.52	66570	19477.74	3248
SRX26534031	Marrow	NA	Marrow	Marrow	SRP541825	SRS23042409	0.983	0.785	18.217	0.852	0.816	0.958	974.0	54096	23159.54	3648
SRX26534032	Blood	NA	Blood	Blood	SRP541825	SRS23042410	0.984	0.779	17.996	0.854	0.793	0.961	840.17	78395	9874.81	3594
SRX26534033	Marrow	NA	Marrow	Marrow	SRP541825	SRS23042411	0.984	0.742	16.769	0.848	0.720	0.962	889.69	54955	14133.78	2297
SRX26534034	Blood	NA	Blood	Blood	SRP541825	SRS23042412	0.983	0.750	16.010	0.840	0.822	0.961	810.88	81929	10459.3	2249
SRX26534035	Marrow	NA	Marrow	Marrow	SRP541825	SRS23042413	0.984	0.780	17.448	0.861	0.819	0.959	942.79	65245	15701.8	2984
SRX26534036	Blood	NA	Blood	Blood	SRP541825	SRS23042414	0.983	0.719	17.601	0.826	0.793	0.957	978.04	73685	10594.79	2859
SRX26534037	Blood	NA	Blood	Blood	SRP541825	SRS23042415	0.985	0.749	14.590	0.858	0.813	0.960	852.94	63667	9183.68	2613
SRX26534038	Blood	NA	Blood	Blood	SRP541825	SRS23042416	0.984	0.707	15.353	0.840	0.842	0.961	3689.81	62677	527545.28	2076
SRX26534039	Blood	NA	Blood	Blood	SRP541825	SRS23042417	0.983	0.746	17.284	0.825	0.779	0.962	877.13	100675	16051.9	3524
SRX26534040	Blood	NA	Blood	Blood	SRP541825	SRS23042418	0.983	0.789	19.944	0.855	0.791	0.964	814.32	65441	11952.65	3028
SRX26534041	Marrow	NA	Marrow	Marrow	SRP541825	SRS23042419	0.987	0.744	17.211	0.857	0.336	0.959	797.19	67469	9496.33	3250
SRX26534042	Blood	NA	Blood	Blood	SRP541825	SRS23042420	0.985	0.769	20.729	0.856	0.530	0.963	880.82	55244	11480.8	2433
SRX26534043	Marrow	NA	Marrow	Marrow	SRP541825	SRS23042421	0.984	0.771	15.969	0.853	0.817	0.962	1354.39	52214	162256.7	4270
SRX26534044	Marrow	NA	Marrow	Marrow	SRP541825	SRS23042422	0.984	0.772	20.599	0.861	0.801	0.962	816.32	72450	9454.08	3011
SRX26534045	Marrow	NA	Marrow	Marrow	SRP541825	SRS23042423	0.984	0.777	19.118	0.858	0.812	0.963	1518.87	57733	211201.75	3127
SRX26534046	Blood	NA	Blood	Blood	SRP541825	SRS23042424	0.985	0.764	17.435	0.855	0.820	0.962	803.03	87276	11111.74	3169
SRX26534047	Blood	NA	Blood	Blood	SRP541825	SRS23042425	0.984	0.768	15.336	0.870	0.814	0.958	858.59	67125	12832.42	2720
SRX26534048	Marrow	NA	Marrow	Marrow	SRP541825	SRS23042426	0.984	0.720	18.068	0.845	0.808	0.962	919.42	56364	8950.7	2864
SRX26581177	Trophoblast Stem Cell	Trophoblast stem cells	NA	CT29	SRP504847	SRS23082687	0.983	0.307	3.970	0.826	0.947	0.819	63636.42	2175	560130.06	2253
SRX26581178	Trophoblast Stem Cell	Trophoblast stem cells	NA	CT29	SRP504847	SRS23082689	0.983	0.307	5.615	0.820	0.929	0.863	44682.95	6339	482705.07	2658
SRX26581179	Trophoblast Stem Cell	Trophoblast stem cells	NA	BTS11	SRP504847	SRS23082688	0.982	0.342	8.552	0.815	0.926	0.895	24873.47	22409	403997.94	3174
SRX26581180	Trophoblast Stem Cell	Trophoblast stem cells	NA	BTS11	SRP504847	SRS23082690	0.982	0.341	6.883	0.813	0.932	0.878	28672.29	14753	439967.52	2887
SRX26650310	Seminal Plasma	NA	Seminal Plasma	NA	SRP543819	SRS23144204	0.978	0.420	33.713	0.888	0.506	0.895	2316.37	58162	119578.57	969
SRX26681773	Normal Bladder Tissue (Urothelium)	NA	normal bladder tissue (urothelium)	NA	SRP544368	SRS23174629	0.991	0.630	42.237	0.813	0.727	0.973	4835.26	75325	464095.57	2176
SRX26681774	Normal Bladder Tissue (Urothelium)	NA	normal bladder tissue (urothelium)	NA	SRP544368	SRS23174630	0.989	0.693	37.848	0.810	0.709	0.973	1210.38	57630	225957.52	3291
SRX26681786	germinal center B-Cells isolated from normal tonsillar tissues.	NA	germinal center B-Cells isolated from normal tonsillar tissues.	NA	SRP544368	SRS23174642	0.978	0.748	40.257	0.859	0.723	0.971	972.51	73620	10433.01	4043
SRX26681792	germinal center B-Cells isolated from normal tonsillar tissues.	NA	germinal center B-Cells isolated from normal tonsillar tissues.	NA	SRP544368	SRS23174644	0.991	0.749	36.028	0.862	0.764	0.966	949.5	71111	9828.71	3845
SRX26681793	germinal center B-Cells isolated from normal tonsillar tissues.	NA	germinal center B-Cells isolated from normal tonsillar tissues.	NA	SRP544368	SRS23174645	0.979	0.780	29.421	0.855	0.715	0.968	930.31	68978	11228.37	4344
SRX26681796	neoplastic malignant B-cells from patients with DLBCL isolated by excisional lymph node biopsies.	NA	neoplastic malignant B-cells from patients with DLBCL isolated by excisional lymph node biopsies.	NA	SRP544368	SRS23174646	0.993	0.773	44.602	0.878	0.668	0.970	931.11	76517	12938.14	3489
SRX26681803	tumor tissue from stage pT3 high-grade muscle-invasive urothelial carcinoma	NA	tumor tissue from stage pT3 high-grade muscle-invasive urothelial carcinoma	NA	SRP544368	SRS23174652	0.991	0.641	49.656	0.814	0.759	0.969	10014.73	70055	372382.62	2773
SRX26681808	plasma from patient with diffuse large B-cell lymphoma (DLBCL).	NA	plasma from patient with diffuse large B-cell lymphoma (DLBCL).	NA	SRP544368	SRS23174658	0.993	0.738	6.266	0.923	0.077	0.701	1511.74	29462	42305.09	143
SRX26681814	tumor tissue from stage pT3 high-grade muscle-invasive urothelial carcinoma	NA	tumor tissue from stage pT3 high-grade muscle-invasive urothelial carcinoma	NA	SRP544368	SRS23174664	0.996	0.742	36.926	0.569	0.638	0.969	1207.65	75052	11254.7	2845
SRX26681818	neoplastic malignant B-cells from patients with DLBCL isolated by excisional lymph node biopsies.	NA	neoplastic malignant B-cells from patients with DLBCL isolated by excisional lymph node biopsies.	NA	SRP544368	SRS23174639	0.990	0.673	27.873	0.832	0.368	0.967	1273.06	81356	17503.43	1864
SRX26681820	neoplastic malignant B-cells from patients with DLBCL isolated by excisional lymph node biopsies.	NA	neoplastic malignant B-cells from patients with DLBCL isolated by excisional lymph node biopsies.	NA	SRP544368	SRS23174640	0.984	0.709	31.964	0.844	0.664	0.968	1182.01	52713	30395.53	3178
SRX26681821	Normal Bladder Tissue (Urothelium)	NA	normal bladder tissue (urothelium)	NA	SRP544368	SRS23174669	0.990	0.736	44.502	0.825	0.786	0.970	1172.09	58461	15148.92	2736
SRX26681822	neoplastic malignant B-cells from patients with DLBCL isolated by excisional lymph node biopsies.	NA	neoplastic malignant B-cells from patients with DLBCL isolated by excisional lymph node biopsies.	NA	SRP544368	SRS23174641	0.994	0.647	33.441	0.860	0.721	0.966	1957.0	53498	16445.86	1818
SRX26681832	Normal Bladder Tissue (Urothelium)	NA	normal bladder tissue (urothelium)	NA	SRP544368	SRS23174672	0.990	0.719	45.976	0.828	0.766	0.972	1104.07	53243	13400.66	2779
SRX26681851	Normal Bladder Tissue (Urothelium)	NA	normal bladder tissue (urothelium)	NA	SRP544368	SRS23174673	0.996	0.741	45.060	0.820	0.683	0.967	1215.26	68199	15110.31	3325
SRX26681858	Pooled Human Healthy Donor Plasma	NA	pooled human healthy donor plasma	NA	SRP544368	SRS23174661	0.990	0.768	7.092	0.871	0.034	0.786	1227.9	33304	30171.48	636
SRX26681859	Pooled Human Healthy Donor Plasma	NA	pooled human healthy donor plasma	NA	SRP544368	SRS23174662	0.992	0.757	10.502	0.861	0.047	0.896	1223.87	39599	28706.25	871
SRX26681862	tumor tissue from stage pT3 high-grade muscle-invasive urothelial carcinoma	NA	tumor tissue from stage pT3 high-grade muscle-invasive urothelial carcinoma	NA	SRP544368	SRS23174674	0.996	0.726	42.901	0.855	0.779	0.966	1090.33	51035	13322.99	2254
SRX26681883	plasma from patient with Stage 3 Bladder Cancer.	NA	plasma from patient with Stage 3 Bladder Cancer.	NA	SRP544368	SRS23174665	0.992	0.737	9.352	0.839	0.449	0.945	1129.2	46304	15757.92	2164
SRX26681884	plasma from patient with Stage 3 Bladder Cancer.	NA	plasma from patient with Stage 3 Bladder Cancer.	NA	SRP544368	SRS23174666	0.988	0.721	10.379	0.703	0.492	0.947	1172.74	43384	18405.48	1682
SRX26681885	germinal center B-Cells isolated from normal tonsillar tissues.	NA	germinal center B-Cells isolated from normal tonsillar tissues.	NA	SRP544368	SRS23174643	0.990	0.714	30.289	0.803	0.711	0.965	1002.36	59636	11614.67	2672
SRX2704373	hTERT immortalized endometriosis	hTERT immortalized endometriosis cells	NA	Endometriosis	SRP102997	SRS2098097	0.938	0.494	14.553	0.714	0.858	0.951	22283.61	38081	485346.42	2848
SRX2704374	hTERT immortalized endometriosis	hTERT immortalized endometriosis cells	NA	Endometriosis	SRP102997	SRS2098098	0.958	0.389	15.377	0.682	0.896	0.954	22524.84	52495	362536.24	4042
SRX27077466	HCC adjacent	NA	HCC adjacent tissue	NA	SRP551395	SRS22928619	0.981	0.763	13.958	0.915	0.378	0.969	1250.51	38067	13480.15	2438
SRX27077467	HCC tumor	NA	HCC tumor tissue	NA	SRP551395	SRS22928623	0.984	0.646	14.060	0.920	0.507	0.969	1523.28	37650	584143.98	2423
SRX27077468	HCC adjacent	NA	HCC adjacent tissue	NA	SRP551395	SRS22928621	0.982	0.713	12.758	0.866	0.689	0.967	1311.44	37230	12517.36	2663
SRX27077469	HCC tumor	NA	HCC tumor tissue	NA	SRP551395	SRS22928622	0.982	0.465	12.501	0.871	0.718	0.965	22338.52	46271	345601.45	4200
SRX27077470	HCC adjacent	NA	HCC adjacent tissue	NA	SRP551395	SRS22928626	0.980	0.674	11.792	0.866	0.710	0.965	1407.52	36720	27495.57	4829
SRX27077471	HCC tumor	NA	HCC tumor tissue	NA	SRP551395	SRS22928625	0.983	0.472	11.982	0.872	0.750	0.965	21019.51	44435	349566.04	4014
SRX27077472	HCC adjacent	NA	HCC adjacent tissue	NA	SRP551395	SRS22928627	0.980	0.716	12.726	0.896	0.719	0.966	1342.67	35718	15692.87	2707
SRX27077473	HCC tumor	NA	HCC tumor tissue	NA	SRP551395	SRS22928628	0.982	0.660	13.115	0.873	0.746	0.965	1336.46	34012	22764.91	1416
SRX27077474	HCC adjacent	NA	HCC adjacent tissue	NA	SRP551395	SRS22928621	0.982	0.756	14.289	0.918	0.406	0.969	1395.41	36924	250664.44	3444
SRX27077475	HCC tumor	NA	HCC tumor tissue	NA	SRP551395	SRS22928622	0.985	0.621	14.401	0.913	0.459	0.968	11213.23	77147	199010.84	4764
SRX27077476	HCC adjacent	NA	HCC adjacent tissue	NA	SRP551395	SRS22928626	0.983	0.770	15.171	0.916	0.431	0.969	1301.98	40183	20033.0	2742
SRX27077477	HCC tumor	NA	HCC tumor tissue	NA	SRP551395	SRS22928625	0.983	0.516	15.216	0.915	0.415	0.969	22133.49	48110	348285.38	4391
SRX27077478	HCC adjacent	NA	HCC adjacent tissue	NA	SRP551395	SRS22928627	0.980	0.739	14.869	0.918	0.445	0.970	2081.3	50846	495685.43	2190
SRX27077479	HCC tumor	NA	HCC tumor tissue	NA	SRP551395	SRS22928628	0.984	0.518	11.612	0.914	0.529	0.966	19244.56	50177	350148.38	4062
SRX27077480	HCC adjacent	NA	HCC adjacent tissue	NA	SRP551395	SRS22928619	0.981	0.707	13.950	0.869	0.706	0.967	1324.11	33494	16386.17	2596
SRX27077481	HCC tumor	NA	HCC tumor tissue	NA	SRP551395	SRS22928623	0.982	0.620	12.021	0.871	0.719	0.965	1375.92	33907	743412.11	1615
SRX27085114	Normal Adjacent Colonic Mucosal	NA	Normal adjacent colonic mucosal	Normal adjacent colonic mucosal	SRP551562	SRS23544142	0.994	0.693	9.031	0.752	0.415	0.930	1379.36	36232	10156.17	1578
SRX27085115	Normal Adjacent Rectosigmoid	NA	Normal adjacent rectosigmoid	Normal adjacent rectosigmoid	SRP551562	SRS23544143	0.994	0.681	9.046	0.758	0.419	0.935	1355.98	41293	9397.92	2253
SRX27085116	Normal Adjacent Sigmoid	NA	Normal adjacent sigmoid	Normal adjacent sigmoid	SRP551562	SRS23544144	0.986	0.696	5.672	0.752	0.458	0.863	1556.65	30860	13810.27	1069
SRX27085117	Normal Adjacent Sigmoid	NA	Normal adjacent sigmoid	Normal adjacent sigmoid	SRP551562	SRS23544145	0.990	0.711	10.629	0.837	0.643	0.943	1297.32	42196	10785.64	2092
SRX27085118	Normal Adjacent Sigmoid	NA	Normal adjacent sigmoid	Normal adjacent sigmoid	SRP551562	SRS23544146	0.994	0.675	23.778	0.784	0.528	0.964	1112.95	39331	9773.35	2099
SRX27085119	Normal Adjacent Rectal	NA	Normal adjacent rectal	Normal adjacent rectal	SRP551562	SRS23544147	0.983	0.688	13.393	0.920	0.583	0.964	1414.39	42317	560377.72	1858
SRX27085120	Normal Adjacent Colonic Mucosal	NA	Normal adjacent colonic mucosal	Normal adjacent colonic mucosal	SRP551562	SRS23544148	0.995	0.697	16.431	0.858	0.675	0.956	1298.04	50122	18640.09	3135
SRX27085121	Moderately Differentiated Rectal Adenocarcinoma	NA	Moderately differentiated rectal adenocarcinoma	Moderately differentiated rectal adenocarcinoma	SRP551562	SRS23544149	0.982	0.572	15.926	0.925	0.586	0.964	6941.1	58548	699568.37	1810
SRX27085122	Moderately Differentiated Rectosigmoid Adenocarcinoma	NA	Moderately differentiated rectosigmoid adenocarcinoma	Moderately differentiated rectosigmoid adenocarcinoma	SRP551562	SRS23544150	0.993	0.560	8.705	0.685	0.429	0.920	10673.0	50355	522190.28	2011
SRX27085123	Moderately Differentiated Sigmoid Colon Cancer	NA	Moderately differentiated sigmoid colon cancer	Moderately differentiated sigmoid colon cancer	SRP551562	SRS23544151	0.989	0.588	6.306	0.713	0.461	0.882	5134.3	40203	998457.63	1109
SRX27085124	Moderately Differentiated Sigmoid Colon Cancer	NA	Moderately differentiated sigmoid colon cancer	Moderately differentiated sigmoid colon cancer	SRP551562	SRS23544152	0.990	0.583	11.180	0.853	0.649	0.944	12913.47	62467	377651.5	2975
SRX27085125	Moderately Differentiated Sigmoid Colon Cancer	NA	Moderately differentiated sigmoid colon cancer	Moderately differentiated sigmoid colon cancer	SRP551562	SRS23544153	0.990	0.545	8.074	0.686	0.442	0.939	9916.38	63405	443556.01	2409
SRX27085126	Rectal Adenocarcinoma Arising From Tubulovillous Adenoma With High Grade Dysplasia	NA	Rectal adenocarcinoma arising from tubulovillous adenoma with high grade dysplasia	Rectal adenocarcinoma arising from tubulovillous adenoma with high grade dysplasia	SRP551562	SRS23544154	0.983	0.619	13.684	0.924	0.589	0.963	6637.47	74042	467495.66	2459
SRX27085127	Moderately Differentiated Sigmoid Colon Cancer	NA	Moderately differentiated sigmoid colon cancer	Moderately differentiated sigmoid colon cancer	SRP551562	SRS23544155	0.990	0.602	12.818	0.820	0.627	0.939	4433.65	59534	626428.17	1670
SRX27085128	Moderately Differentiated Sigmoid Colon Cancer	NA	Moderately differentiated sigmoid colon cancer	Moderately differentiated sigmoid colon cancer	SRP551562	SRS23544156	0.983	0.708	13.191	0.917	0.608	0.963	1231.62	36817	13587.9	1842
SRX27085129	Moderately Differentiated Rectosigmoid Adenocarcinoma	NA	Moderately differentiated rectosigmoid adenocarcinoma	Moderately differentiated rectosigmoid adenocarcinoma	SRP551562	SRS23544157	0.984	0.547	13.626	0.924	0.580	0.964	18094.49	40846	504585.86	2910
SRX2708707	ESC	human embryonic stem cells	NA	H9	SRP103077	SRS2101411	0.986	0.757	8.208	0.818	0.734	0.944	1271.17	34868	17021.55	2623
SRX2708708	ESC	human embryonic stem cells	NA	H9	SRP103077	SRS2101412	0.989	0.739	2.546	0.801	0.262	0.849	1553.01	27060	35852.23	861
SRX2708709	ESC	human embryonic stem cells	NA	H9	SRP103077	SRS2101416	0.989	0.742	5.701	0.827	0.783	0.923	1313.92	33021	21898.69	1810
SRX2708711	ESC	human embryonic stem cells	NA	H9	SRP103077	SRS2101415	0.976	0.743	2.924	0.804	0.453	0.849	1532.73	27945	40364.43	714
SRX2708712	ESC	human embryonic stem cells	NA	H9	SRP103077	SRS2101417	0.985	0.748	5.794	0.846	0.353	0.932	1359.03	32058	20629.67	1598
SRX2708714	ESC	human embryonic stem cells	NA	H9	SRP103077	SRS2101419	0.981	0.675	2.113	0.463	0.337	0.746	1686.32	26086	39905.25	525
SRX2708716	ESC	human embryonic stem cells	NA	H9	SRP103077	SRS2101420	0.978	0.820	1.526	0.895	0.939	0.723	1568.25	26439	66010.18	612
SRX2708717	ESC	human embryonic stem cells	NA	H9	SRP103077	SRS2101421	0.987	0.769	3.267	0.848	0.695	0.894	1495.99	28438	36992.2	968
SRX2708718	ESC	human embryonic stem cells	NA	H9	SRP103077	SRS2101423	0.986	0.780	7.406	0.829	0.857	0.943	1305.2	33459	16768.13	2471
SRX2708719	ESC	human embryonic stem cells	NA	H9	SRP103077	SRS2101424	0.988	0.748	2.463	0.810	0.275	0.843	1542.02	27276	45147.38	583
SRX2708721	ESC	human embryonic stem cells	NA	H9	SRP103077	SRS2101426	0.979	0.719	3.578	0.659	0.763	0.890	1487.99	28507	31676.86	926
SRX2708722	ESC	human embryonic stem cells	NA	H9	SRP103077	SRS2101427	0.983	0.759	1.757	0.838	0.234	0.761	1680.71	25501	49671.61	568
SRX2708723	ESC	human embryonic stem cells	NA	H9	SRP103077	SRS2101428	0.981	0.756	6.596	0.827	0.227	0.939	1335.77	32679	15737.64	2117
SRX271441	Carotid	NA	carotid tissue	Atherosclerotic lesion	SRP021479	SRS415883	0.996	0.741	38.602	0.847	0.828	0.959	1134.9	67820	11929.17	2984
SRX271442	Carotid	NA	carotid tissue	Normal aortic tissue	SRP021479	SRS415884	0.998	0.691	51.620	0.775	0.732	0.954	1006.98	87793	10714.93	3767
SRX27237169	None	NA	None	NA	SRP555036	SRS23683535	0.993	0.622	12.728	0.832	0.523	0.956	8455.69	89008	380993.36	2536
SRX27237170	None	NA	None	NA	SRP555036	SRS23683525	0.993	0.593	11.937	0.830	0.507	0.956	9155.89	94943	435278.87	2481
SRX27237171	None	NA	None	NA	SRP555036	SRS23683526	0.993	0.620	11.319	0.815	0.491	0.956	9023.49	85220	381023.46	2545
SRX27237172	None	NA	None	NA	SRP555036	SRS23683527	0.995	0.615	12.777	0.823	0.594	0.954	9374.02	87763	361815.32	2720
SRX27237173	None	NA	None	NA	SRP555036	SRS23683528	0.994	0.611	12.804	0.813	0.597	0.955	9398.06	87336	350403.45	2812
SRX27237174	None	NA	None	NA	SRP555036	SRS23683529	0.995	0.614	13.282	0.825	0.623	0.955	9244.92	89240	360777.16	2738
SRX27237175	None	NA	None	NA	SRP555036	SRS23683530	0.995	0.605	13.091	0.789	0.567	0.957	9336.78	87704	350348.59	2801
SRX27237176	None	NA	None	NA	SRP555036	SRS23683532	0.994	0.604	13.223	0.767	0.529	0.957	9291.13	88709	343518.11	2854
SRX27237177	None	NA	None	NA	SRP555036	SRS23683531	0.995	0.607	13.019	0.799	0.574	0.957	9324.33	87815	348280.6	2814
SRX272414	Skin (Epidermal Suction Blister Samples)	NA	skin (epidermal suction blister samples)	skin_young	SRP021846	SRS417333	0.998	0.716	9.295	0.843	0.311	0.952	1025.61	83913	16125.69	2173
SRX272415	Skin (Epidermal Suction Blister Samples)	NA	skin (epidermal suction blister samples)	skin_old	SRP021846	SRS417334	0.998	0.718	11.280	0.849	0.391	0.955	1032.81	85928	9876.39	4056
SRX27253578	Bladder	NA	bladder	NA	SRP555335	SRS23698759	0.994	0.624	16.238	0.884	0.916	0.954	2137.06	42059	667552.26	1800
SRX27253579	Bladder	NA	bladder	NA	SRP555335	SRS23698760	0.995	0.622	15.305	0.898	0.937	0.935	6446.27	67268	376262.3	2161
SRX27253580	Bladder	NA	bladder	NA	SRP555335	SRS23698761	0.994	0.756	15.242	0.879	0.934	0.941	1246.35	39077	12480.18	2251
SRX27253581	Bladder	NA	bladder	NA	SRP555335	SRS23698762	0.994	0.780	16.400	0.894	0.936	0.940	1242.27	44789	13172.07	2610
SRX27253582	Bladder	NA	bladder	NA	SRP555335	SRS23698763	0.993	0.739	20.793	0.851	0.953	0.970	1165.59	42196	13694.79	2388
SRX27253583	Bladder	NA	bladder	NA	SRP555335	SRS23698764	0.994	0.730	19.814	0.894	0.945	0.965	1136.99	37974	9908.81	2487
SRX27253584	Bladder	NA	bladder	NA	SRP555335	SRS23698765	0.993	0.740	20.546	0.842	0.931	0.969	1123.3	43170	11293.88	2684
SRX27253585	Bladder	NA	bladder	NA	SRP555335	SRS23698766	0.993	0.740	10.843	0.891	0.974	0.958	1203.7	41891	16182.22	2423
SRX27253586	Bladder	NA	bladder	NA	SRP555335	SRS23698767	0.994	0.749	20.415	0.871	0.946	0.971	1130.35	47533	12654.44	2789
SRX27253587	Bladder	NA	bladder	NA	SRP555335	SRS23698768	0.994	0.729	19.327	0.888	0.953	0.970	1120.66	40955	10766.5	2499
SRX27253588	Bladder	NA	bladder	NA	SRP555335	SRS23698769	0.993	0.760	19.985	0.843	0.942	0.970	1113.37	51604	12670.65	2999
SRX27253589	Bladder	NA	bladder	NA	SRP555335	SRS23698770	0.993	0.757	18.956	0.888	0.931	0.967	1150.69	48095	12924.4	2616
SRX27253590	Bladder	NA	bladder	NA	SRP555335	SRS23698771	0.994	0.612	18.658	0.870	0.943	0.969	7489.99	76388	516974.79	2064
SRX27253591	Bladder	NA	bladder	NA	SRP555335	SRS23698772	0.994	0.448	19.692	0.893	0.949	0.965	11150.87	99484	273888.68	4247
SRX27253592	Bladder	NA	bladder	NA	SRP555335	SRS23698773	0.994	0.590	18.950	0.900	0.933	0.966	8572.54	78008	452589.3	2144
SRX27253593	Bladder	NA	bladder	NA	SRP555335	SRS23698774	0.994	0.542	19.381	0.898	0.952	0.966	20117.42	44962	406777.16	3270
SRX27253594	Bladder	NA	bladder	NA	SRP555335	SRS23698775	0.992	0.712	23.414	0.778	0.949	0.970	1172.46	39334	10925.25	1721
SRX27253595	Bladder	NA	bladder	NA	SRP555335	SRS23698776	0.993	0.707	19.708	0.887	0.937	0.969	1272.3	67962	20375.76	2291
SRX27253596	Bladder	NA	bladder	NA	SRP555335	SRS23698777	0.994	0.641	20.311	0.879	0.953	0.969	3814.34	85649	301709.75	2615
SRX27253597	Bladder	NA	bladder	NA	SRP555335	SRS23698778	0.994	0.740	18.959	0.877	0.952	0.969	2004.85	75964	149084.89	3272
SRX2732474	Brain	Human glioblastoma cells	Brain	Human glioblastoma cells	SRP103794	SRS2120372	0.998	0.450	2.244	0.845	0.851	0.793	46579.28	8733	443892.69	2031
SRX2732475	Brain	Human glioblastoma cells	Brain	Human glioblastoma cells	SRP103794	SRS2120373	0.998	0.449	2.239	0.846	0.849	0.792	46334.17	8755	449197.62	2009
SRX2732476	Brain	Human glioblastoma cells	Brain	Human glioblastoma cells	SRP103794	SRS2120374	0.998	0.449	2.236	0.844	0.848	0.791	47509.14	8398	444822.1	2012
SRX2732477	Brain	Human glioblastoma cells	Brain	Human glioblastoma cells	SRP103794	SRS2120375	0.998	0.448	2.178	0.846	0.849	0.785	47145.74	8340	442056.7	2039
SRX2732478	Brain	Human glioblastoma cells	Brain	Human glioblastoma cells	SRP103794	SRS2120376	0.998	0.449	2.451	0.846	0.839	0.811	46485.71	9214	416911.02	2190
SRX2732479	Brain	Human glioblastoma cells	Brain	Human glioblastoma cells	SRP103794	SRS2120378	0.998	0.449	2.423	0.846	0.838	0.809	45964.69	9403	422105.86	2163
SRX2732480	Brain	Human glioblastoma cells	Brain	Human glioblastoma cells	SRP103794	SRS2120377	0.998	0.449	2.409	0.847	0.838	0.807	46944.98	9014	422864.88	2166
SRX2732481	Brain	Human glioblastoma cells	Brain	Human glioblastoma cells	SRP103794	SRS2120379	0.998	0.449	2.428	0.846	0.829	0.810	45689.04	9508	419046.06	2175
SRX2732483	Brain	Human glioblastoma cells	Brain	Human glioblastoma cells	SRP103794	SRS2120381	0.998	0.445	1.817	0.828	0.875	0.737	49655.85	6214	472454.82	1882
SRX2732484	Brain	Human glioblastoma cells	Brain	Human glioblastoma cells	SRP103794	SRS2120383	0.999	0.446	1.865	0.829	0.852	0.743	47542.96	6996	468028.11	1902
SRX2732485	Brain	Human glioblastoma cells	Brain	Human glioblastoma cells	SRP103794	SRS2120382	0.998	0.446	1.859	0.830	0.871	0.743	47407.38	7004	470224.34	1889
SRX2732486	Brain	Human glioblastoma cells	Brain	Human glioblastoma cells	SRP103794	SRS2120384	0.998	0.446	1.887	0.830	0.882	0.748	47625.28	7147	471670.9	1880
SRX2732487	Brain	Human glioblastoma cells	Brain	Human glioblastoma cells	SRP103794	SRS2120385	0.998	0.446	2.122	0.813	0.872	0.777	49263.8	7534	454758.95	1971
SRX2732488	Brain	Human glioblastoma cells	Brain	Human glioblastoma cells	SRP103794	SRS2120388	0.998	0.446	2.084	0.814	0.873	0.772	49023.43	7446	444624.32	2035
SRX2732489	Brain	Human glioblastoma cells	Brain	Human glioblastoma cells	SRP103794	SRS2120387	0.998	0.446	2.031	0.815	0.875	0.765	48712.26	7454	453189.0	1976
SRX2732490	Brain	Human glioblastoma cells	Brain	Human glioblastoma cells	SRP103794	SRS2120386	0.998	0.445	2.077	0.806	0.867	0.771	48302.22	7674	455354.89	1967
SRX2732491	Brain	Human glioblastoma cells	Brain	Human glioblastoma cells	SRP103794	SRS2120389	0.998	0.442	1.843	0.824	0.856	0.741	49633.87	6320	469890.53	1894
SRX2732492	Brain	Human glioblastoma cells	Brain	Human glioblastoma cells	SRP103794	SRS2120390	0.998	0.443	1.981	0.823	0.843	0.759	49865.85	6908	453126.07	1982
SRX273393	Buccal	NA	NA	Normal Buccal Cells	SRP022041	SRS417821	0.996	0.650	5.035	0.554	0.344	0.909	1425.76	49194	30051.45	849
SRX273397	Buccal	NA	NA	Normal Buccal Cells	SRP022041	SRS417825	0.995	0.653	4.752	0.672	0.204	0.872	1398.55	39257	34446.42	682
SRX273402	Buccal	NA	NA	Normal Buccal Cells	SRP022041	SRS417830	0.991	0.620	3.405	0.624	0.158	0.787	1653.26	40706	49561.23	477
SRX273403	Buccal	NA	NA	Normal Buccal Cells	SRP022041	SRS417831	0.995	0.590	5.446	0.669	0.257	0.889	1394.7	52108	29923.01	566
SRX273405	Buccal	NA	NA	Normal Buccal Cells	SRP022041	SRS417833	0.994	0.590	3.243	0.623	0.144	0.836	1934.5	36643	44066.38	611
SRX273407	Buccal	NA	NA	Normal Buccal Cells	SRP022041	SRS417835	0.996	0.638	5.223	0.577	0.330	0.913	1422.53	49039	29349.82	894
SRX2734071	HeLa contaminant	NA	HeLa contaminant	CCL23 cell line	SRP103839	SRS2121967	0.971	0.429	3.736	0.385	0.488	0.714	11112.08	27646	647296.46	1542
SRX273411	Buccal	NA	NA	Normal Buccal Cells	SRP022041	SRS417839	0.995	0.658	4.750	0.637	0.203	0.872	1371.85	40240	31437.59	834
SRX273412	Buccal	NA	NA	Normal Buccal Cells	SRP022041	SRS417840	0.995	0.677	1.842	0.734	0.080	0.708	2025.97	29082	55525.95	394
SRX273413	Buccal	NA	NA	Normal Buccal Cells	SRP022041	SRS417841	0.997	0.666	6.296	0.664	0.381	0.902	1279.59	37329	26663.4	894
SRX273415	Buccal	NA	NA	Normal Buccal Cells	SRP022041	SRS417843	0.996	0.678	3.439	0.699	0.160	0.866	1569.18	35424	32195.18	685
SRX2737702	epithelial HEK 293T cells	Human epithelial HEK 293T cells	NA	HEK 293T	SRP103943	SRS2124948	0.987	0.632	2.636	0.833	0.788	0.800	8575.25	46234	809834.05	891
SRX2741940	Colorectal	NA	NA	Human colorectal carcinoma	SRP104141	SRS2128543	0.974	0.174	5.449	0.759	0.949	0.931	0.0	0	24034660.21	14
SRX2741941	Colorectal	NA	NA	Human colorectal carcinoma	SRP104141	SRS2128544	0.972	0.175	3.140	0.750	0.953	0.878	0.0	0	0.0	0
SRX2741942	Colorectal	NA	NA	Human colorectal carcinoma	SRP104141	SRS2128545	0.975	0.579	4.708	0.732	0.947	0.920	14648.38	43768	611585.64	1382
SRX2741943	Colorectal	NA	NA	Human colorectal carcinoma	SRP104141	SRS2128546	0.974	0.580	2.661	0.724	0.950	0.849	14503.59	38709	729763.06	1136
SRX27441857	Skeletal Muscle	myoblast cells	skeletal muscle	skeletal muscle	SRP559414	SRS23868626	0.989	0.641	7.384	0.862	0.825	0.949	1669.71	50395	530322.32	1666
SRX27441858	Skeletal Muscle	myoblast cells	skeletal muscle	skeletal muscle	SRP559414	SRS23868625	0.987	0.641	19.715	0.824	0.799	0.960	1472.27	69092	211932.16	3402
SRX2747195	ESC	NA	NA	human ES cells	SRP104305	SRS2133498	0.945	0.822	4.127	0.850	0.893	0.867	1289.75	30460	29642.55	1409
SRX2747196	ESC	NA	NA	human ES cells	SRP104305	SRS2133499	0.950	0.805	9.117	0.821	0.915	0.941	1327.83	35027	25614.09	3381
SRX2747197	ESC	NA	NA	human ES cells	SRP104305	SRS2133500	0.950	0.810	4.720	0.850	0.914	0.902	1362.19	31777	75034.59	1431
SRX2747198	ESC	NA	NA	human ES cells	SRP104305	SRS2133501	0.952	0.801	9.363	0.824	0.871	0.943	1353.54	38323	39952.04	2808
SRX2752853	ESC	Embryonic Stem Cells	not applicable	NA	SRP104789	SRS2138286	0.989	0.784	2.497	0.979	0.609	0.750	1383.81	29492	91909.85	598
SRX2752854	ESC	Embryonic Stem Cells	not applicable	NA	SRP104789	SRS2138287	0.985	0.763	4.171	0.979	0.475	0.847	1337.17	29978	25286.65	659
SRX2752855	ESC	Embryonic Stem Cells	not applicable	NA	SRP104789	SRS2138291	0.983	0.803	2.998	0.975	0.338	0.792	1437.05	27296	31968.77	385
SRX2752856	ESC	Embryonic Stem Cells	not applicable	NA	SRP104789	SRS2138288	0.979	0.806	2.334	0.976	0.608	0.715	1437.64	26520	39420.88	387
SRX2752858	ESC	Embryonic Stem Cells	not applicable	NA	SRP104789	SRS2138290	0.977	0.800	2.288	0.980	0.556	0.763	1530.74	25239	33767.22	302
SRX275729	Normal Brain	NA	normal brain tissue	normal brain tissue	SRP022149	SRS419012	0.991	0.738	16.034	0.808	0.968	0.951	1093.34	60461	19866.89	3493
SRX275730	Normal Liver	NA	normal liver tissue	normal liver tissue	SRP022149	SRS419013	0.995	0.718	55.592	0.845	0.787	0.959	1205.73	55019	22183.85	3432
SRX275731	Normal Placenta	NA	normal placenta tissue	normal placenta tissue	SRP022149	SRS419014	0.996	0.564	29.753	0.792	0.900	0.931	10999.35	53816	392857.78	2608
SRX275878	Brain Prefrontal Cortex	NA	Brain prefrontal cortex	Adult brain prefrontal cortex tissue	SRP022160	SRS419415	0.978	0.789	15.103	0.877	0.942	0.954	1209.25	44711	20447.07	4492
SRX275879	Brain Prefrontal Cortex	NA	Brain prefrontal cortex	Adult brain prefrontal cortex tissue	SRP022160	SRS419416	0.993	0.216	33.214	0.867	0.907	0.959	4746.49	52176	935859.66	207
SRX275880	Brain Prefrontal Cortex	NA	Brain prefrontal cortex	Fetal brain prefrontal cortex tissue	SRP022160	SRS419417	0.997	0.061	15.056	0.716	0.600	0.958	0.0	0	1955364.67	73
SRX275881	Brain Prefrontal Cortex	NA	Brain prefrontal cortex	Fetal brain prefrontal cortex tissue	SRP022160	SRS419418	0.997	0.069	7.054	0.869	0.622	0.925	1715548.5	2	2416664.21	70
SRX276119	SRS419301	NA	NA	NA	SRP022182	SRS419301	0.979	0.551	3.709	0.776	0.476	0.833	27802.55	14576	1378830.08	1132
SRX276179	SRS419383	NA	NA	NA	SRP022182	SRS419383	0.980	0.546	3.247	0.778	0.427	0.786	29988.14	10975	1377095.94	1141
SRX27885611	Pluripotent Stem Cell	NA	pluripotent stem cell	pluripotent stem cell	SRP568118	SRS24257166	0.989	0.479	18.515	0.627	0.747	0.955	1145.35	39211	8420.64	2511
SRX27885612	Pluripotent Stem Cell	NA	pluripotent stem cell	pluripotent stem cell	SRP568118	SRS24257164	0.983	0.483	15.431	0.617	0.754	0.955	1315.74	30253	7799.64	2473
SRX2802046	TND201	NA	NA	TND201	SRP106910	SRS2182292	0.989	0.800	13.867	0.675	0.954	0.923	980.07	52677	22918.94	1218
SRX2802047	TEMD203	NA	NA	TEMD203	SRP106910	SRS2182293	0.990	0.710	13.415	0.633	0.952	0.924	1191.55	37063	18433.45	526
SRX2802048	TCMD204	NA	NA	TCMD204	SRP106910	SRS2182295	0.989	0.740	12.772	0.596	0.949	0.928	1160.79	38589	13480.6	1039
SRX2802049	TSD202	NA	NA	TSD202	SRP106910	SRS2182294	0.987	0.769	10.296	0.551	0.946	0.927	1110.81	41787	18043.15	879
SRX2802050	HuTN	NA	NA	HuTN	SRP106910	SRS2182296	0.986	0.802	11.617	0.620	0.949	0.870	1037.16	47725	23836.8	912
SRX2802051	HuTEM	NA	NA	HuTEM	SRP106910	SRS2182297	0.987	0.699	15.564	0.531	0.929	0.876	1310.12	35702	23509.39	243
SRX2802052	HuTCM	NA	NA	HuTCM	SRP106910	SRS2182298	0.987	0.714	13.170	0.514	0.930	0.849	1240.49	35506	21417.33	405
SRX2802053	HuTSCM	NA	NA	HuTSCM	SRP106910	SRS2182299	0.984	0.785	5.361	0.202	0.858	0.864	1295.51	35779	29652.64	454
SRX28043606	Blood	naive CD4+ T cell	peripheral blood	peripheral blood	SRP571369	SRS24404263	0.990	0.779	8.192	0.867	0.801	0.947	1049.0	49113	14838.0	2376
SRX28043607	Blood	naive CD4+ T cell	peripheral blood	peripheral blood	SRP571369	SRS24404264	0.992	0.782	8.310	0.869	0.875	0.948	1050.86	47855	17215.78	2305
SRX28043608	Blood	naive CD4+ T cell	peripheral blood	peripheral blood	SRP571369	SRS24404265	0.992	0.787	8.861	0.874	0.872	0.949	1028.4	49124	16872.83	2125
SRX28043609	Culture	CD4+ T helper 1 cell	culture cells	culture cells	SRP571369	SRS24404266	0.992	0.676	8.646	0.869	0.869	0.949	1256.77	37996	23853.5	1121
SRX28043610	Culture	CD4+ T helper 1 cell	culture cells	culture cells	SRP571369	SRS24404267	0.995	0.663	8.752	0.872	0.859	0.949	1280.98	40281	22380.75	895
SRX28043611	Culture	CD4+ T helper 1 cell	culture cells	culture cells	SRP571369	SRS24404268	0.990	0.642	9.060	0.868	0.898	0.950	2114.56	34827	2175970.36	553
SRX28043612	Culture	CD4+ T helper 17 cell	culture cells	culture cells	SRP571369	SRS24404269	0.991	0.644	8.889	0.870	0.907	0.951	2197.76	33886	2158963.07	548
SRX28043613	Culture	CD4+ T helper 17 cell	culture cells	culture cells	SRP571369	SRS24404270	0.992	0.599	9.056	0.873	0.883	0.949	5075.71	38266	2126167.07	583
SRX28043614	Culture	CD4+ T helper 17 cell	culture cells	culture cells	SRP571369	SRS24404271	0.988	0.628	5.933	0.849	0.689	0.939	2869.65	30807	2438977.41	447
SRX28043615	Culture	CD4+ non-classical T helper 1 cell	culture cells	culture cells	SRP571369	SRS24404272	0.934	0.666	10.284	0.841	0.932	0.950	3458.05	35939	2055654.91	588
SRX28043616	Culture	CD4+ non-classical T helper 1 cell	culture cells	culture cells	SRP571369	SRS24404273	0.933	0.700	10.248	0.813	0.921	0.948	1877.89	35400	26464.91	2064
SRX28043617	Culture	CD4+ non-classical T helper 1 cell	culture cells	culture cells	SRP571369	SRS24404274	0.943	0.671	9.101	0.827	0.922	0.951	3641.42	38444	1740705.38	730
SRX28181555	Bronchial Epithelial	Human bronchial epithelial cells	NA	Human bronchial epithelial cells	SRP574020	SRS24533158	0.984	0.565	5.821	0.912	0.655	0.950	13696.31	51536	460441.96	2182
SRX28181556	Bronchial Epithelial	Human bronchial epithelial cells	NA	Human bronchial epithelial cells	SRP574020	SRS24533159	0.985	0.584	7.316	0.923	0.639	0.956	12236.93	58023	403681.95	2471
SRX28181557	Bronchial Epithelial	Human bronchial epithelial cells	NA	Human bronchial epithelial cells	SRP574020	SRS24533160	0.983	0.569	4.178	0.930	0.679	0.928	15439.99	44391	504075.56	1979
SRX28181558	Bronchial Epithelial	Human bronchial epithelial cells	NA	Human bronchial epithelial cells	SRP574020	SRS24533161	0.984	0.575	3.803	0.928	0.657	0.921	15762.23	42361	512154.38	1930
SRX28181559	Bronchial Epithelial	Human bronchial epithelial cells	NA	Human bronchial epithelial cells	SRP574020	SRS24533162	0.984	0.563	3.881	0.929	0.650	0.923	15827.8	42443	517096.06	1926
SRX28181560	Bronchial Epithelial	Human bronchial epithelial cells	NA	Human bronchial epithelial cells	SRP574020	SRS24533163	0.984	0.570	4.548	0.929	0.679	0.936	15076.0	45549	460108.98	2170
SRX28181561	Bronchial Epithelial	Human bronchial epithelial cells	NA	Human bronchial epithelial cells	SRP574020	SRS24533164	0.983	0.567	7.336	0.922	0.592	0.956	12520.77	56794	394147.03	2553
SRX28181562	Bronchial Epithelial	Human bronchial epithelial cells	NA	Human bronchial epithelial cells	SRP574020	SRS24533165	0.983	0.569	4.350	0.925	0.673	0.932	15315.09	44628	511494.45	1941
SRX28262777	CD8+ T Cells	CD8+ T cells	NA	CD19-CAR T cells	SRP576746	SRS24609181	0.991	0.741	22.143	0.905	0.604	0.966	956.34	56169	10481.19	3118
SRX28262778	CD8+ T Cells	CD8+ T cells	NA	CD19-CAR T cells	SRP576746	SRS24609182	0.993	0.786	23.063	0.911	0.549	0.966	999.33	64126	13347.61	4201
SRX28262779	CD8+ T Cells	CD8+ T cells	NA	CD19-CAR T cells	SRP576746	SRS24609180	0.989	0.800	11.024	0.907	0.164	0.968	1041.83	49685	18352.86	2265
SRX28262780	CD8+ T Cells	CD8+ T cells	NA	CD19-CAR T cells	SRP576746	SRS24609184	0.978	0.802	16.686	0.906	0.458	0.969	978.38	60209	12319.05	4307
SRX28262781	CD8+ T Cells	CD8+ T cells	NA	CD19-CAR T cells	SRP576746	SRS24609183	0.923	0.812	8.413	0.885	0.042	0.955	1194.21	43318	17490.75	1542
SRX28262782	CD8+ T Cells	CD8+ T cells	NA	CD19-CAR T cells	SRP576746	SRS24609186	0.984	0.753	22.891	0.908	0.366	0.968	955.29	55528	9335.86	2722
SRX28262783	CD8+ T Cells	CD8+ T cells	NA	CD19-CAR T cells	SRP576746	SRS24609188	0.993	0.767	43.211	0.909	0.438	0.971	972.05	62598	10841.67	3550
SRX28262784	CD8+ T Cells	CD8+ T cells	NA	CD19-CAR T cells	SRP576746	SRS24609187	0.981	0.748	20.265	0.904	0.601	0.964	942.84	59242	9509.47	3376
SRX28262785	CD8+ T Cells	CD8+ T cells	NA	CD19-CAR T cells	SRP576746	SRS24609185	0.992	0.718	22.551	0.907	0.705	0.964	918.16	58522	10203.43	3540
SRX28262786	CD8+ T Cells	CD8+ T cells	NA	CD19-CAR T cells	SRP576746	SRS24609190	0.991	0.735	19.365	0.904	0.575	0.967	925.38	58181	8715.6	3882
SRX28262787	CD8+ T Cells	CD8+ T cells	NA	CD19-CAR T cells	SRP576746	SRS24609191	0.978	0.748	10.373	0.805	0.416	0.958	1075.94	48758	16950.34	1931
SRX28262788	CD8+ T Cells	CD8+ T cells	NA	CD19-CAR T cells	SRP576746	SRS24609189	0.979	0.788	24.970	0.851	0.592	0.970	1007.97	60874	13311.95	3595
SRX28262789	CD8+ T Cells	CD8+ T cells	NA	CD19-CAR T cells	SRP576746	SRS24609192	0.975	0.785	10.825	0.895	0.169	0.963	1237.74	42121	17899.14	1535
SRX28262790	CD8+ T Cells	CD8+ T cells	NA	CD19-CAR T cells	SRP576746	SRS24609193	0.992	0.804	9.299	0.900	0.066	0.955	1155.67	44582	17130.12	1859
SRX28262791	CD8+ T Cells	CD8+ T cells	NA	CD19-CAR T cells	SRP576746	SRS24609194	0.987	0.791	17.838	0.915	0.339	0.967	984.55	54003	9788.16	2774
SRX28262792	CD8+ T Cells	CD8+ T cells	NA	CD19-CAR T cells	SRP576746	SRS24609197	0.978	0.724	6.120	0.845	0.048	0.949	1291.7	34977	20858.13	934
SRX28262793	CD8+ T Cells	CD8+ T cells	NA	CD19-CAR T cells	SRP576746	SRS24609195	0.994	0.730	21.734	0.911	0.478	0.965	919.67	58492	10298.07	3222
SRX28262794	CD8+ T Cells	CD8+ T cells	NA	CD19-CAR T cells	SRP576746	SRS24609196	0.984	0.766	16.288	0.903	0.153	0.972	1051.41	52246	11041.64	2960
SRX28262795	CD8+ T Cells	CD8+ T cells	NA	CD19-CAR T cells	SRP576746	SRS24609201	0.993	0.753	17.221	0.907	0.333	0.970	932.89	55841	10051.59	3164
SRX28262796	CD8+ T Cells	CD8+ T cells	NA	CD19-CAR T cells	SRP576746	SRS24609202	0.945	0.780	14.863	0.823	0.532	0.970	1264.68	46996	10881.52	2661
SRX28262797	CD8+ T Cells	CD8+ T cells	NA	CD19-CAR T cells	SRP576746	SRS24609198	0.992	0.739	19.518	0.901	0.448	0.968	1023.77	51166	10940.54	2684
SRX28262798	CD8+ T Cells	CD8+ T cells	NA	CD19-CAR T cells	SRP576746	SRS24609199	0.993	0.683	26.875	0.893	0.620	0.970	1018.67	51148	10565.64	2042
SRX28262799	CD8+ T Cells	CD8+ T cells	NA	CD19-CAR T cells	SRP576746	SRS24609200	0.988	0.717	20.602	0.851	0.368	0.970	1064.73	50568	12820.77	1561
SRX28262800	CD8+ T Cells	CD8+ T cells	NA	CD19-CAR T cells	SRP576746	SRS24609203	0.992	0.717	18.953	0.903	0.565	0.968	986.5	51288	9316.7	2572
SRX28262801	CD8+ T Cells	CD8+ T cells	NA	CD19-CAR T cells	SRP576746	SRS24609204	0.992	0.692	15.816	0.908	0.399	0.962	1043.48	49913	10722.75	2262
SRX28262802	CD8+ T Cells	CD8+ T cells	NA	CD19-CAR T cells	SRP576746	SRS24609205	0.912	0.749	25.787	0.899	0.627	0.970	1375.2	49908	22591.2	2618
SRX28262803	CD8+ T Cells	CD8+ T cells	NA	CD19-CAR T cells	SRP576746	SRS24609206	0.994	0.690	34.718	0.913	0.642	0.970	952.24	56333	12878.42	2065
SRX28262804	CD8+ T Cells	CD8+ T cells	NA	CD19-CAR T cells	SRP576746	SRS24609207	0.970	0.726	19.468	0.914	0.169	0.969	1225.64	49283	16434.02	2111
SRX28262805	CD8+ T Cells	CD8+ T cells	NA	CD19-CAR T cells	SRP576746	SRS24609208	0.990	0.706	5.264	0.799	0.061	0.927	1467.17	33139	23433.04	887
SRX28262806	CD8+ T Cells	CD8+ T cells	NA	CD19-CAR T cells	SRP576746	SRS24609209	0.992	0.753	31.639	0.901	0.503	0.973	908.9	61174	10677.98	2788
SRX28313964	D-IN	D-IN	NA	P904L	SRP577515	SRS24652930	0.983	0.848	3.737	0.856	0.840	0.906	1909.72	33954	175067.08	817
SRX28313965	D-IN	D-IN	NA	P904L	SRP577515	SRS24652931	0.983	0.853	4.742	0.838	0.832	0.924	1802.62	37123	153354.85	923
SRX28313966	D-IN	D-IN	NA	P904L	SRP577515	SRS24652932	0.982	0.847	5.174	0.779	0.847	0.933	1539.79	34937	118639.38	1096
SRX28313967	D-IN	D-IN	NA	P904L	SRP577515	SRS24652933	0.983	0.866	5.271	0.834	0.841	0.920	1579.77	34918	112867.77	1162
SRX28313968	iGlut	iGlut	NA	P904L	SRP577515	SRS24652934	0.981	0.861	7.774	0.827	0.901	0.943	1265.16	40262	67139.88	1756
SRX28313969	iGlut	iGlut	NA	P904L	SRP577515	SRS24652935	0.982	0.876	6.894	0.767	0.864	0.916	1373.01	36137	65770.7	1745
SRX28313970	iGlut	iGlut	NA	P904L	SRP577515	SRS24652936	0.981	0.869	7.405	0.800	0.867	0.935	1317.45	38499	64576.5	1841
SRX28313971	V-IN	V-IN	NA	P904L	SRP577515	SRS24652937	0.983	0.849	5.155	0.800	0.780	0.935	1681.62	36247	147586.68	917
SRX28313972	V-IN	V-IN	NA	P904L	SRP577515	SRS24652938	0.984	0.864	6.541	0.772	0.753	0.941	1715.04	38250	117801.16	1196
SRX28313973	V-IN	V-IN	NA	P904L	SRP577515	SRS24652939	0.983	0.844	5.542	0.682	0.795	0.940	1537.05	35274	112504.93	1169
SRX28313974	V-IN	V-IN	NA	P904L	SRP577515	SRS24652940	0.983	0.880	2.904	0.419	0.760	0.784	1842.44	27823	161141.0	822
SRX28313975	V-Npc	V-NPC	NA	P904L	SRP577515	SRS24652941	0.982	0.840	4.430	0.632	0.904	0.907	1576.75	30178	90421.22	1232
SRX28313976	V-Npc	V-NPC	NA	P904L	SRP577515	SRS24652942	0.977	0.844	4.395	0.678	0.917	0.900	1525.59	29820	110567.13	984
SRX28313977	V-Npc	V-NPC	NA	P904L	SRP577515	SRS24652943	0.982	0.844	6.715	0.731	0.912	0.934	1463.63	33020	69592.13	1579
SRX28313978	V-Npc	V-NPC	NA	P904L	SRP577515	SRS24652944	0.982	0.833	5.327	0.791	0.938	0.929	1437.53	31581	88775.69	1219
SRX28313979	D-IN	D-IN	NA	WT	SRP577515	SRS24652945	0.983	0.860	4.636	0.595	0.818	0.916	2051.61	35065	129981.73	1114
SRX28313980	D-IN	D-IN	NA	WT	SRP577515	SRS24652946	0.983	0.854	4.665	0.719	0.840	0.922	1910.82	35026	166717.82	871
SRX28313981	D-IN	D-IN	NA	WT	SRP577515	SRS24652947	0.983	0.849	5.375	0.791	0.841	0.930	1869.95	36989	131861.54	1102
SRX28313982	D-IN	D-IN	NA	WT	SRP577515	SRS24652948	0.983	0.845	7.221	0.829	0.845	0.945	1799.15	40280	102919.64	1403
SRX28313983	iGlut	iGlut	NA	WT	SRP577515	SRS24652949	0.982	0.870	5.993	0.744	0.878	0.928	1361.66	35905	91811.46	1375
SRX28313984	iGlut	iGlut	NA	WT	SRP577515	SRS24652950	0.981	0.858	7.099	0.826	0.908	0.943	1292.13	38043	91934.86	1389
SRX28313985	iGlut	iGlut	NA	WT	SRP577515	SRS24652951	0.981	0.859	8.350	0.708	0.881	0.948	1243.69	40410	71619.92	1712
SRX28313986	V-IN	V-IN	NA	WT	SRP577515	SRS24652952	0.982	0.850	5.096	0.621	0.770	0.935	1712.58	34052	158268.87	874
SRX28313987	V-IN	V-IN	NA	WT	SRP577515	SRS24652953	0.983	0.882	3.403	0.451	0.747	0.844	1973.48	30171	155881.36	891
SRX28313988	V-IN	V-IN	NA	WT	SRP577515	SRS24652954	0.984	0.843	5.925	0.811	0.734	0.943	1544.35	36142	129753.15	1065
SRX28313989	V-IN	V-IN	NA	WT	SRP577515	SRS24652955	0.984	0.883	4.217	0.784	0.743	0.863	1778.97	30817	147306.28	958
SRX28313990	V-Npc	V-NPC	NA	WT	SRP577515	SRS24652956	0.982	0.843	5.393	0.777	0.952	0.927	1457.2	30472	96005.01	1211
SRX28313991	V-Npc	V-NPC	NA	WT	SRP577515	SRS24652957	0.982	0.835	6.084	0.804	0.954	0.938	1416.67	31612	95891.74	1259
SRX28313992	V-Npc	V-NPC	NA	WT	SRP577515	SRS24652958	0.984	0.852	4.560	0.715	0.943	0.910	1534.25	28394	90537.95	1274
SRX28313993	V-Npc	V-NPC	NA	WT	SRP577515	SRS24652959	0.983	0.865	3.147	0.488	0.880	0.804	1572.58	24870	141043.45	853
SRX2845191	primed ESC	primed embryonic stem cell	NA	embryonic stem cell	SRP107857	SRS2218206	0.983	0.782	3.044	0.797	0.806	0.869	1505.8	27107	28309.25	761
SRX2845192	primed ESC	primed embryonic stem cell	NA	embryonic stem cell	SRP107857	SRS2218208	0.981	0.765	4.719	0.855	0.910	0.916	1386.44	28317	22668.04	942
SRX2845193	primed ESC	primed embryonic stem cell	NA	embryonic stem cell	SRP107857	SRS2218207	0.985	0.820	3.891	0.860	0.901	0.903	1221.58	32657	27155.84	967
SRX2845194	primed ESC	primed embryonic stem cell	NA	embryonic stem cell	SRP107857	SRS2218209	0.987	0.821	4.598	0.854	0.864	0.914	1195.17	33549	22337.91	1024
SRX2845195	naive ESC	naive embryonic stem cell	NA	embryonic stem cell	SRP107857	SRS2218210	0.903	0.424	4.386	0.870	0.716	0.908	16121.43	24056	390949.52	2119
SRX2845196	naive ESC	naive embryonic stem cell	NA	embryonic stem cell	SRP107857	SRS2218211	0.958	0.387	4.939	0.870	0.822	0.918	15454.44	29971	348650.46	2281
SRX2845197	naive ESC	naive embryonic stem cell	NA	embryonic stem cell	SRP107857	SRS2218212	0.946	0.493	4.924	0.857	0.619	0.918	11522.44	37841	308025.73	1929
SRX2845198	naive ESC	naive embryonic stem cell	NA	embryonic stem cell	SRP107857	SRS2218213	0.944	0.493	4.872	0.859	0.637	0.917	11658.23	37228	305706.29	1958
SRX2847132	Bone	NA	Bone	Bone	SRP107883	SRS2220113	0.997	0.676	42.248	0.827	0.930	0.952	938.46	50027	9880.58	2764
SRX2847133	Bone	NA	Bone	Bone	SRP107883	SRS2220116	0.997	0.693	44.057	0.829	0.924	0.953	913.9	58836	8907.48	3224
SRX28481442	Primary Fibroblasts	primary fibroblasts cells	NA	primary fibroblasts cells	SRP580181	SRS24800656	0.996	0.465	33.743	0.910	0.585	0.969	9233.07	124578	283253.1	4317
SRX28481443	Primary Fibroblasts	primary fibroblasts cells	NA	primary fibroblasts cells	SRP580181	SRS24800657	0.996	0.463	33.454	0.911	0.585	0.969	9254.37	125630	287024.13	4309
SRX28481444	Primary Fibroblasts	primary fibroblasts cells	NA	primary fibroblasts cells	SRP580181	SRS24800658	0.996	0.432	33.145	0.913	0.561	0.969	7697.39	160264	280163.58	4765
SRX28481445	Primary Fibroblasts	primary fibroblasts cells	NA	primary fibroblasts cells	SRP580181	SRS24800659	0.997	0.436	34.636	0.912	0.602	0.969	7590.45	162439	279367.98	4788
SRX2865401	Cell Line	NA	NA	Cancer cell line	SRP075910	SRS2236548	0.986	0.621	9.963	0.882	0.200	0.941	11132.07	58135	286501.18	2481
SRX2865402	Cell Line	NA	NA	Cancer cell line	SRP075910	SRS2236549	0.985	0.623	19.009	0.883	0.517	0.958	8155.59	80066	276647.78	2654
SRX28660907	Blood	NA	peripheral blood	NA	SRP582976	SRS24929184	0.986	0.417	17.917	0.833	0.503	0.961	13706.74	110421	276018.55	5596
SRX28660908	Blood	NA	peripheral blood	NA	SRP582976	SRS24929185	0.986	0.415	20.296	0.828	0.551	0.963	13288.89	114218	272889.88	5652
SRX28660909	Blood	NA	peripheral blood	NA	SRP582976	SRS24929186	0.987	0.410	18.267	0.834	0.509	0.960	13190.79	114787	271930.77	5659
SRX28660910	Blood	NA	peripheral blood	NA	SRP582976	SRS24929187	0.986	0.408	20.137	0.831	0.551	0.961	12814.2	118344	270632.23	5675
SRX28679620	Cell Line	iPSC	cell line	cell line	SRP456983	SRS24947238	0.976	0.679	30.187	0.930	0.680	0.972	2720.89	47048	52097.55	2771
SRX28679621	Cell Line	iPSC	cell line	cell line	SRP456983	SRS24947239	0.976	0.693	31.310	0.931	0.670	0.969	3621.15	50144	157679.32	1952
SRX28679622	Cell Line	iPSC	cell line	cell line	SRP456983	SRS24947240	0.976	0.798	32.554	0.931	0.686	0.973	1181.58	41563	8485.92	5096
SRX28679623	Cell Line	iPSC	cell line	cell line	SRP456983	SRS24947241	0.977	0.678	26.331	0.931	0.725	0.971	2379.46	46242	45978.07	2726
SRX28679624	Cell Line	iPSC	cell line	cell line	SRP456983	SRS24947242	0.984	0.787	29.018	0.934	0.713	0.968	1299.68	82907	37967.17	5314
SRX28679625	Cell Line	iPSC	cell line	cell line	SRP456983	SRS24947243	0.984	0.685	27.812	0.932	0.698	0.971	1252.64	129847	31647.96	7083
SRX28980366	hPSCs	hPSCs	NA	hfPSCs	SRP588774	SRS25200736	0.993	0.829	5.103	0.818	0.559	0.936	1248.64	33250	39628.45	1619
SRX28980367	hPSCs	hPSCs	NA	hfPSCs	SRP588774	SRS25200737	0.990	0.824	5.223	0.817	0.594	0.936	1261.26	32087	18003.62	1327
SRX29123992	Bone Marrow	NA	Bone Marrow	NA	SRP518400	SRS25329933	0.989	0.309	12.888	0.821	0.773	0.935	16140.18	106524	214128.61	8047
SRX29123993	Bone Marrow	NA	Bone Marrow	NA	SRP518400	SRS25329934	0.989	0.302	18.703	0.830	0.773	0.942	14533.81	119517	193473.68	8782
SRX29124004	Bone Marrow	NA	Bone Marrow	NA	SRP518400	SRS25329945	0.986	0.293	14.561	0.722	0.745	0.941	15797.02	109389	216037.53	8074
SRX29124015	Bone Marrow	NA	Bone Marrow	NA	SRP518400	SRS25329956	0.955	0.301	16.590	0.731	0.710	0.944	15031.94	115327	211597.92	8207
SRX29291942	Blood	CD8 T cells	Blood	Blood	SRP593822	SRS25468123	0.993	0.653	12.936	0.897	0.106	0.971	1961.4	39420	2318770.78	521
SRX29291943	Blood	CD8 T cells	Blood	Blood	SRP593822	SRS25468124	0.994	0.630	22.147	0.905	0.347	0.973	4704.81	52425	1813938.66	786
SRX29291944	Blood	CD8 T cells	Blood	Blood	SRP593822	SRS25468125	0.993	0.727	25.089	0.898	0.323	0.974	1026.15	51054	9936.08	2037
SRX29291945	Blood	CD8 T cells	Blood	Blood	SRP593822	SRS25468126	0.993	0.728	33.247	0.906	0.589	0.974	978.49	55556	9784.53	2242
SRX29291946	Blood	CD8 T cells	Blood	Blood	SRP593822	SRS25468127	0.989	0.649	10.747	0.875	0.055	0.968	2431.14	37373	2144969.09	654
SRX29291947	Blood	CD8 T cells	Blood	Blood	SRP593822	SRS25468128	0.994	0.741	32.683	0.891	0.348	0.976	917.52	58669	10618.03	2477
SRX29363633	Hepatocarcinoma Cells	Human Hepatocarcinoma Cells	NA	HepG2	SRP594589	SRS25533944	0.980	0.584	18.696	0.873	0.589	0.958	10711.65	69901	851224.28	1791
SRX29363634	Hepatocarcinoma Cells	Human Hepatocarcinoma Cells	NA	HepG2	SRP594589	SRS25533945	0.981	0.580	21.067	0.869	0.611	0.959	9960.4	76377	829975.13	1858
SRX29478220	EPC derived hCiPSC	EPC derived hCiPSC	NA	5034	SRP596170	SRS25621843	0.976	0.835	18.480	0.922	0.360	0.971	1159.04	40381	10405.83	4268
SRX29478221	EPC derived hCiPSC	EPC derived hCiPSC	NA	5034	SRP596170	SRS25621844	0.976	0.829	15.835	0.919	0.399	0.968	1172.6	39286	8782.86	4277
SRX29478222	EPC derived hCiPSC	EPC derived hCiPSC	NA	YB3272	SRP596170	SRS25621845	0.976	0.807	18.812	0.903	0.614	0.971	1120.66	40826	10733.96	4548
SRX29478223	EPC derived hCiPSC	EPC derived hCiPSC	NA	YB3272	SRP596170	SRS25621846	0.975	0.792	20.297	0.916	0.609	0.971	1135.6	39790	9436.51	4351
SRX29478224	EPC derived hCiPSC	EPC derived hCiPSC	NA	YB3271	SRP596170	SRS25621847	0.977	0.802	20.644	0.926	0.428	0.971	1152.41	40750	9102.39	4524
SRX29478225	EPC derived hCiPSC	EPC derived hCiPSC	NA	YB3271	SRP596170	SRS25621848	0.977	0.809	17.084	0.922	0.387	0.970	1171.9	39949	8554.98	4251
SRX29478226	EPC derived hCiPSC	EPC derived hCiPSC	NA	Z0684	SRP596170	SRS25621849	0.974	0.821	16.637	0.922	0.398	0.969	1211.39	38087	10911.63	4373
SRX29478227	EPC derived hCiPSC	EPC derived hCiPSC	NA	Z0684	SRP596170	SRS25621850	0.975	0.821	16.677	0.929	0.394	0.969	1187.35	39069	9970.39	4342
SRX29478228	ADSC derived hCiPSC	ADSC derived hCiPSC	NA	0618	SRP596170	SRS25621851	0.977	0.820	18.171	0.923	0.413	0.968	1140.3	41473	10847.74	4039
SRX29478229	ADSC derived hCiPSC	ADSC derived hCiPSC	NA	0618	SRP596170	SRS25621852	0.974	0.795	20.192	0.927	0.411	0.968	1143.02	40793	8805.62	4373
SRX29478230	ADSC derived hCiPSC	ADSC derived hCiPSC	NA	1217	SRP596170	SRS25621853	0.975	0.818	16.821	0.916	0.415	0.969	1211.51	41149	8085.21	4656
SRX29478231	ADSC derived hCiPSC	ADSC derived hCiPSC	NA	1217	SRP596170	SRS25621854	0.975	0.838	19.716	0.924	0.414	0.971	1171.31	43195	9762.82	4674
SRX29491278	Cell Line	atypical teratoid rhabdoid tumor	cell line	cell line	SRP596512	SRS25632521	0.998	0.628	20.850	0.962	0.998	0.956	8476.23	80342	1058942.4	1404
SRX29491279	Cell Line	atypical teratoid rhabdoid tumor	cell line	cell line	SRP596512	SRS25632522	0.998	0.369	21.234	0.964	0.998	0.956	8735.4	51898	718210.9	1705
SRX29491280	Cell Line	atypical teratoid rhabdoid tumor	cell line	cell line	SRP596512	SRS25632523	0.997	0.665	19.898	0.963	0.998	0.956	9405.63	75602	454208.49	1937
SRX29491281	Cell Line	atypical teratoid rhabdoid tumor	cell line	cell line	SRP596512	SRS25632524	0.998	0.330	15.351	0.962	0.998	0.954	10110.96	61449	400007.72	1891
SRX29491282	Cell Line	atypical teratoid rhabdoid tumor	cell line	cell line	SRP596512	SRS25632525	0.998	0.585	16.028	0.962	0.998	0.950	12000.92	67028	899688.36	1537
SRX29491283	Cell Line	atypical teratoid rhabdoid tumor	cell line	cell line	SRP596512	SRS25632526	0.998	0.312	19.586	0.964	0.997	0.952	11893.76	61284	586267.9	1851
SRX29491284	Cell Line	atypical teratoid rhabdoid tumor	cell line	cell line	SRP596512	SRS25632527	0.997	0.698	18.303	0.964	0.998	0.951	9687.04	81430	801550.3	1299
SRX29491285	Cell Line	atypical teratoid rhabdoid tumor	cell line	cell line	SRP596512	SRS25632528	0.998	0.309	20.297	0.962	0.998	0.953	8376.04	71244	249207.62	6510
SRX29524097	Bone Marrow	NA	bone marrow	NA	SRP598111	SRS25656833	0.973	0.491	10.490	0.879	0.827	0.951	31558.38	25115	580934.6	2965
SRX29524099	Bone Marrow	NA	bone marrow	NA	SRP598111	SRS25656836	0.977	0.588	9.011	0.881	0.839	0.947	1493.0	35066	1566157.99	940
SRX29524100	Bone Marrow	NA	bone marrow	NA	SRP598111	SRS25656834	0.978	0.637	8.796	0.877	0.798	0.949	1306.42	38351	17532.7	896
SRX29524101	Bone Marrow	NA	bone marrow	NA	SRP598111	SRS25656835	0.978	0.685	8.973	0.886	0.837	0.949	1322.91	37568	18879.19	1365
SRX29524102	Bone Marrow	NA	bone marrow	NA	SRP598111	SRS25656837	0.966	0.443	9.320	0.881	0.830	0.946	43308.67	19121	581493.03	3102
SRX29524104	Bone Marrow	NA	bone marrow	NA	SRP598111	SRS25656838	0.970	0.626	7.679	0.886	0.853	0.947	3029.89	41137	1540193.04	644
SRX29524106	Bone Marrow	NA	bone marrow	NA	SRP598111	SRS25656839	0.975	0.531	10.845	0.885	0.829	0.958	81271.25	5389	674455.34	2644
SRX29524108	Bone Marrow	NA	bone marrow	NA	SRP598111	SRS25656840	0.972	0.494	9.282	0.882	0.852	0.955	49855.76	10426	648043.53	2438
SRX29524109	Bone Marrow	NA	bone marrow	NA	SRP598111	SRS25656832	0.970	0.623	12.505	0.885	0.828	0.955	12027.66	55054	422281.35	2732
SRX29524111	Bone Marrow	NA	bone marrow	NA	SRP598111	SRS25656841	0.982	0.285	9.043	0.887	0.841	0.951	58232.29	15370	515141.03	4026
SRX29524112	Bone Marrow	NA	bone marrow	NA	SRP598111	SRS25656842	0.968	0.544	6.394	0.878	0.853	0.947	29142.49	20161	718841.23	2013
SRX29524113	Bone Marrow	NA	bone marrow	NA	SRP598111	SRS25656843	0.982	0.579	22.647	0.893	0.826	0.959	3515.18	44131	899696.07	1715
SRX29524114	Bone Marrow	NA	bone marrow	NA	SRP598111	SRS25656845	0.966	0.618	9.405	0.888	0.848	0.952	2216.47	38470	3061781.13	221
SRX29524116	Bone Marrow	NA	bone marrow	NA	SRP598111	SRS25656844	0.965	0.689	7.672	0.888	0.851	0.949	1561.84	32937	124888.28	2795
SRX29524118	Bone Marrow	NA	bone marrow	NA	SRP598111	SRS25656846	0.966	0.556	8.214	0.884	0.829	0.947	49349.49	10179	720348.2	2215
SRX29791803	Blood	whole blood	NA	Control	SRP602569	SRS25897153	0.996	0.764	4.217	0.877	0.882	0.931	1266.42	40174	26781.19	1028
SRX29791816	Blood	whole blood	NA	Control	SRP602569	SRS25897166	0.997	0.764	4.297	0.881	0.875	0.933	1262.93	41562	23073.15	959
SRX29791817	Blood	whole blood	NA	Control	SRP602569	SRS25897167	0.996	0.776	4.526	0.885	0.892	0.935	1206.59	42212	27865.77	1075
SRX29791823	Blood	whole blood	NA	Control	SRP602569	SRS25897174	0.996	0.767	3.997	0.884	0.889	0.927	1256.78	41166	23764.64	1140
SRX29791830	Blood	whole blood	NA	Control	SRP602569	SRS25897181	0.995	0.776	4.522	0.882	0.892	0.934	1214.9	40131	25975.04	949
SRX29791856	Blood	whole blood	NA	Case	SRP602569	SRS25897206	0.986	0.750	2.532	0.602	0.859	0.863	1492.21	32927	43283.06	387
SRX30208736	HSPC-cell	HSPC-cell	NA	HSPC-cell	SRP610863	SRS26267934	0.983	0.640	10.052	0.681	0.471	0.935	1089.93	39588	20293.38	890
SRX30208737	HSPC-cell	HSPC-cell	NA	HSPC-cell	SRP610863	SRS26267935	0.984	0.653	10.606	0.648	0.455	0.940	1074.45	40543	18092.82	1011
SRX30208738	HSPC-cell	HSPC-cell	NA	HSPC-cell	SRP610863	SRS26267936	0.983	0.646	9.194	0.689	0.506	0.936	1112.81	38917	19417.57	1036
SRX30208739	PBMC15MCAR-NKT	PBMC15MCAR-NKT	NA	PBMC15MCAR-NKT	SRP610863	SRS26267937	0.986	0.562	10.216	0.668	0.481	0.943	1434.91	32280	3348578.46	244
SRX30208740	PBMC15MCAR-NKT	PBMC15MCAR-NKT	NA	PBMC15MCAR-NKT	SRP610863	SRS26267938	0.985	0.565	9.119	0.657	0.514	0.938	1456.82	31289	52188.31	414
SRX30208741	PBMC15MCAR-NKT	PBMC15MCAR-NKT	NA	PBMC15MCAR-NKT	SRP610863	SRS26267939	0.985	0.558	8.436	0.647	0.505	0.930	1421.1	32364	22419.08	371
SRX30333752	Bulk T cells	Bulk T cells	NA	primary	SRP616697	SRS26377982	0.980	0.774	27.187	0.894	0.732	0.972	1104.62	48092	12899.44	2059
SRX30333753	Bulk T cells	Bulk T cells	NA	primary	SRP616697	SRS26377983	0.981	0.737	29.466	0.895	0.700	0.970	1400.27	44946	32285.82	6072
SRX30333754	Bulk T cells	Bulk T cells	NA	primary	SRP616697	SRS26377984	0.981	0.736	32.190	0.905	0.707	0.970	1497.71	45545	114159.36	7732
SRX30333755	Bulk T cells	Bulk T cells	NA	primary	SRP616697	SRS26377985	0.982	0.744	26.392	0.878	0.615	0.969	1192.82	45583	19283.38	2284
SRX30333756	Bulk T cells	Bulk T cells	NA	primary	SRP616697	SRS26377986	0.982	0.784	32.932	0.907	0.695	0.974	1069.01	51052	12905.11	2158
SRX30333757	Bulk T cells	Bulk T cells	NA	primary	SRP616697	SRS26377987	0.983	0.787	34.816	0.913	0.661	0.974	1076.19	50722	13891.04	1891
SRX30333758	Bulk T cells	Bulk T cells	NA	primary	SRP616697	SRS26377988	0.982	0.776	47.028	0.907	0.648	0.976	1050.11	52886	13071.46	2269
SRX30333759	Bulk T cells	Bulk T cells	NA	primary	SRP616697	SRS26377989	0.983	0.778	30.433	0.907	0.616	0.973	1104.47	49147	13638.67	1928
SRX30333760	Bulk T cells	Bulk T cells	NA	primary	SRP616697	SRS26377990	0.983	0.737	27.605	0.909	0.654	0.969	1404.55	44547	34003.97	5154
SRX30333761	Bulk T cells	Bulk T cells	NA	primary	SRP616697	SRS26377991	0.981	0.735	29.803	0.887	0.656	0.970	1465.5	45050	94235.33	8472
SRX30333762	Bulk T cells	Bulk T cells	NA	primary	SRP616697	SRS26377992	0.983	0.746	24.542	0.884	0.520	0.969	1211.86	44319	21108.14	1994
SRX30333763	Bulk T cells	Bulk T cells	NA	primary	SRP616697	SRS26377993	0.982	0.740	28.652	0.908	0.662	0.969	1398.09	45479	35574.13	6399
SRX30333764	Bulk T cells	Bulk T cells	NA	primary	SRP616697	SRS26377995	0.983	0.786	27.794	0.897	0.640	0.972	1092.82	49356	12761.9	2132
SRX30333765	Bulk T cells	Bulk T cells	NA	primary	SRP616697	SRS26377994	0.983	0.783	29.435	0.907	0.701	0.973	1070.23	50002	12161.39	2311
SRX30333766	Bulk T cells	Bulk T cells	NA	primary	SRP616697	SRS26377996	0.982	0.773	30.134	0.897	0.655	0.973	1057.04	49647	12687.34	2029
SRX30333767	Bulk T cells	Bulk T cells	NA	primary	SRP616697	SRS26377997	0.982	0.738	28.520	0.909	0.746	0.969	1380.97	44688	34318.82	5546
SRX30342249	Blood Plasma	NA	Blood plasma	Blood plasma	SRP616845	SRS26385528	0.975	0.740	5.585	0.798	0.479	0.919	1638.18	36252	831017.15	1275
SRX30342250	Blood Plasma	NA	Blood plasma	Blood plasma	SRP616845	SRS26385546	0.979	0.718	8.267	0.845	0.555	0.942	1424.05	36633	762715.43	1455
SRX30342251	Blood Plasma	NA	Blood plasma	Blood plasma	SRP616845	SRS26385527	0.978	0.748	6.314	0.843	0.553	0.931	1485.84	37259	39003.04	1399
SRX30342252	Blood Plasma	NA	Blood plasma	Blood plasma	SRP616845	SRS26385541	0.975	0.737	6.167	0.802	0.492	0.930	1431.92	38594	29760.93	1285
SRX30342253	Blood Plasma	NA	Blood plasma	Blood plasma	SRP616845	SRS26385534	0.980	0.766	8.265	0.866	0.631	0.938	1375.67	41827	33008.47	1374
SRX30342254	Blood Plasma	NA	Blood plasma	Blood plasma	SRP616845	SRS26385539	0.980	0.776	7.709	0.870	0.613	0.938	1251.58	41928	22872.29	1598
SRX30342255	Blood Plasma	NA	Blood plasma	Blood plasma	SRP616845	SRS26385532	0.980	0.741	6.419	0.869	0.589	0.928	1586.02	37515	452508.68	2075
SRX30342256	Blood Plasma	NA	Blood plasma	Blood plasma	SRP616845	SRS26385535	0.975	0.766	9.144	0.866	0.623	0.942	1331.35	43254	33013.84	1259
SRX30342257	Blood Plasma	NA	Blood plasma	Blood plasma	SRP616845	SRS26385540	0.979	0.766	10.083	0.882	0.762	0.942	1259.27	40447	25939.84	1341
SRX30342258	Blood Plasma	NA	Blood plasma	Blood plasma	SRP616845	SRS26385542	0.978	0.800	7.426	0.866	0.695	0.936	1291.48	43439	27294.71	1546
SRX30342259	Blood Plasma	NA	Blood plasma	Blood plasma	SRP616845	SRS26385536	0.977	0.795	7.193	0.860	0.654	0.936	1250.55	44630	21332.53	1573
SRX30342260	Blood Plasma	NA	Blood plasma	Blood plasma	SRP616845	SRS26385545	0.970	0.737	4.437	0.740	0.389	0.911	1782.31	33239	1036869.44	1086
SRX30342261	Blood Plasma	NA	Blood plasma	Blood plasma	SRP616845	SRS26385537	0.971	0.749	3.669	0.800	0.240	0.887	1751.36	32940	953741.58	1085
SRX30342262	Blood Plasma	NA	Blood plasma	Blood plasma	SRP616845	SRS26385538	0.977	0.748	9.793	0.847	0.528	0.946	1322.78	38760	698486.15	1574
SRX30342263	Blood Plasma	NA	Blood plasma	Blood plasma	SRP616845	SRS26385543	0.978	0.734	9.323	0.872	0.675	0.947	1522.56	37983	649030.28	1639
SRX30342264	Blood Plasma	NA	Blood plasma	Blood plasma	SRP616845	SRS26385549	0.959	0.768	7.392	0.862	0.613	0.939	1378.72	42240	38825.51	1333
SRX30342265	Blood Plasma	NA	Blood plasma	Blood plasma	SRP616845	SRS26385548	0.981	0.739	9.007	0.860	0.621	0.939	1321.33	36429	32368.19	1178
SRX30342266	Blood Plasma	NA	Blood plasma	Blood plasma	SRP616845	SRS26385544	0.979	0.731	6.764	0.856	0.598	0.938	1505.98	36218	124689.03	4125
SRX30342267	Blood Plasma	NA	Blood plasma	Blood plasma	SRP616845	SRS26385547	0.980	0.758	11.210	0.875	0.602	0.947	1319.48	43880	21287.24	2023
SRX30342268	Blood Plasma	NA	Blood plasma	Blood plasma	SRP616845	SRS26385550	0.981	0.757	10.637	0.868	0.613	0.946	1380.0	38911	20665.52	2041
SRX30342269	Blood Plasma	NA	Blood plasma	Blood plasma	SRP616845	SRS26385551	0.978	0.744	5.751	0.821	0.651	0.929	1426.93	38335	42333.74	818
SRX30342270	Blood Plasma	NA	Blood plasma	Blood plasma	SRP616845	SRS26385552	0.979	0.766	7.445	0.839	0.639	0.938	1281.37	41548	26066.07	1264
SRX30342271	Blood Plasma	NA	Blood plasma	Blood plasma	SRP616845	SRS26385554	0.979	0.769	9.867	0.872	0.638	0.941	1397.36	34897	52066.37	2966
SRX30342272	Blood Plasma	NA	Blood plasma	Blood plasma	SRP616845	SRS26385553	0.979	0.749	10.159	0.867	0.643	0.945	1311.32	40172	27632.34	3074
SRX30342273	Blood Plasma	NA	Blood plasma	Blood plasma	SRP616845	SRS26385555	0.979	0.731	8.462	0.866	0.655	0.937	1358.0	37880	777561.57	1403
SRX30342274	Blood Plasma	NA	Blood plasma	Blood plasma	SRP616845	SRS26385557	0.978	0.766	7.685	0.855	0.642	0.935	1388.34	38980	31867.46	1106
SRX30342275	Blood Plasma	NA	Blood plasma	Blood plasma	SRP616845	SRS26385559	0.975	0.771	7.785	0.825	0.567	0.942	1222.91	45726	19634.37	1694
SRX30342276	Blood Plasma	NA	Blood plasma	Blood plasma	SRP616845	SRS26385558	0.976	0.751	9.933	0.856	0.653	0.945	1297.63	41826	33835.27	1583
SRX30342277	Blood Plasma	NA	Blood plasma	Blood plasma	SRP616845	SRS26385561	0.975	0.764	6.621	0.837	0.641	0.929	1461.83	38605	31258.38	1268
SRX30342278	Blood Plasma	NA	Blood plasma	Blood plasma	SRP616845	SRS26385556	0.976	0.742	10.107	0.848	0.625	0.948	1459.15	40339	29094.25	2171
SRX30342279	Blood Plasma	NA	Blood plasma	Blood plasma	SRP616845	SRS26385560	0.976	0.752	6.863	0.706	0.582	0.938	1434.28	38527	34646.64	1268
SRX30342280	Blood Plasma	NA	Blood plasma	Blood plasma	SRP616845	SRS26385568	0.978	0.761	10.979	0.842	0.573	0.954	1275.98	44950	17847.51	2128
SRX30342281	Blood Plasma	NA	Blood plasma	Blood plasma	SRP616845	SRS26385562	0.975	0.765	7.533	0.839	0.526	0.942	1388.24	39367	33469.14	1222
SRX30342282	Blood Plasma	NA	Blood plasma	Blood plasma	SRP616845	SRS26385563	0.976	0.738	8.929	0.851	0.525	0.942	1369.01	35499	352325.79	2543
SRX30342283	Blood Plasma	NA	Blood plasma	Blood plasma	SRP616845	SRS26385564	0.979	0.724	13.531	0.874	0.691	0.955	1469.28	39567	568716.93	1930
SRX30342284	Blood Plasma	NA	Blood plasma	Blood plasma	SRP616845	SRS26385565	0.980	0.765	12.517	0.877	0.723	0.950	1191.4	44807	15061.91	2402
SRX30342285	Blood Plasma	NA	Blood plasma	Blood plasma	SRP616845	SRS26385567	0.964	0.766	7.374	0.850	0.360	0.943	1293.72	40178	25037.43	1336
SRX30342286	Blood Plasma	NA	Blood plasma	Blood plasma	SRP616845	SRS26385569	0.975	0.762	6.801	0.825	0.617	0.935	1362.16	38645	33079.12	1377
SRX30342287	Blood Plasma	NA	Blood plasma	Blood plasma	SRP616845	SRS26385566	0.976	0.714	8.575	0.855	0.626	0.946	1405.76	37493	32986.56	1019
SRX30342288	Blood Plasma	NA	Blood plasma	Blood plasma	SRP616845	SRS26385577	0.981	0.768	10.765	0.873	0.725	0.949	1186.28	44826	11491.61	2220
SRX30342289	Blood Plasma	NA	Blood plasma	Blood plasma	SRP616845	SRS26385578	0.976	0.745	7.045	0.815	0.617	0.941	1445.72	38226	34704.77	1412
SRX30342290	Blood Plasma	NA	Blood plasma	Blood plasma	SRP616845	SRS26385579	0.978	0.763	8.930	0.866	0.755	0.939	1335.61	37190	35362.94	1877
SRX30342291	Blood Plasma	NA	Blood plasma	Blood plasma	SRP616845	SRS26385580	0.978	0.787	9.847	0.855	0.690	0.945	1240.65	47928	20457.88	2297
SRX30342292	Blood Plasma	NA	Blood plasma	Blood plasma	SRP616845	SRS26385581	0.972	0.742	13.213	0.833	0.573	0.955	1426.13	42288	24559.73	2251
SRX30342293	Blood Plasma	NA	Blood plasma	Blood plasma	SRP616845	SRS26385582	0.979	0.797	6.900	0.876	0.756	0.931	1262.07	41398	20102.1	1214
SRX30342294	Blood Plasma	NA	Blood plasma	Blood plasma	SRP616845	SRS26385583	0.979	0.761	6.579	0.869	0.703	0.932	1511.4	35640	37840.04	1155
SRX30342295	Blood Plasma	NA	Blood plasma	Blood plasma	SRP616845	SRS26385584	0.979	0.752	8.109	0.888	0.790	0.932	1546.04	38663	620999.71	1649
SRX30342296	Blood Plasma	NA	Blood plasma	Blood plasma	SRP616845	SRS26385585	0.979	0.782	8.281	0.859	0.679	0.940	1312.8	41456	27697.68	1288
SRX306253	Brain (Cerebral Cortex)	NA	brain (cerebral cortex)	Cerebral cortex from fetal human brain	SRP026048	SRS445278	0.995	0.791	24.539	0.846	0.862	0.930	1098.75	86355	22473.31	3660
SRX306583	Brain (Middle Frontal Gyrus)	NA	brain (middle frontal gyrus)	Middle frontal gyrus from 12 year old male human brain (UMB_616)	SRP026048	SRS445532	0.982	0.821	19.755	0.855	0.871	0.940	1185.82	49884	21006.16	3642
SRX306584	Brain (Middle Frontal Gyrus)	NA	brain (middle frontal gyrus)	Middle frontal gyrus from 16 year old male human brain (UMB_1158)	SRP026048	SRS445515	0.980	0.822	19.960	0.857	0.878	0.940	1187.41	48222	19161.98	4019
SRX306585	Brain (Middle Frontal Gyrus)	NA	brain (middle frontal gyrus)	Middle frontal gyrus from 25 year old male human brain (UMB_1829)	SRP026048	SRS445516	0.979	0.821	20.109	0.846	0.881	0.941	1211.22	47384	21248.76	3549
SRX3075707	Brest Cancer Cell Line	human brest cancer cell line	NA	MCF7_emptyVector_doxInduced_WGBS	SRP115074	SRS2417489	0.995	0.628	10.402	0.889	0.876	0.927	8814.87	87083	205994.01	4006
SRX3075708	Brest Cancer Cell Line	human brest cancer cell line	NA	MCF7_empytVector_doxWithdrawn_WGBS	SRP115074	SRS2417490	0.996	0.633	10.496	0.900	0.689	0.909	8752.29	79470	185854.25	4019
SRX3075709	Brest Cancer Cell Line	human brest cancer cell line	NA	MCF7_ZF_DNMT3A_doxInduced_WGBS	SRP115074	SRS2417488	0.994	0.661	13.531	0.884	0.890	0.931	10353.17	73306	211373.02	3717
SRX3075710	Brest Cancer Cell Line	human brest cancer cell line	NA	MCF7_ZF_DNMT3A_doxInduced_WGBS	SRP115074	SRS2417486	0.996	0.715	8.595	0.903	0.817	0.907	9532.52	67350	279543.86	2562
SRX3075711	Brest Cancer Cell Line	human brest cancer cell line	NA	MCF7_ZF_DNMT3A_doxInduced_WGBS	SRP115074	SRS2417487	0.999	0.635	5.282	0.862	0.948	0.914	11916.01	53591	389058.51	1773
SRX3075712	Brest Cancer Cell Line	human brest cancer cell line	NA	MCF7_ZF_DNMT3A_doxWithdrawn_WGBS	SRP115074	SRS2417485	0.996	0.688	10.944	0.907	0.699	0.909	8398.62	76277	181145.19	3959
SRX3075713	Brest Cancer Cell Line	human brest cancer cell line	NA	MCF7_ZF_DNMT3A_doxWithdrawn_WGBS	SRP115074	SRS2417483	0.995	0.578	3.069	0.676	0.923	0.823	12896.34	46727	516587.5	1371
SRX3075714	Brest Cancer Cell Line	human brest cancer cell line	NA	MCF7_ZF_DNMT3A_noDox_WGBS	SRP115074	SRS2417484	0.999	0.627	5.258	0.871	0.972	0.910	10222.88	61936	353515.84	1958
SRX3075715	Brest Cancer Cell Line	human brest cancer cell line	NA	MCF7_emptyVector_doxInduced_TABseq	SRP115074	SRS2417482	0.996	0.013	4.563	0.893	0.953	0.860	1938043.0	3	46000700.09	11
SRX3075716	Brest Cancer Cell Line	human brest cancer cell line	NA	MCF7_ZF_DNMT3A_doxInduced_TABseq	SRP115074	SRS2417481	0.996	0.013	15.866	0.900	0.841	0.926	825969.81	16	17307324.29	7
SRX308340	Brain (Middle Frontal Gyrus)	NA	brain (middle frontal gyrus)	Middle frontal gyrus from 5 year old male human brain (UMB_1185)	SRP026048	SRS447253	0.985	0.820	19.757	0.859	0.875	0.940	1192.26	50089	21007.58	3877
SRX309596	Brain (Middle Frontal Gyrus)	NA	brain (middle frontal gyrus)	Middle frontal gyrus from 35 day old male human brain (UMB_759)	SRP026048	SRS448180	0.991	0.809	19.505	0.850	0.869	0.940	1255.11	57459	24803.79	3123
SRX309597	Brain (Middle Frontal Gyrus)	NA	brain (middle frontal gyrus)	Middle frontal gyrus from 2 year old male human brain (UMB_5180)	SRP026048	SRS448182	0.984	0.817	19.791	0.861	0.869	0.940	1239.46	46847	25159.13	3344
SRX31003380	Heart Left Atria	NA	Heart left atria	NA	SRP636882	SRS26986909	0.994	0.729	7.915	0.856	0.876	0.944	1041.86	62352	24331.48	2505
SRX31003381	Heart Left Atria	NA	Heart left atria	NA	SRP636882	SRS26986910	0.995	0.751	7.409	0.847	0.868	0.941	1146.27	61446	30448.16	2683
SRX31003383	Heart Left Atria	NA	Heart left atria	NA	SRP636882	SRS26994952	0.996	0.722	7.996	0.839	0.822	0.945	1196.71	52576	25488.71	1974
SRX31003384	Heart Left Atria	NA	Heart left atria	NA	SRP636882	SRS26994954	0.996	0.709	7.670	0.863	0.860	0.944	1079.59	61071	24184.69	2237
SRX31011836	Umbilical Vein Endothelium	NA	umbilical vein endothelium	NA	SRP641668	SRS27003472	0.997	0.528	23.943	0.783	0.342	0.830	7846.85	33254	779735.93	1057
SRX31011837	Umbilical Vein Endothelium	NA	umbilical vein endothelium	NA	SRP641668	SRS27003473	0.995	0.588	20.190	0.794	0.264	0.841	1652.41	35975	516282.41	873
SRX31011838	Umbilical Vein Endothelium	NA	umbilical vein endothelium	NA	SRP641668	SRS27003474	0.995	0.702	17.996	0.795	0.307	0.808	1483.5	40265	101643.15	923
SRX31031632	SRS27021627	NA	not applicable	NA	SRP643149	SRS27021627	0.989	0.469	17.251	0.531	0.580	0.947	20203.96	27726	1013776.87	1491
SRX31031633	SRS27021628	NA	not applicable	NA	SRP643149	SRS27021628	0.989	0.468	17.935	0.558	0.618	0.948	20611.04	28308	1020681.91	1495
SRX31031634	SRS27021629	NA	not applicable	NA	SRP643149	SRS27021629	0.989	0.443	18.115	0.602	0.379	0.954	26845.23	36462	641326.44	2528
SRX31031635	SRS27021630	NA	not applicable	NA	SRP643149	SRS27021630	0.990	0.442	14.295	0.858	0.485	0.940	17851.2	78380	281874.78	5586
SRX31031636	SRS27021631	NA	not applicable	NA	SRP643149	SRS27021631	0.990	0.410	14.505	0.375	0.508	0.929	35444.94	9640	1006522.68	1465
SRX31031637	SRS27021632	NA	not applicable	NA	SRP643149	SRS27021632	0.989	0.417	14.741	0.397	0.492	0.931	34622.54	10968	1009859.9	1469
SRX31031638	SRS27021633	NA	not applicable	NA	SRP643149	SRS27021633	0.990	0.418	14.995	0.423	0.522	0.928	37485.38	10634	962115.31	1573
SRX31031639	SRS27021634	NA	not applicable	NA	SRP643149	SRS27021634	0.989	0.413	18.970	0.417	0.451	0.942	33055.37	14859	944280.19	1621
SRX31031640	SRS27021635	NA	not applicable	NA	SRP643149	SRS27021635	0.988	0.419	15.170	0.546	0.508	0.934	43024.01	15858	660337.0	2412
SRX31031641	SRS27021636	NA	not applicable	NA	SRP643149	SRS27021636	0.990	0.434	17.752	0.866	0.619	0.943	17535.81	79663	273772.58	5733
SRX31031642	SRS27021637	NA	not applicable	NA	SRP643149	SRS27021637	0.989	0.468	20.078	0.575	0.637	0.951	20673.63	31129	955070.8	1639
SRX31031643	SRS27021638	NA	not applicable	NA	SRP643149	SRS27021638	0.989	0.464	18.866	0.581	0.625	0.947	25933.31	24619	924184.76	1711
SRX31031644	SRS27021639	NA	not applicable	NA	SRP643149	SRS27021639	0.989	0.462	19.262	0.683	0.651	0.952	27031.1	34654	665045.56	2437
SRX31031645	SRS27021640	NA	not applicable	NA	SRP643149	SRS27021640	0.989	0.447	20.040	0.874	0.698	0.948	16398.76	86255	271294.31	5779
SRX31031646	SRS27021641	NA	not applicable	NA	SRP643149	SRS27021641	0.989	0.413	12.621	0.348	0.284	0.906	49417.71	5103	1003202.53	1466
SRX31031647	SRS27021642	NA	not applicable	NA	SRP643149	SRS27021642	0.990	0.459	18.342	0.522	0.396	0.956	16304.71	39892	1000366.84	1535
SRX31031648	SRS27021643	NA	not applicable	NA	SRP643149	SRS27021643	0.989	0.455	18.040	0.511	0.381	0.956	17590.19	37639	1002057.05	1537
SRX31031649	SRS27021644	NA	not applicable	NA	SRP643149	SRS27021644	0.989	0.452	17.657	0.530	0.402	0.956	20439.24	34190	933386.04	1692
SRX31111412	Ovarian Cancer	ovarian cancer	ovarian cancer	ovarian cancer	SRP645487	SRS27098983	0.989	0.562	5.502	0.833	0.890	0.864	16658.36	49490	447381.31	2251
SRX31111413	Ovarian Cancer	ovarian cancer	ovarian cancer	ovarian cancer	SRP645487	SRS27098984	0.989	0.556	5.404	0.849	0.877	0.850	17222.68	47673	449962.97	2234
SRX31111414	Lung Cancer	lung large cell carcinoma	lung cancer	lung cancer	SRP645487	SRS27098985	0.989	0.492	5.993	0.843	0.899	0.868	21391.88	51265	517448.97	2571
SRX31111415	Lung Cancer	lung large cell carcinoma	lung cancer	lung cancer	SRP645487	SRS27098986	0.989	0.495	7.708	0.849	0.886	0.902	18741.73	60817	512596.43	2618
SRX31111416	Lung Cancer	lung large cell carcinoma	lung cancer	lung cancer	SRP645487	SRS27098987	0.989	0.496	6.935	0.846	0.901	0.906	18970.2	60023	512522.42	2613
SRX31111417	Ovarian Cancer	ovarian cancer	ovarian cancer	ovarian cancer	SRP645487	SRS27098988	0.989	0.572	5.842	0.815	0.894	0.879	15643.3	52440	394280.05	2513
SRX31111418	Lung Cancer	lung large cell carcinoma	lung cancer	lung cancer	SRP645487	SRS27098989	0.989	0.496	6.593	0.831	0.899	0.899	19579.29	57373	510043.76	2615
SRX31111419	Lung Cancer	lung large cell carcinoma	lung cancer	lung cancer	SRP645487	SRS27098990	0.989	0.496	6.117	0.838	0.886	0.878	20547.7	53468	516877.29	2557
SRX31111420	Ovarian Cancer	ovarian cancer	ovarian cancer	ovarian cancer	SRP645487	SRS27098991	0.989	0.557	4.804	0.808	0.886	0.868	17297.0	47542	446079.56	2262
SRX31111421	Ovarian Cancer	ovarian cancer	ovarian cancer	ovarian cancer	SRP645487	SRS27098992	0.989	0.552	6.110	0.815	0.892	0.884	16333.82	51519	395023.58	2564
SRX31111422	Lung Cancer	lung large cell carcinoma	lung cancer	lung cancer	SRP645487	SRS27098993	0.989	0.496	5.297	0.845	0.879	0.859	21950.43	48696	606557.77	2186
SRX31111423	Lung Cancer	lung large cell carcinoma	lung cancer	lung cancer	SRP645487	SRS27098994	0.988	0.498	6.344	0.847	0.878	0.873	20702.09	52940	521983.02	2551
SRX31111424	Lung Cancer	lung large cell carcinoma	lung cancer	lung cancer	SRP645487	SRS27098995	0.989	0.492	5.607	0.852	0.871	0.850	22206.42	48244	602717.38	2205
SRX31111425	Lung Cancer	lung large cell carcinoma	lung cancer	lung cancer	SRP645487	SRS27098997	0.989	0.495	5.769	0.836	0.876	0.860	21700.01	49581	523529.55	2530
SRX31111426	Lung Cancer	lung large cell carcinoma	lung cancer	lung cancer	SRP645487	SRS27098996	0.989	0.498	5.253	0.847	0.889	0.869	21591.64	50175	605171.24	2192
SRX31111427	Lung Cancer	lung large cell carcinoma	lung cancer	lung cancer	SRP645487	SRS27098998	0.989	0.494	4.766	0.831	0.881	0.843	23464.65	44391	611790.8	2158
SRX31111428	Lung Cancer	lung large cell carcinoma	lung cancer	lung cancer	SRP645487	SRS27098999	0.989	0.495	5.551	0.839	0.880	0.858	21939.61	48832	598722.31	2216
SRX31111429	Ovarian Cancer	ovarian cancer	ovarian cancer	ovarian cancer	SRP645487	SRS27099000	0.989	0.573	6.226	0.825	0.888	0.878	15563.29	52922	396635.65	2503
SRX312975	Fetal Thymus	NA	Fetal Thymus	NA	SRP000996	SRS450531	0.996	0.762	22.791	0.861	0.943	0.939	921.9	57434	20244.54	1781
SRX312976	Fetal Muscle Leg	NA	Fetal Muscle, Leg	NA	SRP000996	SRS450532	0.997	0.672	28.139	0.857	0.927	0.932	1033.33	55095	15359.57	1384
SRX312977	Fetal Heart	NA	Fetal Heart	NA	SRP000996	SRS450533	0.997	0.743	42.889	0.802	0.882	0.955	1011.58	61778	17641.5	3738
SRX312981	Fetal Adrenal	NA	Fetal Adrenal	NA	SRP000996	SRS450534	0.995	0.716	22.543	0.845	0.942	0.940	932.52	52386	18242.79	1989
SRX3146535	chromosome duplication model of Dup15q syndrome	chromosome duplication model of Dup15q syndrome	NA	SH(15M)_siCTL_WGBS	SRP124518	SRS2478494	0.958	0.698	2.654	0.896	0.401	0.717	5194.56	53302	845907.48	949
SRX3146536	chromosome duplication model of Dup15q syndrome	chromosome duplication model of Dup15q syndrome	NA	SH(15M)_siUBE3A_WGBS	SRP124518	SRS2478495	0.987	0.678	2.485	0.881	0.475	0.755	6331.54	54900	814535.22	1009
SRX3146539	Neuronal Cell Line	neuronal cell line	NA	SH-SY5Y_siCTL_WGBS	SRP124518	SRS2478498	0.984	0.706	2.769	0.848	0.717	0.791	7055.43	58246	788184.96	997
SRX3146540	Neuronal Cell Line	neuronal cell line	NA	SH-SY5Y_siCTL_WGBS	SRP124518	SRS2478499	0.984	0.704	2.457	0.846	0.732	0.757	6471.73	55959	800491.44	976
SRX3146541	Neuronal Cell Line	neuronal cell line	NA	SH-SY5Y_siCTL_WGBS	SRP124518	SRS2478500	0.985	0.715	2.272	0.868	0.618	0.718	5859.32	55740	824542.94	941
SRX31490030	Tonsil	ILC1	tonsil	tonsil	SRP655537	SRS27471110	0.976	0.813	5.935	0.819	0.308	0.916	1406.77	35765	24289.24	1149
SRX31490031	Tonsil	ILC1	tonsil	tonsil	SRP655537	SRS27471111	0.975	0.819	4.567	0.820	0.238	0.886	1432.25	34962	29054.96	1157
SRX31490032	Tonsil	ILC1	tonsil	tonsil	SRP655537	SRS27471112	0.974	0.840	4.788	0.828	0.215	0.890	1423.43	35507	33543.46	1448
SRX31490033	Blood	ILC2	blood	blood	SRP655537	SRS27471113	0.980	0.843	5.725	0.856	0.293	0.912	1298.04	40149	32253.04	1310
SRX31490034	Blood	ILC2	blood	blood	SRP655537	SRS27471115	0.979	0.841	3.878	0.830	0.195	0.866	1413.52	35347	38991.6	1066
SRX31490035	Blood	ILC2	blood	blood	SRP655537	SRS27471114	0.974	0.841	6.760	0.843	0.274	0.932	1224.13	43457	19993.82	1834
SRX31490036	Tonsil	ILC3	tonsil	tonsil	SRP655537	SRS27471116	0.975	0.841	6.887	0.843	0.249	0.931	1250.8	44288	21034.2	2072
SRX31490037	Tonsil	ILC3	tonsil	tonsil	SRP655537	SRS27471117	0.971	0.829	6.264	0.856	0.383	0.928	1287.76	41555	18094.58	2004
SRX31490038	Tonsil	ILC3	tonsil	tonsil	SRP655537	SRS27471118	0.976	0.852	5.506	0.855	0.272	0.899	1303.64	42314	32214.77	1465
SRX31490039	Blood	NK cells	blood	blood	SRP655537	SRS27471119	0.975	0.783	7.724	0.804	0.356	0.949	1148.5	46670	18167.65	1854
SRX31490040	Blood	NK cells	blood	blood	SRP655537	SRS27471120	0.969	0.805	3.069	0.610	0.084	0.842	1500.68	31804	39628.84	721
SRX31490041	Blood	NK cells	blood	blood	SRP655537	SRS27471121	0.976	0.834	7.670	0.857	0.373	0.927	1270.21	42555	25379.31	1724
SRX314937	Brain (Frontal Cortex)	NA	brain (frontal cortex)	Frontal cortex from 64 year old female human brain	SRP026048	SRS452409	0.974	0.742	14.845	0.779	0.943	0.953	1182.22	43282	16491.36	3727
SRX314938	Brain (Dorsal Prefrontal Cortex)	NA	brain (dorsal prefrontal cortex)	NeuN+ nuclei isolated from dorsal prefrontal cortex from 53 year old female human brain (UMB_579)	SRP026048	SRS452410	0.933	0.830	27.548	0.694	0.728	0.943	1487.63	64226	27699.83	6710
SRX314939	Brain (Dorsal Prefrontal Cortex)	NA	brain (dorsal prefrontal cortex)	NeuN-nuclei isolated from dorsal prefrontal cortex from 53 year old female human brain (UMB_579)	SRP026048	SRS452411	0.991	0.823	12.221	0.895	0.850	0.931	1217.52	63003	30668.14	4570
SRX314940	Brain (Dorsal Prefrontal Cortex)	NA	brain (dorsal prefrontal cortex)	Dorsal prefrontal cortex from 55 year old male human brain (UMB_797)	SRP026048	SRS452412	0.979	0.794	3.064	0.865	0.912	0.871	1494.19	35101	65217.93	1233
SRX314941	Brain (Dorsal Prefrontal Cortex)	NA	brain (dorsal prefrontal cortex)	NeuN+ nuclei isolated from dorsal prefrontal cortex from 55 year old male human brain (UMB_797)	SRP026048	SRS452413	0.940	0.855	14.069	0.888	0.862	0.936	1564.93	63944	25094.33	5065
SRX314942	Brain (Dorsal Prefrontal Cortex)	NA	brain (dorsal prefrontal cortex)	NeuN-nuclei isolated from dorsal prefrontal cortex from 55 year old male human brain (UMB_797)	SRP026048	SRS452414	0.989	0.827	13.268	0.888	0.855	0.935	1286.73	65925	25750.15	3931
SRX314943	ESC	NA	embryonic stem cells	HUES6 human embryonic stem cell line	SRP026048	SRS452415	0.983	0.858	8.734	0.875	0.928	0.914	1257.82	34454	9620.16	3591
SRX3161707	EBV-transformed lymphoblastoid cell line	EBV-transformed lymphoblastoid cell line	NA	GM12878	SRP116948	SRS2492798	0.942	0.578	24.011	0.820	0.462	1.000	14522.13	49936	910567.33	1899
SRX3161708	Fetal Lung Fibroblast	Fetal lung fibroblast	NA	IMR90	SRP116948	SRS2492799	0.936	0.702	20.101	0.826	0.540	0.955	11888.26	64257	466127.0	2750
SRX3164285	ICM	ICM	NA	Icm01-W	SRP074598	SRS2495006	0.987	0.174	5.834	0.470	0.836	0.838	0.0	0	424270.47	1213
SRX3164296	ICM	ICM	NA	Icm02-W	SRP074598	SRS2495017	0.982	0.189	6.456	0.531	0.579	0.810	533274.0	1	657358.52	682
SRX3164297	ICM	ICM	NA	Icm02-W	SRP074598	SRS2495018	0.986	0.214	4.190	0.486	0.858	0.794	272834.0	1	733464.87	569
SRX3164305	ICM	ICM	NA	Icm03-W	SRP074598	SRS2495026	0.986	0.176	4.855	0.534	0.723	0.809	0.0	0	600119.28	803
SRX3164311	ICM	ICM	NA	Icm03-W	SRP074598	SRS2495032	0.975	0.570	3.733	0.394	0.764	0.777	1678.38	41359	56563.34	218
SRX3164313	ICM	ICM	NA	Icm04-W	SRP074598	SRS2495034	0.985	0.195	5.836	0.499	0.816	0.830	246348.22	18	536223.22	964
SRX3164314	ICM	ICM	NA	Icm04-W	SRP074598	SRS2495036	0.985	0.194	5.386	0.511	0.822	0.811	304889.33	3	590325.38	862
SRX3164319	ICM	ICM	NA	Icm05-W	SRP074598	SRS2495040	0.986	0.170	4.148	0.547	0.647	0.740	0.0	0	913358.39	401
SRX3164320	ICM	ICM	NA	Icm05-W	SRP074598	SRS2495041	0.985	0.191	4.531	0.533	0.743	0.779	0.0	0	764749.4	558
SRX3164370	ICM	ICM	NA	Icm11-Q	SRP074598	SRS2495091	0.981	0.155	6.565	0.523	0.746	0.802	0.0	0	706665.52	701
SRX3164371	ICM	ICM	NA	Icm11-Q	SRP074598	SRS2495092	0.981	0.158	5.770	0.529	0.771	0.787	0.0	0	703898.48	727
SRX3164375	ICM	ICM	NA	Icm13-Q	SRP074598	SRS2495096	0.945	0.203	4.636	0.505	0.677	0.774	146549.75	4	765358.13	671
SRX3164376	ICM	ICM	NA	Icm13-Q	SRP074598	SRS2495097	0.982	0.186	6.688	0.514	0.748	0.835	262793.11	19	582516.03	1037
SRX3164381	TE	TE	NA	Te01-W	SRP074598	SRS2495102	0.986	0.164	5.997	0.529	0.761	0.812	0.0	0	572296.91	747
SRX3164388	TE	TE	NA	Te02-W	SRP074598	SRS2495109	0.979	0.214	5.712	0.488	0.765	0.820	195977.27	30	620878.29	822
SRX3164398	TE	TE	NA	Te03-W	SRP074598	SRS2495120	0.986	0.163	3.874	0.523	0.812	0.765	0.0	0	773084.25	578
SRX3164399	TE	TE	NA	Te03-W	SRP074598	SRS2495119	0.985	0.184	5.147	0.524	0.819	0.808	0.0	0	621604.52	805
SRX3164409	TE	TE	NA	Te04-W	SRP074598	SRS2495130	0.985	0.195	4.632	0.534	0.741	0.772	273760.62	13	983214.37	484
SRX3164416	TE	TE	NA	Te05-W	SRP074598	SRS2495140	0.986	0.177	5.449	0.492	0.838	0.824	0.0	0	632949.74	731
SRX3164417	TE	TE	NA	Te05-W	SRP074598	SRS2495139	0.986	0.193	6.187	0.515	0.832	0.852	0.0	0	556135.15	911
SRX3164466	TE	TE	NA	Te11-Q	SRP074598	SRS2495186	0.975	0.185	4.260	0.487	0.511	0.714	116918.74	155	987447.35	549
SRX3164468	TE	TE	NA	Te13-Q	SRP074598	SRS2495189	0.979	0.177	5.113	0.526	0.597	0.767	192424.67	9	850860.19	621
SRX3171730	Liver	NA	liver	NA	SRP117159	SRS2501546	0.985	0.385	41.059	0.814	0.818	0.963	10815.76	123017	217437.76	6278
SRX31749865	Erythrocyte Precursor	human erythrocyte precursor	NA	HUDEp-2	SRP660991	SRS27716921	0.987	0.604	34.352	0.835	0.460	0.965	6098.82	68322	1376671.94	1023
SRX31749866	Erythrocyte Precursor	human erythrocyte precursor	NA	HUDEp-2	SRP660991	SRS27716922	0.988	0.177	34.967	0.842	0.469	0.964	22373.51	16856	646138.93	1878
SRX318532	IMR90	NA	NA	proliferating cells	SRP026604	SRS455416	0.994	0.646	15.314	0.890	0.982	0.949	5846.5	71488	513600.23	2253
SRX318533	IMR90	NA	NA	proliferating cells	SRP026604	SRS455417	0.996	0.639	16.130	0.883	0.977	0.950	6146.42	71005	525807.08	2233
SRX318534	IMR90	NA	NA	proliferating cells	SRP026604	SRS472330	0.997	0.640	16.702	0.883	0.977	0.950	6022.71	71650	533988.9	2184
SRX318535	IMR90	NA	NA	senescent cells	SRP026604	SRS455419	0.994	0.586	14.882	0.897	0.977	0.947	11308.29	73285	438172.31	2852
SRX318536	IMR90	NA	NA	senescent cells	SRP026604	SRS455418	0.997	0.571	16.782	0.876	0.971	0.951	11779.44	71393	431985.85	2949
SRX318537	IMR90	NA	NA	senescent cells	SRP026604	SRS455420	0.996	0.573	16.324	0.872	0.972	0.951	11790.16	70979	435448.88	2912
SRX318538	IMR90	NA	NA	cells bypassing senescence	SRP026604	SRS455421	0.992	0.561	15.249	0.883	0.956	0.947	13061.93	68265	490420.06	2548
SRX318539	IMR90	NA	NA	cells bypassing senescence	SRP026604	SRS455422	0.993	0.530	15.971	0.876	0.955	0.945	14385.43	66559	486979.32	2696
SRX318540	IMR90	NA	NA	cells bypassing senescence	SRP026604	SRS455423	0.989	0.557	14.925	0.879	0.960	0.946	13556.2	67056	484505.3	2623
SRX32160144	Primary Acute Myeloid Leukemia	NA	Primary acute myeloid leukemia	Primary acute myeloid leukemia	SRP676897	SRS28090547	0.995	0.782	18.919	0.956	0.998	0.945	2505.58	62824	323528.11	2372
SRX32160145	Primary Acute Myeloid Leukemia	NA	Primary acute myeloid leukemia	Primary acute myeloid leukemia	SRP676897	SRS28090548	0.995	0.820	14.935	0.957	0.998	0.942	887.68	67553	16150.49	3092
SRX32160146	Primary Acute Myeloid Leukemia	NA	Primary acute myeloid leukemia	Primary acute myeloid leukemia	SRP676897	SRS28090550	0.995	0.785	16.979	0.956	0.998	0.941	873.2	85443	13527.93	2765
SRX32160147	Primary Acute Myeloid Leukemia	NA	Primary acute myeloid leukemia	Primary acute myeloid leukemia	SRP676897	SRS28090549	0.995	0.775	15.759	0.956	0.999	0.940	848.43	86321	10758.29	2799
SRX32160148	Primary Acute Myeloid Leukemia	NA	Primary acute myeloid leukemia	Primary acute myeloid leukemia	SRP676897	SRS28090551	0.995	0.716	13.750	0.955	0.999	0.942	974.01	79746	14150.44	1901
SRX32160149	Primary Acute Myeloid Leukemia	NA	Primary acute myeloid leukemia	Primary acute myeloid leukemia	SRP676897	SRS28090552	0.995	0.672	22.343	0.956	0.998	0.942	8123.59	72048	627239.72	2071
SRX32160150	Primary Acute Myeloid Leukemia	NA	Primary acute myeloid leukemia	Primary acute myeloid leukemia	SRP676897	SRS28090553	0.995	0.769	12.616	0.961	0.998	0.936	870.35	57694	10052.73	2702
SRX32160151	Primary Acute Myeloid Leukemia	NA	Primary acute myeloid leukemia	Primary acute myeloid leukemia	SRP676897	SRS28090554	0.996	0.826	11.986	0.964	0.999	0.934	885.29	59359	11257.62	2918
SRX32160152	Primary Acute Myeloid Leukemia	NA	Primary acute myeloid leukemia	Primary acute myeloid leukemia	SRP676897	SRS28090555	0.995	0.821	24.197	0.956	0.998	0.946	969.34	63909	20397.62	4383
SRX32160153	Primary Acute Myeloid Leukemia	NA	Primary acute myeloid leukemia	Primary acute myeloid leukemia	SRP676897	SRS28090556	0.996	0.819	12.785	0.962	0.999	0.937	874.75	61444	12947.95	3314
SRX32160154	Primary Acute Myeloid Leukemia	NA	Primary acute myeloid leukemia	Primary acute myeloid leukemia	SRP676897	SRS28090557	0.996	0.793	12.243	0.962	0.999	0.935	838.39	88167	10579.81	4086
SRX32160155	Primary Acute Myeloid Leukemia	NA	Primary acute myeloid leukemia	Primary acute myeloid leukemia	SRP676897	SRS28090558	0.996	0.773	12.929	0.963	0.999	0.940	975.74	64745	16120.03	3541
SRX32160156	Primary Acute Myeloid Leukemia	NA	Primary acute myeloid leukemia	Primary acute myeloid leukemia	SRP676897	SRS28090559	0.996	0.751	12.945	0.964	0.998	0.935	2990.65	71102	420925.79	1953
SRX32160157	Primary Acute Myeloid Leukemia	NA	Primary acute myeloid leukemia	Primary acute myeloid leukemia	SRP676897	SRS28090560	0.996	0.747	14.031	0.962	0.999	0.937	877.83	82643	10058.59	2747
SRX32160158	Primary Acute Myeloid Leukemia	NA	Primary acute myeloid leukemia	Primary acute myeloid leukemia	SRP676897	SRS28090561	0.996	0.789	14.629	0.962	0.999	0.940	1051.76	67236	81147.28	5674
SRX32160159	Primary Acute Myeloid Leukemia	NA	Primary acute myeloid leukemia	Primary acute myeloid leukemia	SRP676897	SRS28090562	0.996	0.790	12.733	0.962	0.998	0.940	959.27	71302	18352.92	4489
SRX32160160	Bone marrow derived CD34+ Stem/Progenitor	NA	Bone marrow derived CD34+ Stem/Progenitor	Bone marrow derived CD34+ Stem/Progenitor	SRP676897	SRS28090563	0.996	0.828	14.415	0.961	0.999	0.943	906.93	65634	11242.17	4196
SRX32160161	Sorted normal CMP	NA	Sorted normal CMP	Sorted normal CMP	SRP676897	SRS28090565	0.992	0.843	16.878	0.971	0.997	0.937	972.96	67486	14465.87	4386
SRX32160162	Sorted normal GMP	NA	Sorted normal GMP	Sorted normal GMP	SRP676897	SRS28090564	0.996	0.836	23.488	0.962	0.999	0.945	906.51	67269	11554.15	4003
SRX32160163	Sorted normal MEP	NA	Sorted normal MEP	Sorted normal MEP	SRP676897	SRS28090566	0.992	0.845	14.867	0.972	0.998	0.936	971.41	66498	13911.61	4683
SRX32160164	Erythroleukemia	Human erythroleukemia	NA	IDH2-mutant isogenic TF-1 (ATCC CRL-2003IG)	SRP676898	SRS28090567	0.996	0.402	27.338	0.962	0.996	0.957	6536.43	170699	212306.28	5829
SRX32160165	Erythroleukemia	Human erythroleukemia	NA	IDH2-mutant isogenic TF-1 (ATCC CRL-2003IG)	SRP676898	SRS28090568	0.996	0.402	28.448	0.962	0.996	0.958	6353.0	175642	216198.69	5739
SRX32160166	Erythroleukemia	Human erythroleukemia	NA	IDH2-mutant isogenic TF-1 (ATCC CRL-2003IG)	SRP676898	SRS28090569	0.996	0.399	23.924	0.962	0.996	0.953	7062.88	158093	211859.28	5822
SRX32160167	Erythroleukemia	Human erythroleukemia	NA	IDH2-mutant isogenic TF-1 (ATCC CRL-2003IG)	SRP676898	SRS28090570	0.994	0.469	29.743	0.962	0.996	0.957	6516.38	174522	222838.97	5568
SRX32160168	Erythroleukemia	Human erythroleukemia	NA	IDH2-mutant isogenic TF-1 (ATCC CRL-2003IG)	SRP676898	SRS28090571	0.995	0.470	24.696	0.962	0.996	0.956	6671.02	170040	223167.26	5550
SRX32160169	Erythroleukemia	Human erythroleukemia	NA	IDH2-mutant isogenic TF-1 (ATCC CRL-2003IG)	SRP676898	SRS28090572	0.995	0.467	31.094	0.961	0.996	0.958	6319.46	179434	224232.42	5537
SRX32160170	Erythroleukemia	Human erythroleukemia	NA	TF-1 (ATCC CRL-2003)	SRP676898	SRS28090573	0.997	0.383	29.730	0.962	0.996	0.957	7060.05	153880	209855.18	5549
SRX32160171	Erythroleukemia	Human erythroleukemia	NA	TF-1 (ATCC CRL-2003)	SRP676898	SRS28090574	0.996	0.382	21.789	0.963	0.996	0.955	8093.72	134284	211517.43	5472
SRX32160172	Erythroleukemia	Human erythroleukemia	NA	TF-1 (ATCC CRL-2003)	SRP676898	SRS28090575	0.997	0.382	23.540	0.963	0.996	0.953	7950.32	136382	212666.9	5442
SRX32160173	Erythroleukemia	Human erythroleukemia	NA	TF-1 (ATCC CRL-2003)	SRP676898	SRS28090576	0.997	0.481	22.924	0.960	0.996	0.956	7484.51	147785	228646.26	5092
SRX32160174	Erythroleukemia	Human erythroleukemia	NA	TF-1 (ATCC CRL-2003)	SRP676898	SRS28090577	0.995	0.490	24.305	0.962	0.996	0.956	7475.87	148246	228420.88	5095
SRX32160175	Erythroleukemia	Human erythroleukemia	NA	TF-1 (ATCC CRL-2003)	SRP676898	SRS28090578	0.995	0.480	28.348	0.960	0.996	0.958	7242.61	153324	228994.23	5095
SRX32230995	Lung	NA	Lung	NA	SRP678403	SRS28155379	0.962	0.793	16.149	0.918	0.777	0.950	1304.47	49707	26501.97	4584
SRX32230996	Epidermis	NA	Epidermis	NA	SRP678403	SRS28155380	0.979	0.781	16.936	0.895	0.815	0.954	1181.11	49612	12406.82	2763
SRX32230997	Dermis	NA	Dermis	NA	SRP678403	SRS28155381	0.981	0.779	16.033	0.894	0.721	0.956	1218.92	43119	12382.31	2772
SRX32230998	Brain	NA	Brain	NA	SRP678403	SRS28155382	0.979	0.733	14.900	0.912	0.775	0.953	1178.39	54509	13223.12	3004
SRX32230999	Muscle	NA	Muscle	NA	SRP678403	SRS28155383	0.967	0.796	14.993	0.912	0.798	0.953	1245.8	53435	20866.47	3700
SRX32231000	Kidney	NA	Kidney	NA	SRP678403	SRS28155384	0.979	0.775	16.129	0.884	0.807	0.956	1171.91	44509	10715.81	2809
SRX32231001	Heart	NA	Heart	NA	SRP678403	SRS28155385	0.978	0.736	15.082	0.888	0.813	0.955	1180.85	44780	16723.19	2719
SRX32231002	Dermis	NA	Dermis	NA	SRP678403	SRS28155386	0.979	0.816	12.359	0.873	0.749	0.944	1300.8	37346	12630.74	2912
SRX32231003	Brain	NA	Brain	NA	SRP678403	SRS28155387	0.980	0.788	13.494	0.902	0.693	0.944	1308.25	52005	13694.21	3287
SRX32231004	Lung	NA	Lung	NA	SRP678403	SRS28155388	0.982	0.786	16.164	0.900	0.701	0.955	1214.48	43672	12349.03	3045
SRX32231005	Muscle	NA	Muscle	NA	SRP678403	SRS28155389	0.969	0.784	15.145	0.908	0.773	0.952	1279.41	53441	30224.59	4391
SRX32231006	Kidney	NA	Kidney	NA	SRP678403	SRS28155390	0.978	0.780	15.950	0.887	0.829	0.952	1183.39	45415	11480.45	2937
SRX32231007	Epidermis	NA	Epidermis	NA	SRP678403	SRS28155391	0.978	0.761	16.198	0.903	0.759	0.953	1116.23	68685	20526.38	4168
SRX32231008	Heart	NA	Heart	NA	SRP678403	SRS28155392	0.980	0.752	15.966	0.911	0.785	0.952	1176.72	48438	19841.59	3206
SRX32231009	Dermis	NA	Dermis	NA	SRP678403	SRS28155393	0.978	0.782	15.219	0.900	0.790	0.952	1195.36	54259	17177.26	3144
SRX32231010	Brain	NA	Brain	NA	SRP678403	SRS28155394	0.980	0.793	13.525	0.915	0.663	0.933	1300.14	46210	15260.3	2742
SRX32231011	Muscle	NA	Muscle	NA	SRP678403	SRS28155395	0.963	0.798	14.110	0.907	0.812	0.952	1281.63	49299	21347.46	3701
SRX32231012	Lung	NA	Lung	NA	SRP678403	SRS28155396	0.980	0.778	16.711	0.885	0.811	0.956	1169.99	46246	10076.74	3106
SRX32231013	Kidney	NA	Kidney	NA	SRP678403	SRS28155397	0.978	0.755	14.643	0.901	0.789	0.953	1204.24	43382	15330.98	2758
SRX32231014	Heart	NA	Heart	NA	SRP678403	SRS28155398	0.977	0.785	14.988	0.892	0.794	0.955	1181.77	47062	13225.31	3114
SRX32231015	Dermis	NA	Dermis	NA	SRP678403	SRS28155399	0.979	0.792	11.031	0.904	0.726	0.927	1364.41	46637	13734.35	2857
SRX32231016	Brain	NA	Brain	NA	SRP678403	SRS28155400	0.981	0.783	15.133	0.894	0.711	0.955	1228.57	39760	11073.58	2709
SRX32231017	Lung	NA	Lung	NA	SRP678403	SRS28155401	0.983	0.775	15.742	0.894	0.695	0.952	1075.78	93357	10391.91	3519
SRX32231018	Epidermis	NA	Epidermis	NA	SRP678403	SRS28155402	0.977	0.836	13.164	0.900	0.739	0.918	1295.95	42853	15562.53	2968
SRX32231019	Muscle	NA	Muscle	NA	SRP678403	SRS28155403	0.982	0.775	15.974	0.891	0.723	0.954	1074.79	92368	10809.41	3169
SRX32231020	Kidney	NA	Kidney	NA	SRP678403	SRS28155404	0.982	0.773	16.897	0.890	0.740	0.953	1079.25	91751	10697.48	3358
SRX32231021	Heart	NA	Heart	NA	SRP678403	SRS28155405	0.982	0.781	16.342	0.889	0.711	0.953	1062.23	94730	11267.95	3415
SRX32231022	Dermis	NA	Dermis	NA	SRP678403	SRS28155406	0.982	0.781	16.033	0.888	0.686	0.959	1090.69	101846	11129.91	4357
SRX32231023	Brain	NA	Brain	NA	SRP678403	SRS28155407	0.982	0.786	15.980	0.898	0.701	0.957	1208.16	42554	11805.08	3291
SRX32231024	Epidermis	NA	Epidermis	NA	SRP678403	SRS28155408	0.979	0.736	15.873	0.910	0.767	0.951	1204.33	59869	14979.51	2801
SRX32231025	Epidermis	NA	Epidermis	NA	SRP678403	SRS28155409	0.982	0.783	15.936	0.904	0.676	0.952	1240.17	42875	12445.74	2932
SRX32231026	Lung	NA	Lung	NA	SRP678403	SRS28155410	0.963	0.794	14.486	0.913	0.842	0.952	1274.12	49541	20102.91	4136
SRX32231027	Muscle	NA	Muscle	NA	SRP678403	SRS28155411	0.980	0.786	15.710	0.889	0.814	0.954	1188.47	46389	10373.93	3061
SRX32231028	Kidney	NA	Kidney	NA	SRP678403	SRS28155412	0.981	0.803	15.749	0.914	0.654	0.932	1285.86	43875	17172.27	3086
SRX32231029	Heart	NA	Heart	NA	SRP678403	SRS28155413	0.978	0.790	16.328	0.901	0.791	0.954	1190.7	53652	13725.24	2912
SRX32253280	NUGC4	NA	NUGC4	NUGC4	SRP678827	SRS28175933	0.995	0.612	6.366	0.893	0.703	0.930	13183.86	57096	463808.31	2273
SRX32253281	NUGC4	NA	NUGC4	NUGC4	SRP678827	SRS28175934	0.996	0.610	9.250	0.881	0.744	0.948	10973.42	68770	458850.98	2311
SRX32253282	NUGC4	NA	NUGC4	NUGC4	SRP678827	SRS28175935	0.995	0.596	8.124	0.889	0.732	0.943	11558.4	60781	386555.08	2464
SRX32253283	NUGC4	NA	NUGC4	NUGC4	SRP678827	SRS28175936	0.996	0.627	13.118	0.900	0.802	0.947	9175.55	77446	337946.46	2925
SRX32253284	HepG2	NA	HepG2	HepG2	SRP678827	SRS28175937	0.996	0.398	8.019	0.894	0.868	0.895	48420.64	14355	499072.17	3905
SRX32253285	HepG2	NA	HepG2	HepG2	SRP678827	SRS28175938	0.996	0.409	6.932	0.884	0.825	0.942	36257.65	22537	548767.11	3542
SRX32253286	HepG2	NA	HepG2	HepG2	SRP678827	SRS28175939	0.996	0.394	6.048	0.896	0.850	0.915	48659.86	13638	522209.84	3713
SRX32253287	HepG2	NA	HepG2	HepG2	SRP678827	SRS28175940	0.996	0.390	10.191	0.893	0.844	0.948	21806.67	57083	422363.14	4637
SRX323151	adult CD3	adult CD3	NA	NA	SRP000996	SRS458105	0.995	0.701	36.066	0.844	0.896	0.947	935.63	49436	7635.94	2850
SRX323152	adult CD14	adult CD14	NA	NA	SRP000996	SRS458103	0.996	0.721	38.132	0.850	0.900	0.946	821.01	77005	9341.63	4261
SRX323153	Fetal Muscle Trunk	NA	Fetal Muscle, Trunk	NA	SRP000996	SRS458107	0.997	0.664	36.571	0.821	0.907	0.944	993.85	68687	11150.11	2636
SRX323154	adult CD56	adult CD56	NA	NA	SRP000996	SRS458101	0.997	0.736	28.716	0.845	0.926	0.946	900.2	55515	8124.8	3381
SRX323155	IMR90	IMR90 cells	NA	NA	SRP000996	SRS458100	0.993	0.643	15.965	0.831	0.909	0.932	5256.21	58117	645547.3	1726
SRX323156	Fetal Placenta	NA	Fetal Placenta	NA	SRP000996	SRS458102	0.997	0.592	29.405	0.874	0.949	0.950	2888.9	50841	683902.12	1727
SRX323157	Fetal Spinal Cord	NA	Fetal Spinal Cord	NA	SRP000996	SRS458104	0.996	0.679	35.350	0.861	0.924	0.942	1085.44	63505	16292.59	3639
SRX323158	Fetal Stomach	NA	Fetal Stomach	NA	SRP000996	SRS458106	0.997	0.701	36.410	0.820	0.895	0.948	1017.43	69076	9868.62	3697
SRX323160	CD19	CD19	NA	NA	SRP000996	SRS458108	0.993	0.720	35.180	0.852	0.902	0.944	884.2	63507	8740.7	3226
SRX32373214	Bone Marrow	Lin-CD133+CD34+ HSC	Bone marrow	Bone marrow	SRP681025	SRS28282956	0.993	0.775	23.842	0.774	0.918	0.948	877.92	65608	10660.09	4478
SRX32373215	Bone Marrow	Lin-CD133+CD34+ HSC	Bone marrow	Bone marrow	SRP681025	SRS28282957	0.993	0.790	23.550	0.792	0.942	0.946	912.23	65962	11304.56	4942
SRX32373216	Bone Marrow	Lin-CD133+CD34+ HSC	Bone marrow	Bone marrow	SRP681025	SRS28282958	0.993	0.791	25.416	0.795	0.936	0.950	892.85	66198	10456.03	4480
SRX32373217	Bone Marrow	Lin-CD133+CD34+ HSC	Bone marrow	Bone marrow	SRP681025	SRS28282959	0.992	0.778	23.402	0.773	0.929	0.949	767.16	75291	10367.27	2740
SRX32373218	Bone Marrow	Lin-CD133+CD34+ HSC	Bone marrow	Bone marrow	SRP681025	SRS28282960	0.992	0.789	24.317	0.789	0.930	0.948	806.74	70860	11772.6	3672
SRX32373219	Bone Marrow	Lin-CD133+CD34+ HSC	Bone marrow	Bone marrow	SRP681025	SRS28282961	0.992	0.764	29.630	0.777	0.932	0.951	784.14	94234	10361.09	3667
SRX3267869	Adjacent Benign Normal Prostate	NA	adjacent benign normal prostate	prostate biopsy DNA from a single donor	SRP119706	SRS2580050	0.982	0.721	9.921	0.821	0.652	0.922	1182.17	59425	21239.11	959
SRX3267870	Adjacent Benign Normal Prostate	NA	adjacent benign normal prostate	prostate biopsy DNA from a single donor	SRP119706	SRS2580037	0.982	0.740	11.354	0.814	0.686	0.929	1092.6	57417	19976.32	955
SRX3267871	Adjacent Benign Normal Prostate	NA	adjacent benign normal prostate	prostate biopsy DNA from a single donor	SRP119706	SRS2580038	0.981	0.726	9.840	0.818	0.752	0.922	1204.76	48249	21985.87	774
SRX3267872	Prostate Tumor	NA	prostate tumor	prostate biopsy DNA from a single donor	SRP119706	SRS2580039	0.974	0.707	8.847	0.825	0.787	0.914	7318.88	67095	430215.75	1562
SRX3267873	Prostate Tumor	NA	prostate tumor	prostate biopsy DNA from a single donor	SRP119706	SRS2580040	0.967	0.663	7.590	0.787	0.569	0.821	7058.23	62273	511633.73	1631
SRX3267874	Prostate Tumor	NA	prostate tumor	prostate biopsy DNA from a single donor	SRP119706	SRS2580041	0.929	0.718	4.805	0.586	0.355	0.702	1842.56	34575	693327.98	812
SRX3267875	Prostate Tumor	NA	prostate tumor	prostate biopsy DNA from a single donor	SRP119706	SRS2580042	0.956	0.744	13.507	0.727	0.567	0.900	1628.8	44205	372788.42	1379
SRX3267876	Prostate Tumor	NA	prostate tumor	prostate biopsy DNA from a single donor	SRP119706	SRS2580043	0.982	0.687	8.771	0.817	0.743	0.910	6348.81	51454	527312.3	1571
SRX3267877	Prostate Tumor	NA	prostate tumor	prostate biopsy DNA from a single donor	SRP119706	SRS2580044	0.948	0.738	6.574	0.743	0.403	0.774	1251.78	31547	47196.85	158
SRX3267878	Prostate Tumor	NA	prostate tumor	prostate biopsy DNA from a single donor	SRP119706	SRS2580045	0.936	0.685	5.183	0.688	0.519	0.740	1371.4	32572	49310.09	104
SRX3267879	Prostate Tumor	NA	prostate tumor	prostate biopsy DNA from a single donor	SRP119706	SRS2580046	0.948	0.697	10.502	0.726	0.539	0.831	1607.78	35938	681142.46	1197
SRX3267880	Prostate Tumor	NA	prostate tumor	prostate biopsy DNA from a single donor	SRP119706	SRS2580047	0.957	0.672	6.400	0.792	0.456	0.790	1346.29	35472	45986.49	455
SRX3267882	Prostate Tumor	NA	prostate tumor	prostate biopsy DNA from a single donor	SRP119706	SRS2580049	0.980	0.676	10.439	0.820	0.670	0.926	2297.4	41511	563776.66	1577
SRX332376	Activated B-cells	NA	NA	Activated B-cells	SRP028577	SRS467810	0.983	0.795	5.274	0.723	0.696	0.921	1295.76	43442	20526.33	1709
SRX332377	Activated B-cells	NA	NA	Activated B-cells	SRP028577	SRS467811	0.982	0.792	5.917	0.611	0.569	0.931	1278.6	43116	17312.98	1656
SRX332378	Activated B-cells	NA	NA	Activated B-cells	SRP028577	SRS467812	0.985	0.801	6.974	0.616	0.669	0.937	1209.14	46182	16031.72	1988
SRX332379	Resting B-cells	NA	NA	Resting B-cells	SRP028577	SRS467813	0.981	0.805	6.694	0.648	0.719	0.932	1253.45	44619	22799.65	1837
SRX332380	Resting B-cells	NA	NA	Resting B-cells	SRP028577	SRS467814	0.977	0.823	4.329	0.788	0.455	0.886	1318.73	40464	26797.09	1281
SRX332381	Resting B-cells	NA	NA	Resting B-cells	SRP028577	SRS467815	0.948	0.823	6.143	0.607	0.552	0.926	1284.47	42396	18902.29	1628
SRX332382	EBV transformed B-cells	NA	NA	EBV transformed B-cells	SRP028577	SRS467816	0.977	0.655	7.293	0.739	0.779	0.939	2351.42	39245	2335673.5	505
SRX332383	EBV transformed B-cells	NA	NA	EBV transformed B-cells	SRP028577	SRS467817	0.986	0.625	6.686	0.648	0.615	0.937	4823.0	41333	1694603.45	870
SRX332384	EBV transformed B-cells	NA	NA	EBV transformed B-cells	SRP028577	SRS467818	0.986	0.645	3.531	0.792	0.324	0.853	3483.17	31317	2176456.71	615
SRX332385	Activated B-cells day 16	NA	NA	Activated B-cells_day 16	SRP028577	SRS467819	0.995	0.799	3.607	0.756	0.320	0.893	1323.72	39896	28498.88	874
SRX332386	Activated B-cells day 16	NA	NA	Activated B-cells_day 16	SRP028577	SRS467820	0.994	0.776	7.664	0.766	0.881	0.943	1032.15	50984	19672.73	1193
SRX332388	Activated B-cells week 3	NA	NA	Activated B-cells_week 3	SRP028577	SRS467822	0.994	0.752	4.847	0.540	0.856	0.925	1165.94	44124	24110.2	971
SRX332389	EBV transformed B-cells 16 days post infection	NA	NA	EBV transformed B-cells_16 days post infection	SRP028577	SRS467823	0.995	0.753	8.010	0.851	0.794	0.948	1070.25	47715	16788.83	1410
SRX332390	EBV transformed B-cells 3 weeks post infection	NA	NA	EBV transformed B-cells_3 weeks post infection	SRP028577	SRS467824	0.995	0.762	5.552	0.863	0.622	0.931	1248.65	40503	19826.14	1025
SRX332730	Normal	NA	NA	human frontal cortex normal	SRP028600	SRS468167	0.971	0.749	36.011	0.837	0.910	0.955	1248.49	52174	19050.49	4708
SRX332731	Normal	NA	NA	human frontal cortex normal	SRP028600	SRS468168	0.973	0.761	31.807	0.818	0.692	0.956	1201.55	51851	17934.45	4798
SRX332732	Cortex	NA	NA	human frontal cortex Alzheimer	SRP028600	SRS468170	0.973	0.742	34.110	0.825	0.883	0.956	1241.42	54573	19399.6	4875
SRX332733	Cortex	NA	NA	human frontal cortex Alzheimer	SRP028600	SRS468169	0.972	0.756	46.459	0.842	0.873	0.957	1303.94	53038	19253.06	5109
SRX332734	Cell Line	NA	NA	HepG2 cell line	SRP028600	SRS468172	0.994	0.403	10.410	0.650	0.926	0.913	25405.05	13920	1073892.26	1413
SRX332735	Cell Line	NA	NA	IMR90 immortalized fibroblast cell line	SRP028600	SRS468171	0.994	0.643	11.043	0.824	0.933	0.919	5120.43	52774	737650.9	1499
SRX332736	Primary Tumor	NA	NA	colon primary tumor	SRP028600	SRS468173	0.999	0.644	39.988	0.806	0.941	0.949	1362.52	44758	426688.61	2377
SRX332737	Tumor Tissue	NA	NA	primary colon adjacent to tumor tissue, matching control for tumor; BioChain Institute, INC(Catalog no D8235090-pp-10, lot no A704198)	SRP028600	SRS468174	0.998	0.679	43.533	0.784	0.937	0.943	1093.94	35500	8524.5	1543
SRX34058855	Prostate	carcinoma	prostate	prostate	SRP712869	SRS29686578	0.997	0.477	15.089	0.760	0.437	0.955	9652.86	102503	109995.52	8800
SRX34058858	Prostate	carcinoma	prostate	prostate	SRP712869	SRS29686581	0.994	0.756	11.790	0.803	0.653	0.928	6311.4	65461	965849.41	1039
SRX34058859	Prostate	normal	prostate	prostate	SRP712869	SRS29686582	0.996	0.688	12.342	0.827	0.518	0.937	4678.77	59449	525930.14	1697
SRX3429024	Erythroid Progenitor Cells	Human Erythroid Progenitor Cells	NA	Erythroid Progenitor	SRP125826	SRS2565426	0.978	0.777	7.012	0.789	0.614	0.912	1232.08	38418	27002.11	947
SRX3437413	Cervical Cancer Cell Line	human cervical cancer cell line	NA	HeLa	SRP125973	SRS2728351	0.996	0.581	7.401	0.921	0.927	0.916	13024.37	63541	317460.6	3233
SRX344734	10T isogenic cell line with IDH2 mutation	10T isogenic cell line with IDH2 mutation	NA	isogenic cell line	SRP029519	SRS476583	0.987	0.184	2.445	0.064	0.062	1.000	1677.77	263	0.0	0
SRX3468746	Brain	NeuN	brain	Brain BA46	SRP126677	SRS5683992	0.950	0.805	17.667	0.768	0.944	0.963	1406.8	63875	21670.04	5366
SRX3468747	Brain	NeuN	brain	Brain BA46	SRP126677	SRS5683993	0.953	0.744	14.456	0.649	0.926	0.964	1268.79	53131	18612.8	4581
SRX3468748	Brain	NeuN	brain	Brain BA46	SRP126677	SRS5683994	0.952	0.798	13.365	0.750	0.911	0.961	1283.7	54021	20150.53	4994
SRX3468749	Brain	NeuN	brain	Brain BA46	SRP126677	SRS5683995	0.960	0.797	15.600	0.755	0.963	0.963	1258.74	55355	20912.24	4951
SRX3468750	Brain	NeuN	brain	Brain BA46	SRP126677	SRS5683996	0.950	0.812	13.641	0.776	0.946	0.961	1324.94	56580	20776.51	5420
SRX3468751	Brain	NeuN	brain	Brain BA46	SRP126677	SRS5683997	0.962	0.780	17.017	0.719	0.900	0.963	1288.15	53202	20423.01	4377
SRX3468752	Brain	NeuN	brain	Brain BA46	SRP126677	SRS5683998	0.943	0.824	28.980	0.839	0.420	0.969	1628.32	72408	22353.21	6521
SRX3468753	Brain	NeuN	brain	Brain BA46	SRP126677	SRS5683999	0.943	0.785	34.031	0.720	0.568	0.967	1489.08	68840	20145.12	5107
SRX3468754	Brain	NeuN	brain	Brain BA46	SRP126677	SRS5684000	0.949	0.763	30.767	0.748	0.474	0.965	1515.73	71138	19590.94	5670
SRX3468755	Brain	NeuN	brain	Brain BA46	SRP126677	SRS5684001	0.953	0.810	30.124	0.612	0.475	0.970	1652.97	65144	52028.23	4932
SRX3468756	Brain	Olig2	brain	Brain BA46	SRP126677	SRS5684002	0.989	0.785	26.294	0.594	0.466	0.969	1332.02	77970	43131.03	4280
SRX3468757	Brain	Olig2	brain	Brain BA46	SRP126677	SRS5684003	0.989	0.779	28.746	0.639	0.517	0.969	1308.39	79921	43396.44	4417
SRX3468758	Brain	NeuN	brain	Brain BA46	SRP126677	SRS5684004	0.951	0.797	25.491	0.610	0.561	0.971	1453.96	60876	22259.23	4883
SRX3468759	Brain	NeuN	brain	Brain BA46	SRP126677	SRS5684005	0.934	0.816	32.464	0.618	0.468	0.969	1693.5	71976	48462.74	5138
SRX3468760	Brain	NeuN	brain	Brain BA46	SRP126677	SRS5684006	0.904	0.830	34.493	0.651	0.450	0.973	1802.78	60168	29311.57	4706
SRX3468761	Brain	Olig2	brain	Brain BA46	SRP126677	SRS5684007	0.977	0.799	38.966	0.656	0.599	0.974	1478.17	77506	30692.67	4079
SRX3468762	Brain	NeuN	brain	Brain BA46	SRP126677	SRS5684016	0.927	0.828	38.102	0.667	0.524	0.973	1736.73	76011	24589.63	6481
SRX3468763	Brain	NeuN	brain	Brain BA46	SRP126677	SRS5684017	0.952	0.810	33.030	0.632	0.623	0.971	1860.71	74245	63060.4	4503
SRX3468764	Brain	Olig2	brain	Brain BA46	SRP126677	SRS5684018	0.986	0.800	37.007	0.667	0.742	0.970	1463.49	69350	46550.63	4251
SRX3468765	Brain	NeuN	brain	Brain BA46	SRP126677	SRS5684019	0.947	0.807	28.853	0.635	0.543	0.970	1613.3	68697	55203.55	4714
SRX3468766	Brain	Olig2	brain	Brain BA46	SRP126677	SRS5684020	0.987	0.793	27.885	0.581	0.421	0.969	1287.13	80805	43451.7	4361
SRX3468767	Brain	Olig2	brain	Brain BA46	SRP126677	SRS5684021	0.990	0.785	23.070	0.558	0.529	0.971	1229.36	76574	22789.51	4402
SRX3468768	Brain	Olig2	brain	Brain BA46	SRP126677	SRS5684022	0.987	0.798	34.456	0.645	0.462	0.973	1357.92	84275	28170.04	4319
SRX3468769	Brain	NeuN	brain	Brain BA46	SRP126677	SRS5684023	0.943	0.815	30.099	0.643	0.366	0.969	1717.79	74587	55548.86	4897
SRX3468774	Brain	Olig2	brain	Brain BA46	SRP126677	SRS5684035	0.983	0.808	39.084	0.635	0.779	0.974	1414.63	78284	31596.74	3921
SRX3468775	Brain	NeuN	brain	Brain BA46	SRP126677	SRS5684036	0.954	0.808	25.095	0.584	0.549	0.966	1626.76	69766	61643.0	4258
SRX3468776	Brain	NeuN	brain	Brain BA46	SRP126677	SRS5684037	0.950	0.820	25.275	0.542	0.359	0.970	1625.37	66333	25462.92	5210
SRX3468777	Brain	NeuN	brain	Brain BA46	SRP126677	SRS5684038	0.949	0.821	28.456	0.657	0.583	0.970	1692.35	73799	27861.2	6047
SRX3468778	Brain	NeuN	brain	Brain BA46	SRP126677	SRS5684039	0.952	0.821	33.040	0.599	0.516	0.968	1735.3	67034	54167.28	4622
SRX3468779	Brain	NeuN	brain	Brain BA46	SRP126677	SRS5684040	0.953	0.820	36.504	0.621	0.592	0.973	1732.94	67174	24724.04	5726
SRX3468780	Brain	NeuN	brain	Brain BA46	SRP126677	SRS5684041	0.953	0.821	34.877	0.595	0.591	0.969	1797.96	69022	65705.7	3998
SRX3468781	Brain	NeuN	brain	Brain BA46	SRP126677	SRS5684042	0.947	0.817	33.504	0.570	0.529	0.970	1795.59	71848	57699.57	4740
SRX3468782	Brain	NeuN	brain	Brain BA46	SRP126677	SRS5684043	0.950	0.814	33.387	0.569	0.578	0.969	1808.79	69508	59769.98	4460
SRX3468783	Brain	Olig2	brain	Brain BA46	SRP126677	SRS5684044	0.991	0.803	25.412	0.634	0.510	0.970	1300.32	79251	30012.15	3773
SRX3468784	Brain	NeuN	brain	Brain BA46	SRP126677	SRS5684045	0.950	0.808	31.230	0.576	0.443	0.973	1770.46	72010	28797.77	5759
SRX3468785	Brain	NeuN	brain	Brain BA46	SRP126677	SRS5684046	0.936	0.805	35.389	0.638	0.508	0.972	1783.16	73770	57692.04	4600
SRX3468786	Brain	NeuN	brain	Brain BA46	SRP126677	SRS5684047	0.948	0.808	30.403	0.602	0.443	0.974	1646.84	70695	24990.29	5794
SRX3468787	Brain	NeuN	brain	Brain BA46	SRP126677	SRS5684048	0.944	0.809	35.059	0.669	0.566	0.971	1700.61	73704	50227.08	5051
SRX3468788	Brain	NeuN	brain	Brain BA46	SRP126677	SRS5684049	0.950	0.808	32.729	0.608	0.530	0.972	1764.51	69674	64452.62	4288
SRX3468789	Brain	NeuN	brain	Brain BA46	SRP126677	SRS5684050	0.931	0.810	34.958	0.617	0.533	0.971	1728.41	72658	48134.7	5368
SRX3468790	Brain	NeuN	brain	Brain BA46	SRP126677	SRS5684051	0.951	0.799	40.631	0.617	0.459	0.973	1858.28	65274	26513.16	5240
SRX3468791	Brain	NeuN	brain	Brain BA46	SRP126677	SRS5684052	0.951	0.819	37.391	0.658	0.433	0.972	1694.26	68501	24784.8	5147
SRX3468792	Brain	NeuN	brain	Brain BA46	SRP126677	SRS5684053	0.944	0.818	34.856	0.643	0.403	0.971	1654.92	58519	55952.47	4166
SRX3468793	Brain	NeuN	brain	Brain BA46	SRP126677	SRS5684054	0.922	0.805	33.288	0.616	0.330	0.969	1763.56	78125	48722.42	5279
SRX3468794	Brain	NeuN	brain	Brain BA46	SRP126677	SRS5684055	0.924	0.834	46.622	0.642	0.465	0.974	2210.33	79170	31179.53	5469
SRX3468796	Brain	Olig2	brain	Brain BA46	SRP126677	SRS5684057	0.991	0.798	37.426	0.653	0.492	0.971	1385.8	78557	28765.28	4032
SRX3468797	Brain	NeuN	brain	Brain BA46	SRP126677	SRS5684058	0.947	0.825	32.607	0.621	0.410	0.971	1624.1	69534	21486.66	6308
SRX3468798	Brain	Olig2	brain	Brain BA46	SRP126677	SRS5684059	0.991	0.797	33.544	0.618	0.420	0.971	1252.99	84063	24780.57	4265
SRX3468799	Brain	NeuN	brain	Brain BA46	SRP126677	SRS5684060	0.945	0.810	35.636	0.612	0.431	0.972	1763.5	72628	24577.04	6310
SRX3468800	Brain	Olig2	brain	Brain BA46	SRP126677	SRS5684061	0.991	0.794	39.134	0.663	0.514	0.969	1433.79	78730	41342.11	4557
SRX3468801	Brain	Olig2	brain	Brain BA46	SRP126677	SRS5684062	0.991	0.790	37.239	0.665	0.456	0.969	1448.41	78983	47139.25	4367
SRX3468802	Brain	Olig2	brain	Brain BA46	SRP126677	SRS5684063	0.990	0.791	28.301	0.614	0.391	0.973	1238.36	87030	33580.74	3193
SRX3468803	Brain	Olig2	brain	Brain BA46	SRP126677	SRS5684064	0.992	0.787	43.232	0.679	0.572	0.973	1479.19	80969	30734.68	3953
SRX3468804	Brain	Olig2	brain	Brain BA46	SRP126677	SRS5684065	0.981	0.802	25.678	0.717	0.548	0.971	1279.01	83674	30137.93	4011
SRX3468805	Brain	Olig2	brain	Brain BA46	SRP126677	SRS5684066	0.990	0.789	38.173	0.684	0.437	0.970	1389.0	76258	33057.04	5132
SRX3468807	Brain	NeuN	brain	Brain BA46	SRP126677	SRS5684068	0.939	0.839	25.834	0.615	0.358	0.971	1612.57	63567	25719.49	5546
SRX3468808	Brain	Olig2	brain	Brain BA46	SRP126677	SRS5684069	0.989	0.798	33.301	0.636	0.428	0.973	1331.95	81835	28335.4	4329
SRX3468809	Brain	NeuN	brain	Brain BA46	SRP126677	SRS5684070	0.916	0.801	22.375	0.590	0.208	0.974	1571.74	70541	25185.06	5339
SRX3468810	Brain	Olig2	brain	Brain BA46	SRP126677	SRS5684071	0.991	0.784	27.903	0.609	0.311	0.967	1365.91	78557	46844.66	4197
SRX3468811	Brain	NeuN	brain	Brain BA46	SRP126677	SRS5684072	0.947	0.815	40.819	0.691	0.565	0.975	1840.69	71070	28026.4	5743
SRX3468812	Brain	NeuN	brain	Brain BA46	SRP126677	SRS5684073	0.948	0.821	34.647	0.660	0.438	0.975	1635.95	67713	23784.37	5801
SRX3468813	Brain	Olig2	brain	Brain BA46	SRP126677	SRS5684074	0.930	0.807	30.459	0.585	0.425	0.973	1465.15	78860	32079.13	3866
SRX3468814	Brain	Olig2	brain	Brain BA46	SRP126677	SRS5684075	0.980	0.800	42.001	0.693	0.700	0.975	1469.51	73579	29746.02	4137
SRX3468815	Brain	Olig2	brain	Brain BA46	SRP126677	SRS5684076	0.976	0.795	37.508	0.706	0.770	0.970	1495.86	83283	57648.9	3683
SRX3468816	Brain	NeuN	brain	Brain BA46	SRP126677	SRS5684077	0.950	0.809	32.107	0.615	0.380	0.968	1830.18	72650	59850.0	4592
SRX3468817	Brain	Olig2	brain	Brain BA46	SRP126677	SRS5684078	0.970	0.800	37.735	0.666	0.566	0.973	1483.9	77852	31473.89	3975
SRX3468818	Brain	Olig2	brain	Brain BA46	SRP126677	SRS5684079	0.990	0.792	37.299	0.653	0.467	0.972	1341.29	76624	27876.37	3904
SRX3468819	Brain	Olig2	brain	Brain BA46	SRP126677	SRS5684080	0.990	0.801	42.654	0.630	0.673	0.972	1437.87	80250	27819.69	4229
SRX3468820	Brain	Olig2	brain	Brain BA46	SRP126677	SRS5684081	0.942	0.813	42.962	0.622	0.659	0.972	1426.04	82240	29982.23	4043
SRX3468821	Brain	Olig2	brain	Brain BA46	SRP126677	SRS5684082	0.989	0.791	45.985	0.627	0.669	0.973	1532.05	78546	31969.01	3822
SRX3468822	Brain	Olig2	brain	Brain BA46	SRP126677	SRS5684083	0.991	0.793	43.864	0.628	0.696	0.970	1495.46	80480	40842.71	4927
SRX3468823	Brain	Olig2	brain	Brain BA46	SRP126677	SRS5684084	0.989	0.785	44.230	0.612	0.610	0.970	1569.17	79347	47315.06	4241
SRX3468824	Brain	Olig2	brain	Brain BA46	SRP126677	SRS5684085	0.989	0.783	48.119	0.643	0.641	0.974	1586.38	82933	29610.75	3998
SRX3468825	Brain	NeuN	brain	Brain BA46	SRP126677	SRS5684086	0.947	0.799	43.734	0.633	0.597	0.973	1785.69	82802	25334.91	6588
SRX3468826	Brain	Olig2	brain	Brain BA46	SRP126677	SRS5684008	0.986	0.795	43.815	0.632	0.645	0.973	1358.86	81717	28084.12	3776
SRX3468827	Brain	NeuN	brain	Brain BA46	SRP126677	SRS5684009	0.955	0.819	38.505	0.637	0.623	0.973	1723.41	64824	26953.84	5491
SRX3468828	Brain	NeuN	brain	Brain BA46	SRP126677	SRS5684010	0.950	0.811	39.309	0.638	0.646	0.969	1783.27	71366	48627.24	5181
SRX3468829	Brain	NeuN	brain	Brain BA46	SRP126677	SRS5684011	0.965	0.798	29.581	0.567	0.496	0.971	1481.32	57182	26465.09	4030
SRX3468830	Brain	NeuN	brain	Brain BA46	SRP126677	SRS5684012	0.948	0.813	29.636	0.758	0.630	0.969	1511.91	71166	21246.81	6174
SRX3468832	Brain	Olig2	brain	Brain BA46	SRP126677	SRS5684014	0.990	0.795	35.409	0.598	0.626	0.968	1435.66	79484	42436.51	4720
SRX3468833	Brain	Olig2	brain	Brain BA46	SRP126677	SRS5684015	0.988	0.787	38.741	0.576	0.625	0.973	1362.29	77852	24851.52	4204
SRX3468834	Brain	Olig2	brain	Brain BA46	SRP126677	SRS5684024	0.989	0.794	34.647	0.608	0.653	0.968	1414.04	80180	52168.53	4015
SRX3468835	Brain	Olig2	brain	Brain BA46	SRP126677	SRS5684025	0.989	0.780	35.631	0.594	0.636	0.969	1449.99	81198	53264.18	3929
SRX3468836	Brain	Olig2	brain	Brain BA46	SRP126677	SRS5684026	0.989	0.806	34.243	0.628	0.656	0.972	1391.58	78103	30700.78	3925
SRX3480984	Peripheral blood (PB)	Peripheral blood (PB) cells	NA	Peripheral blood (PB) cells	SRP126972	SRS2766955	0.996	0.346	5.081	0.550	0.032	1.000	1147.32	12859	0.0	0
SRX3480985	Peripheral blood (PB)	Peripheral blood (PB) cells	NA	Peripheral blood (PB) cells	SRP126972	SRS2766956	0.998	0.361	3.823	0.229	0.068	1.000	1194.59	11082	0.0	0
SRX3480986	Peripheral blood (PB)	Peripheral blood (PB) cells	NA	Peripheral blood (PB) cells	SRP126972	SRS2766957	0.996	0.336	5.238	0.382	0.022	1.000	1005.74	11567	0.0	0
SRX3480987	Peripheral blood (PB)	Peripheral blood (PB) cells	NA	Peripheral blood (PB) cells	SRP126972	SRS2766958	0.996	0.337	5.262	0.423	0.018	1.000	997.77	11363	0.0	0
SRX3480988	Peripheral blood (PB)	Peripheral blood (PB) cells	NA	Peripheral blood (PB) cells	SRP126972	SRS2766959	0.995	0.350	4.845	0.459	0.019	1.000	1020.28	11840	0.0	0
SRX3480990	Peripheral blood (PB)	Peripheral blood (PB) cells	NA	Peripheral blood (PB) cells	SRP126972	SRS2766961	0.989	0.449	4.233	0.393	0.055	1.000	1315.35	9540	54082088.0	1
SRX3480991	Peripheral blood (PB)	Peripheral blood (PB) cells	NA	Peripheral blood (PB) cells	SRP126972	SRS2766962	0.993	0.411	4.749	0.439	0.038	1.000	1249.19	10726	0.0	0
SRX3480992	Peripheral blood (PB)	Peripheral blood (PB) cells	NA	Peripheral blood (PB) cells	SRP126972	SRS2766963	0.997	0.387	4.711	0.600	0.022	1.000	1084.96	12977	63685272.0	1
SRX3480993	Peripheral blood (PB)	Peripheral blood (PB) cells	NA	Peripheral blood (PB) cells	SRP126972	SRS2766964	0.997	0.368	4.489	0.579	0.019	1.000	1063.0	13116	0.0	0
SRX3480994	Peripheral blood (PB)	Peripheral blood (PB) cells	NA	Peripheral blood (PB) cells	SRP126972	SRS2766965	0.995	0.390	3.282	0.585	0.016	1.000	1101.1	12546	0.0	0
SRX3480995	Peripheral blood (PB)	Peripheral blood (PB) cells	NA	Peripheral blood (PB) cells	SRP126972	SRS2766966	0.999	0.485	3.319	0.655	0.042	1.000	1392.1	16654	20082577.67	3
SRX3480996	Peripheral blood (PB)	Peripheral blood (PB) cells	NA	Peripheral blood (PB) cells	SRP126972	SRS2766967	0.998	0.400	3.528	0.641	0.017	1.000	1169.26	12500	0.0	0
SRX3480997	Peripheral blood (PB)	Peripheral blood (PB) cells	NA	Peripheral blood (PB) cells	SRP126972	SRS2766968	0.997	0.414	3.342	0.616	0.025	1.000	1321.82	12867	0.0	0
SRX3480998	Peripheral blood (PB)	Peripheral blood (PB) cells	NA	Peripheral blood (PB) cells	SRP126972	SRS2766969	0.997	0.404	6.006	0.602	0.022	1.000	1053.71	13071	0.0	0
SRX3480999	Peripheral blood (PB)	Peripheral blood (PB) cells	NA	Peripheral blood (PB) cells	SRP126972	SRS2766970	0.997	0.377	5.642	0.596	0.027	1.000	1080.43	13434	0.0	0
SRX3481000	Peripheral blood (PB)	Peripheral blood (PB) cells	NA	Peripheral blood (PB) cells	SRP126972	SRS2766971	0.995	0.341	6.040	0.380	0.032	1.000	1003.53	12152	64284267.0	1
SRX3481001	Peripheral blood (PB)	Peripheral blood (PB) cells	NA	Peripheral blood (PB) cells	SRP126972	SRS2766972	0.994	0.374	7.589	0.467	0.040	1.000	1000.85	13171	0.0	0
SRX3481003	Peripheral blood (PB)	Peripheral blood (PB) cells	NA	Peripheral blood (PB) cells	SRP126972	SRS2766974	0.996	0.369	6.644	0.444	0.031	1.000	1001.6	13383	62809800.0	1
SRX3481004	Peripheral blood (PB)	Peripheral blood (PB) cells	NA	Peripheral blood (PB) cells	SRP126972	SRS2766976	0.997	0.387	5.396	0.561	0.026	1.000	1032.27	13976	0.0	0
SRX3481005	Peripheral blood (PB)	Peripheral blood (PB) cells	NA	Peripheral blood (PB) cells	SRP126972	SRS2766975	0.997	0.385	5.327	0.395	0.027	1.000	1018.65	12910	0.0	0
SRX3481006	Peripheral blood (PB)	Peripheral blood (PB) cells	NA	Peripheral blood (PB) cells	SRP126972	SRS2766977	0.997	0.400	3.220	0.529	0.020	1.000	1172.66	11578	78825282.0	1
SRX3481007	Peripheral blood (PB)	Peripheral blood (PB) cells	NA	Peripheral blood (PB) cells	SRP126972	SRS2766978	0.996	0.353	4.081	0.619	0.014	1.000	1267.22	8370	0.0	0
SRX3481008	Peripheral blood (PB)	Peripheral blood (PB) cells	NA	Peripheral blood (PB) cells	SRP126972	SRS2766979	0.996	0.378	3.771	0.626	0.014	1.000	1181.88	10394	0.0	0
SRX3481009	Peripheral blood (PB)	Peripheral blood (PB) cells	NA	Peripheral blood (PB) cells	SRP126972	SRS2766980	0.997	0.391	3.668	0.633	0.015	1.000	1266.1	9121	0.0	0
SRX3481010	Peripheral blood (PB)	Peripheral blood (PB) cells	NA	Peripheral blood (PB) cells	SRP126972	SRS2766981	0.996	0.376	3.863	0.603	0.015	1.000	1207.01	10305	0.0	0
SRX3481011	Peripheral blood (PB)	Peripheral blood (PB) cells	NA	Peripheral blood (PB) cells	SRP126972	SRS2766982	0.996	0.356	3.638	0.602	0.011	1.000	1160.77	9503	93913058.0	1
SRX3481012	Peripheral blood (PB)	Peripheral blood (PB) cells	NA	Peripheral blood (PB) cells	SRP126972	SRS2766998	0.998	0.435	3.648	0.688	0.030	1.000	1434.38	12646	0.0	0
SRX3481013	Peripheral blood (PB)	Peripheral blood (PB) cells	NA	Peripheral blood (PB) cells	SRP126972	SRS2766983	0.997	0.415	3.853	0.650	0.027	1.000	1340.71	11700	63287370.0	1
SRX3481014	Peripheral blood (PB)	Peripheral blood (PB) cells	NA	Peripheral blood (PB) cells	SRP126972	SRS2766984	0.997	0.426	3.868	0.681	0.029	1.000	1282.84	13364	0.0	0
SRX3481015	Peripheral blood (PB)	Peripheral blood (PB) cells	NA	Peripheral blood (PB) cells	SRP126972	SRS2766985	0.997	0.440	3.712	0.667	0.028	1.000	1336.93	12622	0.0	0
SRX3481016	Peripheral blood (PB)	Peripheral blood (PB) cells	NA	Peripheral blood (PB) cells	SRP126972	SRS2766986	0.997	0.434	3.641	0.630	0.045	1.000	1430.15	11938	0.0	0
SRX3481017	Peripheral blood (PB)	Peripheral blood (PB) cells	NA	Peripheral blood (PB) cells	SRP126972	SRS2766987	0.997	0.421	3.681	0.624	0.025	1.000	1299.99	12264	0.0	0
SRX3481018	Peripheral blood (PB)	Peripheral blood (PB) cells	NA	Peripheral blood (PB) cells	SRP126972	SRS2766988	0.997	0.430	3.745	0.627	0.027	1.000	1281.45	12056	0.0	0
SRX3481019	Peripheral blood (PB)	Peripheral blood (PB) cells	NA	Peripheral blood (PB) cells	SRP126972	SRS2766989	0.997	0.403	3.862	0.594	0.032	1.000	1320.57	12648	0.0	0
SRX3481020	Peripheral blood (PB)	Peripheral blood (PB) cells	NA	Peripheral blood (PB) cells	SRP126972	SRS2766990	0.997	0.420	3.654	0.586	0.032	1.000	1278.87	12511	62616693.0	1
SRX3481021	Peripheral blood (PB)	Peripheral blood (PB) cells	NA	Peripheral blood (PB) cells	SRP126972	SRS2766991	0.997	0.412	3.668	0.675	0.020	1.000	1238.13	12783	0.0	0
SRX3481022	Peripheral blood (PB)	Peripheral blood (PB) cells	NA	Peripheral blood (PB) cells	SRP126972	SRS2766992	0.997	0.421	3.649	0.651	0.037	1.000	1451.66	14272	43311795.0	2
SRX3481023	Peripheral blood (PB)	Peripheral blood (PB) cells	NA	Peripheral blood (PB) cells	SRP126972	SRS2766993	0.997	0.424	3.474	0.655	0.020	1.000	1212.49	12333	72448763.0	1
SRX3481024	Peripheral blood (PB)	Peripheral blood (PB) cells	NA	Peripheral blood (PB) cells	SRP126972	SRS2766994	0.996	0.450	3.638	0.551	0.032	1.000	1425.98	11213	62505463.0	1
SRX3481025	Peripheral blood (PB)	Peripheral blood (PB) cells	NA	Peripheral blood (PB) cells	SRP126972	SRS2766995	0.996	0.446	3.638	0.537	0.028	1.000	1455.92	10502	0.0	0
SRX3481026	Peripheral blood (PB)	Peripheral blood (PB) cells	NA	Peripheral blood (PB) cells	SRP126972	SRS2766996	0.996	0.460	3.947	0.567	0.033	1.000	1412.64	11841	42787790.0	1
SRX3481027	Peripheral blood (PB)	Peripheral blood (PB) cells	NA	Peripheral blood (PB) cells	SRP126972	SRS2766997	0.997	0.449	3.629	0.537	0.030	1.000	1432.25	11085	0.0	0
SRX3491867	Embryonic Kidney Blood Skin	Epithelial; B-Lymphocyte;Fibroblast	Embryonic Kidney; Blood; Skin	NA	SRP127273	SRS2775726	0.985	0.511	4.815	0.049	0.255	0.893	20835.23	13949	1511820.59	998
SRX3491868	Embryonic Kidney Blood Skin	Epithelial; B-Lymphocyte;Fibroblast	Embryonic Kidney; Blood; Skin	NA	SRP127273	SRS2775726	0.989	0.500	9.379	0.527	0.138	0.924	18513.05	21901	1447338.1	1035
SRX3518429	Embryonic Kidney Cell Line	Human embryonic kidney cell line	NA	Human embryonic kidney cells	SRP095006	SRS2795465	0.985	0.576	11.810	0.690	0.609	0.952	10865.5	69736	309951.74	2852
SRX3518430	Embryonic Kidney Cell Line	Human embryonic kidney cell line	NA	Human embryonic kidney cells	SRP095006	SRS2795466	0.985	0.589	12.261	0.733	0.559	0.952	10477.76	72867	309391.17	2878
SRX3518431	Embryonic Kidney Cell Line	Human embryonic kidney cell line	NA	Human embryonic kidney cells	SRP095006	SRS2795467	0.985	0.586	11.578	0.686	0.602	0.952	10811.63	70273	312182.59	2843
SRX3518432	Embryonic Kidney Cell Line	Human embryonic kidney cell line	NA	Human embryonic kidney cells	SRP095006	SRS2795468	0.986	0.585	12.828	0.747	0.531	0.953	9166.61	81848	297246.92	3011
SRX3518433	Embryonic Kidney Cell Line	Human embryonic kidney cell line	NA	Human embryonic kidney cells	SRP095006	SRS2795469	0.985	0.579	12.048	0.711	0.549	0.952	9470.05	78537	294694.4	3007
SRX3518434	Embryonic Kidney Cell Line	Human embryonic kidney cell line	NA	Human embryonic kidney cells	SRP095006	SRS2795470	0.986	0.571	12.847	0.658	0.544	0.953	9456.95	77988	292795.4	3001
SRX3518436	Heart Left Ventricle	cardiac myocyte nuclei	heart, left ventricle	NA	SRP127667	SRS2795473	0.992	0.749	16.093	0.820	0.802	0.962	1011.95	56360	20987.65	3201
SRX3518437	Heart Left Ventricle	SIRPA+ cardiac myocytes	heart, left ventricle	NA	SRP127667	SRS2795472	0.988	0.666	8.095	0.695	0.797	0.949	1201.7	38673	19724.19	1693
SRX3518443	Heart Left Ventricle	cardiac myocyte nuclei	heart, left ventricle	NA	SRP127667	SRS2795471	0.993	0.747	18.804	0.800	0.471	0.966	914.97	68774	19759.56	3707
SRX3518444	Heart Left Ventricle	SIRPA+ cardiac myocytes	heart, left ventricle	NA	SRP127667	SRS2795474	0.992	0.726	9.069	0.776	0.814	0.953	1092.55	47359	12922.46	3182
SRX3518449	Heart Left Ventricle	cardiac myocyte nuclei	heart, left ventricle	NA	SRP127667	SRS2795476	0.995	0.731	10.387	0.852	0.884	0.957	1023.18	65500	19233.38	3843
SRX3518461	Heart Left Ventricle	cardiac myocyte nuclei	heart, left ventricle	NA	SRP127667	SRS2795477	0.987	0.783	1.662	0.847	0.952	0.746	1795.21	33051	87546.13	848
SRX3518464	Heart Left Ventricle	cardiac myocyte nuclei	heart, left ventricle	NA	SRP127667	SRS2795477	0.996	0.726	9.275	0.844	0.945	0.954	1034.89	61968	27879.97	2547
SRX3518465	Heart Left Ventricle	cardiac myocyte nuclei	heart, left ventricle	NA	SRP127667	SRS2795480	0.987	0.776	9.817	0.720	0.927	0.942	1021.53	57441	16854.1	3277
SRX3518493	Heart Left Ventricle	cardiac myocyte nuclei	heart, left ventricle	NA	SRP127667	SRS2795478	0.992	0.735	7.808	0.839	0.664	0.952	1107.8	58070	33006.12	2294
SRX3518495	Heart Left Ventricle	cardiac myocyte nuclei	heart, left ventricle	NA	SRP127667	SRS2795478	0.992	0.789	1.908	0.875	0.967	0.778	1765.43	36689	107244.68	825
SRX3518515	Heart Left Ventricle	cardiac myocyte nuclei	heart, left ventricle	NA	SRP127667	SRS2795487	0.991	0.775	2.170	0.862	0.949	0.813	1670.92	31767	87362.78	795
SRX3518537	Heart Left Ventricle	cardiac myocyte nuclei	heart, left ventricle	NA	SRP127667	SRS2795485	0.994	0.726	9.592	0.856	0.709	0.956	1016.41	64868	28853.62	2889
SRX3518549	Heart Left Ventricle	cardiac myocyte nuclei	heart, left ventricle	NA	SRP127667	SRS2795481	0.992	0.739	9.060	0.855	0.794	0.954	1051.65	58399	33939.37	2133
SRX3518555	Heart Left Ventricle	cardiac myocyte nuclei	heart, left ventricle	NA	SRP127667	SRS2795483	0.975	0.742	4.527	0.860	0.229	0.931	1375.5	40643	44522.24	1343
SRX3518556	Heart Left Ventricle	cardiac myocyte nuclei	heart, left ventricle	NA	SRP127667	SRS2795496	0.994	0.726	10.437	0.848	0.840	0.957	1016.64	63426	17539.58	3811
SRX3518557	Heart Left Ventricle	cardiac myocyte nuclei	heart, left ventricle	NA	SRP127667	SRS2795497	0.991	0.724	5.497	0.865	0.221	0.944	1245.12	49359	41525.32	1743
SRX3518558	Heart Left Ventricle	cardiac myocyte nuclei	heart, left ventricle	NA	SRP127667	SRS2795498	0.987	0.743	6.950	0.868	0.417	0.949	1181.0	53452	32450.25	2501
SRX3518560	Heart Left Ventricle	cardiac myocyte nuclei	heart, left ventricle	NA	SRP127667	SRS2795484	0.992	0.743	9.636	0.859	0.799	0.955	1004.25	65311	27304.87	2903
SRX3554438	Whole Organoid	NA	whole organoid	Whole organoids	SRP128919	SRS2827799	0.985	0.833	9.199	0.867	0.986	0.938	2467.35	41417	128711.11	1791
SRX3554439	Whole Organoid	NA	whole organoid	Whole organoids	SRP128919	SRS2827803	0.985	0.838	8.811	0.870	0.990	0.940	2540.17	42118	198383.07	1228
SRX3579865	Lung	Bronchial	Lung	NA	SRP130768	SRS2849288	0.910	0.648	2.700	0.228	0.408	0.734	1634.65	33175	81573.84	205
SRX3579866	Blood	T	Blood	NA	SRP130768	SRS2849287	0.976	0.671	5.069	0.700	0.841	0.892	1439.97	30135	27959.99	312
SRX3579867	Blood	T	Blood	NA	SRP130768	SRS2849290	0.976	0.683	5.755	0.673	0.769	0.895	1367.83	30718	27897.93	626
SRX3579868	Lung	Alveolar	Lung	NA	SRP130768	SRS2849289	0.985	0.607	6.723	0.671	0.365	0.841	1334.34	31312	44362.6	392
SRX3579869	Lung	Bronchial	Lung	NA	SRP130768	SRS2849291	0.984	0.662	5.975	0.762	0.617	0.891	1388.5	33272	26209.37	568
SRX3579870	Blood	T	Blood	NA	SRP130768	SRS2849292	0.978	0.694	3.855	0.722	0.900	0.838	1495.5	29059	37222.89	321
SRX3579871	Blood	T	Blood	NA	SRP130768	SRS2849293	0.982	0.668	8.169	0.746	0.821	0.900	1314.71	32378	21589.89	603
SRX3579873	Blood	T	Blood	NA	SRP130768	SRS2849295	0.981	0.689	7.526	0.754	0.833	0.894	1335.13	32465	23016.22	421
SRX3579874	Lung	Alveolar	Lung	NA	SRP130768	SRS2849297	0.984	0.652	6.289	0.570	0.394	0.854	1364.87	31629	39141.45	406
SRX3579875	Lung	Bronchial	Lung	NA	SRP130768	SRS2849296	0.985	0.685	3.234	0.786	0.198	0.798	1653.8	33266	66051.38	352
SRX3579876	Lung	Alveolar	Lung	NA	SRP130768	SRS2849298	0.984	0.690	6.589	0.781	0.487	0.903	1346.25	32818	38337.18	516
SRX3579877	Blood	T	Blood	NA	SRP130768	SRS2849299	0.978	0.671	6.048	0.693	0.840	0.862	1325.58	32206	28666.8	524
SRX3579879	Blood	T	Blood	NA	SRP130768	SRS2849302	0.984	0.685	7.034	0.763	0.783	0.903	1348.85	32742	24578.65	406
SRX3579880	Blood	T	Blood	NA	SRP130768	SRS2849301	0.976	0.679	6.161	0.695	0.824	0.900	1385.94	31520	21447.07	529
SRX3579881	Blood	T	Blood	NA	SRP130768	SRS2849303	0.982	0.679	7.199	0.751	0.797	0.898	1334.77	32135	20893.23	708
SRX3579882	Lung	Alveolar	Lung	NA	SRP130768	SRS2849304	0.954	0.638	5.134	0.756	0.357	0.790	1411.04	29595	51777.95	303
SRX3579883	Blood	T	Blood	NA	SRP130768	SRS2849305	0.982	0.716	6.944	0.751	0.747	0.897	1302.59	34066	23693.86	694
SRX3579884	Blood	T	Blood	NA	SRP130768	SRS2849306	0.983	0.678	5.792	0.751	0.761	0.886	1403.85	31329	24008.84	445
SRX3579893	Lung	Alveolar	Lung	NA	SRP130768	SRS2849310	0.986	0.644	4.739	0.777	0.232	0.836	1393.32	30027	48784.53	293
SRX3579895	Lung	Bronchial	Lung	NA	SRP130768	SRS2849312	0.981	0.650	2.711	0.585	0.261	0.765	1749.41	35718	76123.12	389
SRX3579898	Lung	Alveolar	Lung	NA	SRP130768	SRS2849313	0.984	0.639	8.211	0.727	0.359	0.886	1307.27	30769	27569.85	456
SRX3579901	Lung	Alveolar	Lung	NA	SRP130768	SRS2849294	0.984	0.646	4.902	0.739	0.499	0.826	1426.37	30343	42190.69	303
SRX3579906	Lung	Alveolar	Lung	NA	SRP130768	SRS2849314	0.983	0.611	3.051	0.744	0.130	0.717	1575.28	27698	65272.23	166
SRX3579914	Lung	Bronchial	Lung	NA	SRP130768	SRS2849309	0.984	0.634	3.615	0.743	0.211	0.755	1573.29	36810	69937.33	249
SRX3579916	Lung	Bronchial	Lung	NA	SRP130768	SRS2849320	0.984	0.653	5.053	0.743	0.752	0.882	1530.37	35752	39239.51	576
SRX3579917	Lung	Bronchial	Lung	NA	SRP130768	SRS2849319	0.984	0.676	5.705	0.743	0.707	0.885	1343.9	49184	37900.56	764
SRX3579918	Lung	Alveolar	Lung	NA	SRP130768	SRS2849315	0.985	0.637	4.626	0.728	0.703	0.812	1434.58	30468	49303.52	237
SRX3579919	Blood	T	Blood	NA	SRP130768	SRS2849300	0.972	0.662	5.434	0.714	0.916	0.888	1504.19	28554	27231.39	277
SRX3579920	Lung	Alveolar	Lung	NA	SRP130768	SRS2849316	0.985	0.653	4.025	0.748	0.621	0.829	1477.96	31165	51615.03	409
SRX3579921	Lung	Bronchial	Lung	NA	SRP130768	SRS2849321	0.912	0.665	3.158	0.322	0.362	0.787	1569.62	36008	52224.67	257
SRX3579922	Lung	Bronchial	Lung	NA	SRP130768	SRS2849322	0.903	0.651	2.844	0.277	0.350	0.722	1634.52	34185	82515.43	188
SRX3579923	Lung	Alveolar	Lung	NA	SRP130768	SRS2849317	0.984	0.638	6.143	0.719	0.391	0.856	1373.14	30532	37782.51	207
SRX3579924	Lung	Alveolar	Lung	NA	SRP130768	SRS2849318	0.982	0.626	4.212	0.673	0.343	0.755	1485.06	29490	55238.69	135
SRX3579928	Lung	Bronchial	Lung	NA	SRP130768	SRS2849307	0.983	0.638	2.444	0.746	0.248	0.711	1704.14	35611	78116.19	146
SRX3584970	Cord blood CD4+	Cord blood CD4+ cells	NA	Cord blood CD4+ cells	SRP130992	SRS2853847	0.991	0.733	9.890	0.575	0.694	0.953	1048.74	47200	14531.78	1967
SRX3584971	Cord blood CD4+	Cord blood CD4+ cells	NA	Cord blood CD4+ cells	SRP130992	SRS2853849	0.988	0.754	8.865	0.665	0.611	0.949	1063.15	47601	16602.7	2024
SRX3584972	Cord blood CD4+	Cord blood CD4+ cells	NA	Cord blood CD4+ cells	SRP130992	SRS2853850	0.988	0.745	6.307	0.588	0.636	0.931	1208.03	40661	19518.36	1311
SRX3584973	Cord blood CD4+	Cord blood CD4+ cells	NA	Cord blood CD4+ cells	SRP130992	SRS2853851	0.986	0.750	8.210	0.624	0.623	0.946	1137.83	43927	14494.56	2021
SRX3584974	Cord blood CD4+	Cord blood CD4+ cells	NA	Cord blood CD4+ cells	SRP130992	SRS2857944	0.990	0.746	8.096	0.620	0.570	0.948	1094.9	44945	19467.56	1376
SRX3584975	Cord blood CD4+	Cord blood CD4+ cells	NA	Cord blood CD4+ cells	SRP130992	SRS2857945	0.985	0.770	9.479	0.673	0.650	0.952	1083.7	47336	16198.16	2129
SRX3584976	Cord blood CD4+	Cord blood CD4+ cells	NA	Cord blood CD4+ cells	SRP130992	SRS2853852	0.984	0.778	9.234	0.691	0.616	0.952	1081.34	47950	14919.81	1942
SRX3584977	Cord blood CD4+	Cord blood CD4+ cells	NA	Cord blood CD4+ cells	SRP130992	SRS2853853	0.985	0.767	8.163	0.693	0.627	0.948	1099.01	46690	21124.27	1427
SRX3584978	Cord blood CD4+	Cord blood CD4+ cells	NA	Cord blood CD4+ cells	SRP130992	SRS2853854	0.983	0.786	7.429	0.713	0.628	0.944	1152.6	44735	16779.93	1867
SRX3584979	Cord blood CD4+	Cord blood CD4+ cells	NA	Cord blood CD4+ cells	SRP130992	SRS2853855	0.986	0.754	8.458	0.613	0.612	0.951	1129.51	45416	16377.59	2074
SRX3584980	Cord blood CD4+	Cord blood CD4+ cells	NA	Cord blood CD4+ cells	SRP130992	SRS2853920	0.983	0.758	8.245	0.619	0.631	0.947	1131.94	45677	14262.54	2002
SRX3584981	Cord blood CD4+	Cord blood CD4+ cells	NA	Cord blood CD4+ cells	SRP130992	SRS2853856	0.988	0.736	7.633	0.586	0.695	0.943	1131.6	43076	22112.39	1337
SRX3584982	Cord blood CD4+	Cord blood CD4+ cells	NA	Cord blood CD4+ cells	SRP130992	SRS2853858	0.985	0.752	8.577	0.626	0.660	0.946	1104.06	45390	19128.96	1316
SRX3584983	Cord blood CD4+	Cord blood CD4+ cells	NA	Cord blood CD4+ cells	SRP130992	SRS2853857	0.986	0.756	9.836	0.640	0.623	0.952	1077.19	47226	16394.12	1872
SRX3584984	Cord blood CD4+	Cord blood CD4+ cells	NA	Cord blood CD4+ cells	SRP130992	SRS2853860	0.989	0.755	8.412	0.659	0.650	0.945	1074.26	46157	14858.31	1666
SRX3584985	Cord blood CD4+	Cord blood CD4+ cells	NA	Cord blood CD4+ cells	SRP130992	SRS2853859	0.986	0.763	9.192	0.671	0.600	0.952	1080.99	47464	14984.11	2047
SRX3584986	Cord blood CD4+	Cord blood CD4+ cells	NA	Cord blood CD4+ cells	SRP130992	SRS2853927	0.986	0.755	8.579	0.622	0.634	0.950	1102.98	46567	16003.02	1950
SRX3584987	Cord blood CD4+	Cord blood CD4+ cells	NA	Cord blood CD4+ cells	SRP130992	SRS2853862	0.985	0.764	7.636	0.627	0.628	0.946	1158.54	43129	14682.36	1930
SRX3584988	Cord blood CD4+	Cord blood CD4+ cells	NA	Cord blood CD4+ cells	SRP130992	SRS2853861	0.991	0.768	8.113	0.653	0.720	0.947	1066.6	46022	15473.2	1879
SRX3584989	Cord blood CD4+	Cord blood CD4+ cells	NA	Cord blood CD4+ cells	SRP130992	SRS2853863	0.988	0.765	7.647	0.681	0.667	0.947	1099.59	45024	20980.0	1429
SRX3589714	Ovarian	NA	Ovarian	Resistant cisplatin A2780 ovarian cancer cell line	SRP131087	SRS2857955	0.943	0.639	36.563	0.856	0.766	0.954	13028.68	69336	696004.34	1754
SRX3589715	Ovarian	NA	Ovarian	Sensitive cisplatin A2780 ovarian cancer cell line	SRP131087	SRS2857956	0.956	0.641	34.264	0.854	0.736	0.955	12670.12	71847	746113.36	1740
SRX3589716	Lung	NA	Lung	Resistant cisplatin H23 lung cancer cell line	SRP131087	SRS2861418	0.999	0.682	32.060	0.842	0.897	0.933	6756.02	77226	340756.09	2425
SRX3589717	Lung	NA	Lung	Sensitive cisplatin H23 lung cancer cell line	SRP131087	SRS2857959	0.999	0.673	34.782	0.855	0.891	0.936	6661.88	74090	304114.97	2686
SRX3589718	Lung	NA	Lung	Resistant cisplatin H460 lung cancer cell line	SRP131087	SRS2857957	0.999	0.557	31.480	0.816	0.870	0.939	8521.37	72676	270976.08	3308
SRX3589719	Lung	NA	Lung	Sensitive cisplatin H460 lung cancer cell line	SRP131087	SRS2861419	0.999	0.570	30.370	0.823	0.859	0.946	8695.04	76357	294303.56	3283
SRX3589720	Ovarian	NA	Ovarian	Resistant cisplatin OVCAR3 ovarian cancer cell line	SRP131087	SRS2857960	0.957	0.706	33.716	0.856	0.808	0.951	6066.15	70004	298455.93	1902
SRX3589721	Ovarian	NA	Ovarian	Sensitive cisplatin OVCAR3 ovarian cancer cell line	SRP131087	SRS2857958	0.961	0.675	33.349	0.854	0.847	0.945	6484.98	66359	236479.05	2236
SRX3590972	Motile Semen	NA	NA	motile semen	SRP131112	SRS2859167	0.958	0.432	2.121	0.606	0.054	1.000	1681.91	3034	21856663.7	10
SRX3590973	Motile Semen	NA	NA	motile semen	SRP131112	SRS2859166	0.968	0.444	2.086	0.608	0.059	1.000	1617.54	2562	0.0	0
SRX3590974	Motile Semen	NA	NA	motile semen	SRP131112	SRS2859165	0.962	0.446	2.101	0.580	0.057	1.000	1724.56	1959	3664917.0	5
SRX3590975	Motile Semen	NA	NA	motile semen	SRP131112	SRS2859164	0.974	0.449	2.087	0.610	0.055	1.000	1773.77	1720	20141089.43	7
SRX3590976	Motile Semen	NA	NA	motile semen	SRP131112	SRS2861787	0.962	0.454	2.102	0.619	0.061	1.000	1679.86	3462	6950396.17	6
SRX3590977	Motile Semen	NA	NA	motile semen	SRP131112	SRS2859168	0.959	0.452	2.097	0.616	0.058	1.000	1648.68	2267	4329687.0	1
SRX3590978	Motile Semen	NA	NA	motile semen	SRP131112	SRS2861526	0.962	0.444	2.061	0.625	0.077	1.000	1590.76	1477	10713104.67	6
SRX3590979	Motile Semen	NA	NA	motile semen	SRP131112	SRS2859174	0.962	0.463	2.058	0.612	0.076	1.000	3244.0	20	568762.25	4
SRX3590981	Motile Semen	NA	NA	motile semen	SRP131112	SRS2859172	0.942	0.463	2.146	0.557	0.049	1.000	1659.54	3393	12322444.0	1
SRX3590985	Motile Semen	NA	NA	motile semen	SRP131112	SRS2859175	0.944	0.391	2.344	0.778	0.127	1.000	1381.26	9231	38884278.1	10
SRX3590986	Motile Semen	NA	NA	motile semen	SRP131112	SRS2859178	0.969	0.369	2.393	0.771	0.084	1.000	1328.77	12711	113452085.67	3
SRX3590987	Motile Semen	NA	NA	motile semen	SRP131112	SRS2859176	0.966	0.367	2.441	0.773	0.077	1.000	1262.71	14014	99909864.6	5
SRX3590988	Motile Semen	NA	NA	motile semen	SRP131112	SRS2859179	0.945	0.433	2.199	0.769	0.209	1.000	1220.1	4722	6841307.5	6
SRX3590989	Motile Semen	NA	NA	motile semen	SRP131112	SRS2859182	0.955	0.385	2.425	0.788	0.094	1.000	1363.71	13073	67948917.67	9
SRX3590990	Motile Semen	NA	NA	motile semen	SRP131112	SRS2859177	0.965	0.372	2.481	0.781	0.062	1.000	1403.21	13046	108187048.33	3
SRX3590991	Motile Semen	NA	NA	motile semen	SRP131112	SRS2859183	0.950	0.409	2.422	0.763	0.092	1.000	1378.77	11730	90994952.43	7
SRX3590992	Motile Semen	NA	NA	motile semen	SRP131112	SRS2859180	0.961	0.372	2.736	0.696	0.068	1.000	1405.16	14624	89713707.33	6
SRX3590993	Motile Semen	NA	NA	motile semen	SRP131112	SRS2859181	0.936	0.421	2.347	0.700	0.098	1.000	1363.91	10912	103476050.25	4
SRX3590995	Motile Semen	NA	NA	motile semen	SRP131112	SRS2859184	0.971	0.412	2.313	0.715	0.169	1.000	1146.15	6711	96437563.17	6
SRX3590996	Motile Semen	NA	NA	motile semen	SRP131112	SRS2859186	0.954	0.390	2.113	0.613	0.057	1.000	1835.15	2227	13065642.5	2
SRX3590997	Motile Semen	NA	NA	motile semen	SRP131112	SRS2859188	0.966	0.440	2.064	0.615	0.081	1.000	1642.43	1223	852863.6	5
SRX3590998	Motile Semen	NA	NA	motile semen	SRP131112	SRS2859187	0.963	0.469	2.093	0.588	0.056	1.000	1663.09	2686	10125717.29	7
SRX3590999	Motile Semen	NA	NA	motile semen	SRP131112	SRS2859189	0.973	0.405	2.065	0.615	0.080	1.000	1694.69	819	2715376.4	5
SRX3591000	Motile Semen	NA	NA	motile semen	SRP131112	SRS2861528	0.962	0.399	2.112	0.575	0.051	1.000	1686.68	3218	10336624.5	4
SRX3591001	Motile Semen	NA	NA	motile semen	SRP131112	SRS2861527	0.952	0.457	2.079	0.611	0.061	1.000	1621.48	2089	3301677.0	2
SRX3591002	Motile Semen	NA	NA	motile semen	SRP131112	SRS2859190	0.959	0.443	2.068	0.609	0.069	1.000	1686.32	951	7737216.33	3
SRX3591003	Motile Semen	NA	NA	motile semen	SRP131112	SRS2861529	0.962	0.441	2.095	0.620	0.054	1.000	1713.92	1657	13511490.0	3
SRX3591004	Motile Semen	NA	NA	motile semen	SRP131112	SRS2859191	0.952	0.461	2.170	0.540	0.046	1.000	1694.96	4133	89122187.0	6
SRX3591005	Motile Semen	NA	NA	motile semen	SRP131112	SRS2859193	0.938	0.468	2.146	0.564	0.044	1.000	1648.33	5796	95610386.67	6
SRX3591006	Motile Semen	NA	NA	motile semen	SRP131112	SRS2859192	0.934	0.463	2.105	0.531	0.062	1.000	1608.73	1933	3922342.67	3
SRX3591007	Motile Semen	NA	NA	motile semen	SRP131112	SRS2859194	0.909	0.462	2.076	0.557	0.134	1.000	1516.98	1392	3571520.0	1
SRX3630720	Dorsal Lateral Prefrontal Cortex	NA	dorsal lateral prefrontal cortex	ASDM_7	SRP131790	SRS2897435	0.984	0.745	4.461	0.798	0.940	0.895	1360.61	31589	43236.85	1145
SRX3630721	Dorsal Lateral Prefrontal Cortex	NA	dorsal lateral prefrontal cortex	ASDM_8	SRP131790	SRS2897436	0.984	0.740	5.154	0.780	0.935	0.905	1309.21	32572	35473.66	1002
SRX3630722	Dorsal Lateral Prefrontal Cortex	NA	dorsal lateral prefrontal cortex	ASDF_1	SRP131790	SRS2897437	0.992	0.741	5.401	0.816	0.944	0.909	1279.95	41504	58344.65	1517
SRX3630723	Dorsal Lateral Prefrontal Cortex	NA	dorsal lateral prefrontal cortex	ASDF_2	SRP131790	SRS2897438	0.983	0.723	5.151	0.781	0.937	0.903	1325.18	32643	37216.66	1136
SRX3630724	Dorsal Lateral Prefrontal Cortex	NA	dorsal lateral prefrontal cortex	ASDM_9	SRP131790	SRS2897439	0.989	0.732	4.749	0.804	0.928	0.897	1275.5	35552	39005.39	856
SRX3630725	Dorsal Lateral Prefrontal Cortex	NA	dorsal lateral prefrontal cortex	ASDF_3	SRP131790	SRS2897440	0.983	0.726	4.325	0.804	0.928	0.882	1349.11	32893	50860.46	865
SRX3630726	Dorsal Lateral Prefrontal Cortex	NA	dorsal lateral prefrontal cortex	ASDF_4	SRP131790	SRS2897441	0.989	0.765	3.976	0.832	0.851	0.888	1349.02	37179	65128.1	1163
SRX3630727	Dorsal Lateral Prefrontal Cortex	NA	dorsal lateral prefrontal cortex	ASDM_10	SRP131790	SRS2897442	0.979	0.723	5.144	0.804	0.931	0.895	1316.62	39416	59179.4	1148
SRX3630728	Dorsal Lateral Prefrontal Cortex	NA	dorsal lateral prefrontal cortex	ASDM_11	SRP131790	SRS2897443	0.981	0.732	4.611	0.691	0.939	0.887	1372.26	31656	45056.98	1093
SRX3630730	Dorsal Lateral Prefrontal Cortex	NA	dorsal lateral prefrontal cortex	CtrlM_5	SRP131790	SRS2897445	0.979	0.749	5.549	0.811	0.916	0.903	1330.89	32258	36348.43	1126
SRX3630731	Dorsal Lateral Prefrontal Cortex	NA	dorsal lateral prefrontal cortex	CtrlF_1	SRP131790	SRS2897446	0.975	0.758	5.399	0.817	0.916	0.906	1336.97	32873	39467.71	1338
SRX3630732	Dorsal Lateral Prefrontal Cortex	NA	dorsal lateral prefrontal cortex	CtrlF_2	SRP131790	SRS2897447	0.981	0.756	5.568	0.836	0.929	0.909	1334.48	33745	48966.45	1633
SRX3630733	Dorsal Lateral Prefrontal Cortex	NA	dorsal lateral prefrontal cortex	CtrlF_3	SRP131790	SRS2897448	0.983	0.755	4.899	0.818	0.933	0.902	1309.22	39913	49975.66	1323
SRX3630734	Dorsal Lateral Prefrontal Cortex	NA	dorsal lateral prefrontal cortex	CtrlF_4	SRP131790	SRS2897450	0.985	0.751	5.329	0.824	0.947	0.908	1293.38	37746	52096.27	1384
SRX3630735	Dorsal Lateral Prefrontal Cortex	NA	dorsal lateral prefrontal cortex	CtrlF_5	SRP131790	SRS2897449	0.977	0.742	5.732	0.792	0.926	0.908	1339.7	33527	48556.13	1239
SRX3636795	ALL xenograft cells	NA	ALL xenograft cells	ALL xenograft cells	SRP131900	SRS2903299	0.989	0.722	12.439	0.558	0.799	0.957	1175.98	65434	9931.71	1843
SRX3636796	ALL xenograft cells	NA	ALL xenograft cells	ALL xenograft cells	SRP131900	SRS2903298	0.996	0.740	12.733	0.774	0.837	0.957	1014.53	78998	10413.27	2199
SRX3653919	immortalized BJ foreskin fibroblast cell line	immortalized BJ foreskin fibroblast cell line	NA	BJ Fibroblasts	SRP132292	SRS2918225	0.960	0.536	11.927	0.812	0.970	0.937	12281.24	75004	432478.43	2911
SRX3664181	Sperm	Sperm	NA	Sperm	SRP074598	SRS2926775	0.975	0.546	10.002	0.511	0.802	0.823	2252.39	66536	218658.53	579
SRX3664182	Sperm	Sperm	NA	Sperm	SRP074598	SRS2926776	0.971	0.616	7.597	0.537	0.816	0.801	2214.56	60704	205092.68	629
SRX3664275	ICM	ICM	NA	TE	SRP074598	SRS2926867	0.979	0.219	3.632	0.535	0.808	0.741	1354630.0	1	0.0	0
SRX3664286	Heart	Heart	NA	Heart	SRP074598	SRS2926877	0.977	0.704	12.157	0.382	0.853	0.952	1111.49	45280	23712.12	1627
SRX3664287	Heart	Heart	NA	Heart	SRP074598	SRS2926878	0.978	0.705	12.334	0.360	0.793	0.953	1110.15	45384	22832.87	1911
SRX3664288	Villus	Villus	NA	Villus	SRP074598	SRS2926879	0.928	0.579	6.064	0.169	0.761	0.928	13043.34	30966	977372.76	1281
SRX3664289	Villus	Villus	NA	Villus	SRP074598	SRS2926880	0.922	0.579	4.924	0.139	0.822	0.915	11557.19	31223	1081799.63	1135
SRX3664290	Heart	Heart	NA	Heart	SRP074598	SRS2926881	0.973	0.713	13.584	0.412	0.823	0.959	1055.08	48496	19617.76	2035
SRX3664291	Heart	Heart	NA	Heart	SRP074598	SRS2926882	0.971	0.708	12.600	0.411	0.843	0.957	1071.49	47527	28645.0	1430
SRX3688984	Colon	NA	colon	colon	SRP132785	SRS2948592	0.985	0.564	15.016	0.416	0.302	0.918	1112.01	30490	12338.59	210
SRX3688985	Colon	NA	colon	colon	SRP132785	SRS2948593	0.988	0.701	29.060	0.798	0.821	0.948	1138.74	40396	8903.18	2372
SRX3688986	Blood	NA	Blood	Blood	SRP132785	SRS2948594	0.988	0.739	34.035	0.777	0.706	0.953	894.19	63553	8471.88	3489
SRX370354	Embryonic Semi-Differentiated Kidley	embryonic semi-differentiated kidley cells	NA	HEK293 cells	SRP032354	SRS495874	0.994	0.650	30.647	0.817	0.918	0.952	6201.26	131387	412196.67	2265
SRX370355	Embryonic Semi-Differentiated Kidley	embryonic semi-differentiated kidley cells	NA	HEK293 cells	SRP032354	SRS495875	0.996	0.665	28.530	0.845	0.923	0.952	6521.6	123596	426745.73	2151
SRX3763546	Blood	NA	peripheral blood	NA	SRP133910	SRS3018527	0.977	0.794	6.984	0.778	0.700	0.916	1108.14	44663	27835.32	512
SRX3763547	Blood	NA	Blood	NA	SRP133910	SRS3018528	0.982	0.574	21.368	0.850	0.672	0.966	12305.93	47209	1262903.9	1277
SRX3763548	Blood	NA	Blood	NA	SRP133910	SRS3018528	0.991	0.576	6.896	0.799	0.687	0.934	13603.17	30141	1310607.26	1271
SRX3763549	Blood	NA	Blood	NA	SRP133910	SRS3018528	0.976	0.596	7.790	0.780	0.598	0.926	11269.17	33681	1562266.41	977
SRX3763550	Blood	NA	peripheral blood	NA	SRP133910	SRS3018527	0.983	0.799	19.791	0.851	0.263	0.938	1071.03	59077	17419.23	1274
SRX3763551	Blood	NA	Blood	NA	SRP133910	SRS3018528	0.996	0.554	19.150	0.880	0.675	0.962	12931.75	44706	1265187.38	1285
SRX3763552	Blood	NA	Blood	NA	SRP133910	SRS3018528	0.986	0.609	18.344	0.846	0.219	0.942	10544.06	37686	1735492.36	818
SRX3763553	Blood	Lymphoblastoid cell line	Blood	NA	SRP133910	SRS3018529	0.991	0.534	5.623	0.783	0.708	0.942	23362.37	18017	1134616.91	1502
SRX3763554	Blood	NA	Blood	NA	SRP133910	SRS3018528	0.993	0.575	6.111	0.832	0.706	0.928	14086.78	30319	1296465.35	1285
SRX3763555	Blood	NA	Blood	NA	SRP133910	SRS3018528	0.988	0.559	3.881	0.851	0.796	0.910	18022.07	22381	1353010.49	1219
SRX3763556	Blood	NA	Blood	NA	SRP133910	SRS3018528	0.990	0.558	8.620	0.849	0.741	0.952	15947.77	31141	1336499.62	1218
SRX3763557	Blood	NA	peripheral blood	NA	SRP133910	SRS3018527	0.986	0.804	3.806	0.838	0.790	0.902	1288.09	38950	42588.29	504
SRX3763558	Blood	NA	peripheral blood	NA	SRP133910	SRS3018527	0.990	0.800	8.170	0.848	0.748	0.947	1177.37	51821	21988.55	1298
SRX3763559	Blood	NA	Blood	NA	SRP133910	SRS3018528	0.979	0.597	4.284	0.762	0.755	0.878	8865.56	29232	1701344.76	887
SRX3763560	Blood	NA	peripheral blood	NA	SRP133910	SRS3018527	0.979	0.797	2.495	0.805	0.691	0.802	1310.53	34200	60893.37	138
SRX3763561	Blood	Lymphoblastoid cell line	Blood	NA	SRP133910	SRS3018529	0.991	0.552	8.673	0.787	0.715	0.954	17973.24	28552	1211835.68	1386
SRX3763562	Blood	Lymphoblastoid cell line	Blood	NA	SRP133910	SRS3018529	0.992	0.536	5.758	0.795	0.711	0.940	23536.37	18810	1117634.88	1535
SRX3765366	PBMC	NA	Peripheral Blood Mononuclear Cells	Peripheral Blood Mononuclear Cells	SRP133941	SRS3020201	0.987	0.747	11.102	0.781	0.230	0.874	1109.42	40396	17762.15	658
SRX3765367	PBMC	NA	Peripheral Blood Mononuclear Cells	Peripheral Blood Mononuclear Cells	SRP133941	SRS3020202	0.993	0.681	14.526	0.848	0.233	0.886	1076.78	41523	17101.9	779
SRX3765368	PBMC	NA	Peripheral Blood Mononuclear Cells	Peripheral Blood Mononuclear Cells	SRP133941	SRS3020203	0.991	0.744	26.110	0.760	0.730	0.895	1007.17	43631	14445.14	1026
SRX3765369	PBMC	NA	Peripheral Blood Mononuclear Cells	Peripheral Blood Mononuclear Cells	SRP133941	SRS3020204	0.992	0.679	17.127	0.855	0.278	0.874	1065.63	41759	17275.24	755
SRX3765370	PBMC	NA	Peripheral Blood Mononuclear Cells	Peripheral Blood Mononuclear Cells	SRP133941	SRS3020205	0.994	0.741	62.103	0.776	0.760	0.924	908.04	51719	7327.4	2887
SRX3765371	PBMC	NA	Peripheral Blood Mononuclear Cells	Peripheral Blood Mononuclear Cells	SRP133941	SRS3020206	0.994	0.762	34.989	0.825	0.887	0.904	924.23	50338	11857.2	1385
SRX3765372	PBMC	NA	Peripheral Blood Mononuclear Cells	Peripheral Blood Mononuclear Cells	SRP133941	SRS3020207	0.987	0.765	44.199	0.839	0.880	0.924	928.99	51847	7329.98	3105
SRX3765373	PBMC	NA	Peripheral Blood Mononuclear Cells	Peripheral Blood Mononuclear Cells	SRP133941	SRS3020208	0.994	0.771	101.534	0.781	0.757	0.943	922.57	55000	0.0	0
SRX3765374	PBMC	NA	Peripheral Blood Mononuclear Cells	Peripheral Blood Mononuclear Cells	SRP133941	SRS3020209	0.991	0.746	11.980	0.835	0.273	0.875	1131.18	39867	18650.07	633
SRX3765375	PBMC	NA	Peripheral Blood Mononuclear Cells	Peripheral Blood Mononuclear Cells	SRP133941	SRS3020210	0.993	0.718	15.369	0.835	0.323	0.877	1078.01	41435	18468.41	644
SRX3765376	PBMC	NA	Peripheral Blood Mononuclear Cells	Peripheral Blood Mononuclear Cells	SRP133941	SRS3020211	0.991	0.726	9.390	0.837	0.232	0.872	1163.39	38272	22686.57	434
SRX3765377	PBMC	NA	Peripheral Blood Mononuclear Cells	Peripheral Blood Mononuclear Cells	SRP133941	SRS3020212	0.993	0.732	8.655	0.833	0.168	0.865	1168.21	38238	20487.36	579
SRX3765378	PBMC	NA	Peripheral Blood Mononuclear Cells	Peripheral Blood Mononuclear Cells	SRP133941	SRS3020213	0.993	0.720	14.753	0.851	0.266	0.857	1079.64	41219	16874.84	732
SRX3765379	PBMC	NA	Peripheral Blood Mononuclear Cells	Peripheral Blood Mononuclear Cells	SRP133941	SRS3020215	0.992	0.737	4.854	0.854	0.089	0.819	1300.29	33754	27432.04	262
SRX3765380	PBMC	NA	Peripheral Blood Mononuclear Cells	Peripheral Blood Mononuclear Cells	SRP133941	SRS3020214	0.992	0.722	5.663	0.832	0.105	0.805	1274.45	34359	25324.64	396
SRX3765381	PBMC	NA	Peripheral Blood Mononuclear Cells	Peripheral Blood Mononuclear Cells	SRP133941	SRS3020216	0.992	0.722	5.537	0.808	0.131	0.771	1266.83	35326	31169.16	238
SRX3765382	PBMC	NA	Peripheral Blood Mononuclear Cells	Peripheral Blood Mononuclear Cells	SRP133941	SRS3020217	0.993	0.710	5.499	0.807	0.099	0.763	1262.81	35005	28580.79	293
SRX3765383	PBMC	NA	Peripheral Blood Mononuclear Cells	Peripheral Blood Mononuclear Cells	SRP133941	SRS3020218	0.992	0.723	6.254	0.827	0.133	0.803	1234.38	35816	25965.41	402
SRX3765384	PBMC	NA	Peripheral Blood Mononuclear Cells	Peripheral Blood Mononuclear Cells	SRP133941	SRS3020219	0.993	0.694	10.499	0.841	0.254	0.881	1138.4	39421	19901.02	574
SRX3765385	PBMC	NA	Peripheral Blood Mononuclear Cells	Peripheral Blood Mononuclear Cells	SRP133941	SRS3020220	0.993	0.719	13.386	0.845	0.369	0.887	1099.24	40982	16791.19	778
SRX3765386	PBMC	NA	Peripheral Blood Mononuclear Cells	Peripheral Blood Mononuclear Cells	SRP133941	SRS3020221	0.993	0.739	8.859	0.865	0.228	0.890	1132.46	40474	17411.9	818
SRX3765387	PBMC	NA	Peripheral Blood Mononuclear Cells	Peripheral Blood Mononuclear Cells	SRP133941	SRS3020222	0.994	0.727	9.770	0.849	0.231	0.881	1116.29	41711	19400.71	727
SRX3765388	PBMC	NA	Peripheral Blood Mononuclear Cells	Peripheral Blood Mononuclear Cells	SRP133941	SRS3020223	0.993	0.735	7.156	0.865	0.173	0.884	1168.05	39330	21386.56	555
SRX3765389	PBMC	NA	Peripheral Blood Mononuclear Cells	Peripheral Blood Mononuclear Cells	SRP133941	SRS3020224	0.993	0.741	7.552	0.885	0.168	0.896	1171.65	38150	18791.54	627
SRX3765390	PBMC	NA	Peripheral Blood Mononuclear Cells	Peripheral Blood Mononuclear Cells	SRP133941	SRS3020225	0.994	0.774	11.941	0.863	0.118	0.805	1074.05	41779	19888.28	544
SRX3765391	PBMC	NA	Peripheral Blood Mononuclear Cells	Peripheral Blood Mononuclear Cells	SRP133941	SRS3020226	0.994	0.772	12.354	0.870	0.118	0.820	1067.36	42319	18185.24	595
SRX3765392	PBMC	NA	Peripheral Blood Mononuclear Cells	Peripheral Blood Mononuclear Cells	SRP133941	SRS3020227	0.994	0.775	13.502	0.883	0.118	0.841	1070.55	41743	18246.71	622
SRX3765393	PBMC	NA	Peripheral Blood Mononuclear Cells	Peripheral Blood Mononuclear Cells	SRP133941	SRS3020228	0.994	0.776	10.137	0.843	0.103	0.782	1110.69	39910	22957.19	440
SRX3766936	Subcutaneous Adipose	NA	Subcutaneous Adipose	SA	SRP133999	SRS3021451	0.992	0.718	19.601	0.967	0.957	0.935	1079.49	82974	11025.17	3259
SRX3766937	Subcutaneous Adipose	NA	Subcutaneous Adipose	SA	SRP133999	SRS3021453	0.991	0.708	17.105	0.963	0.973	0.934	1101.8	72031	11403.04	2839
SRX3766938	Subcutaneous Adipose	NA	Subcutaneous Adipose	SA	SRP133999	SRS3021452	0.991	0.719	16.475	0.965	0.320	0.935	1118.51	65035	11582.55	2362
SRX3766939	Visceral Adipose	NA	Visceral Adipose	VA	SRP133999	SRS3021454	0.993	0.716	17.436	0.970	0.778	0.935	1060.17	63519	10869.88	2917
SRX3766940	Visceral Adipose	NA	Visceral Adipose	VA	SRP133999	SRS3021456	0.996	0.720	22.499	0.969	0.892	0.936	1069.33	63997	11897.94	2915
SRX3766941	Visceral Adipose	NA	Visceral Adipose	VA	SRP133999	SRS3021455	0.995	0.728	26.023	0.965	0.922	0.937	1082.66	66339	12578.72	3102
SRX3766942	Visceral Adipose	NA	Visceral Adipose	VAT	SRP133999	SRS3021457	0.992	0.757	19.629	0.968	0.949	0.938	1109.35	57867	12518.91	2820
SRX3766943	Visceral Adipose	NA	Visceral Adipose	VAT	SRP133999	SRS3021458	0.991	0.743	20.067	0.966	0.895	0.938	1113.35	54567	11245.54	2980
SRX3766944	Visceral Adipose	NA	Visceral Adipose	VAT	SRP133999	SRS3021459	0.992	0.757	20.441	0.970	0.961	0.934	1093.81	55696	14393.22	2814
SRX3766945	Blood	NA	Blood	PBL	SRP133999	SRS3021460	0.990	0.769	6.660	0.965	0.982	0.925	1155.87	43397	17563.0	1150
SRX3766946	Blood	NA	Blood	PBL	SRP133999	SRS3021461	0.992	0.773	13.558	0.969	0.969	0.933	1029.58	51989	9213.14	2932
SRX3766947	Blood	NA	Blood	PBL	SRP133999	SRS3021462	0.991	0.774	12.642	0.968	0.987	0.905	1015.4	50722	17709.51	852
SRX380396	SRS504842	NA	NA	NA	SRP033201	SRS504842	0.991	0.610	22.316	0.819	0.721	0.961	8077.63	114359	206303.63	4785
SRX381553	Colon	NA	Colon	NA	SRP033252	SRS505928	0.998	0.672	45.957	0.799	0.902	0.941	1123.01	39500	11334.71	2227
SRX381569	Colon	NA	Colon	NA	SRP033252	SRS505929	0.998	0.657	43.866	0.837	0.925	0.953	2489.8	64108	434987.3	2137
SRX381585	Colon	NA	Colon	NA	SRP033252	SRS505930	0.998	0.617	46.996	0.843	0.923	0.954	5455.02	66552	541396.11	1912
SRX381601	Prostate	NA	Prostate	NA	SRP033252	SRS505931	0.999	0.541	29.113	0.828	0.887	0.954	7945.59	85795	270015.59	3396
SRX381611	Breast	NA	Breast	NA	SRP033252	SRS505932	0.999	0.566	37.255	0.829	0.830	0.952	5524.43	160561	390350.12	2680
SRX381621	Breast	NA	Breast	NA	SRP033252	SRS505933	0.999	0.438	37.397	0.810	0.804	0.937	6936.29	157544	211256.84	6328
SRX381631	Breast	NA	Breast	NA	SRP033252	SRS505934	0.997	0.715	34.656	0.840	0.912	0.959	1115.2	60673	15254.35	2866
SRX381646	Prostate	NA	Prostate	NA	SRP033252	SRS505935	0.998	0.729	37.353	0.832	0.867	0.965	1125.72	64626	10576.88	3254
SRX381661	Liver	NA	Liver	NA	SRP033252	SRS505936	0.999	0.496	50.710	0.832	0.779	0.951	8706.7	68528	270125.76	3051
SRX381666	Liver	NA	Liver	NA	SRP033252	SRS505937	0.998	0.629	52.502	0.821	0.821	0.955	1462.83	39936	817861.79	1529
SRX381671	Liver	NA	Liver	NA	SRP033252	SRS505938	0.995	0.718	55.523	0.845	0.787	0.959	1203.74	55188	21288.85	3711
SRX381678	Prostate	NA	Prostate	NA	SRP033252	SRS505939	0.999	0.532	40.029	0.851	0.906	0.959	5837.82	134037	205716.81	3992
SRX381693	Brain (grey matter)	NA	Brain (grey matter)	NA	SRP033252	SRS505940	0.981	0.729	15.838	0.791	0.942	0.952	1160.64	43145	15343.38	4041
SRX381697	Brain	NA	Brain	NA	SRP033252	SRS505941	0.995	0.640	16.244	0.833	0.953	0.951	8318.87	82379	356703.42	2302
SRX381701	Brain	NA	Brain	NA	SRP033252	SRS505942	0.995	0.546	16.998	0.847	0.959	0.951	8071.63	83080	254719.86	3024
SRX381706	Brain (white matter)	NA	Brain (white matter)	NA	SRP033252	SRS505943	0.991	0.738	16.034	0.808	0.968	0.951	1098.09	60013	19610.26	3562
SRX381710	Placenta	NA	Placenta	NA	SRP033252	SRS505944	0.996	0.565	29.722	0.792	0.899	0.931	11000.97	53819	392655.39	2610
SRX381713	Lung	NA	Lung	NA	SRP033252	SRS505945	0.996	0.711	18.841	0.817	0.967	0.956	1110.48	40823	10945.88	2792
SRX381716	Lung	NA	Lung	NA	SRP033252	SRS505946	0.997	0.475	20.605	0.871	0.963	0.949	9586.33	115726	345753.13	3852
SRX381719	Lung	NA	Lung	NA	SRP033252	SRS505947	0.997	0.416	21.028	0.865	0.963	0.952	11488.75	107730	503769.79	3476
SRX381722	Lung	NA	Lung	NA	SRP033252	SRS505948	0.996	0.629	21.092	0.858	0.973	0.950	6082.83	91060	235689.54	2812
SRX381725	Blood (B-cells)	NA	Blood (B-cells)	NA	SRP033252	SRS505949	0.996	0.698	18.148	0.755	0.965	0.952	987.53	52213	8926.31	2783
SRX382673	Breast Cancer Cell Line	breast cancer cell line	NA	breast cancer cell line	SRP033283	SRS506813	0.996	0.609	3.037	0.817	0.947	0.829	9997.83	62913	702986.61	1375
SRX382674	Breast Cancer Cell Line	breast cancer cell line	NA	breast cancer cell line	SRP033283	SRS506812	0.995	0.607	2.367	0.838	0.935	0.786	10511.84	55580	745819.89	1237
SRX382675	Breast Cancer Cell Line	breast cancer cell line	NA	breast cancer cell line	SRP033283	SRS506814	0.995	0.607	2.367	0.838	0.935	0.786	10581.63	54785	745819.89	1237
SRX382676	Breast Cancer Cell Line	breast cancer cell line	NA	breast cancer cell line	SRP033283	SRS506815	0.995	0.609	2.824	0.822	0.919	0.824	10764.72	60622	653620.74	1412
SRX382677	Breast Cancer Cell Line	breast cancer cell line	NA	breast cancer cell line	SRP033283	SRS506817	0.995	0.609	2.824	0.822	0.919	0.824	10764.72	60622	653620.74	1412
SRX382678	Breast Cancer Cell Line	breast cancer cell line	NA	breast cancer cell line	SRP033283	SRS506816	0.995	0.608	2.780	0.819	0.921	0.821	10812.03	59694	690851.44	1336
SRX382679	Breast Cancer Cell Line	breast cancer cell line	NA	breast cancer cell line	SRP033283	SRS506818	0.995	0.608	2.780	0.819	0.921	0.821	10838.09	59391	690851.44	1336
SRX382680	Breast Cancer Cell Line	breast cancer cell line	NA	breast cancer cell line	SRP033283	SRS506819	0.996	0.608	2.545	0.834	0.959	0.794	9649.25	58063	745395.72	1295
SRX382681	Breast Cancer Cell Line	breast cancer cell line	NA	breast cancer cell line	SRP033283	SRS506821	0.996	0.608	2.545	0.834	0.959	0.794	9649.25	58063	745395.72	1295
SRX382682	Breast Cancer Cell Line	breast cancer cell line	NA	breast cancer cell line	SRP033283	SRS506820	0.996	0.609	3.037	0.817	0.947	0.829	9997.83	62913	702986.61	1375
SRX382683	Breast Cancer Cell Line	breast cancer cell line	NA	breast cancer cell line	SRP033283	SRS506823	0.996	0.609	2.990	0.815	0.948	0.826	10046.4	61485	698205.22	1389
SRX382684	Breast Cancer Cell Line	breast cancer cell line	NA	breast cancer cell line	SRP033283	SRS506822	0.996	0.609	2.990	0.815	0.948	0.826	10046.4	61485	698205.22	1389
SRX382685	Breast Cancer Cell Line	breast cancer cell line	NA	breast cancer cell line	SRP033283	SRS506824	0.996	0.580	2.586	0.849	0.664	0.826	13414.74	56903	760138.59	1367
SRX382686	Breast Cancer Cell Line	breast cancer cell line	NA	breast cancer cell line	SRP033283	SRS506825	0.996	0.580	2.586	0.849	0.664	0.826	13414.74	56903	760138.59	1367
SRX382687	Breast Cancer Cell Line	breast cancer cell line	NA	breast cancer cell line	SRP033283	SRS506826	0.996	0.581	2.983	0.829	0.617	0.853	13541.65	60150	703896.47	1477
SRX382688	Breast Cancer Cell Line	breast cancer cell line	NA	breast cancer cell line	SRP033283	SRS506827	0.996	0.581	2.983	0.829	0.617	0.853	13485.07	60628	703896.47	1477
SRX382689	Breast Cancer Cell Line	breast cancer cell line	NA	breast cancer cell line	SRP033283	SRS506828	0.996	0.581	2.950	0.826	0.622	0.851	13526.1	59934	706139.38	1471
SRX382690	Breast Cancer Cell Line	breast cancer cell line	NA	breast cancer cell line	SRP033283	SRS506829	0.996	0.581	2.950	0.826	0.622	0.851	13595.39	59356	706139.38	1471
SRX386683	SRS510685	NA	NA	NA	SRP033491	SRS510685	0.994	0.685	3.284	0.714	0.978	0.847	1478.31	30023	29395.45	357
SRX386684	SRS510685	NA	NA	NA	SRP033491	SRS510685	0.994	0.687	3.324	0.731	0.975	0.846	1455.6	30380	26853.79	477
SRX386685	SRS510685	NA	NA	NA	SRP033491	SRS510685	0.994	0.687	10.950	0.725	0.939	0.936	1106.83	40597	12166.34	1313
SRX386687	SRS510685	NA	NA	NA	SRP033491	SRS510685	0.994	0.683	3.109	0.705	0.980	0.856	1540.35	28904	24378.31	577
SRX386688	SRS510685	NA	NA	NA	SRP033491	SRS510685	0.994	0.685	2.879	0.718	0.980	0.844	1502.48	30174	29853.23	395
SRX386689	SRS510685	NA	NA	NA	SRP033491	SRS510685	0.994	0.683	4.142	0.719	0.969	0.893	1405.6	31693	24751.84	480
SRX386690	SRS510685	NA	NA	NA	SRP033491	SRS510685	0.994	0.685	6.677	0.717	0.955	0.925	1236.99	36159	16881.44	809
SRX386692	SRS510685	NA	NA	NA	SRP033491	SRS510685	0.994	0.684	4.360	0.720	0.975	0.904	1368.96	32679	22332.19	651
SRX386693	SRS510685	NA	NA	NA	SRP033491	SRS510685	0.994	0.676	4.541	0.699	0.954	0.901	1364.26	32380	22821.42	576
SRX386694	SRS510685	NA	NA	NA	SRP033491	SRS510685	0.994	0.676	6.781	0.704	0.942	0.927	1238.67	35799	16550.63	848
SRX386696	SRS510686	NA	NA	NA	SRP033491	SRS510686	0.994	0.670	2.626	0.665	0.976	0.823	1632.38	27784	40024.24	223
SRX386697	SRS510686	NA	NA	NA	SRP033491	SRS510686	0.994	0.675	2.896	0.693	0.978	0.842	1568.69	29094	29159.96	452
SRX386698	SRS510686	NA	NA	NA	SRP033491	SRS510686	0.995	0.647	6.773	0.640	0.959	0.925	1289.94	34545	20239.91	981
SRX386700	SRS510686	NA	NA	NA	SRP033491	SRS510686	0.994	0.654	2.822	0.564	0.978	0.828	1636.61	26764	34246.64	368
SRX386701	SRS510686	NA	NA	NA	SRP033491	SRS510686	0.994	0.657	2.968	0.661	0.977	0.830	1597.43	27375	34820.4	309
SRX386702	SRS510686	NA	NA	NA	SRP033491	SRS510686	0.994	0.641	1.792	0.641	0.984	0.715	1834.82	25066	41948.29	277
SRX386703	SRS510686	NA	NA	NA	SRP033491	SRS510686	0.994	0.658	6.536	0.679	0.965	0.918	1281.05	34089	18626.31	830
SRX386705	SRS510686	NA	NA	NA	SRP033491	SRS510686	0.994	0.649	4.628	0.664	0.973	0.898	1389.78	31248	25241.09	534
SRX386706	SRS510686	NA	NA	NA	SRP033491	SRS510686	0.994	0.638	2.826	0.640	0.964	0.815	1623.4	27222	40685.08	248
SRX386707	SRS510686	NA	NA	NA	SRP033491	SRS510686	0.993	0.640	4.842	0.630	0.931	0.893	1396.03	30863	24633.64	575
SRX386708	SRS510686	NA	NA	NA	SRP033491	SRS510686	0.994	0.642	5.308	0.639	0.940	0.903	1386.54	30834	20137.69	756
SRX386710	SRS510687	NA	NA	NA	SRP033491	SRS510687	0.994	0.694	2.582	0.745	0.984	0.832	1603.18	27102	32086.46	429
SRX386711	SRS510687	NA	NA	NA	SRP033491	SRS510687	0.994	0.698	2.924	0.755	0.983	0.853	1530.13	28312	29360.56	420
SRX386712	SRS510687	NA	NA	NA	SRP033491	SRS510687	0.994	0.695	2.480	0.758	0.983	0.825	1583.52	27523	32326.79	442
SRX386713	SRS510687	NA	NA	NA	SRP033491	SRS510687	0.994	0.695	1.706	0.754	0.984	0.731	1728.99	25171	43548.72	276
SRX386718	SRS510687	NA	NA	NA	SRP033491	SRS510687	0.994	0.687	2.882	0.748	0.979	0.851	1589.26	26475	33394.06	396
SRX386719	SRS510687	NA	NA	NA	SRP033491	SRS510687	0.994	0.689	5.347	0.753	0.967	0.917	1305.59	32694	19396.72	887
SRX386721	SRS510687	NA	NA	NA	SRP033491	SRS510687	0.994	0.681	2.242	0.716	0.984	0.799	1684.97	25485	35618.08	357
SRX386723	SRS510687	NA	NA	NA	SRP033491	SRS510687	0.994	0.685	2.795	0.739	0.980	0.844	1565.01	27626	31703.43	479
SRX386724	SRS510687	NA	NA	NA	SRP033491	SRS510687	0.992	0.653	1.613	0.644	0.983	0.712	1899.84	24198	59172.73	167
SRX386726	SRS510687	NA	NA	NA	SRP033491	SRS510687	0.994	0.691	4.810	0.750	0.981	0.918	1347.02	31530	21757.02	609
SRX386728	SRS510687	NA	NA	NA	SRP033491	SRS510687	0.994	0.686	3.144	0.731	0.980	0.873	1514.07	28482	31409.12	356
SRX386732	SRS510687	NA	NA	NA	SRP033491	SRS510687	0.994	0.688	4.517	0.761	0.980	0.913	1350.16	31737	25470.81	569
SRX387050	Dermis	NA	dermis	young sun protected epidermis 1	SRP033504	SRS510985	0.997	0.761	7.340	0.835	0.898	0.941	1192.44	65991	18390.77	1997
SRX387051	Dermis	NA	dermis	young sun exposed epidermis 1	SRP033504	SRS510986	0.997	0.752	7.087	0.849	0.940	0.943	1233.57	64933	17800.07	1886
SRX387052	Dermis	NA	dermis	young sun exposed epidermis 2	SRP033504	SRS510987	0.997	0.736	7.670	0.833	0.890	0.944	1250.27	64327	15941.13	2173
SRX387053	Dermis	NA	dermis	young sun protected epidermis 2	SRP033504	SRS510988	0.997	0.753	8.052	0.861	0.927	0.949	1135.37	73289	17731.95	2028
SRX387054	Dermis	NA	dermis	young sun protected epidermis 3	SRP033504	SRS510989	0.997	0.761	6.999	0.824	0.852	0.939	1186.91	63702	16532.98	1705
SRX387055	Dermis	NA	dermis	young sun exposed epidermis 3	SRP033504	SRS510990	0.997	0.758	6.580	0.853	0.910	0.940	1246.21	62649	15936.09	1820
SRX387056	Dermis	NA	dermis	old sun protected epidermis 1	SRP033504	SRS510991	0.997	0.764	7.352	0.835	0.846	0.942	1182.72	67384	16395.04	1804
SRX387057	Dermis	NA	dermis	old sun exposed epidermis 1	SRP033504	SRS510992	0.997	0.748	6.233	0.850	0.853	0.936	1297.38	63412	16342.2	1627
SRX387058	Dermis	NA	dermis	old sun protected epidermis 2	SRP033504	SRS510993	0.997	0.745	5.570	0.823	0.857	0.930	1337.15	61501	15114.88	1933
SRX387059	Dermis	NA	dermis	old sun exposed epidermis 2	SRP033504	SRS510994	0.996	0.705	6.748	0.826	0.888	0.941	1416.44	60058	28264.3	1025
SRX387060	Dermis	NA	dermis	old sun protected epidermis 3	SRP033504	SRS510995	0.996	0.758	6.908	0.847	0.873	0.943	1212.51	68303	16102.57	1968
SRX387061	Dermis	NA	dermis	old sun exposed epidermis 3	SRP033504	SRS510996	0.996	0.729	6.464	0.837	0.865	0.939	1325.58	63216	17090.64	1473
SRX388732	Adipose	NA	Adipose	NA	SRP000941	SRS410257	0.995	0.770	21.852	0.882	0.737	0.927	1140.1	49251	23182.53	2512
SRX388733	Gastric	NA	Gastric	NA	SRP000941	SRS366509	0.995	0.794	25.734	0.845	0.721	0.931	1127.58	48865	13753.77	3108
SRX388734	Lung	NA	Lung	NA	SRP000941	SRS366510	0.996	0.831	23.152	0.867	0.788	0.928	1021.78	59979	13809.19	3562
SRX388735	Psoas Muscle	NA	Psoas Muscle	NA	SRP000941	SRS366511	0.993	0.799	22.689	0.861	0.774	0.928	1096.53	55970	17399.73	2934
SRX388736	Right Ventricle	NA	Right Ventricle	NA	SRP000941	SRS366512	0.994	0.804	25.591	0.859	0.709	0.929	1088.75	56927	21377.43	3072
SRX388737	Spleen	NA	Spleen	NA	SRP000941	SRS410258	0.995	0.835	25.469	0.860	0.724	0.929	1012.74	54463	13472.2	3425
SRX388738	Adrenal Gland	NA	Adrenal Gland	NA	SRP000941	SRS366513	0.995	0.791	26.189	0.858	0.682	0.927	1114.65	50513	18516.13	3639
SRX388739	Aorta	NA	Aorta	NA	SRP000941	SRS366514	0.995	0.779	22.936	0.875	0.788	0.925	1080.08	85261	17968.29	2992
SRX388740	Esophagus	NA	Esophagus	NA	SRP000941	SRS366515	0.995	0.786	23.282	0.883	0.735	0.930	1172.11	42454	15843.01	2711
SRX388741	Adipose	NA	Adipose	NA	SRP000941	SRS410259	0.996	0.800	24.496	0.886	0.729	0.925	1119.49	51616	15638.07	3298
SRX388742	Gastric	NA	Gastric	NA	SRP000941	SRS366516	0.995	0.781	27.110	0.858	0.719	0.927	1266.38	64556	16659.29	3045
SRX388743	Pancreas	NA	Pancreas	NA	SRP000941	SRS366517	0.995	0.759	23.263	0.866	0.782	0.926	1290.39	56250	196824.54	3087
SRX388744	Psoas Muscle	NA	Psoas Muscle	NA	SRP000941	SRS366518	0.994	0.779	23.442	0.844	0.769	0.926	1205.72	68187	19298.18	2988
SRX388745	Small Intestine	NA	Small Intestine	NA	SRP000941	SRS366519	0.996	0.771	20.815	0.874	0.780	0.928	1271.83	49598	13286.13	2756
SRX388746	Spleen	NA	Spleen	NA	SRP000941	SRS366520	0.995	0.804	27.632	0.855	0.705	0.927	1060.31	53921	15662.96	3218
SRX388747	Small Intestine	NA	Small Intestine	NA	SRP000941	SRS306623	0.996	0.775	21.730	0.878	0.759	0.929	1190.34	71460	12325.03	3156
SRX4001836	monocyte derived macrophages (MDM)	monocyte derived macrophages (MDM)	NA	monocyte derived macrophages (MDM)	SRP117084	SRS3223733	0.983	0.765	4.603	0.842	0.891	0.915	1222.9	44538	24536.94	1341
SRX4001837	monocyte derived macrophages (MDM)	monocyte derived macrophages (MDM)	NA	monocyte derived macrophages (MDM)	SRP117084	SRS3223734	0.985	0.757	4.058	0.846	0.880	0.903	1272.43	42049	23580.25	1336
SRX4015266	ESC	NA	human embryonic stem cell	H1 human embryonic stem cell	SRP144098	SRS3236730	0.989	0.805	22.560	0.835	0.773	0.962	1096.57	45549	10361.59	4939
SRX4015267	ESC	NA	human embryonic stem cell	H1 human embryonic stem cell	SRP144098	SRS3236732	0.989	0.789	22.711	0.833	0.775	0.962	1062.61	46199	9199.58	4537
SRX4015268	ESC	NA	human embryonic stem cell	H1 human embryonic stem cell	SRP144098	SRS3236731	0.993	0.732	29.896	0.733	0.794	0.964	1052.47	84139	17797.73	6157
SRX4015269	ESC	NA	human embryonic stem cell	H1 human embryonic stem cell	SRP144098	SRS3236733	0.993	0.745	25.664	0.767	0.795	0.963	1050.76	79681	16707.64	6178
SRX4020917	Lung Cancer Cell Line	NA	lung cancer cell line	H838 lung cancer cell line	SRP144312	SRS3241966	0.985	0.686	23.393	0.961	0.425	0.920	9216.28	82908	550347.05	2124
SRX4089317	Cell Line	NA	NA	HaCaT cell line	SRP126139	SRS3306074	0.983	0.488	7.346	0.431	0.879	0.909	8887.15	32344	811898.95	1550
SRX4089318	Cell Line	NA	NA	HaCaT cell line	SRP126139	SRS3306075	0.983	0.483	6.364	0.430	0.895	0.900	8980.2	29485	832195.71	1502
SRX4089319	Cell Line	NA	NA	HaCaT cell line	SRP126139	SRS3306076	0.983	0.486	5.645	0.431	0.898	0.889	8329.88	27565	864991.41	1439
SRX4089320	Cell Line	NA	NA	HaCaT cell line	SRP126139	SRS3306077	0.983	0.483	3.471	0.430	0.921	0.835	7059.23	21383	1119622.46	1042
SRX4089321	Cell Line	NA	NA	HaCaT cell line	SRP126139	SRS3306078	0.983	0.484	6.321	0.388	0.880	0.903	10108.93	26861	815052.45	1517
SRX4089322	Cell Line	NA	NA	HaCaT cell line	SRP126139	SRS3306079	0.983	0.479	5.344	0.387	0.896	0.890	10679.39	21568	876495.12	1391
SRX4089323	Cell Line	NA	NA	HaCaT cell line	SRP126139	SRS3306080	0.983	0.480	4.305	0.387	0.907	0.869	9885.91	19148	965979.76	1242
SRX4089324	Cell Line	NA	NA	HaCaT cell line	SRP126139	SRS3306081	0.983	0.483	6.416	0.388	0.884	0.905	10345.13	26172	792829.91	1585
SRX4112829	Preimplantation Embryo	NA	Preimplantation embryo	Preimplantation embryo	SRP148683	SRS3328281	0.972	0.328	5.358	0.591	0.759	0.895	41136.29	9792	360953.3	2046
SRX4112830	Preimplantation Embryo	NA	Preimplantation embryo	Preimplantation embryo	SRP148683	SRS3328278	0.974	0.345	5.719	0.632	0.729	0.907	33919.2	13550	361296.69	2238
SRX4121865	CRC	NA	NA	CRC	SRP103839	SRS3336490	0.981	0.505	3.308	0.625	0.412	0.710	4508.51	22894	2170498.32	512
SRX4193006	Heart (Later Reclassified As Liver)	NA	heart (later reclassified as liver)	post mortem frozen tissue	SRP136499	SRS3403841	0.991	0.749	2.589	0.822	0.897	0.804	1602.35	29924	56997.24	783
SRX4193007	Heart (Later Reclassified As Liver)	NA	heart (later reclassified as liver)	post mortem frozen tissue	SRP136499	SRS3403842	0.991	0.748	2.582	0.820	0.895	0.803	1600.72	29925	60735.07	666
SRX4193014	Lung	NA	lung	post mortem frozen tissue	SRP136499	SRS3403849	0.996	0.746	1.663	0.814	0.914	0.717	1767.62	26182	53712.0	477
SRX4193015	Heart	NA	heart	post mortem frozen tissue	SRP136499	SRS3403850	0.991	0.758	1.679	0.823	0.837	0.701	1683.51	28362	69795.98	395
SRX4193016	Heart	NA	heart	post mortem frozen tissue	SRP136499	SRS3403851	0.991	0.758	1.825	0.827	0.803	0.720	1657.49	28986	62951.35	434
SRX4193017	Kidney	NA	kidney	post mortem frozen tissue	SRP136499	SRS3403852	0.991	0.779	1.981	0.817	0.834	0.753	1647.01	30245	47734.98	622
SRX4193018	Kidney	NA	kidney	post mortem frozen tissue	SRP136499	SRS3403855	0.990	0.777	1.682	0.801	0.827	0.704	1683.74	29513	60135.24	400
SRX4193020	Liver	NA	liver	post mortem frozen tissue	SRP136499	SRS3403853	0.995	0.746	2.438	0.788	0.844	0.783	1666.65	28570	49353.72	409
SRX4193025	Heart	NA	heart	post mortem frozen tissue	SRP136499	SRS3403860	0.989	0.764	2.199	0.824	0.847	0.755	1600.63	29057	54488.98	599
SRX4193026	Heart	NA	heart	post mortem frozen tissue	SRP136499	SRS3403862	0.989	0.764	2.624	0.831	0.847	0.798	1557.87	29595	43601.21	847
SRX4193027	Kidney	NA	kidney	post mortem frozen tissue	SRP136499	SRS3403864	0.987	0.766	2.450	0.785	0.817	0.774	1479.43	32270	54244.81	661
SRX4193028	Kidney	NA	kidney	post mortem frozen tissue	SRP136499	SRS3403863	0.988	0.766	2.887	0.799	0.823	0.815	1425.36	33602	48152.11	766
SRX4193030	Liver	NA	liver	post mortem frozen tissue	SRP136499	SRS3403867	0.991	0.720	2.537	0.758	0.841	0.787	1866.9	27852	1094966.22	960
SRX4193032	Lung	NA	lung	post mortem frozen tissue	SRP136499	SRS3403868	0.992	0.780	1.756	0.831	0.792	0.718	1712.7	27020	51197.21	461
SRX4193033	Heart	NA	heart	post mortem frozen tissue	SRP136499	SRS3403866	0.992	0.754	2.118	0.823	0.897	0.767	1650.44	28433	65320.07	662
SRX4193034	Heart	NA	heart	post mortem frozen tissue	SRP136499	SRS3403869	0.992	0.753	1.729	0.810	0.897	0.710	1705.26	27919	86826.29	456
SRX4193035	Kidney	NA	kidney	post mortem frozen tissue	SRP136499	SRS3403870	0.991	0.788	2.015	0.805	0.820	0.730	1671.9	29109	59914.84	656
SRX4193036	Kidney	NA	kidney	post mortem frozen tissue	SRP136499	SRS3403871	0.991	0.784	2.008	0.827	0.824	0.753	1682.39	28880	56971.77	743
SRX4193037	Liver	NA	liver	post mortem frozen tissue	SRP136499	SRS3403872	0.990	0.732	2.554	0.770	0.857	0.778	1657.43	27471	64098.57	445
SRX4193038	Liver	NA	liver	post mortem frozen tissue	SRP136499	SRS3403874	0.991	0.732	1.873	0.773	0.905	0.731	1737.21	27365	81966.84	313
SRX4193040	Lung	NA	lung	post mortem frozen tissue	SRP136499	SRS3403876	0.997	0.753	1.763	0.829	0.898	0.727	1746.2	26018	56072.94	414
SRX4306015	ECs	NA	NA	Human ECs	SRP151496	SRS3464909	0.982	0.705	2.713	0.450	0.745	0.771	1356.37	32039	60062.71	271
SRX4306016	ECs	NA	NA	Human ECs	SRP151496	SRS3464911	0.983	0.704	4.517	0.475	0.743	0.847	1249.58	34868	51678.48	451
SRX4306017	ECs	NA	NA	Human ECs	SRP151496	SRS3464913	0.985	0.699	4.246	0.456	0.802	0.842	1290.03	34726	50285.92	451
SRX4306018	ECs	NA	NA	Human ECs	SRP151496	SRS3464910	0.985	0.696	3.159	0.469	0.799	0.796	1367.63	32476	65150.69	250
SRX4306019	VSMCs	NA	NA	Human VSMCs	SRP151496	SRS3464912	0.987	0.720	3.946	0.316	0.743	0.847	1379.99	29815	129216.21	834
SRX4306020	VSMCs	NA	NA	Human VSMCs	SRP151496	SRS3464915	0.987	0.722	3.391	0.321	0.743	0.825	1409.27	29325	135974.57	749
SRX4306021	VSMCs	NA	NA	Human VSMCs	SRP151496	SRS3464914	0.987	0.711	3.231	0.311	0.747	0.822	1445.73	27679	121954.41	687
SRX4306022	VSMCs	NA	NA	Human VSMCs	SRP151496	SRS3464917	0.987	0.711	3.308	0.330	0.739	0.824	1426.32	28301	118234.32	724
SRX4306023	MSCs	NA	NA	Human MSCs	SRP151496	SRS3464916	0.982	0.673	3.018	0.482	0.720	0.802	2263.45	29951	954521.83	798
SRX4306024	MSCs	NA	NA	Human MSCs	SRP151496	SRS3464920	0.982	0.676	4.056	0.486	0.768	0.842	2279.21	31684	866383.97	919
SRX4306025	MSCs	NA	NA	Human MSCs	SRP151496	SRS3464918	0.977	0.653	4.276	0.481	0.704	0.859	3716.47	33190	1176744.04	849
SRX4306026	MSCs	NA	NA	Human MSCs	SRP151496	SRS3464919	0.980	0.647	3.654	0.459	0.712	0.828	3447.39	32206	1271606.74	759
SRX4306027	TransMSCs	NA	NA	Human TransMSCs	SRP151496	SRS3464922	0.984	0.633	2.918	0.463	0.751	0.785	5739.04	36574	923963.7	1058
SRX4306028	TransMSCs	NA	NA	Human TransMSCs	SRP151496	SRS3464924	0.983	0.638	4.381	0.455	0.768	0.850	6940.03	42388	823959.78	1231
SRX4306029	TransMSCs	NA	NA	Human TransMSCs	SRP151496	SRS3464921	0.981	0.604	5.916	0.443	0.778	0.884	9557.17	41553	797877.8	1437
SRX4306030	TransMSCs	NA	NA	Human TransMSCs	SRP151496	SRS3464923	0.982	0.606	3.041	0.447	0.799	0.801	7334.99	33984	965859.49	1110
SRX4452737	Liver	NA	NA	liver	SRP155006	SRS3591406	0.980	0.730	3.773	0.812	0.642	1.000	1460.18	24339	385394.08	13
SRX4452738	Liver	NA	NA	liver	SRP155006	SRS3591408	0.979	0.702	4.319	0.838	0.595	1.000	1414.9	26771	181091.68	25
SRX4452739	Liver	NA	NA	liver	SRP155006	SRS3591409	0.983	0.724	3.869	0.831	0.698	1.000	1489.69	25055	164063.87	54
SRX4452740	Liver	NA	NA	liver	SRP155006	SRS3591410	0.982	0.747	3.606	0.817	0.713	1.000	1437.45	24284	158612.05	63
SRX4452741	Liver	NA	NA	liver	SRP155006	SRS3591411	0.981	0.738	4.570	0.845	0.551	1.000	1359.59	28083	127261.07	46
SRX4452742	Liver	NA	NA	liver	SRP155006	SRS3591413	0.982	0.717	4.463	0.836	0.559	1.000	1512.26	26855	77479.77	84
SRX4452743	Liver	NA	NA	liver	SRP155006	SRS3591412	0.978	0.721	3.684	0.841	0.706	1.000	1382.3	22979	125434.28	32
SRX4452744	Liver	NA	NA	liver	SRP155006	SRS3591415	0.982	0.725	3.980	0.839	0.591	1.000	1443.81	25034	148488.69	70
SRX4452745	Liver	NA	NA	liver	SRP155006	SRS3591414	0.980	0.716	5.101	0.842	0.595	1.000	1290.45	28101	91040.99	67
SRX4452746	Liver	NA	NA	liver	SRP155006	SRS3591416	0.982	0.736	4.677	0.849	0.582	1.000	1302.34	28335	119444.38	76
SRX4452747	Liver	NA	NA	liver	SRP155006	SRS3591417	0.981	0.727	4.018	0.833	0.611	1.000	1388.84	25038	188160.95	22
SRX4452748	Liver	NA	NA	liver	SRP155006	SRS3591418	0.980	0.717	4.550	0.838	0.631	1.000	1321.07	26767	120684.17	78
SRX4452749	Liver	NA	NA	liver	SRP155006	SRS3591419	0.982	0.725	3.610	0.831	0.701	1.000	1489.19	23691	206449.43	47
SRX4452750	Liver	NA	NA	liver	SRP155006	SRS3591420	0.982	0.736	3.508	0.832	0.662	1.000	1433.99	22805	119079.35	51
SRX4452751	Liver	NA	NA	liver	SRP155006	SRS3591422	0.979	0.721	3.973	0.837	0.633	1.000	1413.62	24656	183980.82	33
SRX4452752	Liver	NA	NA	liver	SRP155006	SRS3591421	0.981	0.713	3.651	0.813	0.698	1.000	1443.24	22975	220722.06	31
SRX4452753	Liver	NA	NA	liver	SRP155006	SRS3591424	0.982	0.735	3.460	0.772	0.632	1.000	1394.08	21292	162911.96	24
SRX4452754	Liver	NA	NA	liver	SRP155006	SRS3591425	0.983	0.725	4.387	0.833	0.559	1.000	1304.44	24048	92971.33	52
SRX4452755	Liver	NA	NA	liver	SRP155006	SRS3591423	0.983	0.731	3.702	0.848	0.686	1.000	1383.18	23284	119279.57	47
SRX4452756	Liver	NA	NA	liver	SRP155006	SRS3591426	0.983	0.723	3.944	0.857	0.625	1.000	1333.23	23769	101777.93	69
SRX4452757	Liver	NA	NA	liver	SRP155006	SRS3591427	0.981	0.732	3.620	0.806	0.690	1.000	1422.65	24191	155123.15	85
SRX4452758	Blood	NA	NA	whole blood	SRP155006	SRS3591428	0.971	0.745	4.491	0.814	0.568	1.000	1225.62	30234	77255.51	74
SRX4452759	Blood	NA	NA	whole blood	SRP155006	SRS3591430	0.972	0.738	4.066	0.832	0.613	1.000	1232.07	29215	110932.64	70
SRX4452760	Blood	NA	NA	whole blood	SRP155006	SRS3591431	0.972	0.745	4.147	0.834	0.626	1.000	1218.41	30233	94378.73	89
SRX4452761	Blood	NA	NA	whole blood	SRP155006	SRS3591429	0.972	0.748	4.412	0.839	0.592	1.000	1207.29	32269	76609.64	170
SRX4452762	Blood	NA	NA	whole blood	SRP155006	SRS3591432	0.974	0.748	4.094	0.837	0.631	1.000	1239.29	30503	76895.58	86
SRX4452763	Blood	NA	NA	whole blood	SRP155006	SRS3591433	0.972	0.743	4.401	0.840	0.563	1.000	1196.17	32090	85433.14	93
SRX4452764	Blood	NA	NA	whole blood	SRP155006	SRS3591434	0.967	0.737	4.317	0.833	0.607	1.000	1206.8	30886	85866.98	113
SRX4452765	Blood	NA	NA	whole blood	SRP155006	SRS3591435	0.968	0.733	4.359	0.831	0.627	1.000	1242.07	29988	77525.52	96
SRX4452766	Blood	NA	NA	whole blood	SRP155006	SRS3591436	0.973	0.730	3.974	0.834	0.612	1.000	1274.57	27691	82316.32	68
SRX4452767	Blood	NA	NA	whole blood	SRP155006	SRS3591437	0.971	0.743	4.323	0.835	0.530	1.000	1209.86	32088	84124.25	85
SRX4452768	Blood	NA	NA	whole blood	SRP155006	SRS3591438	0.967	0.743	4.224	0.833	0.681	1.000	1283.34	29189	99196.23	91
SRX4452769	Blood	NA	NA	whole blood	SRP155006	SRS3591439	0.971	0.740	4.090	0.839	0.631	1.000	1246.03	27931	134415.4	43
SRX4452770	Blood	NA	NA	whole blood	SRP155006	SRS3591440	0.970	0.748	4.056	0.813	0.654	1.000	1253.46	28646	118441.67	60
SRX4452771	Blood	NA	NA	whole blood	SRP155006	SRS3591441	0.971	0.741	4.515	0.846	0.497	1.000	1224.67	31414	61675.75	158
SRX4452772	Blood	NA	NA	whole blood	SRP155006	SRS3591443	0.974	0.755	4.274	0.848	0.606	1.000	1229.16	29214	96110.46	67
SRX4452773	Blood	NA	NA	whole blood	SRP155006	SRS3591442	0.969	0.739	4.293	0.840	0.575	1.000	1259.83	28699	88231.23	61
SRX4452774	Blood	NA	NA	whole blood	SRP155006	SRS3591444	0.964	0.755	4.308	0.768	0.752	1.000	1303.14	27703	102881.77	62
SRX4452775	Blood	NA	NA	whole blood	SRP155006	SRS3591445	0.972	0.749	4.396	0.850	0.529	1.000	1252.46	29384	94554.22	74
SRX4452776	Blood	NA	NA	whole blood	SRP155006	SRS3591447	0.973	0.732	4.154	0.849	0.586	1.000	1287.89	27464	96326.07	45
SRX4452777	Blood	NA	NA	whole blood	SRP155006	SRS3591446	0.972	0.748	4.186	0.848	0.522	1.000	1235.09	29878	88807.21	78
SRX4452778	Blood	NA	NA	whole blood	SRP155006	SRS3591478	0.972	0.750	4.517	0.848	0.517	1.000	1196.6	32461	85092.47	93
SRX4452779	Blood	NA	NA	whole blood	SRP155006	SRS3591448	0.973	0.745	4.160	0.852	0.558	1.000	1242.05	29519	98558.56	71
SRX4452780	Blood	NA	NA	whole blood	SRP155006	SRS3591452	0.970	0.756	3.951	0.834	0.658	1.000	1262.36	28174	111207.4	75
SRX4452781	Blood	NA	NA	whole blood	SRP155006	SRS3591449	0.971	0.736	4.116	0.843	0.623	1.000	1244.73	29476	85740.34	136
SRX4452782	Blood	NA	NA	whole blood	SRP155006	SRS3591450	0.968	0.725	4.437	0.834	0.569	1.000	1248.41	29550	84279.12	56
SRX4452783	Blood	NA	NA	whole blood	SRP155006	SRS3591451	0.969	0.745	4.042	0.829	0.682	1.000	1232.1	31257	102236.58	72
SRX4452784	Blood	NA	NA	whole blood	SRP155006	SRS3591453	0.974	0.740	4.446	0.847	0.562	1.000	1220.19	30982	73237.81	95
SRX4452785	Blood	NA	NA	whole blood	SRP155006	SRS3591509	0.972	0.750	4.178	0.831	0.596	1.000	1237.14	29669	98385.23	69
SRX4452786	Blood	NA	NA	whole blood	SRP155006	SRS3591454	0.967	0.747	5.000	0.835	0.621	1.000	1226.45	32246	67265.56	118
SRX4452787	Blood	NA	NA	whole blood	SRP155006	SRS3591455	0.970	0.746	4.125	0.842	0.624	1.000	1270.26	27885	103116.19	52
SRX4452788	Blood	NA	NA	whole blood	SRP155006	SRS3591456	0.968	0.761	4.415	0.822	0.666	1.000	1233.01	30409	89039.74	68
SRX4452789	Blood	NA	NA	whole blood	SRP155006	SRS3591457	0.960	0.745	3.946	0.717	0.723	1.000	1388.51	24444	109656.37	30
SRX4452790	Blood	NA	NA	whole blood	SRP155006	SRS3591458	0.970	0.749	4.334	0.828	0.627	1.000	1202.93	31138	69475.98	168
SRX4452791	Blood	NA	NA	whole blood	SRP155006	SRS3591459	0.972	0.733	3.756	0.815	0.618	1.000	1315.11	26433	106805.09	58
SRX4452792	Blood	NA	NA	whole blood	SRP155006	SRS3591460	0.973	0.735	4.512	0.841	0.594	1.000	1213.28	31555	76818.2	95
SRX4452793	Blood	NA	NA	whole blood	SRP155006	SRS3591461	0.970	0.742	4.173	0.844	0.585	1.000	1224.59	29434	78105.32	137
SRX4452794	Blood	NA	NA	whole blood	SRP155006	SRS3591462	0.973	0.739	4.231	0.849	0.595	1.000	1218.45	31277	83454.4	75
SRX4452795	Blood	NA	NA	whole blood	SRP155006	SRS3591463	0.971	0.748	4.155	0.842	0.654	1.000	1225.83	32412	86135.53	89
SRX4452796	Blood	NA	NA	whole blood	SRP155006	SRS3591464	0.973	0.741	4.840	0.847	0.574	1.000	1184.5	32600	56961.9	204
SRX4452797	Blood	NA	NA	whole blood	SRP155006	SRS3591465	0.963	0.739	4.692	0.831	0.581	1.000	1195.0	31052	76552.89	76
SRX4452798	Blood	NA	NA	whole blood	SRP155006	SRS3591466	0.967	0.751	4.721	0.831	0.634	1.000	1190.21	32956	59303.95	182
SRX4452799	Blood	NA	NA	whole blood	SRP155006	SRS3591469	0.969	0.739	3.882	0.833	0.668	1.000	1269.23	28205	108514.4	58
SRX4452800	Blood	NA	NA	whole blood	SRP155006	SRS3591468	0.969	0.751	3.614	0.832	0.620	1.000	1299.7	26370	99738.2	88
SRX4452801	Blood	NA	NA	whole blood	SRP155006	SRS3591467	0.969	0.744	4.083	0.828	0.540	1.000	1270.09	28997	88472.74	66
SRX4452802	Blood	NA	NA	whole blood	SRP155006	SRS3591470	0.968	0.729	4.575	0.832	0.604	1.000	1237.61	29242	87362.68	37
SRX4452803	Blood	NA	NA	whole blood	SRP155006	SRS3591471	0.969	0.751	4.393	0.831	0.681	1.000	1248.8	29549	69997.48	153
SRX4452804	Blood	NA	NA	whole blood	SRP155006	SRS3591472	0.970	0.752	4.410	0.832	0.661	1.000	1234.78	29423	75961.54	112
SRX4452805	Blood	NA	NA	whole blood	SRP155006	SRS3591473	0.963	0.734	3.886	0.726	0.711	1.000	1392.24	24234	105138.81	32
SRX4452806	Blood	NA	NA	whole blood	SRP155006	SRS3591474	0.973	0.738	4.176	0.845	0.570	1.000	1249.12	28839	104448.45	66
SRX4452807	Blood	NA	NA	whole blood	SRP155006	SRS3591475	0.973	0.743	4.414	0.846	0.559	1.000	1216.97	30273	101213.25	67
SRX4452808	Blood	NA	NA	whole blood	SRP155006	SRS3591476	0.974	0.740	4.372	0.840	0.544	1.000	1223.75	30707	112773.44	54
SRX4452809	Blood	NA	NA	whole blood	SRP155006	SRS3591477	0.973	0.741	4.420	0.850	0.498	1.000	1218.32	30114	81700.39	113
SRX4452810	Blood	NA	NA	whole blood	SRP155006	SRS3591479	0.987	0.713	3.434	0.850	0.885	1.000	1339.06	23089	330581.93	44
SRX4452811	Blood	NA	NA	whole blood	SRP155006	SRS3591480	0.987	0.710	3.398	0.835	0.909	1.000	1358.82	22941	284378.25	16
SRX4452812	Blood	NA	NA	whole blood	SRP155006	SRS3591481	0.988	0.734	3.544	0.851	0.892	1.000	1296.6	24255	201256.21	33
SRX4452813	Blood	NA	NA	whole blood	SRP155006	SRS3591482	0.988	0.727	3.678	0.859	0.885	1.000	1308.67	24284	171126.09	23
SRX4452814	Blood	NA	NA	whole blood	SRP155006	SRS3591483	0.988	0.723	3.267	0.862	0.909	1.000	1390.13	22793	203313.84	25
SRX4452815	Blood	NA	NA	whole blood	SRP155006	SRS3591484	0.975	0.743	4.477	0.845	0.610	1.000	1210.35	31332	80855.24	80
SRX4452816	Blood	NA	NA	whole blood	SRP155006	SRS3591488	0.974	0.747	4.429	0.852	0.563	1.000	1196.03	31659	90331.87	91
SRX4452817	Blood	NA	NA	whole blood	SRP155006	SRS3591485	0.974	0.741	4.523	0.846	0.558	1.000	1198.75	32807	87464.76	75
SRX4452818	Blood	NA	NA	whole blood	SRP155006	SRS3591486	0.971	0.747	4.278	0.842	0.614	1.000	1199.85	31122	79957.72	119
SRX4452819	Blood	NA	NA	whole blood	SRP155006	SRS3591487	0.968	0.745	4.207	0.840	0.580	1.000	1219.75	30071	73868.99	129
SRX4452820	Blood	NA	NA	whole blood	SRP155006	SRS3591489	0.966	0.735	4.026	0.826	0.614	1.000	1272.07	27402	102068.89	62
SRX4452821	Blood	NA	NA	whole blood	SRP155006	SRS3591491	0.970	0.739	4.502	0.843	0.555	1.000	1206.0	30646	69183.15	115
SRX4452822	Blood	NA	NA	whole blood	SRP155006	SRS3591490	0.970	0.747	3.811	0.834	0.549	1.000	1287.64	27670	103898.45	67
SRX4452823	Blood	NA	NA	whole blood	SRP155006	SRS3591492	0.968	0.743	4.354	0.834	0.656	1.000	1246.96	29340	87810.75	116
SRX4452824	Blood	NA	NA	whole blood	SRP155006	SRS3591493	0.967	0.742	4.093	0.821	0.680	1.000	1274.13	28096	121110.04	50
SRX4452825	Blood	NA	NA	whole blood	SRP155006	SRS3591494	0.968	0.744	4.521	0.839	0.549	1.000	1232.75	31396	70742.56	115
SRX4452826	Blood	NA	NA	whole blood	SRP155006	SRS3591496	0.969	0.752	3.965	0.827	0.697	1.000	1298.61	27404	98315.91	53
SRX4452827	Blood	NA	NA	whole blood	SRP155006	SRS3591495	0.962	0.730	4.221	0.726	0.708	1.000	1363.9	25726	100385.96	53
SRX4452828	Blood	NA	NA	whole blood	SRP155006	SRS3591498	0.965	0.736	4.079	0.732	0.693	1.000	1358.23	25541	122455.29	31
SRX4452829	Blood	NA	NA	whole blood	SRP155006	SRS3591499	0.965	0.739	4.302	0.767	0.716	1.000	1314.44	27282	89891.12	95
SRX4452830	Blood	NA	NA	whole blood	SRP155006	SRS3591497	0.962	0.742	4.142	0.757	0.754	1.000	1322.93	26337	87910.33	73
SRX4452831	Blood	NA	NA	whole blood	SRP155006	SRS3591500	0.965	0.738	4.162	0.765	0.741	1.000	1319.74	26825	115615.33	87
SRX4452832	Blood	NA	NA	whole blood	SRP155006	SRS3591502	0.974	0.729	4.341	0.841	0.546	1.000	1230.59	30427	89922.29	65
SRX4452833	Blood	NA	NA	whole blood	SRP155006	SRS3591501	0.974	0.739	4.168	0.845	0.535	1.000	1212.72	29469	95704.64	72
SRX4452834	Blood	NA	NA	whole blood	SRP155006	SRS3591503	0.974	0.734	4.027	0.844	0.562	1.000	1246.31	28166	101015.03	61
SRX4452835	Blood	NA	NA	whole blood	SRP155006	SRS3591504	0.988	0.719	3.713	0.860	0.883	1.000	1267.37	26459	172186.47	66
SRX4452836	Blood	NA	NA	whole blood	SRP155006	SRS3591505	0.988	0.710	3.513	0.839	0.897	1.000	1364.65	23649	223641.62	16
SRX4452837	Blood	NA	NA	whole blood	SRP155006	SRS3591506	0.987	0.723	3.364	0.845	0.900	1.000	1355.29	23500	192341.89	63
SRX4452838	Blood	NA	NA	whole blood	SRP155006	SRS3591508	0.986	0.720	3.534	0.858	0.904	1.000	1321.91	24767	192108.24	33
SRX4452839	Blood	NA	NA	whole blood	SRP155006	SRS3591507	0.988	0.723	3.717	0.860	0.889	1.000	1277.15	27207	132802.77	48
SRX448680	Blast	NA	NA	Skin fibroblast	SRP035642	SRS542786	0.992	0.468	4.602	0.653	0.923	0.907	19465.44	40786	473518.17	2667
SRX448681	Blast	NA	NA	Skin fibroblast	SRP035642	SRS542787	0.993	0.515	6.246	0.702	0.930	0.931	16911.12	50149	503897.54	2452
SRX448682	Blast	NA	NA	Skin fibroblast	SRP035642	SRS542788	0.987	0.599	6.608	0.704	0.952	0.929	12184.58	54122	559072.45	2120
SRX448683	Blast	NA	NA	Skin fibroblast	SRP035642	SRS542789	0.985	0.564	3.204	0.577	0.904	0.835	13400.38	33586	774609.69	1573
SRX4501270	Colon	NA	colon	HCT116 cell lines	SRP156136	SRS3622037	0.994	0.713	15.802	0.814	0.847	0.956	7735.32	84384	513631.47	1847
SRX4565003	Breast Cancer	breast cancer cells	NA	MCF7	SRP158279	SRS3681357	0.991	0.681	22.006	0.775	0.688	0.958	7650.11	90728	226583.81	3477
SRX4565004	Breast Cancer	breast cancer cells	NA	TAMR	SRP158279	SRS3681358	0.991	0.742	19.543	0.770	0.751	0.958	5433.49	73631	247877.29	1947
SRX4565005	Breast Cancer	breast cancer cells	NA	FASR	SRP158279	SRS3681359	0.991	0.641	24.898	0.759	0.652	0.961	10212.57	98896	430961.46	2854
SRX4579183	Patient-derived head and neck squamous cell carcinoma cell line	Patient-derived head and neck squamous cell carcinoma cell line	NA	Cal 27 cells	SRP158409	SRS3693616	0.996	0.663	25.652	0.844	0.803	0.961	4075.99	138463	286053.78	3060
SRX4579184	Patient-derived head and neck squamous cell carcinoma cell line	Patient-derived head and neck squamous cell carcinoma cell line	NA	Fadu cells	SRP158409	SRS3693617	0.994	0.832	29.856	0.845	0.835	0.960	1832.43	80401	101468.73	1973
SRX4579185	Patient-derived head and neck squamous cell carcinoma cell line	Patient-derived head and neck squamous cell carcinoma cell line	NA	SCC-4 cells	SRP158409	SRS3693618	0.996	0.538	27.925	0.867	0.851	0.963	6404.8	93780	888722.9	1569
SRX4579186	Patient-derived head and neck squamous cell carcinoma cell line	Patient-derived head and neck squamous cell carcinoma cell line	NA	SKN-3 cells	SRP158409	SRS3693619	0.996	0.492	29.119	0.858	0.845	0.963	7628.38	115734	761337.15	2362
SRX4613702	Lung	fibroblast-like cell	lung	lung	SRP158894	SRS3717151	0.985	0.576	3.797	0.359	0.107	0.896	12985.85	34876	816101.34	1512
SRX4613703	Lung	fibroblast-like cell	lung	lung	SRP158894	SRS3717153	0.985	0.578	6.858	0.358	0.123	0.954	13561.33	44749	672798.63	1905
SRX4613704	Lung	fibroblast-like cell	lung	lung	SRP158894	SRS3717155	0.985	0.580	10.530	0.359	0.202	0.963	12552.12	53605	590723.34	2218
SRX4613705	Lung	fibroblast-like cell	lung	lung	SRP158894	SRS3717156	0.986	0.582	16.099	0.361	0.402	0.967	11559.43	61653	515435.5	2526
SRX4613706	Lung	fibroblast-like cell	lung	lung	SRP158894	SRS3717154	0.986	0.584	19.760	0.361	0.622	0.968	11239.97	64473	502048.09	2612
SRX4613707	Lung	fibroblast-like cell	lung	lung	SRP158895	SRS3717157	0.986	0.564	23.774	0.651	0.202	0.971	12572.58	63806	489791.21	2712
SRX4613708	Lung	fibroblast-like cell	lung	lung	SRP158895	SRS3717158	0.979	0.554	21.794	0.622	0.492	0.950	12051.9	64672	487721.62	2643
SRX4615372	Blast	NA	NA	Patient Derived Glioblastoma Stem Cell	SRP158940	SRS3718480	0.985	0.605	12.623	0.572	0.784	0.940	10658.75	65776	581669.09	1836
SRX4680203	Cultured Retinal Pigment Epithelum	NA	Cultured retinal pigment epithelum	NA	SRP161745	SRS3773846	0.985	0.712	31.923	0.693	0.636	0.953	1188.89	70066	53845.17	4187
SRX4680204	Cultured Retinal Pigment Epithelum	NA	Cultured retinal pigment epithelum	NA	SRP161745	SRS3773845	0.983	0.708	25.495	0.681	0.543	0.950	1038.08	67617	36557.25	3758
SRX4680205	Cultured Retinal Pigment Epithelum	NA	Cultured retinal pigment epithelum	NA	SRP161745	SRS3773844	0.983	0.712	26.026	0.679	0.558	0.947	1287.76	65478	109140.41	3439
SRX4680206	Cultured Retinal Pigment Epithelum	NA	Cultured retinal pigment epithelum	NA	SRP161745	SRS3773848	0.983	0.710	25.780	0.677	0.559	0.947	1098.3	66198	50959.24	4074
SRX4680207	Eye	NA	eye tissue	NA	SRP161745	SRS3773847	0.978	0.724	19.936	0.748	0.717	0.952	1094.66	49427	17904.41	3050
SRX4680208	Eye	NA	eye tissue	NA	SRP161745	SRS3773849	0.959	0.751	29.685	0.681	0.540	0.950	986.7	73618	19117.18	4369
SRX4680209	Eye	NA	eye tissue	NA	SRP161745	SRS3773850	0.967	0.744	25.217	0.673	0.549	0.946	1086.34	60612	19088.35	3897
SRX4680210	Eye	NA	eye tissue	NA	SRP161745	SRS3773851	0.961	0.745	26.305	0.674	0.556	0.949	942.63	74930	17439.1	4114
SRX4681233	Brain	NA	NA	post-mortem brain	SRP161783	SRS3774774	0.957	0.767	3.091	0.631	0.863	0.856	1463.01	31918	95637.07	758
SRX4681234	Brain	NA	NA	post-mortem brain	SRP161783	SRS3774775	0.959	0.767	3.370	0.655	0.853	0.868	1435.83	31783	84059.03	838
SRX4681235	Brain	NA	NA	post-mortem brain	SRP161783	SRS3774776	0.959	0.768	3.200	0.642	0.836	0.869	1507.84	32778	90445.23	944
SRX4681236	Brain	NA	NA	post-mortem brain	SRP161783	SRS3774810	0.965	0.758	3.268	0.657	0.852	0.866	1496.0	31420	98616.8	836
SRX4681237	Brain	NA	NA	post-mortem brain	SRP161783	SRS3774777	0.956	0.773	3.792	0.649	0.831	0.886	1459.56	32486	91591.08	1123
SRX4681238	Brain	NA	NA	post-mortem brain	SRP161783	SRS3774778	0.959	0.759	3.729	0.623	0.846	0.878	1463.12	32501	100891.11	940
SRX4681239	Brain	NA	NA	post-mortem brain	SRP161783	SRS3774779	0.956	0.767	3.442	0.640	0.846	0.871	1469.98	31489	84841.06	759
SRX4681240	Brain	NA	NA	post-mortem brain	SRP161783	SRS3774780	0.963	0.757	3.605	0.606	0.837	0.872	1478.21	33441	100503.79	859
SRX4681241	Brain	NA	NA	post-mortem brain	SRP161783	SRS3774781	0.969	0.755	3.149	0.651	0.856	0.863	1492.49	34782	103835.71	1088
SRX4681242	Brain	NA	NA	post-mortem brain	SRP161783	SRS3774782	0.955	0.765	3.419	0.647	0.856	0.869	1465.27	31632	80582.61	953
SRX4681243	Brain	NA	NA	post-mortem brain	SRP161783	SRS3774783	0.957	0.764	2.749	0.618	0.862	0.832	1515.92	29404	101167.99	663
SRX4681244	Brain	NA	NA	post-mortem brain	SRP161783	SRS3774784	0.959	0.757	2.995	0.617	0.855	0.846	1539.73	29839	87676.99	731
SRX471219	MCF-7 WT	NA	NA	MCF-7 WT	SRP037971	SRS557972	0.999	0.650	60.554	0.852	0.921	0.954	6441.5	102124	185950.25	3967
SRX472622	AML3	NA	NA	AML3	SRP038103	SRS559076	0.995	0.287	16.549	0.705	0.945	0.950	9593.76	59752	747883.52	1106
SRX472623	AML3	NA	NA	AML3	SRP038103	SRS559077	0.995	0.290	16.642	0.766	0.957	0.951	9183.51	61983	718585.52	1142
SRX472624	AML3	NA	NA	AML3	SRP038103	SRS559078	0.995	0.599	15.977	0.719	0.945	0.950	8468.46	74684	360137.61	2522
SRX472625	AML3	NA	NA	AML3	SRP038103	SRS559079	0.995	0.611	17.603	0.738	0.952	0.952	7939.39	80071	354057.61	2572
SRX4779613	Pre-B t(12 21) [ETV6-RUNX1] acute lymphoblastic leukemia	Pre-B t(12;21) [ETV6-RUNX1] acute lymphoblastic leukemia	NA	Childhood acute lymphoblastic leukemia	SRP162996	SRS3860242	0.996	0.771	12.633	0.868	0.959	0.954	876.24	78358	11636.42	2855
SRX4779614	Pre-B t(12 21) [ETV6-RUNX1] acute lymphoblastic leukemia	Pre-B t(12;21) [ETV6-RUNX1] acute lymphoblastic leukemia	NA	Childhood acute lymphoblastic leukemia	SRP162996	SRS3860243	0.996	0.748	19.193	0.795	0.888	0.959	947.11	81699	15068.4	2248
SRX4779615	Pre-B t(12 21) [ETV6-RUNX1] acute lymphoblastic leukemia	Pre-B t(12;21) [ETV6-RUNX1] acute lymphoblastic leukemia	NA	Childhood acute lymphoblastic leukemia	SRP162996	SRS3860244	0.996	0.764	8.583	0.843	0.859	0.950	1008.23	54972	15541.03	1661
SRX4779616	CD10+ CD19+ Cord blood	CD10+ CD19+ Cord blood	NA	Cord blood	SRP162996	SRS3860245	0.995	0.824	18.605	0.792	0.691	0.958	875.16	65446	12036.21	4536
SRX4794736	PSC	PSC	NA	human pluripotent stem cell, MShef4	SRP163251	SRS3873922	0.986	0.764	17.157	0.841	0.783	0.956	1082.2	40245	17527.8	4267
SRX4794737	PSC	PSC	NA	human pluripotent stem cell, MShef4	SRP163251	SRS3873923	0.991	0.806	13.740	0.853	0.919	0.961	1127.19	43660	33918.12	3310
SRX4794738	PSC	PSC	NA	human pluripotent stem cell, MShef4	SRP163251	SRS3873924	0.992	0.801	14.314	0.851	0.949	0.961	1157.97	49217	37719.87	3246
SRX4794739	PSC	PSC	NA	human pluripotent stem cell, MShef4	SRP163251	SRS3873925	0.990	0.806	13.168	0.853	0.864	0.959	1184.54	46345	37103.65	3225
SRX4794740	PSC	PSC	NA	human pluripotent stem cell, MShef4	SRP163251	SRS3873926	0.988	0.806	12.226	0.857	0.787	0.960	1144.49	38485	30152.38	3399
SRX4794741	PSC	PSC	NA	human pluripotent stem cell, MShef4	SRP163251	SRS3873927	0.993	0.773	5.977	0.810	0.317	0.938	1433.48	43623	73761.45	1527
SRX4794742	PSC	PSC	NA	human pluripotent stem cell, MShef4	SRP163251	SRS3873928	0.987	0.770	13.462	0.848	0.961	0.960	1341.25	54159	39746.35	2808
SRX4794743	PSC	PSC	NA	human pluripotent stem cell, MShef11	SRP163251	SRS3873929	0.991	0.786	13.866	0.853	0.947	0.961	1110.44	42093	28120.86	3409
SRX4794753	PSC	PSC	NA	human pluripotent stem cell, MShef11	SRP163251	SRS3873939	0.995	0.822	2.150	0.866	0.982	0.782	1672.53	28176	128384.63	807
SRX4794799	PSC	PSC	NA	human pluripotent stem cell, MShef11	SRP163251	SRS3873985	0.992	0.816	2.010	0.867	0.982	0.772	1703.77	25424	129276.51	740
SRX4794804	PSC	PSC	NA	human pluripotent stem cell, MShef4	SRP163251	SRS3873990	0.989	0.793	8.018	0.825	0.438	0.949	1247.07	33601	50912.35	1678
SRX4794815	PSC	PSC	NA	human pluripotent stem cell, MShef4	SRP163251	SRS3874001	0.990	0.821	1.866	0.866	0.980	0.722	1352.33	27909	148399.55	618
SRX4794820	PSC	PSC	NA	human pluripotent stem cell, MShef4	SRP163251	SRS3874006	0.991	0.808	1.806	0.867	0.983	0.742	1722.95	23533	95640.95	757
SRX4794825	PSC	PSC	NA	human pluripotent stem cell, MShef4	SRP163251	SRS3874011	0.991	0.840	7.432	0.866	0.956	0.886	1233.65	35984	42877.82	2049
SRX4794826	PSC	PSC	NA	human pluripotent stem cell, MShef4	SRP163251	SRS3874013	0.992	0.822	13.479	0.853	0.961	0.952	1192.91	40034	28910.87	3462
SRX4794827	PSC	PSC	NA	human pluripotent stem cell, MShef4	SRP163251	SRS3874012	0.990	0.826	13.892	0.854	0.965	0.951	1000.41	49388	25694.25	3745
SRX4794828	PSC	PSC	NA	human pluripotent stem cell, MShef4	SRP163251	SRS3874014	0.994	0.839	8.992	0.861	0.933	0.894	1332.58	34193	45534.78	2154
SRX4794829	PSC	PSC	NA	human pluripotent stem cell, MShef4	SRP163251	SRS3874015	0.991	0.817	12.754	0.835	0.977	0.951	1203.26	37249	19905.28	4056
SRX4794830	PSC	PSC	NA	human pluripotent stem cell, MShef4	SRP163251	SRS3874016	0.989	0.844	12.377	0.850	0.953	0.912	1236.9	37149	20976.24	3813
SRX4794831	PSC	PSC	NA	human pluripotent stem cell, MShef4	SRP163251	SRS3874017	0.990	0.835	12.266	0.850	0.955	0.930	1248.47	36803	21581.96	4039
SRX4794832	PSC	PSC	NA	human pluripotent stem cell, MShef4	SRP163251	SRS3874018	0.991	0.848	11.000	0.853	0.942	0.897	1328.91	35558	28304.66	3225
SRX4794833	PSC	PSC	NA	human pluripotent stem cell, MShef4	SRP163251	SRS3874019	0.992	0.812	14.258	0.847	0.970	0.960	1178.42	44942	36557.39	3187
SRX4794834	PSC	PSC	NA	human pluripotent stem cell, MShef4	SRP163251	SRS3874020	0.993	0.838	11.940	0.859	0.962	0.910	1283.61	39237	28294.81	3272
SRX4794835	PSC	PSC	NA	human pluripotent stem cell, MShef4	SRP163251	SRS3874021	0.992	0.848	8.352	0.865	0.953	0.879	1425.42	33935	57879.78	1716
SRX4794836	PSC	PSC	NA	human pluripotent stem cell, MShef4	SRP163251	SRS3874022	0.994	0.843	10.094	0.861	0.958	0.900	1382.38	37008	32957.37	3020
SRX4794837	PSC	PSC	NA	human pluripotent stem cell, MShef4	SRP163251	SRS3874023	0.996	0.837	10.470	0.867	0.963	0.929	1303.37	43413	35364.52	3097
SRX4794838	PSC	PSC	NA	human pluripotent stem cell, MShef4	SRP163251	SRS3874024	0.993	0.845	10.417	0.856	0.944	0.884	1401.71	36941	31791.32	3126
SRX4794839	PSC	PSC	NA	human pluripotent stem cell, MShef4	SRP163251	SRS3874025	0.994	0.831	12.338	0.861	0.969	0.946	1251.25	42886	33050.57	3471
SRX4794840	PSC	PSC	NA	human pluripotent stem cell, MShef4	SRP163251	SRS3874026	0.994	0.843	10.992	0.863	0.947	0.900	1445.04	37719	36938.08	2938
SRX4794841	PSC	PSC	NA	human pluripotent stem cell, MShef4	SRP163251	SRS3874027	0.995	0.829	13.877	0.851	0.970	0.952	1203.76	44719	33302.34	3387
SRX4794842	PSC	PSC	NA	human pluripotent stem cell, MShef4	SRP163251	SRS3874029	0.994	0.842	9.624	0.866	0.944	0.891	1384.65	34652	55369.25	1842
SRX4794843	PSC	PSC	NA	human pluripotent stem cell, MShef4	SRP163251	SRS3874028	0.995	0.843	11.855	0.860	0.963	0.918	1337.66	41996	35005.22	3197
SRX4943649	Plasma	NA	plasma	NA	SRP167041	SRS3986153	0.977	0.703	3.601	0.652	0.528	0.709	1679.43	23718	34758.13	453
SRX4943650	Breast	NA	breast	NA	SRP167041	SRS3986155	0.984	0.722	8.746	0.701	0.506	0.923	1414.0	30901	547487.11	1191
SRX4943652	Breast	NA	breast	NA	SRP167041	SRS3986157	0.981	0.701	8.852	0.771	0.513	0.921	4621.56	52346	383487.85	1508
SRX4943654	Breast	NA	breast	NA	SRP167041	SRS3986158	0.986	0.761	9.539	0.770	0.545	0.934	1284.3	39950	33912.44	1641
SRX4943655	Plasma	NA	plasma	NA	SRP167041	SRS3986159	0.980	0.712	3.205	0.809	0.588	0.734	1986.71	26898	768163.76	848
SRX4943657	Plasma	NA	plasma	NA	SRP167041	SRS3986161	0.983	0.753	3.177	0.729	0.511	0.703	1752.6	23304	47551.95	532
SRX4943658	Plasma	NA	plasma	NA	SRP167041	SRS3986163	0.920	0.747	3.514	0.648	0.366	0.789	1313.43	30178	35293.54	534
SRX4943659	Plasma	NA	plasma	NA	SRP167041	SRS3986162	0.952	0.656	3.522	0.701	0.575	0.726	4781.68	37895	781194.08	1088
SRX4943660	Plasma	NA	plasma	NA	SRP167041	SRS3986165	0.976	0.729	3.848	0.680	0.463	0.727	1743.3	22322	29506.64	630
SRX4943661	Plasma	NA	plasma	NA	SRP167041	SRS3986164	0.973	0.711	3.393	0.650	0.538	0.705	1785.03	18463	31393.8	543
SRX4943663	Plasma	NA	plasma	NA	SRP167041	SRS3986166	0.975	0.741	3.253	0.676	0.484	0.723	1833.9	21725	32120.26	451
SRX4943664	Plasma	NA	plasma	NA	SRP167041	SRS3986168	0.971	0.747	2.690	0.701	0.330	0.732	1719.15	25456	33874.13	517
SRX4943665	Plasma	NA	plasma	NA	SRP167041	SRS3986169	0.950	0.738	3.154	0.573	0.566	0.717	1756.0	24571	26441.39	522
SRX4943666	Plasma	NA	plasma	NA	SRP167041	SRS3986170	0.975	0.759	2.920	0.702	0.391	0.738	1671.58	26164	30931.24	562
SRX4943668	Plasma	NA	plasma	NA	SRP167041	SRS3986172	0.983	0.745	4.511	0.751	0.466	0.762	1620.65	27041	21720.1	924
SRX4943669	Plasma	NA	plasma	NA	SRP167041	SRS3986173	0.973	0.739	3.939	0.677	0.534	0.758	1794.7	22754	28577.37	835
SRX4943670	Plasma	NA	plasma	NA	SRP167041	SRS3986174	0.957	0.740	3.043	0.637	0.503	0.736	1693.61	26176	30966.56	515
SRX4943671	Plasma	NA	plasma	NA	SRP167041	SRS3986175	0.973	0.742	3.157	0.667	0.422	0.817	1637.82	28728	24613.79	776
SRX4943672	Breast	NA	breast	NA	SRP167041	SRS3986176	0.985	0.777	8.363	0.724	0.508	0.914	1325.25	37177	36320.87	1029
SRX4943673	Plasma	NA	plasma	NA	SRP167041	SRS3986177	0.973	0.781	3.669	0.806	0.507	0.781	1566.32	27652	26551.12	740
SRX4943674	Plasma	NA	plasma	NA	SRP167041	SRS3986178	0.975	0.662	3.749	0.610	0.507	0.765	7050.32	42047	531658.68	1214
SRX4943675	Plasma	NA	plasma	NA	SRP167041	SRS3986179	0.970	0.744	3.295	0.722	0.273	0.800	1664.73	28100	33917.5	608
SRX4943676	Plasma	NA	plasma	NA	SRP167041	SRS3986181	0.966	0.750	2.818	0.735	0.241	0.751	1595.57	28073	43795.65	344
SRX4943677	Plasma	NA	plasma	NA	SRP167041	SRS3986180	0.970	0.791	3.711	0.789	0.473	0.826	1585.79	27918	28039.09	900
SRX4943679	Plasma	NA	plasma	NA	SRP167041	SRS3986183	0.981	0.776	2.933	0.798	0.296	0.757	1719.35	26008	41412.29	663
SRX4943681	Plasma	NA	plasma	NA	SRP167041	SRS3986184	0.970	0.771	2.943	0.778	0.273	0.712	1589.56	26492	32312.01	546
SRX4943683	Plasma	NA	plasma	NA	SRP167041	SRS3986187	0.981	0.772	3.803	0.759	0.494	0.800	1609.11	29754	29300.84	788
SRX4943686	Plasma	NA	plasma	NA	SRP167041	SRS3986190	0.980	0.750	3.299	0.732	0.573	0.727	1830.76	24105	44086.53	626
SRX4943687	Plasma	NA	plasma	NA	SRP167041	SRS3986191	0.981	0.770	3.116	0.752	0.477	0.765	1597.29	29531	34882.23	711
SRX4943688	Breast	NA	breast	NA	SRP167041	SRS3986193	0.983	0.744	9.614	0.729	0.460	0.928	1300.44	33474	1004643.85	1037
SRX4943689	Breast	NA	breast	NA	SRP167041	SRS3986192	0.982	0.755	8.814	0.733	0.485	0.935	1255.35	36656	22191.97	1123
SRX4943690	Breast	NA	breast	NA	SRP167041	SRS3986195	0.988	0.712	9.386	0.791	0.539	0.925	2767.46	41799	618184.29	1663
SRX4943691	Breast	NA	breast	NA	SRP167041	SRS3986194	0.991	0.782	8.333	0.838	0.595	0.923	1296.22	39113	26474.85	1724
SRX4943692	Plasma	NA	plasma	NA	SRP167041	SRS3986196	0.976	0.733	2.776	0.654	0.224	0.741	1783.47	24201	37580.95	520
SRX4943697	Plasma	NA	plasma	NA	SRP167041	SRS3986201	0.984	0.759	4.338	0.810	0.658	0.837	1539.3	32970	30735.81	920
SRX4943698	Plasma	NA	plasma	NA	SRP167041	SRS3986202	0.982	0.746	5.030	0.757	0.608	0.828	1483.83	31688	25405.23	881
SRX4943699	Plasma	NA	plasma	NA	SRP167041	SRS3986203	0.978	0.746	2.761	0.737	0.187	0.775	1814.03	25452	45867.42	525
SRX4943701	Plasma	NA	plasma	NA	SRP167041	SRS3986205	0.982	0.771	4.482	0.795	0.629	0.813	1442.99	32331	25881.39	735
SRX4943703	Plasma	NA	plasma	NA	SRP167041	SRS3986207	0.975	0.632	3.950	0.639	0.477	0.751	2514.85	29103	1571973.27	596
SRX4943705	Plasma	NA	plasma	NA	SRP167041	SRS3986209	0.976	0.739	2.256	0.717	0.164	0.714	1926.14	23544	50151.88	431
SRX4943706	Plasma	NA	plasma	NA	SRP167041	SRS3986210	0.982	0.764	4.276	0.786	0.607	0.802	1511.0	28266	27894.47	888
SRX4943707	Plasma	NA	plasma	NA	SRP167041	SRS3986211	0.979	0.732	4.047	0.679	0.588	0.775	1587.0	28967	17034.07	745
SRX4943709	Plasma	NA	plasma	NA	SRP167041	SRS3986213	0.981	0.566	5.168	0.721	0.666	0.873	18914.52	31896	431428.38	1986
SRX4943710	Plasma	NA	plasma	NA	SRP167041	SRS3986214	0.986	0.682	4.900	0.673	0.713	0.806	2100.39	23743	162350.93	1526
SRX4943711	Plasma	NA	plasma	NA	SRP167041	SRS3986215	0.976	0.733	3.582	0.661	0.408	0.758	1768.65	24139	29842.59	655
SRX4943712	Plasma	NA	plasma	NA	SRP167041	SRS3986216	0.982	0.605	5.254	0.675	0.652	0.837	1977.02	27355	1793549.38	618
SRX4943713	Plasma	NA	plasma	NA	SRP167041	SRS3986217	0.984	0.702	4.738	0.702	0.725	0.818	1730.45	24994	582744.84	1291
SRX4943714	Plasma	NA	plasma	NA	SRP167041	SRS3986218	0.978	0.742	2.314	0.737	0.420	0.706	1690.22	25140	37105.41	619
SRX4943715	Plasma	NA	plasma	NA	SRP167041	SRS3986220	0.975	0.741	2.950	0.698	0.248	0.714	1735.02	24577	50480.99	488
SRX4943716	Plasma	NA	plasma	NA	SRP167041	SRS3986219	0.983	0.745	5.119	0.745	0.671	0.779	1498.57	26782	22473.2	820
SRX4943717	Plasma	NA	plasma	NA	SRP167041	SRS3986222	0.981	0.741	5.445	0.679	0.607	0.844	1524.38	31986	25676.38	819
SRX4943718	Plasma	NA	plasma	NA	SRP167041	SRS3986221	0.971	0.678	4.255	0.474	0.612	0.756	1758.08	22956	26472.4	698
SRX4943719	Plasma	NA	plasma	NA	SRP167041	SRS3986223	0.983	0.731	4.751	0.705	0.598	0.772	1702.85	25523	18413.73	755
SRX4943720	Plasma	NA	plasma	NA	SRP167041	SRS3986224	0.985	0.717	5.077	0.701	0.719	0.814	1730.53	25669	28969.26	902
SRX4943721	Plasma	NA	plasma	NA	SRP167041	SRS3986225	0.972	0.519	3.265	0.633	0.469	0.729	31548.91	15640	648126.07	1743
SRX4943722	Plasma	NA	plasma	NA	SRP167041	SRS3986226	0.962	0.722	3.843	0.646	0.585	0.818	1785.28	25995	50002.28	814
SRX4943723	Plasma	NA	plasma	NA	SRP167041	SRS3986227	0.981	0.734	4.219	0.757	0.597	0.794	1622.19	30206	33587.65	844
SRX4943724	Plasma	NA	plasma	NA	SRP167041	SRS3986228	0.986	0.739	4.796	0.791	0.715	0.831	1463.5	33841	40459.55	989
SRX4943725	Plasma	NA	plasma	NA	SRP167041	SRS3986229	0.984	0.721	5.822	0.696	0.683	0.893	1437.99	33363	16403.3	1154
SRX4943727	Plasma	NA	plasma	NA	SRP167041	SRS3986231	0.977	0.730	3.575	0.699	0.524	0.855	1632.09	29393	29508.71	793
SRX4943728	Plasma	NA	plasma	NA	SRP167041	SRS3986232	0.958	0.708	2.926	0.598	0.505	0.760	1760.41	28254	46257.47	443
SRX4943729	Plasma	NA	plasma	NA	SRP167041	SRS3986233	0.984	0.620	3.106	0.720	0.413	0.767	5224.47	40122	831701.82	963
SRX4943730	Plasma	NA	plasma	NA	SRP167041	SRS3986234	0.977	0.758	3.292	0.731	0.396	0.750	1561.17	28827	25505.35	726
SRX4943733	Plasma	NA	plasma	NA	SRP167041	SRS3986237	0.982	0.779	4.027	0.806	0.456	0.849	1519.1	32861	33153.53	848
SRX4943736	Plasma	NA	plasma	NA	SRP167041	SRS3986240	0.978	0.767	3.655	0.750	0.591	0.722	1572.1	24135	30946.67	601
SRX4943737	Plasma	NA	plasma	NA	SRP167041	SRS3986241	0.981	0.784	3.712	0.819	0.515	0.794	1624.54	31418	32580.63	855
SRX4943738	Plasma	NA	plasma	NA	SRP167041	SRS3986242	0.978	0.785	4.166	0.818	0.509	0.851	1579.21	31251	34475.69	751
SRX4943739	Plasma	NA	plasma	NA	SRP167041	SRS3986243	0.977	0.793	3.741	0.789	0.470	0.817	1510.17	32765	34454.16	714
SRX4943740	Plasma	NA	plasma	NA	SRP167041	SRS3986244	0.981	0.787	3.364	0.828	0.608	0.747	1591.78	26642	30282.32	644
SRX4943741	Plasma	NA	plasma	NA	SRP167041	SRS3986245	0.971	0.720	3.196	0.609	0.336	0.758	1857.78	23883	35695.72	471
SRX4943742	Plasma	NA	plasma	NA	SRP167041	SRS3986246	0.979	0.744	3.148	0.719	0.350	0.791	1652.32	30575	25523.12	655
SRX4943743	Plasma	NA	plasma	NA	SRP167041	SRS3986247	0.980	0.740	4.116	0.739	0.488	0.769	1684.72	27098	31375.89	625
SRX4943744	Plasma	NA	plasma	NA	SRP167041	SRS3986248	0.975	0.779	3.168	0.773	0.581	0.729	1644.99	25430	33134.34	541
SRX4943745	Plasma	NA	plasma	NA	SRP167041	SRS3986249	0.966	0.732	4.064	0.698	0.568	0.776	1580.73	26433	61509.16	654
SRX4943746	Plasma	NA	plasma	NA	SRP167041	SRS3986250	0.964	0.750	3.979	0.699	0.609	0.837	1656.47	27098	26030.49	726
SRX4943747	Plasma	NA	plasma	NA	SRP167041	SRS3986251	0.940	0.742	4.113	0.604	0.482	0.791	1742.69	24677	29216.33	645
SRX4943748	Plasma	NA	plasma	NA	SRP167041	SRS3986252	0.962	0.764	2.832	0.701	0.371	0.742	1726.11	25536	35906.66	636
SRX4943749	Plasma	NA	plasma	NA	SRP167041	SRS3986253	0.978	0.744	3.750	0.701	0.476	0.826	1617.27	30830	25412.1	791
SRX4943750	Plasma	NA	plasma	NA	SRP167041	SRS3986254	0.967	0.756	3.556	0.745	0.578	0.791	1604.53	27006	28298.86	616
SRX4943751	Plasma	NA	plasma	NA	SRP167041	SRS3986255	0.980	0.770	3.624	0.789	0.538	0.781	1582.46	26739	33097.38	721
SRX4943752	Plasma	NA	plasma	NA	SRP167041	SRS3986256	0.979	0.725	4.369	0.768	0.515	0.876	1722.77	28623	100610.02	1742
SRX4943753	Plasma	NA	plasma	NA	SRP167041	SRS3986257	0.949	0.761	3.446	0.699	0.575	0.809	1679.21	27238	27145.44	652
SRX4943754	Plasma	NA	plasma	NA	SRP167041	SRS3986258	0.978	0.700	2.967	0.764	0.306	0.754	2336.96	28855	1308858.9	671
SRX4943755	Plasma	NA	plasma	NA	SRP167041	SRS3986259	0.978	0.783	3.939	0.789	0.414	0.841	1527.17	31023	31392.44	781
SRX4943756	Plasma	NA	plasma	NA	SRP167041	SRS3986260	0.974	0.775	3.675	0.753	0.517	0.829	1583.38	29313	34509.47	766
SRX4943757	Plasma	NA	plasma	NA	SRP167041	SRS3986261	0.973	0.736	3.609	0.731	0.395	0.805	1719.36	27865	35081.55	621
SRX4943758	Plasma	NA	plasma	NA	SRP167041	SRS3986262	0.982	0.760	3.152	0.769	0.516	0.726	1684.08	21885	102494.35	632
SRX4943759	Plasma	NA	plasma	NA	SRP167041	SRS3986263	0.982	0.789	3.611	0.849	0.650	0.735	1625.17	23827	30528.93	765
SRX4943760	Plasma	NA	plasma	NA	SRP167041	SRS3986264	0.973	0.762	3.753	0.746	0.568	0.794	1717.84	24910	36879.55	755
SRX4943761	Plasma	NA	plasma	NA	SRP167041	SRS3986324	0.981	0.753	3.576	0.748	0.476	0.853	1586.33	31639	28989.53	704
SRX4943762	Plasma	NA	plasma	NA	SRP167041	SRS3986265	0.979	0.676	3.169	0.763	0.549	0.722	8016.05	36601	578674.36	1128
SRX4943763	Plasma	NA	plasma	NA	SRP167041	SRS3986266	0.982	0.731	3.512	0.799	0.528	0.786	1900.34	26773	212918.5	1189
SRX4943764	Plasma	NA	plasma	NA	SRP167041	SRS3986268	0.959	0.786	3.805	0.743	0.577	0.808	1594.21	30208	27111.54	802
SRX4943766	Plasma	NA	plasma	NA	SRP167041	SRS3986269	0.975	0.716	3.118	0.682	0.442	0.778	1796.89	25939	38252.55	410
SRX4943767	Plasma	NA	plasma	NA	SRP167041	SRS3986270	0.980	0.739	3.624	0.686	0.379	0.718	1659.05	25488	35157.67	419
SRX4943768	Plasma	NA	plasma	NA	SRP167041	SRS3986271	0.973	0.735	3.510	0.727	0.299	0.770	1689.36	28355	30166.6	552
SRX4943772	Plasma	NA	plasma	NA	SRP167041	SRS3986276	0.975	0.730	4.425	0.724	0.413	0.893	1550.06	35691	22656.27	1044
SRX4943773	Plasma	NA	plasma	NA	SRP167041	SRS3986275	0.981	0.758	4.557	0.751	0.408	0.823	1620.44	29282	31907.78	718
SRX4943774	Plasma	NA	plasma	NA	SRP167041	SRS3986277	0.979	0.781	5.873	0.776	0.426	0.865	1434.69	35394	28583.59	999
SRX4943775	Plasma	NA	plasma	NA	SRP167041	SRS3986278	0.966	0.767	3.485	0.754	0.507	0.759	1641.99	25443	32018.36	607
SRX4943777	Plasma	NA	plasma	NA	SRP167041	SRS3986280	0.973	0.739	3.542	0.708	0.421	0.837	1625.07	30040	28207.31	703
SRX4943778	Plasma	NA	plasma	NA	SRP167041	SRS3986281	0.967	0.756	2.695	0.698	0.379	0.756	1722.6	26175	40477.45	330
SRX4943779	Plasma	NA	plasma	NA	SRP167041	SRS3986282	0.976	0.771	3.259	0.779	0.535	0.823	1568.01	32077	35111.34	569
SRX4943780	Plasma	NA	plasma	NA	SRP167041	SRS3986283	0.976	0.748	2.651	0.759	0.301	0.771	1807.63	24610	48571.61	403
SRX4943781	Plasma	NA	plasma	NA	SRP167041	SRS3986284	0.982	0.758	4.488	0.744	0.719	0.777	1514.49	31061	19562.37	849
SRX4943782	Plasma	NA	plasma	NA	SRP167041	SRS3986285	0.979	0.766	4.113	0.759	0.617	0.783	1499.9	30901	20605.25	775
SRX4943783	Plasma	NA	plasma	NA	SRP167041	SRS3986286	0.980	0.740	4.157	0.741	0.646	0.795	1603.0	26700	23284.81	655
SRX4943784	Plasma	NA	plasma	NA	SRP167041	SRS3986287	0.977	0.729	2.141	0.736	0.372	0.712	1930.59	24255	90075.88	378
SRX4943785	Plasma	NA	plasma	NA	SRP167041	SRS3986288	0.972	0.728	2.666	0.715	0.479	0.812	1723.02	27964	28255.24	602
SRX4943786	Plasma	NA	plasma	NA	SRP167041	SRS3986289	0.974	0.717	3.358	0.710	0.577	0.783	1877.91	25038	52400.48	741
SRX4943787	Plasma	NA	plasma	NA	SRP167041	SRS3986290	0.981	0.760	3.027	0.788	0.427	0.770	1772.49	25922	31423.42	503
SRX4943788	Plasma	NA	plasma	NA	SRP167041	SRS3986291	0.967	0.736	3.209	0.636	0.397	0.703	1885.86	20448	31567.94	510
SRX4943790	Plasma	NA	plasma	NA	SRP167041	SRS3986293	0.979	0.640	4.189	0.667	0.440	0.787	2669.23	30016	1408610.62	687
SRX4943791	Plasma	NA	plasma	NA	SRP167041	SRS3986294	0.969	0.639	2.417	0.660	0.171	0.754	2314.19	23322	30807.75	251
SRX4943793	Plasma	NA	plasma	NA	SRP167041	SRS3986296	0.978	0.737	2.252	0.732	0.181	0.717	1891.06	22807	41275.47	457
SRX4943794	Plasma	NA	plasma	NA	SRP167041	SRS3986297	0.974	0.750	3.503	0.734	0.393	0.715	1534.61	25137	28131.18	513
SRX4943795	Plasma	NA	plasma	NA	SRP167041	SRS3986298	0.968	0.749	4.054	0.705	0.492	0.734	1602.67	21743	28124.65	501
SRX4943796	Plasma	NA	plasma	NA	SRP167041	SRS3986299	0.972	0.650	3.514	0.745	0.495	0.700	5932.63	40223	741554.56	979
SRX4943797	Plasma	NA	plasma	NA	SRP167041	SRS3986300	0.981	0.747	3.225	0.691	0.242	0.770	1585.76	29620	31947.08	597
SRX4943800	Plasma	NA	plasma	NA	SRP167041	SRS3986303	0.980	0.765	4.111	0.792	0.565	0.761	1654.27	25616	31655.37	523
SRX4943802	Plasma	NA	plasma	NA	SRP167041	SRS3986305	0.964	0.751	3.808	0.669	0.624	0.703	1588.53	23913	29280.43	605
SRX4943803	Plasma	NA	plasma	NA	SRP167041	SRS3986306	0.992	0.755	3.682	0.785	0.589	0.835	1603.14	27883	25316.41	750
SRX4943804	Plasma	NA	plasma	NA	SRP167041	SRS3986307	0.993	0.768	3.584	0.799	0.570	0.836	1423.31	34519	29419.96	745
SRX4943810	Plasma	NA	plasma	NA	SRP167041	SRS3986313	0.980	0.758	3.356	0.757	0.419	0.839	1656.59	28126	26860.97	681
SRX4943811	Plasma	NA	plasma	NA	SRP167041	SRS3986314	0.992	0.759	3.114	0.769	0.567	0.729	1760.15	24640	36710.11	778
SRX4943812	Plasma	NA	plasma	NA	SRP167041	SRS3986315	0.991	0.753	3.975	0.743	0.551	0.841	1506.98	32752	21414.04	810
SRX5001430	Embryonic Heart	NA	embryonic heart	human embryonic heart	SRP168427	SRS4036146	0.996	0.788	2.134	0.807	0.222	0.702	1785.43	28381	71399.74	955
SRX5001431	Embryonic Heart	NA	embryonic heart	human embryonic heart	SRP168427	SRS4036147	0.997	0.787	3.499	0.816	0.423	0.832	1545.72	33798	35619.29	1592
SRX5058116	embryo day 6	NA	embryo day 6	embryo day 6	SRP170543	SRS4074306	0.983	0.146	3.465	0.556	0.090	0.774	0.0	0	1316623.02	232
SRX513206	Bone Marrow / Peripheral Blood	NA	bone marrow / peripheral blood	B-cell acute lymphoblastic leukemia with ETV6/RUNX1 translocation	SRP041025	SRS590171	0.999	0.777	44.312	0.840	0.908	0.958	854.17	81747	9882.6	2945
SRX513207	Bone Marrow / Peripheral Blood	NA	bone marrow / peripheral blood	B-cell acute lymphoblastic leukemia with hyperdiploid chromosomes	SRP041025	SRS590172	0.999	0.719	48.171	0.857	0.913	0.955	1146.79	74343	15086.83	2027
SRX5174240	Breast	NA	Breast	MCF7 cancer breast cell	SRP174219	SRS4181665	0.991	0.675	22.662	0.775	0.694	0.959	7642.68	91352	223498.26	3539
SRX5202480	786-O	NA	NA	786-O	SRP175163	SRS4207631	0.996	0.573	3.644	0.809	0.864	0.890	18945.41	35498	528354.03	2378
SRX5202481	786-O	NA	NA	786-O	SRP175163	SRS4207632	0.996	0.576	3.041	0.801	0.887	0.867	19389.51	33032	549100.76	2276
SRX5202482	786-O	NA	NA	786-O	SRP175163	SRS4207633	0.995	0.636	3.876	0.795	0.546	0.880	13241.82	47675	651167.32	1732
SRX5202483	786-O	NA	NA	786-O	SRP175163	SRS4207634	0.994	0.616	1.832	0.716	0.567	0.755	11526.1	34099	834339.2	1322
SRX5236194	Fetal-Derived Neural Progenitor Cells (Sai)	fetal-derived neural progenitor cells (sai)	NA	fetal-derived neural progenitor cells (sai)	SRP125992	SRS4239269	0.984	0.770	8.385	0.879	0.660	0.955	2527.61	54089	253867.83	2276
SRX5236195	Fetal-Derived Neural Progenitor Cells (Sai)	fetal-derived neural progenitor cells (sai)	NA	fetal-derived neural progenitor cells (sai)	SRP125992	SRS4239270	0.983	0.089	8.368	0.873	0.647	0.954	1812009.0	1	113580350.0	1
SRX528318	Testis	sperm	testis	Human_sperm_Biseq	SRP113417	SRS598163	0.998	0.755	4.100	0.814	0.969	0.764	2193.97	64970	133922.06	956
SRX528319	Testis	sperm	testis	Human_sperm_Biseq	SRP113417	SRS598164	0.998	0.755	4.110	0.815	0.969	0.764	2198.1	64592	143235.27	873
SRX528320	Testis	sperm	testis	Human_sperm_Biseq	SRP113417	SRS598165	0.998	0.751	4.602	0.809	0.971	0.783	2246.65	65571	138020.61	953
SRX528321	Testis	sperm	testis	Human_sperm_Biseq	SRP113417	SRS598166	0.998	0.755	3.688	0.815	0.970	0.746	2199.83	63242	155050.89	812
SRX528322	Testis	sperm	testis	Human_sperm_Biseq	SRP113417	SRS598167	0.998	0.754	3.685	0.814	0.971	0.746	2206.01	63212	158785.81	795
SRX528323	Testis	sperm	testis	Human_sperm_Biseq	SRP113417	SRS598168	0.998	0.754	3.561	0.815	0.970	0.739	2196.83	62952	160030.02	785
SRX528324	Testis	sperm	testis	Human_sperm_Biseq	SRP113417	SRS598169	0.998	0.754	3.451	0.815	0.971	0.733	2196.98	62544	160215.5	779
SRX528325	Testis	sperm	testis	Human_sperm_Biseq	SRP113417	SRS598170	0.998	0.754	3.577	0.815	0.970	0.740	2205.25	62589	157102.92	812
SRX528326	Testis	sperm	testis	Human_sperm_Biseq	SRP113417	SRS598171	0.997	0.725	3.786	0.765	0.948	0.717	2070.14	65781	143508.36	932
SRX528327	Testis	sperm	testis	Human_sperm_Biseq	SRP113417	SRS598172	0.997	0.725	4.149	0.775	0.939	0.735	2080.2	65953	153347.58	876
SRX528328	Testis	sperm	testis	Human_sperm_Biseq	SRP113417	SRS598173	0.997	0.725	4.062	0.773	0.938	0.731	2076.37	65727	154719.83	851
SRX528331	Testis	sperm	testis	Human_sperm_Biseq	SRP113417	SRS598176	0.997	0.725	4.172	0.776	0.939	0.739	2107.39	66052	150869.76	902
SRX528332	Testis	sperm	testis	Human_sperm_Biseq	SRP113417	SRS598177	0.997	0.725	4.184	0.776	0.936	0.740	2110.75	66171	150160.21	905
SRX528333	Testis	sperm	testis	Human_sperm_Biseq	SRP113417	SRS598178	0.997	0.724	4.009	0.776	0.938	0.730	2084.18	65488	165617.01	780
SRX528334	Testis	sperm	testis	Human_sperm_Biseq	SRP113417	SRS598179	0.997	0.722	3.743	0.774	0.941	0.717	2085.49	64939	160224.85	844
SRX534102	Primary	NA	NA	Primary fibroblast	SRP041718	SRS602828	0.996	0.669	5.433	0.749	0.679	0.851	7594.01	51735	635352.63	1559
SRX534104	Primary	NA	NA	Primary fibroblast	SRP041718	SRS602830	0.997	0.503	3.911	0.603	0.711	0.779	6953.28	29894	1020325.57	956
SRX534105	Primary	NA	NA	Primary fibroblast	SRP041718	SRS602831	0.998	0.517	4.169	0.695	0.690	0.803	7360.31	32137	950790.78	1039
SRX534204	brain Grey matter	NA	brain Grey matter	Brain	SRP041720	SRS602930	0.975	0.740	15.911	0.805	0.958	0.951	1179.39	39250	12721.38	4027
SRX534205	brain Grey matter	NA	brain Grey matter	Brain	SRP041720	SRS602931	0.977	0.703	15.568	0.690	0.947	0.951	1200.37	41038	15695.25	3734
SRX534206	brain Grey matter	NA	brain Grey matter	Brain	SRP041720	SRS602932	0.985	0.718	19.441	0.772	0.967	0.955	1068.91	62515	18992.17	3682
SRX534207	brain Grey matter	NA	brain Grey matter	Brain	SRP041720	SRS602933	0.978	0.725	18.708	0.807	0.973	0.952	1196.64	44143	19473.13	4090
SRX5367509	Fetal Lung Fibroblasts	Human Fetal Lung Fibroblasts	NA	IMR90	SRP185639	SRS4357793	0.994	0.651	16.556	0.852	0.949	0.947	4890.14	68287	600952.63	1887
SRX5367510	Fetal Lung Fibroblasts	Human Fetal Lung Fibroblasts	NA	IMR90	SRP185639	SRS4357794	0.996	0.649	15.329	0.852	0.949	0.947	4846.18	68417	618065.63	1820
SRX5367511	Fetal Lung Fibroblasts	Human Fetal Lung Fibroblasts	NA	IMR90	SRP185639	SRS4357795	0.995	0.638	14.737	0.816	0.954	0.948	4562.9	66944	501439.78	2145
SRX5367512	Fetal Lung Fibroblasts	Human Fetal Lung Fibroblasts	NA	IMR90	SRP185639	SRS4357796	0.995	0.648	13.593	0.837	0.966	0.945	4632.74	66849	495398.26	2197
SRX5383149	LUHMES-derived neurons	LUHMES cell line	LUHMES-derived neurons	oxBS control	SRP186015	SRS4372171	0.999	0.617	16.489	0.852	0.818	0.954	3019.99	74368	306722.3	2510
SRX5383150	LUHMES-derived neurons	LUHMES cell line	LUHMES-derived neurons	TAB-seq control	SRP186015	SRS4372172	0.999	0.034	10.435	0.843	0.707	0.950	497647.17	6	741602.88	1247
SRX5383151	LUHMES-derived neurons	LUHMES cell line	LUHMES-derived neurons	TAB-seq control	SRP186015	SRS4372173	0.999	0.035	8.180	0.841	0.786	0.943	0.0	0	902510.27	1045
SRX5383152	LUHMES-derived neurons	LUHMES cell line	LUHMES-derived neurons	TAB-seq control	SRP186015	SRS4372174	0.999	0.033	11.858	0.847	0.685	0.951	344807.67	30	675835.32	1394
SRX5383153	LUHMES-derived neurons	LUHMES cell line	LUHMES-derived neurons	BS-seq control	SRP186015	SRS4372175	0.999	0.702	2.701	0.832	0.918	0.838	5276.76	42250	656243.37	1293
SRX5383154	LUHMES-derived neurons	LUHMES cell line	LUHMES-derived neurons	BS-seq control	SRP186015	SRS4372176	0.999	0.708	5.340	0.835	0.872	0.926	4298.72	54558	536990.18	1592
SRX5383155	LUHMES-derived neurons	LUHMES cell line	LUHMES-derived neurons	BS-seq control	SRP186015	SRS4372177	0.999	0.695	7.978	0.833	0.886	0.943	4097.31	60803	471788.97	1793
SRX5383156	LUHMES-derived neurons	LUHMES cell line	LUHMES-derived neurons	BS-seq control	SRP186015	SRS4372178	0.998	0.699	5.541	0.845	0.910	0.928	4534.86	56662	469332.49	1803
SRX5383157	LUHMES-derived neurons	LUHMES cell line	LUHMES-derived neurons	oxBS control	SRP186015	SRS4372179	0.999	0.614	15.363	0.847	0.818	0.952	2918.35	72655	288625.5	2575
SRX5383158	LUHMES-derived neurons	LUHMES cell line	LUHMES-derived neurons	oxBS control	SRP186015	SRS4372180	0.998	0.604	14.622	0.835	0.772	0.950	2793.75	70273	285768.41	2536
SRX5383159	LUHMES-derived neurons	LUHMES cell line	LUHMES-derived neurons	BS-seq control	SRP186015	SRS4372181	0.999	0.643	6.725	0.859	0.928	0.940	4218.35	56640	448895.41	1822
SRX5383160	LUHMES-derived neurons	LUHMES cell line	LUHMES-derived neurons	BS-seq control	SRP186015	SRS4372182	0.999	0.645	6.305	0.860	0.924	0.937	4289.6	54785	452162.06	1815
SRX5383161	LUHMES-derived neurons	LUHMES cell line	LUHMES-derived neurons	BS-seq control	SRP186015	SRS4372183	0.999	0.641	5.189	0.866	0.943	0.929	4951.43	51204	533013.35	1576
SRX5383162	LUHMES-derived neurons	LUHMES cell line	LUHMES-derived neurons	BS-seq control	SRP186015	SRS4372184	0.983	0.714	20.770	0.808	0.659	0.954	4068.23	73589	381049.9	2217
SRX5383163	LUHMES-derived neurons	LUHMES cell line	LUHMES-derived neurons	BS-seq control	SRP186015	SRS4372185	0.983	0.716	20.747	0.815	0.643	0.954	4075.13	73583	385865.47	2197
SRX5383164	LUHMES-derived neurons	LUHMES cell line	LUHMES-derived neurons	BS-seq control	SRP186015	SRS4372186	0.982	0.712	18.667	0.809	0.603	0.953	4234.64	71566	398586.93	2136
SRX5391677	Blood	NA	NA	Peripheral blood neutrophils	SRP186275	SRS4379514	0.994	0.773	14.222	0.789	0.872	0.960	849.29	73720	9875.87	3772
SRX5391678	Blood	NA	NA	Peripheral blood neutrophils	SRP186275	SRS4379515	0.992	0.741	11.578	0.641	0.541	0.954	967.1	61090	9053.99	3476
SRX539569	Lymphoblastoid Cell Line	Lymphoblastoid Cell Line	NA	HapMap_Yoruba	SRP041822	SRS604677	0.993	0.620	8.212	0.732	0.732	1.000	4606.92	35343	1740650.52	753
SRX539570	Lymphoblastoid Cell Line	Lymphoblastoid Cell Line	NA	HapMap_Yoruba	SRP041822	SRS604678	0.993	0.564	7.898	0.754	0.848	1.000	10329.96	28673	1666501.63	835
SRX539571	Lymphoblastoid Cell Line	Lymphoblastoid Cell Line	NA	HapMap_Yoruba	SRP041822	SRS604682	0.993	0.614	6.234	0.787	0.803	1.000	5808.99	28936	1717530.39	838
SRX539572	Lymphoblastoid Cell Line	Lymphoblastoid Cell Line	NA	HapMap_Yoruba	SRP041822	SRS604679	0.992	0.616	4.453	0.777	0.722	1.000	5803.72	23293	1767096.31	778
SRX539573	Lymphoblastoid Cell Line	Lymphoblastoid Cell Line	NA	HapMap_Yoruba	SRP041822	SRS604680	0.993	0.548	2.701	0.696	0.856	1.000	2755.27	7757	3472650.68	267
SRX539574	Lymphoblastoid Cell Line	Lymphoblastoid Cell Line	NA	HapMap_Yoruba	SRP041822	SRS604681	0.994	0.621	6.159	0.706	0.868	1.000	5286.39	32433	1681700.96	839
SRX539575	Lymphoblastoid Cell Line	Lymphoblastoid Cell Line	NA	HapMap_Yoruba	SRP041822	SRS604683	0.994	0.520	4.180	0.783	0.683	1.000	18460.5	4054	1450628.84	1071
SRX539576	Lymphoblastoid Cell Line	Lymphoblastoid Cell Line	NA	HapMap_Yoruba	SRP041822	SRS604684	0.993	0.509	3.055	0.768	0.799	1.000	3844.66	11229	2132158.12	625
SRX539577	Lymphoblastoid Cell Line	Lymphoblastoid Cell Line	NA	HapMap_Yoruba	SRP041822	SRS604685	0.995	0.519	5.983	0.783	0.710	1.000	23254.98	8792	1162278.27	1382
SRX539578	Lymphoblastoid Cell Line	Lymphoblastoid Cell Line	NA	HapMap_Yoruba	SRP041822	SRS604687	0.994	0.552	4.231	0.758	0.766	1.000	10353.98	10660	1595560.1	927
SRX539640	HMEC	NA	NA	HMEC	SRP041828	SRS604748	0.966	0.621	7.640	0.560	0.954	0.906	4973.83	43501	502305.61	1485
SRX539641	MCF7	NA	NA	MCF7	SRP041828	SRS604749	0.966	0.497	9.637	0.521	0.937	0.897	17830.83	42573	387671.37	2307
SRX539642	PrEC	NA	NA	PrEC	SRP041828	SRS604750	0.971	0.678	9.261	0.647	0.971	0.923	2037.72	42387	37174.58	3376
SRX539643	PC3	NA	NA	PC3	SRP041828	SRS604751	0.962	0.493	11.307	0.510	0.923	0.934	20700.74	32146	456001.06	2380
SRX5411285	ESC	NA	NA	HUES8 embryonic stem cells	SRP186642	SRS4393307	0.986	0.768	25.612	0.904	0.619	0.962	1126.63	40682	8189.4	4747
SRX5411286	ESC	NA	NA	HUES8 embryonic stem cells	SRP186642	SRS4393308	0.995	0.759	43.077	0.900	0.590	0.967	2279.06	60730	53616.83	3397
SRX5411287	ESC	NA	NA	HUES8 embryonic stem cells	SRP186642	SRS4393309	0.986	0.776	29.102	0.899	0.610	0.964	1010.55	37096	31027.56	3336
SRX5411288	ESC	NA	NA	HUES8 embryonic stem cells	SRP186642	SRS4393310	0.994	0.761	15.664	0.890	0.987	0.958	1380.22	72287	44822.84	2903
SRX542415	Pluripotent	NA	pluripotent	Single Cell Nucleotide Transfer Sample 1	SRP041984	SRS606775	0.989	0.843	21.003	0.841	0.771	0.937	1109.3	41785	16736.06	4358
SRX542416	Fibroblast	NA	fibroblast	Human Dermal Fibroblast	SRP041984	SRS606776	0.995	0.725	18.215	0.883	0.823	0.936	1609.88	64272	504744.29	2018
SRX542417	Pluripotent	NA	pluripotent	Human Embryonic Stem Cell	SRP041984	SRS606777	0.988	0.834	17.959	0.867	0.812	0.936	1108.98	41145	14279.72	4522
SRX542418	Pluripotent	NA	pluripotent	Human Embryonic Stem Cell	SRP041984	SRS606778	0.987	0.854	17.841	0.845	0.831	0.939	1131.73	40673	13724.87	4815
SRX542419	Pluripotent	NA	pluripotent	Single Cell Nucleotide Transfer Sample 2	SRP041984	SRS606779	0.989	0.839	22.976	0.844	0.794	0.938	1128.54	43383	18697.02	4544
SRX542420	Pluripotent	NA	pluripotent	Single Cell Nucleotide Transfer Sample 3	SRP041984	SRS606780	0.989	0.847	21.492	0.863	0.808	0.937	1150.53	42260	22393.73	4477
SRX542421	Pluripotent	NA	pluripotent	Single Cell Nucleotide Transfer Sample 4	SRP041984	SRS606781	0.989	0.850	20.628	0.827	0.800	0.937	1150.15	41565	17887.0	4265
SRX542422	Pluripotent	NA	pluripotent	Human induced Pluripotent Stem Cells Sendai virus Sample 1	SRP041984	SRS606782	0.990	0.857	21.132	0.883	0.797	0.937	1156.72	42987	27643.88	4974
SRX542423	Pluripotent	NA	pluripotent	Human induced Pluripotent Stem Cells Sendai virus Sample 2	SRP041984	SRS606783	0.989	0.860	22.487	0.871	0.787	0.938	1152.35	42313	21318.82	4324
SRX542424	Pluripotent	NA	pluripotent	Human induced Pluripotent Stem Cells Retro virus Sample 2	SRP041984	SRS606784	0.989	0.847	17.708	0.835	0.786	0.936	1122.74	42240	30840.78	4740
SRX542425	Pluripotent	NA	pluripotent	Human induced Pluripotent Stem Cells Retro virus Sample 1	SRP041984	SRS606785	0.990	0.859	19.742	0.880	0.792	0.937	1146.68	44494	31059.61	4185
SRX5446049	IMR90	NA	NA	IMR-90 cell	SRP187153	SRS4423098	0.955	0.563	7.876	0.366	0.735	0.950	16887.41	42330	612338.28	2217
SRX5446050	IMR90	NA	NA	IMR-90 cell	SRP187153	SRS4423099	0.955	0.566	21.883	0.351	0.920	0.967	14244.04	60350	485248.04	2836
SRX5457071	Testis	NA	testis	NA	SRP012412	SRS4431540	0.992	0.767	19.001	0.861	0.687	0.959	1330.29	38793	24723.07	3649
SRX5457072	Adrenal Gland	NA	adrenal gland	NA	SRP012412	SRS4431541	0.992	0.744	26.616	0.830	0.495	0.962	1089.81	43209	14365.12	2428
SRX5457073	Smooth Muscle	smooth muscle cell	NA	NA	SRP012412	SRS4431542	0.993	0.810	31.888	0.875	0.561	0.964	1084.89	63029	30784.89	3825
SRX5457074	Smooth Muscle	smooth muscle cell	NA	NA	SRP012412	SRS4431543	0.993	0.813	29.114	0.867	0.550	0.963	1066.8	62512	29275.24	4030
SRX5457075	Right Lobe Of Liver	NA	right lobe of liver	NA	SRP012412	SRS4431544	0.993	0.716	12.674	0.807	0.814	0.935	1376.49	35297	117929.15	5187
SRX5457076	Right Lobe Of Liver	NA	right lobe of liver	NA	SRP012412	SRS4431545	0.994	0.719	21.814	0.832	0.637	0.962	1242.41	38492	167414.46	4331
SRX5457077	Lower Leg Skin	NA	lower leg skin	NA	SRP012412	SRS4431546	0.994	0.788	29.134	0.877	0.444	0.964	1149.12	55516	13927.57	3265
SRX5457078	Bone Marrow	NA	NA	NA	SRP012412	SRS4431547	0.994	0.581	28.704	0.844	0.653	0.959	11757.09	81046	541249.34	2428
SRX5457079	Bone Marrow	NA	NA	NA	SRP012412	SRS4431548	0.994	0.580	29.983	0.853	0.611	0.963	12317.69	77405	521344.29	2519
SRX5457080	Transverse Colon	NA	transverse colon	NA	SRP012412	SRS4431549	0.992	0.742	7.754	0.845	0.477	0.921	1412.98	34504	18035.41	1205
SRX5457081	Suprapubic Skin	NA	suprapubic skin	NA	SRP012412	SRS4431550	0.994	0.783	24.898	0.862	0.549	0.960	1121.49	50166	11072.62	3203
SRX5457082	Upper Lobe Of Left Lung	NA	upper lobe of left lung	NA	SRP012412	SRS4431551	0.993	0.796	25.572	0.857	0.468	0.960	1143.96	45023	15494.17	2842
SRX5457083	Stomach	NA	stomach	NA	SRP012412	SRS4431552	0.994	0.751	22.613	0.857	0.294	0.965	1144.49	43669	12555.94	2740
SRX5457084	Ovary	NA	ovary	NA	SRP012412	SRS4431553	0.994	0.765	32.566	0.868	0.504	0.966	1123.77	82752	13555.23	3011
SRX5457085	Heart Left Ventricle	NA	heart left ventricle	NA	SRP012412	SRS4431554	0.992	0.756	31.002	0.851	0.516	0.962	1081.34	50831	19877.3	3601
SRX5457086	Body Of Pancreas	NA	body of pancreas	NA	SRP012412	SRS4431555	0.992	0.719	23.734	0.816	0.502	0.959	1278.05	47652	27956.11	3172
SRX5457087	Hepatocyte	hepatocyte	NA	NA	SRP012412	SRS1313087	0.988	0.796	33.248	0.795	0.716	0.964	1241.56	55703	35358.53	3456
SRX5457088	Hepatocyte	hepatocyte	NA	NA	SRP012412	SRS1313086	0.986	0.798	30.935	0.724	0.671	0.965	1222.38	54379	34069.15	3554
SRX5457089	Thyroid Gland	NA	thyroid gland	NA	SRP012412	SRS4431556	0.993	0.820	35.135	0.865	0.795	0.964	1133.69	60387	19666.05	3245
SRX5457090	Cell Line	NA	NA	NA	SRP012412	SRS4431557	0.994	0.558	31.871	0.855	0.594	0.963	8625.05	107411	392732.64	3076
SRX5457091	Cell Line	NA	NA	NA	SRP012412	SRS4431558	0.994	0.559	33.040	0.863	0.631	0.964	8583.2	107784	391029.44	3104
SRX5457092	Esophagus Squamous Epithelium	NA	esophagus squamous epithelium	NA	SRP012412	SRS4431559	0.994	0.749	16.798	0.802	0.523	0.953	1183.83	39441	11364.11	2340
SRX5457093	Gastroesophageal Sphincter	NA	gastroesophageal sphincter	NA	SRP012412	SRS4431560	0.993	0.757	13.177	0.820	0.504	0.946	1230.23	44133	13913.35	2706
SRX5457094	Cell Line	NA	NA	NA	SRP012412	SRS4431561	0.994	0.602	24.760	0.849	0.558	0.963	8657.77	109414	324385.11	3722
SRX5457095	Cell Line	NA	NA	NA	SRP012412	SRS4431562	0.995	0.613	36.628	0.869	0.601	0.965	7959.34	121495	324348.98	3757
SRX5457096	Stomach	NA	stomach	NA	SRP012412	SRS4431563	0.994	0.769	24.802	0.859	0.333	0.961	1150.05	49246	13174.44	3048
SRX5457097	Thyroid Gland	NA	thyroid gland	NA	SRP012412	SRS4431564	0.993	0.811	31.470	0.858	0.611	0.963	1101.5	53827	15899.42	3119
SRX5457098	Fibroblast Of Arm	fibroblast of arm	NA	NA	SRP012412	SRS1313066	0.994	0.606	31.489	0.878	0.542	0.966	9164.55	91403	320300.16	3529
SRX5457099	Fibroblast Of Arm	fibroblast of arm	NA	NA	SRP012412	SRS1313065	0.994	0.605	38.802	0.876	0.643	0.967	9076.34	92837	324001.44	3487
SRX5457100	Tibial Nerve	NA	tibial nerve	NA	SRP012412	SRS4431565	0.994	0.788	25.110	0.862	0.343	0.965	1120.49	56447	13311.31	3288
SRX5457101	Transverse Colon	NA	transverse colon	NA	SRP012412	SRS4431566	0.993	0.762	28.994	0.870	0.533	0.962	1154.09	43717	10625.08	2678
SRX5457102	Upper Lobe Of Left Lung	NA	upper lobe of left lung	NA	SRP012412	SRS4431567	0.993	0.776	24.907	0.840	0.384	0.963	1102.24	47497	13392.64	3070
SRX5457103	Adrenal Gland	NA	adrenal gland	NA	SRP012412	SRS4431568	0.992	0.770	22.269	0.829	0.390	0.960	1102.65	42304	13653.1	2944
SRX5457104	Spleen	NA	spleen	NA	SRP012412	SRS4431569	0.994	0.771	29.367	0.874	0.469	0.962	1073.77	44798	11839.37	2890
SRX5457105	Tibial Nerve	NA	tibial nerve	NA	SRP012412	SRS4431570	0.994	0.782	31.126	0.871	0.473	0.964	1121.96	55830	12705.38	3036
SRX5457106	Spleen	NA	spleen	NA	SRP012412	SRS4431571	0.994	0.797	26.591	0.870	0.482	0.963	1038.53	52121	12664.54	3361
SRX5457107	Heart Left Ventricle	NA	heart left ventricle	NA	SRP012412	SRS4431572	0.993	0.755	29.649	0.848	0.473	0.963	1088.95	49146	20932.36	2780
SRX5457108	Prostate Gland	NA	prostate gland	NA	SRP012412	SRS4431573	0.994	0.773	27.447	0.870	0.581	0.964	1163.67	68097	12687.05	2956
SRX5457109	Hepatocellular Carcinoma	NA	NA	NA	SRP012412	SRS4431574	0.993	0.450	25.329	0.839	0.496	0.961	13380.7	78994	760468.61	2383
SRX5457110	Hepatocellular Carcinoma	NA	NA	NA	SRP012412	SRS4431575	0.994	0.453	30.495	0.874	0.559	0.961	11287.04	99139	762811.98	2379
SRX5457111	Ovary	NA	ovary	NA	SRP012412	SRS4431576	0.994	0.784	34.491	0.871	0.601	0.965	1168.75	73315	14219.2	3126
SRX5457112	Testis	NA	testis	NA	SRP012412	SRS4431577	0.993	0.776	29.979	0.868	0.410	0.966	1330.26	52837	24879.39	3660
SRX5457113	Gastroesophageal Sphincter	NA	gastroesophageal sphincter	NA	SRP012412	SRS4431578	0.993	0.756	8.457	0.837	0.439	0.938	1309.95	40225	11922.95	3009
SRX5457114	Esophagus Squamous Epithelium	NA	esophagus squamous epithelium	NA	SRP012412	SRS4431579	0.994	0.742	18.752	0.811	0.617	0.958	1196.18	44571	12724.0	2223
SRX5457115	Esophagus Muscularis Mucosa	NA	esophagus muscularis mucosa	NA	SRP012412	SRS4431580	0.993	0.776	22.213	0.857	0.358	0.959	1141.84	46638	17096.63	2895
SRX5457116	Lower Leg Skin	NA	lower leg skin	NA	SRP012412	SRS4431581	0.994	0.778	26.876	0.856	0.348	0.963	1131.35	53173	12542.68	2944
SRX5457117	Smooth Muscle	smooth muscle cell	NA	NA	SRP012412	SRS1312985	0.990	0.805	36.054	0.834	0.631	0.964	1216.51	67680	34849.76	3927
SRX5457118	Smooth Muscle	smooth muscle cell	NA	NA	SRP012412	SRS1312986	0.990	0.809	33.382	0.828	0.567	0.963	1211.65	66086	33442.6	4132
SRX5457119	Body Of Pancreas	NA	body of pancreas	NA	SRP012412	SRS4431582	0.993	0.722	28.193	0.858	0.789	0.966	1192.03	50125	25906.13	3430
SRX5457120	Cell Line	NA	NA	NA	SRP012412	SRS4431583	0.994	0.642	36.669	0.874	0.623	0.966	2339.57	85133	1367756.05	893
SRX5457121	Cell Line	NA	NA	NA	SRP012412	SRS4431584	0.995	0.640	32.304	0.875	0.539	0.965	2434.0	79039	1402925.01	846
SRX5496554	ESC	NA	NA	HUES64 embryonic stem cells	SRP186642	SRS4466163	0.996	0.673	15.461	0.878	0.988	0.958	1194.72	120210	31294.08	6580
SRX5496555	ESC	NA	NA	HUES8 embryonic stem cells	SRP186642	SRS4466164	0.995	0.757	13.915	0.880	0.987	0.958	1488.45	66394	45565.68	2842
SRX550414	Embryo	NA	NA	liver	SRP028804	SRS618156	0.995	0.723	2.136	0.819	0.073	0.775	1603.81	32734	70718.01	608
SRX550419	Embryo	NA	NA	liver	SRP028804	SRS618161	0.995	0.723	2.127	0.820	0.073	0.774	1595.77	33068	70672.55	607
SRX550420	Embryo	NA	NA	liver	SRP028804	SRS618162	0.995	0.722	2.127	0.819	0.075	0.774	1604.4	32873	69512.41	634
SRX5707940	Monocytic Cell Line	Monocytic cell line	NA	THP-1 monocytic cells_Mo	SRP192966	SRS4647164	0.995	0.684	18.767	0.819	0.372	0.962	5535.53	95764	241747.73	2913
SRX5707941	Monocytic Cell Line	Monocytic cell line	NA	THP-1 macrophage_M	SRP192966	SRS4647165	0.995	0.675	19.338	0.815	0.464	0.962	5478.82	97716	236138.84	3003
SRX5713582	THP-1 Monocyte	NA	NA	THP-1 Monocyte	SRP193115	SRS4652179	0.981	0.712	13.627	0.530	0.869	0.958	5075.76	70326	182115.11	2489
SRX5713583	THP-1 Monocyte	NA	NA	THP-1 Monocyte	SRP193115	SRS4652180	0.982	0.714	14.723	0.549	0.865	0.959	4917.64	73239	175796.58	2618
SRX5716739	Blood	NA	Blood	NA	SRP065930	SRS1156159	0.995	0.806	10.890	0.862	0.578	0.957	1036.02	51358	9800.49	3378
SRX5716740	Blood	NA	Blood	NA	SRP065930	SRS1156159	0.995	0.806	9.503	0.862	0.594	0.955	1076.52	48825	10091.16	3112
SRX576045	Induced Pluripotent Stem Cell	induced pluripotent stem cell	NA	induced pluripotent stem cell	SRP021039	SRS629312	0.996	0.772	7.342	0.624	0.257	0.909	2019.64	41718	108279.78	2074
SRX576046	Induced Pluripotent Stem Cell	induced pluripotent stem cell	NA	induced pluripotent stem cell	SRP021039	SRS629313	0.996	0.728	7.142	0.348	0.967	0.922	2025.14	46139	153784.28	1508
SRX5772325	Colon	NA	Colon	NA	SRP194341	SRS4706147	0.993	0.616	7.311	0.970	0.226	0.859	7682.25	46312	954665.75	1276
SRX5772326	Colon	NA	Colon	NA	SRP194341	SRS4706148	0.994	0.729	10.591	0.972	0.548	0.898	1370.1	32849	8543.75	2266
SRX5772327	Colon	NA	Colon	NA	SRP194341	SRS4706149	0.994	0.631	7.997	0.972	0.280	0.871	5871.53	46955	880672.46	1316
SRX5772328	Colon	NA	Colon	NA	SRP194341	SRS4706150	0.994	0.625	7.124	0.972	0.225	0.862	6137.11	43021	1074908.68	1162
SRX5846246	Esophagus	NA	Esophagus	NA	SRP198624	SRS4771103	0.993	0.696	10.699	0.705	0.530	0.916	1301.1	37872	10325.82	2146
SRX5846247	Esophagus	NA	Esophagus	NA	SRP198624	SRS4771104	0.983	0.602	15.522	0.777	0.538	0.952	9906.63	59829	763359.62	1642
SRX5846248	Esophagus	NA	Esophagus	NA	SRP198624	SRS4771105	0.991	0.700	14.662	0.861	0.662	0.951	1211.64	36838	10472.01	2131
SRX5846249	Esophagus	NA	Esophagus	NA	SRP198624	SRS4771106	0.990	0.464	13.248	0.857	0.392	0.953	11312.12	65764	279966.91	3730
SRX5846250	Esophagus	NA	Esophagus	NA	SRP198624	SRS4771107	0.990	0.641	11.102	0.684	0.496	0.946	1301.07	35076	10338.86	1321
SRX5846251	Esophagus	NA	Esophagus	NA	SRP198624	SRS4771108	0.986	0.670	9.752	0.717	0.385	0.894	1408.28	32852	19197.1	1731
SRX5846252	Esophagus	NA	Esophagus	NA	SRP198624	SRS4771109	0.989	0.623	9.626	0.737	0.471	0.944	1315.51	33454	1409837.71	795
SRX5846253	Esophagus	NA	Esophagus	NA	SRP198624	SRS4771110	0.979	0.659	14.283	0.688	0.757	0.942	2343.4	43749	1054746.88	1205
SRX5846254	Esophagus	NA	Esophagus	NA	SRP198624	SRS4771111	0.987	0.649	8.123	0.658	0.365	0.912	1546.24	40898	12048.29	1671
SRX5846255	Esophagus	NA	Esophagus	NA	SRP198624	SRS4771112	0.988	0.609	9.102	0.736	0.383	0.929	7158.9	56181	288447.62	2658
SRX5846256	Esophagus	NA	Esophagus	NA	SRP198624	SRS4771113	0.983	0.681	16.173	0.797	0.775	0.955	1246.63	36174	21848.85	1584
SRX5846257	Esophagus	NA	Esophagus	NA	SRP198624	SRS4771114	0.989	0.582	9.043	0.729	0.453	0.914	8334.3	50160	416501.93	2120
SRX5846258	Esophagus	NA	Esophagus	NA	SRP198624	SRS4771115	0.991	0.728	12.940	0.841	0.400	0.961	1180.7	38491	9952.99	2366
SRX5846259	Esophagus	NA	Esophagus	NA	SRP198624	SRS4771116	0.991	0.694	14.966	0.836	0.452	0.949	1232.23	37722	13613.25	2164
SRX5846260	Esophagus	NA	Esophagus	NA	SRP198624	SRS4771117	0.991	0.690	15.951	0.852	0.568	0.956	1205.58	38045	10474.16	1912
SRX5846261	Esophagus	NA	Esophagus	NA	SRP198624	SRS4771118	0.991	0.602	19.586	0.854	0.556	0.958	4827.93	69591	151918.69	2749
SRX5846262	Esophagus	NA	Esophagus	NA	SRP198624	SRS4771119	0.990	0.707	12.360	0.814	0.452	0.951	1234.74	37915	12083.03	2277
SRX5846263	Esophagus	NA	Esophagus	NA	SRP198624	SRS4771120	0.990	0.723	11.659	0.800	0.483	0.928	1314.32	37446	9616.21	2091
SRX5846264	Esophagus	NA	Esophagus	NA	SRP198624	SRS4771121	0.993	0.532	13.719	0.713	0.573	0.954	10073.33	58868	471515.27	2339
SRX5846265	Esophagus	NA	Esophagus	NA	SRP198624	SRS4771122	0.991	0.590	13.972	0.824	0.598	0.950	8974.57	59896	710798.0	1850
SRX5846266	Esophagus	NA	Esophagus	NA	SRP198624	SRS4771123	0.991	0.584	13.080	0.842	0.449	0.955	1751.04	40413	353046.8	2348
SRX5846267	Esophagus	NA	Esophagus	NA	SRP198624	SRS4771124	0.991	0.739	10.224	0.846	0.409	0.927	1316.74	37163	9831.04	2334
SRX5846268	Esophagus	NA	Esophagus	NA	SRP198624	SRS4771125	0.991	0.697	14.373	0.811	0.564	0.945	1274.15	36279	10728.07	1879
SRX5846269	Esophagus	NA	Esophagus	NA	SRP198624	SRS4771126	0.992	0.664	14.546	0.837	0.499	0.958	1098.77	45945	15286.01	1883
SRX5846270	Esophagus	NA	Esophagus	NA	SRP198624	SRS4771127	0.991	0.713	13.495	0.829	0.535	0.953	1226.94	37491	11654.49	2678
SRX5846271	Esophagus	NA	Esophagus	NA	SRP198624	SRS4771128	0.980	0.547	13.172	0.682	0.780	0.903	15068.0	40891	826967.29	1467
SRX5846272	Esophagus	NA	Esophagus	NA	SRP198624	SRS4771129	0.993	0.580	12.930	0.729	0.544	0.951	1255.98	35383	1286567.71	870
SRX5846273	Esophagus	NA	Esophagus	NA	SRP198624	SRS4771130	0.993	0.557	13.593	0.837	0.582	0.955	9307.91	65809	385706.29	2972
SRX5846274	Esophagus	NA	Esophagus	NA	SRP198624	SRS4771131	0.974	0.730	12.850	0.716	0.761	0.933	1212.24	38147	11721.07	1832
SRX5846275	Esophagus	NA	Esophagus	NA	SRP198624	SRS4771132	0.984	0.528	16.544	0.727	0.733	0.957	11214.94	36241	1542864.73	748
SRX5846276	Esophagus	NA	Esophagus	NA	SRP198624	SRS4771133	0.990	0.726	11.733	0.838	0.502	0.937	1304.29	38336	12574.25	2083
SRX5846277	Esophagus	NA	Esophagus	NA	SRP198624	SRS4771134	0.993	0.733	13.438	0.757	0.546	0.959	963.51	57598	8934.7	3101
SRX5846278	Esophagus	NA	Esophagus	NA	SRP198624	SRS4771135	0.993	0.691	12.206	0.765	0.521	0.934	1261.48	36040	11379.64	2016
SRX5846279	Esophagus	NA	Esophagus	NA	SRP198624	SRS4771136	0.991	0.660	15.453	0.831	0.586	0.956	1191.14	36898	12578.3	1851
SRX5846280	Esophagus	NA	Esophagus	NA	SRP198624	SRS4771137	0.989	0.487	18.698	0.843	0.508	0.961	17783.57	43203	433917.29	3489
SRX5846281	Esophagus	NA	Esophagus	NA	SRP198624	SRS4771138	0.991	0.741	15.832	0.834	0.536	0.932	1232.93	39855	10675.63	2467
SRX5846282	Esophagus	NA	Esophagus	NA	SRP198624	SRS4771139	0.990	0.521	12.708	0.826	0.371	0.953	8518.99	75030	305095.54	3102
SRX5846283	Esophagus	NA	Esophagus	NA	SRP198624	SRS4771140	0.991	0.632	9.519	0.705	0.438	0.875	5370.45	48405	276201.69	1854
SRX5846284	Esophagus	NA	Esophagus	NA	SRP198624	SRS4771141	0.990	0.580	12.305	0.741	0.431	0.954	5034.68	59749	437805.56	2319
SRX5846285	Esophagus	NA	Esophagus	NA	SRP198624	SRS4771142	0.991	0.714	14.869	0.872	0.448	0.956	1249.71	36798	10452.95	2487
SRX5846286	Esophagus	NA	Esophagus	NA	SRP198624	SRS4771143	0.992	0.591	14.646	0.859	0.501	0.957	2698.31	46089	1111897.1	1204
SRX5846287	Esophagus	NA	Esophagus	NA	SRP198624	SRS4771144	0.990	0.716	13.243	0.839	0.407	0.958	1207.96	35699	10088.6	2448
SRX5846288	Esophagus	NA	Esophagus	NA	SRP198624	SRS4771145	0.982	0.636	12.688	0.717	0.761	0.929	5917.37	59085	504887.77	2041
SRX5846289	Esophagus	NA	Esophagus	NA	SRP198624	SRS4771146	0.991	0.718	14.396	0.865	0.461	0.955	1244.76	37461	10803.0	2004
SRX5846290	Esophagus	NA	Esophagus	NA	SRP198624	SRS4771147	0.992	0.682	13.924	0.852	0.551	0.956	1210.89	39306	13248.78	1505
SRX5846291	Esophagus	NA	Esophagus	NA	SRP198624	SRS4771148	0.990	0.740	10.980	0.825	0.455	0.916	1336.0	38207	9457.46	2469
SRX5846292	Esophagus	NA	Esophagus	NA	SRP198624	SRS4771149	0.992	0.628	15.307	0.867	0.668	0.957	4088.77	70323	566832.35	1879
SRX5846293	Esophagus	NA	Esophagus	NA	SRP198624	SRS4771150	0.991	0.685	11.095	0.844	0.452	0.952	1186.05	36715	14119.04	2132
SRX5846294	Esophagus	NA	Esophagus	NA	SRP198624	SRS4771151	0.988	0.601	18.072	0.846	0.505	0.947	9029.62	68773	439831.89	2722
SRX5846295	Esophagus	NA	Esophagus	NA	SRP198624	SRS4771152	0.992	0.560	15.782	0.838	0.491	0.963	9553.5	63369	552039.61	2191
SRX5846296	Esophagus	NA	Esophagus	NA	SRP198624	SRS4771153	0.986	0.677	8.904	0.724	0.399	0.919	2628.89	55554	355894.71	2108
SRX5846297	Esophagus	NA	Esophagus	NA	SRP198624	SRS4771154	0.966	0.678	10.492	0.471	0.721	0.804	1289.36	29297	17110.91	473
SRX5846298	Esophagus	NA	Esophagus	NA	SRP198624	SRS4771155	0.989	0.701	9.314	0.784	0.571	0.913	5231.53	59194	277993.38	1518
SRX5846299	Esophagus	NA	Esophagus	NA	SRP198624	SRS4771156	0.984	0.618	9.055	0.685	0.442	0.869	1643.53	30623	2691749.06	368
SRX5846300	Esophagus	NA	Esophagus	NA	SRP198624	SRS4771157	0.983	0.580	13.748	0.756	0.740	0.921	13068.45	54559	384745.01	2735
SRX5846301	Esophagus	NA	Esophagus	NA	SRP198624	SRS4771158	0.986	0.753	9.581	0.773	0.490	0.887	1393.27	32621	17538.58	1263
SRX5846302	Esophagus	NA	Esophagus	NA	SRP198624	SRS4771159	0.986	0.603	9.050	0.758	0.353	0.933	7381.28	57340	385550.0	2522
SRX5846303	Esophagus	NA	Esophagus	NA	SRP198624	SRS4771160	0.981	0.689	6.957	0.607	0.392	0.819	1606.12	28690	14953.46	772
SRX5846304	Esophagus	NA	Esophagus	NA	SRP198624	SRS4771161	0.994	0.603	12.840	0.803	0.765	0.960	2257.45	50266	460451.14	2311
SRX5846305	Esophagus	NA	Esophagus	NA	SRP198624	SRS4771162	0.991	0.672	15.418	0.673	0.594	0.935	1257.55	41004	12267.63	1736
SRX5846306	Esophagus	NA	Esophagus	NA	SRP198624	SRS4771163	0.988	0.631	8.804	0.770	0.452	0.899	3188.58	43666	944955.01	1094
SRX5846307	Esophagus	NA	Esophagus	NA	SRP198624	SRS4771164	0.978	0.692	15.535	0.673	0.539	0.918	1209.19	36812	13181.05	1672
SRX5846308	Esophagus	NA	Esophagus	NA	SRP198624	SRS4771165	0.989	0.710	9.998	0.782	0.396	0.895	1460.19	37595	11788.55	1916
SRX5846309	Esophagus	NA	Esophagus	NA	SRP198624	SRS4771166	0.993	0.606	10.961	0.742	0.412	0.953	4152.04	65118	317057.68	2625
SRX5846310	Esophagus	NA	Esophagus	NA	SRP198624	SRS4771167	0.992	0.752	11.565	0.857	0.574	0.956	1232.64	36131	13724.42	2252
SRX5846311	Esophagus	NA	Esophagus	NA	SRP198624	SRS4771168	0.992	0.507	14.652	0.801	0.561	0.961	12553.22	55453	432602.14	2695
SRX5846312	Esophagus	NA	Esophagus	NA	SRP198624	SRS4771169	0.969	0.759	13.562	0.746	0.661	0.935	1178.96	39726	15050.57	1817
SRX5846313	Esophagus	NA	Esophagus	NA	SRP198624	SRS4771170	0.991	0.691	14.364	0.854	0.489	0.957	1151.32	38860	12409.94	1757
SRX5846314	Esophagus	NA	Esophagus	NA	SRP198624	SRS4771171	0.988	0.652	17.533	0.846	0.529	0.962	1285.33	35839	299968.62	2331
SRX5846315	Esophagus	NA	Esophagus	NA	SRP198624	SRS4771172	0.993	0.640	10.325	0.624	0.477	0.927	1241.96	35119	11073.78	1389
SRX5846316	Esophagus	NA	Esophagus	NA	SRP198624	SRS4771173	0.993	0.619	8.792	0.683	0.462	0.928	5617.54	52927	664413.14	1659
SRX5846317	Esophagus	NA	Esophagus	NA	SRP198624	SRS4771174	0.991	0.587	14.852	0.849	0.515	0.960	5375.2	54820	1456391.13	855
SRX5846318	Esophagus	NA	Esophagus	NA	SRP198624	SRS4771175	0.991	0.647	15.691	0.858	0.560	0.944	1274.34	35864	34490.71	2921
SRX5846319	Esophagus	NA	Esophagus	NA	SRP198624	SRS4771176	0.990	0.725	12.840	0.840	0.436	0.956	1234.27	35361	9212.5	2409
SRX5846320	Esophagus	NA	Esophagus	NA	SRP198624	SRS4771177	0.993	0.598	9.949	0.592	0.580	0.913	1478.62	30562	417223.82	1939
SRX5846321	Esophagus	NA	Esophagus	NA	SRP198624	SRS4771178	0.991	0.646	16.092	0.848	0.668	0.961	1204.61	36828	334303.29	2535
SRX5846322	Esophagus	NA	Esophagus	NA	SRP198624	SRS4771179	0.981	0.627	12.985	0.754	0.777	0.914	2820.41	44019	655759.55	1666
SRX5846323	Esophagus	NA	Esophagus	NA	SRP198624	SRS4771180	0.991	0.594	17.039	0.834	0.660	0.962	1164.75	40050	789108.41	1243
SRX5846324	Esophagus	NA	Esophagus	NA	SRP198624	SRS4771181	0.991	0.699	15.472	0.797	0.627	0.958	1168.93	39012	10627.82	2736
SRX5846325	Esophagus	NA	Esophagus	NA	SRP198624	SRS4771182	0.991	0.607	11.059	0.656	0.468	0.935	4199.7	57832	145813.0	2877
SRX5846326	Esophagus	NA	Esophagus	NA	SRP198624	SRS4771183	0.993	0.670	16.953	0.866	0.763	0.960	1128.79	40539	123682.87	5077
SRX5846327	Esophagus	NA	Esophagus	NA	SRP198624	SRS4771184	0.988	0.634	11.621	0.804	0.520	0.944	2322.38	46058	67817.31	3282
SRX5846328	Esophagus	NA	Esophagus	NA	SRP198624	SRS4771185	0.976	0.734	13.111	0.746	0.726	0.873	1118.21	38451	14985.69	1348
SRX5846329	Esophagus	NA	Esophagus	NA	SRP198624	SRS4771186	0.993	0.664	11.713	0.673	0.535	0.940	1270.82	34430	10181.58	2004
SRX5847823	WI-38hTERT/GFP-RAF1-ER	WI-38hTERT/GFP-RAF1-ER	NA	Human fetal lung fibroblats (Oncogene induced, treated with siRNA against DNMT1)	SRP193843	SRS4772658	0.999	0.435	9.069	0.873	0.990	0.949	13995.23	82920	406939.89	3453
SRX5847824	WI-38hTERT/GFP-RAF1-ER	WI-38hTERT/GFP-RAF1-ER	NA	Human fetal lung fibroblats (Oncogene induced, treated with siRNA against NT)	SRP193843	SRS4772660	0.999	0.442	9.607	0.872	0.990	0.949	13444.65	86903	408338.33	3437
SRX5847825	WI-38hTERT/GFP-RAF1-ER	WI-38hTERT/GFP-RAF1-ER	NA	Human fetal lung fibroblats (Oncogene induced, treated with siRNA against NT)	SRP193843	SRS4772661	0.998	0.433	6.793	0.871	0.993	0.944	17580.0	63314	414171.4	3386
SRX5847826	WI-38hTERT/GFP-RAF1-ER	WI-38hTERT/GFP-RAF1-ER	NA	Human fetal lung fibroblats (Oncogene induced, treated with siRNA against NT)	SRP193843	SRS4772662	0.998	0.433	4.553	0.871	0.994	0.929	23543.03	41324	465490.08	2991
SRX5883233	HEK293T	NA	NA	HEK-293T	SRP199200	SRS4805787	0.978	0.585	2.214	0.782	0.349	0.744	10361.37	36508	872291.9	913
SRX5883234	HEK293T	NA	NA	HEK-293T	SRP199200	SRS4805788	0.978	0.528	2.147	0.765	0.423	0.735	10965.11	27189	918191.02	847
SRX5883236	HEK293T	NA	NA	HEK-293T	SRP199200	SRS4805789	0.980	0.433	2.289	0.769	0.440	0.746	14234.52	13448	909899.77	837
SRX5883237	HEK293T	NA	NA	HEK-293T	SRP199200	SRS4805790	0.980	0.445	2.233	0.772	0.444	0.738	13264.79	14086	941817.71	816
SRX5883238	HEK293T	NA	NA	HEK-293T	SRP199200	SRS4805792	0.980	0.477	1.993	0.768	0.485	0.705	11371.15	16935	938577.61	828
SRX6095337	Cervix	epithelial adenocarcinoma	cervix	WGBS of WT HeLa-S3 cells	SRP198282	SRS4996273	0.997	0.522	13.692	0.863	0.978	0.953	9809.62	108717	275630.36	4526
SRX612631	HCT116	NA	NA	HCT116 cells	SRP043461	SRS643599	0.956	0.650	5.688	0.792	0.900	0.928	11967.7	45198	613796.35	1166
SRX612632	DKO1	NA	NA	DKO1 cells	SRP043461	SRS643600	0.956	0.197	6.531	0.828	0.960	0.934	0.0	0	113581139.0	1
SRX6407912	Embryo	NA	NA	BI embryo_8-cell	SRP213117	SRS5065368	0.973	0.242	4.531	0.667	0.493	0.809	60997.69	2633	632062.73	927
SRX6407913	Embryo	NA	NA	BI embryo_8-cell	SRP213117	SRS5065369	0.972	0.219	3.587	0.629	0.316	0.715	53257.39	1447	823727.34	556
SRX6407914	Embryo	NA	NA	BI embryo_8-cell	SRP213117	SRS5065370	0.976	0.241	4.524	0.666	0.540	0.844	75816.74	1677	445070.28	1387
SRX6407922	Embryo	NA	NA	AG embryo_8-cell	SRP213117	SRS5065378	0.971	0.220	3.740	0.650	0.326	0.702	66849.29	1206	2024697.21	395
SRX6407923	Embryo	NA	NA	AG embryo_8-cell	SRP213117	SRS5065379	0.975	0.198	4.628	0.659	0.477	0.778	109722.96	676	1778475.38	466
SRX6407928	Embryo	NA	NA	PG embryo_4-cell	SRP213117	SRS5065384	0.969	0.246	3.542	0.637	0.351	0.728	19959.57	22525	332994.9	3003
SRX6407935	Embryo	NA	NA	PG embryo_8-cell	SRP213117	SRS5065391	0.961	0.318	3.535	0.683	0.348	0.728	16232.83	28794	412250.74	2122
SRX6407936	Embryo	NA	NA	PG embryo_8-cell	SRP213117	SRS5065392	0.942	0.370	2.627	0.603	0.271	0.723	16547.2	28547	284562.6	3498
SRX6407937	Embryo	NA	NA	PG embryo_8-cell	SRP213117	SRS5065393	0.963	0.274	4.253	0.678	0.425	0.795	22189.95	24326	295161.88	3594
SRX6407938	Embryo	NA	NA	PG embryo_8-cell	SRP213117	SRS5065394	0.964	0.236	4.333	0.664	0.426	0.772	25700.2	17167	318479.78	3215
SRX6415193	HEK293T	NA	NA	HEK293T	SRP213665	SRS5072226	0.994	0.606	2.036	0.853	0.344	0.779	12893.6	43406	746707.58	941
SRX6415194	HEK293T	NA	NA	HEK293T	SRP213665	SRS5072227	0.993	0.615	1.943	0.851	0.402	0.767	11918.76	44640	806461.04	854
SRX6487559	naive B cell	naive b cell	NA	nave b cell	SRP215940	SRS5136491	0.994	0.766	7.786	0.804	0.892	0.950	1064.75	47436	14774.13	1859
SRX6487560	naive B cell	naive b cell	NA	nave b cell	SRP215940	SRS5136492	0.993	0.783	8.435	0.809	0.825	0.950	1027.56	50027	17670.82	2069
SRX6487561	Non-Class-Switched Memory B Cells	non-class-switched memory b cells	NA	non-class-switched memory b cells	SRP215940	SRS5136493	0.993	0.693	7.990	0.796	0.876	0.949	1273.45	44235	13186.87	1218
SRX6487562	Non-Class-Switched Memory B Cells	non-class-switched memory b cells	NA	non-class-switched memory b cells	SRP215940	SRS5136494	0.993	0.706	7.629	0.802	0.792	0.948	1221.56	42498	14568.73	1270
SRX6487563	naive B cell	naive b cell	NA	nave b cell	SRP215940	SRS5136496	0.994	0.745	8.074	0.821	0.881	0.948	1123.94	48334	16246.07	1732
SRX6487564	naive B cell	naive b cell	NA	nave b cell	SRP215940	SRS5136495	0.994	0.772	7.804	0.825	0.867	0.949	1083.86	46662	17080.59	1631
SRX6487565	Non-Class-Switched Memory B Cells	non-class-switched memory b cells	NA	non-class-switched memory b cells	SRP215940	SRS5136497	0.994	0.719	7.224	0.809	0.864	0.940	1304.36	41817	15951.96	1196
SRX6487566	Non-Class-Switched Memory B Cells	non-class-switched memory b cells	NA	non-class-switched memory b cells	SRP215940	SRS5136498	0.994	0.732	7.494	0.819	0.848	0.947	1242.45	43341	14182.78	1609
SRX6631785	MSC	MSC	NA	MSCs	SRP217139	SRS5194074	0.987	0.617	3.483	0.698	0.955	0.894	13384.63	45646	623884.33	1829
SRX6631787	CAF	CAF	NA	CAFs	SRP217139	SRS5194077	0.988	0.617	2.692	0.700	0.953	0.859	13282.4	41836	671636.65	1715
SRX6631789	MSC	MSC	NA	MSCs	SRP217139	SRS5194078	0.985	0.625	1.827	0.601	0.965	0.774	11810.09	36833	766375.37	1443
SRX6631791	CAF	CAF	NA	CAFs	SRP217139	SRS5194080	0.985	0.625	1.767	0.604	0.960	0.766	11784.67	36096	786294.57	1415
SRX6631793	MSC	MSC	NA	MSCs	SRP217139	SRS5194084	0.985	0.625	1.902	0.598	0.964	0.785	11831.97	37303	771741.57	1427
SRX6631795	CAF	CAF	NA	CAFs	SRP217139	SRS5194083	0.985	0.625	1.786	0.610	0.961	0.769	11966.86	36502	783328.21	1425
SRX6640718	Blood	whole blood	whole blood	whole blood	SRP217135	SRS5197797	0.986	0.782	39.572	0.881	0.714	0.969	1008.99	66059	10297.6	3640
SRX6640719	Blood	whole blood	whole blood	whole blood	SRP217135	SRS5197798	0.994	0.662	31.389	0.645	0.715	0.964	897.3	62253	8713.44	3270
SRX6640720	Blood	whole blood	whole blood	whole blood	SRP217135	SRS5197799	0.986	0.786	28.701	0.884	0.733	0.966	1018.56	62699	10292.76	3303
SRX6640721	Blood	whole blood	whole blood	whole blood	SRP217135	SRS5197800	0.985	0.757	23.155	0.838	0.370	0.930	1028.4	48465	14405.67	1208
SRX6640722	Blood	whole blood	whole blood	whole blood	SRP217135	SRS5197801	0.986	0.795	39.039	0.875	0.712	0.971	953.27	71288	10483.69	4402
SRX6640723	Blood	whole blood	whole blood	whole blood	SRP217135	SRS5197802	0.987	0.807	45.728	0.875	0.505	0.976	998.41	71270	12202.16	3541
SRX6640724	Blood	whole blood	whole blood	whole blood	SRP217135	SRS5197803	0.993	0.651	27.195	0.602	0.685	0.962	854.65	63654	8465.5	3312
SRX6640725	Blood	whole blood	whole blood	whole blood	SRP217135	SRS5197804	0.986	0.799	27.995	0.881	0.741	0.968	954.49	68992	11166.74	3565
SRX6640726	Blood	whole blood	whole blood	whole blood	SRP217135	SRS5197805	0.987	0.810	28.172	0.861	0.679	0.971	996.38	67655	11351.45	3666
SRX6640727	Blood	whole blood	whole blood	whole blood	SRP217135	SRS5197806	0.979	0.767	24.741	0.839	0.381	0.937	958.65	56801	13850.26	1517
SRX6640728	Blood	whole blood	whole blood	whole blood	SRP217135	SRS5197807	0.974	0.777	17.646	0.796	0.425	0.956	1004.01	55402	14558.62	1807
SRX6640729	Blood	whole blood	whole blood	whole blood	SRP217135	SRS5197808	0.985	0.797	37.791	0.879	0.683	0.968	996.77	70831	12953.49	3782
SRX6640730	Blood	whole blood	whole blood	whole blood	SRP217135	SRS5197809	0.987	0.809	41.940	0.877	0.518	0.972	1043.09	69363	12664.23	4071
SRX6640731	Blood	whole blood	whole blood	whole blood	SRP217135	SRS5197810	0.989	0.674	24.633	0.633	0.642	0.958	863.38	64839	9831.07	3095
SRX6640732	Blood	whole blood	whole blood	whole blood	SRP217135	SRS5197811	0.985	0.802	27.571	0.882	0.688	0.965	986.19	69065	12212.85	3857
SRX6640733	Blood	whole blood	whole blood	whole blood	SRP217135	SRS5197812	0.987	0.811	23.647	0.859	0.705	0.967	1015.84	65861	12487.13	3579
SRX6640734	Blood	whole blood	whole blood	whole blood	SRP217135	SRS5197813	0.984	0.771	24.288	0.843	0.364	0.938	925.13	59180	15234.57	1622
SRX6640735	Blood	whole blood	whole blood	whole blood	SRP217135	SRS5197814	0.979	0.781	19.886	0.800	0.394	0.956	954.58	61097	10495.81	3002
SRX6640736	Blood	whole blood	whole blood	whole blood	SRP217135	SRS5197815	0.986	0.785	46.354	0.873	0.664	0.973	956.78	75013	12949.6	3475
SRX6640737	Blood	whole blood	whole blood	whole blood	SRP217135	SRS5197816	0.988	0.800	39.328	0.874	0.459	0.975	986.61	73655	12709.48	3719
SRX6640738	Blood	whole blood	whole blood	whole blood	SRP217135	SRS5197817	0.992	0.635	24.087	0.570	0.662	0.961	868.84	63567	15622.04	1674
SRX6640739	Blood	whole blood	whole blood	whole blood	SRP217135	SRS5197818	0.986	0.791	28.162	0.878	0.747	0.969	949.72	71928	11717.3	3884
SRX6640740	Blood	whole blood	whole blood	whole blood	SRP217135	SRS5197819	0.988	0.802	22.470	0.859	0.670	0.970	997.74	67552	11445.89	3957
SRX6640741	Blood	whole blood	whole blood	whole blood	SRP217135	SRS5197820	0.987	0.761	24.972	0.841	0.368	0.940	934.33	60491	13884.07	1876
SRX6640742	Blood	whole blood	whole blood	whole blood	SRP217135	SRS5197821	0.976	0.774	15.380	0.820	0.443	0.953	1044.32	53769	16567.15	1700
SRX6640743	White Blood	CD4	white blood cells	CD4	SRP217135	SRS5197822	0.988	0.778	22.289	0.874	0.555	0.967	1054.14	49880	10748.85	2505
SRX6640744	White Blood	CD4	white blood cells	CD4	SRP217135	SRS5197823	0.975	0.668	9.598	0.611	0.585	0.954	1217.29	38176	13872.81	1291
SRX6640745	White Blood	CD4	white blood cells	CD4	SRP217135	SRS5197824	0.987	0.781	25.043	0.871	0.595	0.968	1046.04	50938	10495.55	2683
SRX6640746	White Blood	CD4	white blood cells	CD4	SRP217135	SRS5197825	0.989	0.754	23.546	0.806	0.385	0.961	1012.04	48301	7846.36	3240
SRX6640747	White Blood	Neutrophils	white blood cells	Neutrophils	SRP217135	SRS5197826	0.988	0.807	22.720	0.874	0.515	0.967	873.75	84372	10217.33	4923
SRX6640748	White Blood	Neutrophils	white blood cells	Neutrophils	SRP217135	SRS5197827	0.967	0.687	10.040	0.613	0.468	0.955	990.77	62359	15868.18	2000
SRX6640749	White Blood	Neutrophils	white blood cells	Neutrophils	SRP217135	SRS5197828	0.987	0.810	27.263	0.869	0.606	0.969	872.51	85969	11700.44	4213
SRX6640750	White Blood	Neutrophils	white blood cells	Neutrophils	SRP217135	SRS5197829	0.989	0.770	23.430	0.811	0.374	0.961	832.09	82662	9679.3	3982
SRX6640751	White Blood	Neutrophils	white blood cells	Neutrophils	SRP217135	SRS5197830	0.989	0.806	19.645	0.873	0.501	0.963	867.82	79275	11745.92	3568
SRX6640752	White Blood	Neutrophils	white blood cells	Neutrophils	SRP217135	SRS5197831	0.973	0.697	10.010	0.586	0.463	0.954	976.85	59716	16588.46	1679
SRX6640753	White Blood	Neutrophils	white blood cells	Neutrophils	SRP217135	SRS5197832	0.988	0.809	29.146	0.872	0.541	0.967	880.4	81297	12091.95	4004
SRX6640754	White Blood	Neutrophils	white blood cells	Neutrophils	SRP217135	SRS5197833	0.990	0.773	24.271	0.812	0.373	0.960	831.93	79595	9333.32	4271
SRX6640755	White Blood	CD4	white blood cells	CD4	SRP217135	SRS5197834	0.988	0.780	18.022	0.883	0.685	0.961	1092.54	47550	11411.26	2285
SRX6640756	White Blood	CD4	white blood cells	CD4	SRP217135	SRS5197835	0.968	0.665	10.922	0.616	0.513	0.955	1168.31	40718	14461.36	1294
SRX6640757	White Blood	CD4	white blood cells	CD4	SRP217135	SRS5197836	0.987	0.782	22.394	0.878	0.631	0.964	1067.69	50060	10399.21	2932
SRX6640758	White Blood	CD4	white blood cells	CD4	SRP217135	SRS5197837	0.988	0.754	22.894	0.814	0.377	0.959	1017.61	48000	9191.41	2628
SRX669642	Colorectal Cancer Cell Line	human colorectal cancer cell line	NA	HCT116 whole genome bisulfite sequence	SRP045269	SRS674269	0.999	0.722	7.065	0.864	0.934	1.000	9609.75	59919	710600.76	1281
SRX669643	Colorectal Cancer Cell Line	human colorectal cancer cell line	NA	DKO1 whole genome bisulfite sequence	SRP045269	SRS674270	1.000	0.121	6.657	0.853	0.861	1.000	51177.66	5184	314668.23	2467
SRX6777430	MCF7	NA	NA	MCF7 cells	SRP219798	SRS5324408	0.982	0.653	16.065	0.794	0.590	0.953	7377.53	74956	158522.85	3714
SRX6777431	MCF7	NA	NA	MCF7 cells	SRP219798	SRS5324409	0.982	0.639	16.651	0.792	0.569	0.955	8783.18	81216	225460.9	3672
SRX6805942	Tumor	NA	NA	human Rb organoids	SRP220467	SRS5350265	0.995	0.844	14.552	0.844	0.415	0.958	1189.55	48278	52836.34	3403
SRX6805943	Retina	NA	NA	human retinal organoids	SRP220467	SRS5350266	0.994	0.839	12.549	0.859	0.329	0.958	1279.28	48441	69382.0	2684
SRX6825391	LCL	NA	LCL	NA	SRP220230	SRS5367840	0.986	0.619	15.601	0.852	0.545	0.958	5842.07	41335	2309021.65	504
SRX6825773	iPSC	iPSCs	NA	WT_UN	SRP221227	SRS5368222	0.965	0.717	4.307	0.728	0.351	0.777	1311.69	28074	33634.12	376
SRX6825774	iPSC	iPSCs	NA	patient_pR	SRP221227	SRS5368223	0.979	0.675	5.352	0.753	0.348	0.815	1563.37	40498	206021.4	833
SRX6825775	iPSC	iPSCs	NA	Corrected_pR_clone_7	SRP221227	SRS5368224	0.954	0.699	5.445	0.740	0.605	0.787	1364.3	29531	40641.5	328
SRX6825776	iPSC	iPSCs	NA	Corrected_pR_clone_35	SRP221227	SRS5368225	0.967	0.696	3.501	0.762	0.344	0.764	1378.17	29794	47333.41	276
SRX6825777	iPSC	iPSCs	NA	patient_pG	SRP221227	SRS5368226	0.970	0.628	6.607	0.764	0.361	0.770	1274.48	39526	156005.05	599
SRX6825778	iPSC	iPSCs	NA	Corrected_pG_clone_13	SRP221227	SRS5368227	0.951	0.725	6.585	0.748	0.487	0.802	1234.1	33151	40441.61	385
SRX6825779	iPSC	iPSCs	NA	Corrected_pG_clone_50	SRP221227	SRS5368228	0.968	0.715	6.037	0.778	0.416	0.844	1241.72	33980	30050.34	450
SRX6890787	Breast (Primary Tissue)	NA	breast (primary tissue)	breast	SRP223612	SRS5423766	0.988	0.738	44.395	0.906	0.858	0.967	1618.14	66341	27931.06	3964
SRX6890788	Blood	NA	blood	B cells	SRP223612	SRS5423767	0.950	0.787	61.006	0.831	0.498	0.969	988.75	69524	13894.6	3723
SRX6890789	Bone Marrow	NA	bone marrow	myeloma	SRP223612	SRS5423768	0.989	0.406	45.974	0.890	0.859	0.971	10347.06	136418	243022.93	6823
SRX6890790	Bone Marrow	NA	bone marrow	myeloma	SRP223612	SRS5423769	0.989	0.403	48.562	0.887	0.846	0.972	24426.38	59927	399231.83	4689
SRX6890791	Bone Marrow	NA	bone marrow	myeloma	SRP223612	SRS5423770	0.989	0.432	55.878	0.892	0.836	0.970	25888.2	55138	356261.11	5010
SRX6890792	Blood	NA	blood	B cells	SRP223612	SRS5423771	0.988	0.792	44.206	0.892	0.857	0.972	934.98	72041	10262.96	4349
SRX6890793	Blood	NA	blood	B cells	SRP223612	SRS5423772	0.989	0.807	42.843	0.886	0.868	0.971	953.57	72467	12276.07	4665
SRX6890794	Blood	NA	blood	B cells	SRP223612	SRS5423773	0.989	0.818	58.935	0.895	0.817	0.970	1081.29	67595	15523.32	4781
SRX6890795	Blood	NA	blood	B cells	SRP223612	SRS5423774	0.989	0.789	41.485	0.897	0.836	0.967	979.45	70129	12689.14	3473
SRX6890796	Blood	NA	blood	B cells	SRP223612	SRS5423775	0.989	0.714	46.184	0.890	0.818	0.971	1036.02	52818	10872.46	2075
SRX6890797	Bladder Cell Line	NA	bladder cell line	bladder epith cells	SRP223612	SRS5423776	0.987	0.702	34.451	0.890	0.819	0.967	1020.62	98066	13300.35	2301
SRX6890798	Bladder Cell Line	NA	bladder cell line	bladder epith cells	SRP223612	SRS5423777	0.987	0.671	25.386	0.891	0.828	0.960	1581.48	80983	169954.8	3629
SRX6890799	Liver	NA	liver	liver	SRP223612	SRS5423778	0.988	0.752	24.221	0.899	0.822	0.964	1095.77	49729	20235.43	2719
SRX6890800	Brain	NA	brain	brain	SRP223612	SRS5423779	0.966	0.750	51.767	0.843	0.486	0.962	1366.93	84524	31143.1	4618
SRX6890801	Brain	NA	brain	brain	SRP223612	SRS5423780	0.964	0.750	56.444	0.844	0.475	0.963	1325.44	85075	30206.04	4668
SRX6890802	Brain	NA	brain	brain	SRP223612	SRS5423781	0.963	0.751	70.547	0.844	0.383	0.967	1393.68	84949	30465.44	4832
SRX6890804	Liver	NA	liver	liver	SRP223612	SRS5423783	0.986	0.737	22.698	0.891	0.765	0.963	1090.24	55797	21721.5	2996
SRX6890805	Breast (Primary Tissue)	NA	breast (primary tissue)	breast	SRP223612	SRS5423784	0.988	0.725	48.273	0.897	0.852	0.968	1554.61	67935	27582.61	4013
SRX6890806	Cell Line	NA	cell line	GM12878 LCL	SRP223612	SRS5423785	0.989	0.490	27.178	0.897	0.865	0.963	13745.71	54171	966289.35	1777
SRX6890807	Blood	NA	blood	macrophages type 1	SRP223612	SRS5423786	0.988	0.786	24.420	0.892	0.845	0.964	864.43	80231	11056.46	3933
SRX6890808	Blood	NA	blood	macrophages type 2	SRP223612	SRS5423787	0.988	0.792	20.229	0.890	0.849	0.962	868.09	78256	10377.77	4228
SRX6890809	Breast Cell Line	NA	breast cell line	mammary epith cells	SRP223612	SRS5423788	0.985	0.692	50.979	0.887	0.791	0.968	2515.5	79793	408088.08	2222
SRX6890810	Breast Cell Line	NA	breast cell line	mammary epith cells	SRP223612	SRS5423789	0.985	0.684	48.474	0.881	0.722	0.964	1271.48	90502	29005.71	4805
SRX6890811	Breast Cell Line	NA	breast cell line	mammary epith cells	SRP223612	SRS5423790	0.987	0.710	53.474	0.895	0.753	0.965	1127.54	97593	17054.38	4465
SRX6890812	Blood	NA	blood	monocytes	SRP223612	SRS5423791	0.986	0.755	24.229	0.895	0.848	0.958	842.02	78639	9966.92	3688
SRX6890813	Blood	NA	blood	monocytes	SRP223612	SRS5423792	0.987	0.762	51.191	0.892	0.817	0.965	913.52	83233	11322.18	4452
SRX6890814	Blood	NA	blood	monocytes	SRP223612	SRS5423793	0.988	0.763	57.296	0.895	0.834	0.967	943.62	81760	13825.83	4209
SRX6890815	Blood	NA	blood	monocytes	SRP223612	SRS5423794	0.989	0.773	27.457	0.887	0.866	0.967	877.35	74149	13202.58	3858
SRX6890816	Brain	NA	brain	glial cells	SRP223612	SRS5423795	0.984	0.764	51.833	0.891	0.661	0.972	1466.38	75775	25109.75	4353
SRX6890819	Brain	NA	brain	glial cells	SRP223612	SRS5423798	0.985	0.788	46.027	0.890	0.855	0.971	1456.73	76798	24636.43	4398
SRX6890820	Liver	NA	liver	liver	SRP223612	SRS5423799	0.987	0.740	19.547	0.887	0.832	0.963	1180.5	49533	24711.24	2976
SRX6890821	Brain	NA	brain	neurons	SRP223612	SRS5423800	0.942	0.796	34.962	0.891	0.816	0.969	1620.41	77368	21772.02	6431
SRX6890822	Brain	NA	brain	neurons	SRP223612	SRS5423801	0.928	0.806	57.291	0.842	0.561	0.968	1657.6	69628	22564.97	5894
SRX6890823	Brain	NA	brain	neurons	SRP223612	SRS5423802	0.948	0.782	27.966	0.894	0.846	0.964	1696.6	75157	64085.95	4196
SRX6890828	Blood	NA	blood	PBL	SRP223612	SRS5423807	0.985	0.747	25.346	0.872	0.746	0.963	951.16	66103	11741.02	3203
SRX6890829	Blood	NA	blood	PBL	SRP223612	SRS5423808	0.987	0.746	42.152	0.882	0.796	0.966	981.87	68541	12231.7	3645
SRX6890830	Placenta	NA	placenta	placenta	SRP223612	SRS5423809	0.983	0.619	33.798	0.820	0.641	0.963	11879.42	58899	391110.26	2675
SRX6890831	Placenta	NA	placenta	cytotrophoblast	SRP223612	SRS5423810	0.988	0.575	42.517	0.891	0.834	0.971	11018.06	81153	215483.18	4711
SRX6890832	Lymph Node	NA	lymph node	lymph node	SRP223612	SRS5423811	0.987	0.748	40.926	0.894	0.863	0.968	1188.24	51638	14681.59	2481
SRX6890834	Blood	NA	blood	T cells	SRP223612	SRS5423813	0.988	0.744	43.558	0.900	0.824	0.967	997.87	57301	11189.35	2728
SRX6890835	Blood	NA	blood	T cells	SRP223612	SRS5423814	0.985	0.783	22.016	0.884	0.828	0.963	964.64	55804	9195.37	3619
SRX6890836	Blood	NA	blood	T cells	SRP223612	SRS5423815	0.985	0.752	18.343	0.879	0.809	0.959	1092.33	46299	10678.66	2621
SRX6890837	Blood	NA	blood	T cells	SRP223612	SRS5423816	0.983	0.755	33.063	0.837	0.658	0.959	993.02	53574	10797.76	2958
SRX6890838	Blood	NA	blood	T cells	SRP223612	SRS5423817	0.988	0.784	23.101	0.901	0.854	0.961	975.31	61515	11235.96	3760
SRX6890840	Blood	NA	blood	T cells	SRP223612	SRS5423819	0.945	0.748	42.101	0.834	0.633	0.966	1016.12	52844	10998.03	2340
SRX6890841	Blood	NA	blood	B cells	SRP223612	SRS5423820	0.989	0.793	42.854	0.899	0.841	0.968	1009.7	64483	12541.39	3821
SRX6890842	Blood	NA	blood	B cells	SRP223612	SRS5423821	0.947	0.784	43.909	0.834	0.628	0.964	994.82	62110	11519.0	3513
SRX6890843	Blood	NA	blood	B cells	SRP223612	SRS5423822	0.978	0.773	62.970	0.829	0.564	0.971	963.05	69803	11104.0	4353
SRX6890844	Blood	NA	blood	T cells	SRP223612	SRS5423823	0.947	0.764	41.592	0.826	0.650	0.964	1073.23	53406	12299.33	2744
SRX6890845	Blood	NA	blood	T cells	SRP223612	SRS5423824	0.987	0.720	39.781	0.894	0.811	0.967	1064.65	51937	11562.18	2087
SRX6890846	Blood	NA	blood	T cells CD4	SRP223612	SRS5423825	0.988	0.793	47.709	0.880	0.831	0.968	1050.78	63429	14847.49	4089
SRX6890847	Blood	NA	blood	T cells CD4	SRP223612	SRS5423826	0.986	0.789	48.919	0.892	0.789	0.966	1025.11	63354	13366.79	3803
SRX6890848	Blood	NA	blood	T cells CD4	SRP223612	SRS5423827	0.987	0.737	38.495	0.892	0.820	0.968	1001.26	54358	11188.33	2456
SRX6890849	Blood	NA	blood	T cells CD4	SRP223612	SRS5423828	0.987	0.750	46.543	0.894	0.832	0.966	1005.4	57230	12083.1	2835
SRX6890850	Blood	NA	blood	T cells CD8	SRP223612	SRS5423829	0.987	0.715	27.649	0.890	0.823	0.965	1187.95	46045	12353.15	1813
SRX6890851	Blood	NA	blood	T cells CD8	SRP223612	SRS5423830	0.988	0.748	26.573	0.894	0.853	0.963	1022.15	52527	10942.75	2827
SRX6890852	Lymph Node	NA	lymph node	DLBCL	SRP223612	SRS5423831	0.989	0.558	44.834	0.897	0.848	0.971	3533.32	218753	478259.41	3082
SRX6890853	Lymph Node	NA	lymph node	DLBCL	SRP223612	SRS5423832	0.988	0.538	40.987	0.889	0.858	0.970	11773.27	80356	355359.27	4587
SRX6890854	Lymph Node	NA	lymph node	FL	SRP223612	SRS5423833	0.989	0.514	41.947	0.895	0.854	0.971	5134.23	77115	1192505.64	1205
SRX6890855	Brain	NA	brain	GBM	SRP223612	SRS5423834	0.985	0.701	45.405	0.885	0.833	0.968	1508.44	60074	96410.16	4418
SRX6890856	Brain	NA	brain	GBM	SRP223612	SRS5423835	0.989	0.676	45.710	0.905	0.850	0.967	5773.35	75083	301693.53	2449
SRX6890857	Brain	NA	brain	GBM	SRP223612	SRS5423836	0.985	0.686	22.509	0.879	0.778	0.957	4455.09	75634	306195.57	2219
SRX6890858	Brain	NA	brain	GBM	SRP223612	SRS5423837	0.985	0.615	53.536	0.888	0.745	0.968	5808.71	88207	231767.87	3783
SRX6890859	Brain	NA	brain	GBM	SRP223612	SRS5423838	0.981	0.743	44.419	0.885	0.772	0.967	1314.81	60090	20865.14	2916
SRX6890860	Bone Marrow	NA	bone marrow	myeloma	SRP223612	SRS5423839	0.970	0.562	35.756	0.831	0.667	0.962	31930.91	24558	734103.04	2294
SRX6890861	Bone Marrow	NA	bone marrow	myeloma	SRP223612	SRS5423840	0.945	0.474	36.591	0.814	0.658	0.963	10992.38	113536	408986.85	4255
SRX6890862	Bone Marrow	NA	bone marrow	myeloma	SRP223612	SRS5423841	0.989	0.355	48.651	0.891	0.765	0.967	19772.54	82721	364982.15	5119
SRX6890863	Blood	NA	blood	B cells	SRP223612	SRS5423842	0.989	0.787	45.572	0.897	0.861	0.968	961.95	68839	12317.52	3990
SRX6890864	Blood	NA	blood	B cells	SRP223612	SRS5423843	0.925	0.786	42.220	0.829	0.625	0.964	984.73	67402	13250.01	2788
SRX6893472	Blood	NA	blood	NA	SRP223055	SRS5426372	0.985	0.794	7.655	0.867	0.171	0.889	1297.85	36904	19006.12	1233
SRX6893475	Blood	NA	blood	NA	SRP223055	SRS5426372	0.990	0.824	9.631	0.876	0.237	0.905	1175.88	46399	19921.34	1466
SRX6893477	Blood	NA	blood	NA	SRP223055	SRS5426372	0.988	0.806	8.341	0.874	0.211	0.894	1260.44	38005	17031.94	1419
SRX6898454	Blood	NA	blood	NA	SRP223055	SRS5426372	0.986	0.821	9.890	0.883	0.289	0.910	1150.68	47654	10950.86	2974
SRX6898507	Blood	NA	blood	NA	SRP223055	SRS5426372	0.987	0.826	8.398	0.876	0.193	0.900	1172.53	51805	21445.75	1758
SRX6898593	Blood	NA	blood	NA	SRP223055	SRS5426372	0.985	0.821	7.975	0.872	0.182	0.883	1214.72	43358	19935.19	1700
SRX6898722	Blood	NA	blood	NA	SRP223055	SRS5426372	0.988	0.823	7.539	0.865	0.151	0.894	1205.31	46060	18130.59	1599
SRX6898863	Blood	NA	blood	NA	SRP223055	SRS5426372	0.989	0.812	9.888	0.872	0.274	0.923	1179.82	48249	10439.19	2748
SRX690031	ESC	NA	NA	Embryonic Stem Cells	SRP045902	SRS692551	0.990	0.837	3.635	0.884	0.868	0.885	1425.45	30508	57837.34	1428
SRX690032	ESC	NA	NA	Embryonic Stem Cells	SRP045902	SRS692552	0.991	0.840	3.473	0.884	0.895	0.877	1437.07	30203	62614.68	1286
SRX690033	ESC	NA	NA	Embryonic Stem Cells	SRP045902	SRS692553	0.991	0.836	3.408	0.883	0.890	0.876	1453.62	29756	53521.0	1552
SRX690034	ESC	NA	NA	Embryonic Stem Cells	SRP045902	SRS692554	0.995	0.294	2.915	0.705	0.893	0.860	0.0	0	2434361.92	49
SRX690035	ESC	NA	NA	Embryonic Stem Cells	SRP045902	SRS692555	0.995	0.300	2.992	0.695	0.909	0.868	1619041.0	1	2902171.13	15
SRX690036	ESC	NA	NA	Embryonic Stem Cells	SRP045902	SRS692556	0.995	0.302	2.622	0.693	0.913	0.846	0.0	0	2980522.3	20
SRX6914246	Blood	NA	blood	NA	SRP223055	SRS5426372	0.985	0.800	7.247	0.868	0.155	0.871	1313.97	41615	22630.99	1508
SRX6965689	Semen	NA	semen	Semen samples	SRP224808	SRS5491485	0.989	0.734	19.936	0.855	0.723	0.959	2600.31	92559	39262.06	4570
SRX6965690	Semen	NA	semen	Semen samples	SRP224808	SRS5491486	0.979	0.736	15.451	0.834	0.380	0.957	2432.96	91817	27992.54	5887
SRX6965691	Semen	NA	semen	Semen samples	SRP224808	SRS5491487	0.980	0.757	16.029	0.877	0.442	0.956	2371.43	92994	30322.94	5355
SRX6965692	Semen	NA	semen	Semen samples	SRP224808	SRS5491488	0.977	0.742	14.959	0.855	0.411	0.955	2327.54	86666	26580.81	5918
SRX6965693	Semen	NA	semen	Semen samples	SRP224808	SRS5491489	0.983	0.758	15.372	0.865	0.350	0.956	2437.26	87959	26214.24	6655
SRX6965694	Semen	NA	semen	Semen samples	SRP224808	SRS5491490	0.981	0.729	16.085	0.868	0.374	0.954	2393.61	89561	30749.38	5393
SRX6965695	Semen	NA	semen	Semen samples	SRP224808	SRS5491491	0.986	0.781	17.225	0.864	0.628	0.954	2499.79	89139	26749.27	6205
SRX6965696	Semen	NA	semen	Semen samples	SRP224808	SRS5491492	0.980	0.750	17.760	0.865	0.438	0.957	2284.2	84883	25733.72	5758
SRX6965697	Semen	NA	semen	Semen samples	SRP224808	SRS5491493	0.985	0.750	19.962	0.860	0.606	0.958	2505.34	92511	28046.23	6282
SRX6965698	Semen	NA	semen	Semen samples	SRP224808	SRS5491494	0.982	0.755	18.348	0.864	0.581	0.957	2371.12	89429	26871.94	6064
SRX6965699	Semen	NA	semen	Semen samples	SRP224808	SRS5491495	0.986	0.755	19.219	0.856	0.568	0.958	2428.46	87798	29958.87	5149
SRX6965700	Semen	NA	semen	Semen samples	SRP224808	SRS5491496	0.990	0.756	19.921	0.863	0.695	0.958	2579.46	85272	24952.24	6939
SRX6965701	Semen	NA	semen	Semen samples	SRP224808	SRS5491497	0.982	0.737	16.239	0.847	0.470	0.957	2474.22	85747	27409.69	5987
SRX6965702	Semen	NA	semen	Semen samples	SRP224808	SRS5491498	0.980	0.724	19.466	0.839	0.526	0.958	2552.21	86979	30345.09	5875
SRX6965703	Semen	NA	semen	Semen samples	SRP224808	SRS5491499	0.983	0.753	14.441	0.855	0.359	0.955	2352.41	88105	28282.29	5641
SRX6965704	Semen	NA	semen	Semen samples	SRP224808	SRS5491500	0.981	0.757	17.760	0.823	0.508	0.958	2472.49	83125	28563.23	5604
SRX6965705	Semen	NA	semen	Semen samples	SRP224808	SRS5491501	0.984	0.733	13.913	0.831	0.363	0.954	2408.98	86526	30569.59	5351
SRX6978178	Blood	NA	blood	NA	SRP223055	SRS5426372	0.988	0.810	8.056	0.869	0.173	0.901	1239.35	44506	21256.48	1574
SRX6978181	Blood	NA	blood	NA	SRP223055	SRS5426372	0.988	0.817	9.013	0.867	0.224	0.917	1186.42	46478	19471.43	1543
SRX6978641	Blood	NA	blood	NA	SRP223055	SRS5426372	0.988	0.805	7.129	0.861	0.158	0.872	1317.31	37328	20421.89	1272
SRX7023990	ESC	hESCs	NA	UCLA2 hESCs	SRP226234	SRS5544762	0.977	0.773	2.688	0.822	0.074	0.785	1586.89	24226	28278.37	501
SRX7023991	ESC	hESCs	NA	UCLA2 hESCs	SRP226234	SRS5544763	0.981	0.804	3.793	0.841	0.115	0.846	1585.06	24415	21002.32	896
SRX7023992	ESC	hESCs	NA	UCLA2 hESCs	SRP226234	SRS5544764	0.987	0.782	3.809	0.837	0.180	0.855	1547.63	27420	21350.38	671
SRX7023993	ESC	hESCs	NA	UCLA2 hESCs	SRP226234	SRS5544765	0.987	0.774	3.715	0.840	0.112	0.853	1531.08	27524	19303.56	870
SRX7023994	ESC	hESCs	NA	UCLA2 hESCs	SRP226234	SRS5544766	0.989	0.585	6.139	0.830	0.387	0.913	1884.01	42592	15346.15	1695
SRX7023995	ESC	hESCs	NA	UCLA2 hESCs	SRP226234	SRS5544767	0.989	0.619	4.718	0.848	0.202	0.873	2396.44	31420	18060.49	1136
SRX7142043	Kidney Tumor	CD8 T-cell	Kidney tumor	Kidney_ef	SRP229996	SRS5650180	0.972	0.743	5.641	0.620	0.099	0.776	1455.06	30626	37067.81	125
SRX7142044	Kidney Tumor	CD8 T-cell	Kidney tumor	Kidney_ef	SRP229996	SRS5650181	0.973	0.744	3.639	0.612	0.106	0.732	1623.66	27719	73772.55	65
SRX7142045	Kidney Tumor	CD8 T-cell	Kidney tumor	Kidney_stem	SRP229996	SRS5650182	0.973	0.707	5.743	0.591	0.098	0.738	1678.34	27164	45966.03	62
SRX7142046	Kidney Tumor	CD8 T-cell	Kidney tumor	Kidney_stem	SRP229996	SRS5650183	0.972	0.728	4.871	0.606	0.116	0.754	1618.52	27731	53211.01	69
SRX7142047	Blood	CD8 T-cell	Blood	Naive	SRP229996	SRS5650184	0.972	0.814	8.849	0.710	0.287	0.928	1108.77	45239	26247.55	1427
SRX7142048	Blood	CD8 T-cell	Blood	Naive	SRP229996	SRS5650185	0.974	0.813	9.215	0.725	0.325	0.929	1094.25	45887	25943.74	1490
SRX7182824	Brain Hippocampus	NA	Brain; Hippocampus	TLE patients without HS	SRP230618	SRS5689055	0.992	0.795	17.511	0.864	0.636	0.936	1268.06	57006	23789.23	3225
SRX7182825	Brain Hippocampus	NA	Brain; Hippocampus	TLE patients without HS	SRP230618	SRS5689056	0.991	0.794	16.636	0.858	0.650	0.933	1226.4	52206	25017.82	3030
SRX7182826	Brain Hippocampus	NA	Brain; Hippocampus	TLE patients without HS	SRP230618	SRS5689057	0.992	0.805	16.952	0.840	0.629	0.934	1171.34	52665	19607.48	3436
SRX7182827	Brain Hippocampus	NA	Brain; Hippocampus	TLE patients with HS ILAE type1	SRP230618	SRS5689058	0.992	0.800	16.684	0.854	0.625	0.926	1256.04	55204	22947.62	3360
SRX7182828	Brain Hippocampus	NA	Brain; Hippocampus	TLE patients with HS ILAE type1	SRP230618	SRS5689059	0.989	0.788	20.712	0.835	0.749	0.955	1152.12	58859	24415.87	2939
SRX7182829	Brain Hippocampus	NA	Brain; Hippocampus	TLE patients with HS ILAE type1	SRP230618	SRS5689060	0.989	0.780	19.245	0.845	0.761	0.950	1177.89	58555	24622.35	3145
SRX7191590	Cord Blood	NA	umbilical cord blood	umbilical cord blood	SRP230793	SRS5697605	0.981	0.776	8.891	0.791	0.681	0.931	1057.59	45886	22086.55	1343
SRX7191591	Cord Blood	NA	umbilical cord blood	umbilical cord blood	SRP230793	SRS5697606	0.980	0.776	9.849	0.786	0.637	0.931	1051.45	46218	23040.41	1309
SRX7191592	Cord Blood	NA	umbilical cord blood	umbilical cord blood	SRP230793	SRS5697607	0.981	0.769	10.539	0.777	0.620	0.933	1026.35	47818	20703.42	1360
SRX7191593	Cord Blood	NA	umbilical cord blood	umbilical cord blood	SRP230793	SRS5697608	0.980	0.763	10.241	0.777	0.648	0.933	1045.29	48148	23831.55	1285
SRX7191594	Cord Blood	NA	umbilical cord blood	umbilical cord blood	SRP230793	SRS5697609	0.982	0.759	9.807	0.815	0.622	0.935	1044.49	47676	21221.26	1523
SRX7191595	Cord Blood	NA	umbilical cord blood	umbilical cord blood	SRP230793	SRS5697610	0.980	0.771	9.267	0.758	0.652	0.938	1050.54	47195	19818.84	1357
SRX7191596	Cord Blood	NA	umbilical cord blood	umbilical cord blood	SRP230793	SRS5697611	0.980	0.780	8.263	0.801	0.684	0.938	1054.48	49247	21106.35	1389
SRX7191597	Cord Blood	NA	umbilical cord blood	umbilical cord blood	SRP230793	SRS5697612	0.979	0.780	9.611	0.799	0.618	0.937	1043.08	46851	20892.25	1298
SRX7191598	Cord Blood	NA	umbilical cord blood	umbilical cord blood	SRP230793	SRS5697613	0.981	0.776	8.453	0.805	0.666	0.936	1062.1	47006	21513.15	1469
SRX7191599	Cord Blood	NA	umbilical cord blood	umbilical cord blood	SRP230793	SRS5697614	0.981	0.775	9.710	0.790	0.649	0.940	1033.13	48786	22029.25	1522
SRX7191600	Cord Blood	NA	umbilical cord blood	umbilical cord blood	SRP230793	SRS5697615	0.980	0.770	9.662	0.809	0.633	0.936	1047.37	46554	20907.64	1396
SRX7191601	Cord Blood	NA	umbilical cord blood	umbilical cord blood	SRP230793	SRS5697616	0.981	0.765	8.727	0.801	0.657	0.931	1069.98	45637	19804.66	1339
SRX7191602	Cord Blood	NA	umbilical cord blood	umbilical cord blood	SRP230793	SRS5697617	0.981	0.772	8.387	0.792	0.637	0.927	1064.41	46853	27884.52	1126
SRX7191603	Cord Blood	NA	umbilical cord blood	umbilical cord blood	SRP230793	SRS5697618	0.980	0.767	9.043	0.812	0.609	0.928	1014.88	52430	31500.19	1206
SRX7191604	Cord Blood	NA	umbilical cord blood	umbilical cord blood	SRP230793	SRS5697619	0.979	0.774	9.320	0.805	0.582	0.939	1050.74	47705	20099.96	1487
SRX7191605	Cord Blood	NA	umbilical cord blood	umbilical cord blood	SRP230793	SRS5697620	0.980	0.766	9.634	0.803	0.565	0.935	1050.87	47482	22808.64	1477
SRX7191606	Cord Blood	NA	umbilical cord blood	umbilical cord blood	SRP230793	SRS5697621	0.979	0.774	9.743	0.805	0.536	0.936	1043.54	47282	22183.15	1449
SRX7191607	Cord Blood	NA	umbilical cord blood	umbilical cord blood	SRP230793	SRS5697622	0.982	0.775	8.719	0.804	0.651	0.933	1058.61	46747	22868.46	1558
SRX7191608	Cord Blood	NA	umbilical cord blood	umbilical cord blood	SRP230793	SRS5697623	0.981	0.770	9.056	0.796	0.621	0.933	1066.24	45274	21013.29	1402
SRX7191609	Cord Blood	NA	umbilical cord blood	umbilical cord blood	SRP230793	SRS5697624	0.980	0.772	9.740	0.807	0.589	0.937	1039.92	47318	23507.08	1403
SRX7191610	Cord Blood	NA	umbilical cord blood	umbilical cord blood	SRP230793	SRS5697625	0.979	0.762	9.454	0.778	0.647	0.941	1046.19	48098	22371.89	1222
SRX7191611	Cord Blood	NA	umbilical cord blood	umbilical cord blood	SRP230793	SRS5697626	0.978	0.769	7.774	0.777	0.625	0.926	1090.21	44861	26855.78	1016
SRX7191612	Cord Blood	NA	umbilical cord blood	umbilical cord blood	SRP230793	SRS5697627	0.981	0.776	9.639	0.808	0.617	0.937	1033.01	47732	20038.57	1459
SRX7191613	Cord Blood	NA	umbilical cord blood	umbilical cord blood	SRP230793	SRS5697628	0.982	0.770	8.592	0.772	0.647	0.932	1048.39	48868	22575.18	1374
SRX7191614	Cord Blood	NA	umbilical cord blood	umbilical cord blood	SRP230793	SRS5697629	0.979	0.764	8.224	0.792	0.600	0.916	1076.84	45078	27297.32	1031
SRX7191615	Cord Blood	NA	umbilical cord blood	umbilical cord blood	SRP230793	SRS5697630	0.983	0.770	7.399	0.798	0.590	0.927	1076.57	47734	31144.77	993
SRX7191616	Cord Blood	NA	umbilical cord blood	umbilical cord blood	SRP230793	SRS5697631	0.983	0.771	7.218	0.798	0.626	0.922	1103.59	43876	27770.42	1210
SRX7191617	Cord Blood	NA	umbilical cord blood	umbilical cord blood	SRP230793	SRS5697632	0.981	0.769	4.706	0.774	0.573	0.892	1215.99	40372	36883.43	754
SRX7191618	Cord Blood	NA	umbilical cord blood	umbilical cord blood	SRP230793	SRS5697633	0.972	0.775	5.771	0.777	0.330	0.913	1180.07	41431	36951.96	959
SRX7191619	Cord Blood	NA	umbilical cord blood	umbilical cord blood	SRP230793	SRS5697634	0.969	0.770	5.238	0.767	0.307	0.906	1197.64	40375	34867.83	836
SRX7191620	Cord Blood	NA	umbilical cord blood	umbilical cord blood	SRP230793	SRS5697635	0.963	0.760	4.593	0.779	0.205	0.880	1234.51	39153	36765.58	764
SRX7191621	Cord Blood	NA	umbilical cord blood	umbilical cord blood	SRP230793	SRS5697636	0.953	0.741	3.522	0.774	0.115	0.827	1307.5	34905	36090.28	367
SRX7191622	Cord Blood	NA	umbilical cord blood	umbilical cord blood	SRP230793	SRS5697637	0.986	0.773	7.605	0.803	0.529	0.921	1079.03	45153	30635.37	1054
SRX7191623	Cord Blood	NA	umbilical cord blood	umbilical cord blood	SRP230793	SRS5697638	0.985	0.759	6.926	0.814	0.588	0.913	1136.36	40564	22727.73	1059
SRX7191624	Cord Blood	NA	umbilical cord blood	umbilical cord blood	SRP230793	SRS5697639	0.982	0.764	5.270	0.790	0.290	0.899	1227.85	37811	26889.25	865
SRX7191625	Cord Blood	NA	umbilical cord blood	umbilical cord blood	SRP230793	SRS5697640	0.980	0.772	10.490	0.771	0.620	0.934	1037.12	47359	23004.13	1440
SRX7191626	Cord Blood	NA	umbilical cord blood	umbilical cord blood	SRP230793	SRS5697641	0.979	0.767	9.598	0.799	0.680	0.936	1045.18	45594	21149.3	1326
SRX7191627	Cord Blood	NA	umbilical cord blood	umbilical cord blood	SRP230793	SRS5697642	0.980	0.772	9.706	0.801	0.661	0.933	1039.28	47173	20489.67	1576
SRX7191628	Cord Blood	NA	umbilical cord blood	umbilical cord blood	SRP230793	SRS5697643	0.980	0.761	10.125	0.807	0.631	0.933	1039.13	44596	21507.16	1118
SRX7191629	Cord Blood	NA	umbilical cord blood	umbilical cord blood	SRP230793	SRS5697644	0.979	0.732	8.983	0.802	0.585	0.923	1077.93	43555	25924.89	918
SRX7191630	Cord Blood	NA	umbilical cord blood	umbilical cord blood	SRP230793	SRS5697645	0.979	0.778	9.841	0.795	0.631	0.937	1031.55	46780	21347.55	1474
SRX7191631	Cord Blood	NA	umbilical cord blood	umbilical cord blood	SRP230793	SRS5697646	0.983	0.777	8.538	0.794	0.609	0.927	1038.96	46878	20736.98	1202
SRX7191632	Cord Blood	NA	umbilical cord blood	umbilical cord blood	SRP230793	SRS5697647	0.982	0.772	8.507	0.793	0.625	0.924	1070.74	44862	30708.68	1085
SRX7191633	Cord Blood	NA	umbilical cord blood	umbilical cord blood	SRP230793	SRS5697648	0.981	0.767	8.292	0.784	0.559	0.929	1052.47	47444	21295.79	1386
SRX7191634	Cord Blood	NA	umbilical cord blood	umbilical cord blood	SRP230793	SRS5697649	0.979	0.767	6.335	0.783	0.513	0.922	1159.63	41019	33898.12	989
SRX7191635	Cord Blood	NA	umbilical cord blood	umbilical cord blood	SRP230793	SRS5697650	0.958	0.764	4.206	0.784	0.161	0.873	1244.45	38002	35287.82	582
SRX7191636	Cord Blood	NA	umbilical cord blood	umbilical cord blood	SRP230793	SRS5697651	0.985	0.769	6.587	0.812	0.331	0.918	1121.79	41590	26063.41	1056
SRX7191637	Cord Blood	NA	umbilical cord blood	umbilical cord blood	SRP230793	SRS5697652	0.986	0.763	6.919	0.818	0.298	0.894	1101.58	43276	27742.57	849
SRX7191638	Cord Blood	NA	umbilical cord blood	umbilical cord blood	SRP230793	SRS5697653	0.983	0.760	5.714	0.796	0.303	0.893	1153.74	46580	29656.99	802
SRX7191639	Cord Blood	NA	umbilical cord blood	umbilical cord blood	SRP230793	SRS5697654	0.968	0.757	3.260	0.784	0.102	0.785	1289.54	35192	48087.04	532
SRX7191640	Cord Blood	NA	umbilical cord blood	umbilical cord blood	SRP230793	SRS5697655	0.980	0.764	9.021	0.776	0.645	0.929	1061.56	46002	20441.59	1434
SRX7191641	Cord Blood	NA	umbilical cord blood	umbilical cord blood	SRP230793	SRS5697656	0.980	0.741	7.989	0.781	0.682	0.920	1110.32	42699	22327.61	968
SRX7191642	Cord Blood	NA	umbilical cord blood	umbilical cord blood	SRP230793	SRS5697657	0.980	0.765	9.594	0.777	0.651	0.933	1041.91	45838	18773.2	1406
SRX7191643	Cord Blood	NA	umbilical cord blood	umbilical cord blood	SRP230793	SRS5697658	0.980	0.767	9.508	0.790	0.634	0.931	1073.65	44332	25236.93	1337
SRX7191644	Cord Blood	NA	umbilical cord blood	umbilical cord blood	SRP230793	SRS5697659	0.980	0.756	10.380	0.804	0.605	0.937	1033.48	47566	19047.13	1399
SRX7191645	Cord Blood	NA	umbilical cord blood	umbilical cord blood	SRP230793	SRS5697660	0.980	0.768	10.172	0.774	0.628	0.935	1031.86	48596	21640.52	1549
SRX7191646	Cord Blood	NA	umbilical cord blood	umbilical cord blood	SRP230793	SRS5697661	0.979	0.774	10.435	0.789	0.584	0.943	1000.01	52409	26807.95	1381
SRX7191647	Cord Blood	NA	umbilical cord blood	umbilical cord blood	SRP230793	SRS5697662	0.979	0.766	8.880	0.807	0.583	0.924	1043.42	48628	32754.2	986
SRX7191648	Cord Blood	NA	umbilical cord blood	umbilical cord blood	SRP230793	SRS5697663	0.980	0.776	9.162	0.764	0.693	0.935	1061.12	46016	19786.44	1455
SRX7191649	Cord Blood	NA	umbilical cord blood	umbilical cord blood	SRP230793	SRS5697664	0.978	0.760	8.549	0.799	0.665	0.933	1074.32	46298	21997.72	1252
SRX7191650	Cord Blood	NA	umbilical cord blood	umbilical cord blood	SRP230793	SRS5697665	0.979	0.763	9.991	0.799	0.615	0.940	1037.32	47665	19693.8	1185
SRX7191651	Cord Blood	NA	umbilical cord blood	umbilical cord blood	SRP230793	SRS5697666	0.980	0.768	9.062	0.793	0.638	0.933	1033.86	50186	20532.06	1452
SRX7191652	Cord Blood	NA	umbilical cord blood	umbilical cord blood	SRP230793	SRS5697667	0.981	0.737	10.147	0.799	0.595	0.934	1076.31	42858	17342.78	1100
SRX7191653	Cord Blood	NA	umbilical cord blood	umbilical cord blood	SRP230793	SRS5697668	0.982	0.770	11.002	0.815	0.598	0.938	1014.44	50278	22896.17	1335
SRX7191654	Cord Blood	NA	umbilical cord blood	umbilical cord blood	SRP230793	SRS5697669	0.976	0.773	8.467	0.781	0.508	0.936	1052.56	47690	21953.11	1270
SRX7191655	Cord Blood	NA	umbilical cord blood	umbilical cord blood	SRP230793	SRS5697670	0.974	0.753	8.557	0.767	0.481	0.936	1106.04	42193	19450.95	1245
SRX7191656	Cord Blood	NA	umbilical cord blood	umbilical cord blood	SRP230793	SRS5697671	0.979	0.764	9.136	0.811	0.553	0.934	1067.09	46240	24789.97	1493
SRX7191657	Cord Blood	NA	umbilical cord blood	umbilical cord blood	SRP230793	SRS5697672	0.982	0.768	9.477	0.805	0.629	0.939	1039.26	48560	24533.65	1342
SRX7191658	Cord Blood	NA	umbilical cord blood	umbilical cord blood	SRP230793	SRS5697673	0.981	0.761	9.416	0.793	0.635	0.938	1060.48	44700	18674.72	1329
SRX7191659	Cord Blood	NA	umbilical cord blood	umbilical cord blood	SRP230793	SRS5697674	0.977	0.771	8.609	0.785	0.605	0.939	1050.51	47231	20620.35	1511
SRX7191660	Cord Blood	NA	umbilical cord blood	umbilical cord blood	SRP230793	SRS5697675	0.977	0.766	8.454	0.773	0.623	0.933	1061.65	47713	20059.75	1396
SRX7191661	Cord Blood	NA	umbilical cord blood	umbilical cord blood	SRP230793	SRS5697676	0.976	0.767	9.924	0.762	0.565	0.942	1069.26	44811	22864.21	1389
SRX7191662	Cord Blood	NA	umbilical cord blood	umbilical cord blood	SRP230793	SRS5697677	0.982	0.773	9.664	0.790	0.634	0.936	1020.77	49984	20757.76	1259
SRX7191663	Cord Blood	NA	umbilical cord blood	umbilical cord blood	SRP230793	SRS5697678	0.981	0.776	9.977	0.781	0.615	0.938	1039.08	48855	24150.0	1347
SRX7191664	Cord Blood	NA	umbilical cord blood	umbilical cord blood	SRP230793	SRS5697679	0.983	0.768	8.517	0.803	0.608	0.930	1029.84	50844	30767.32	1158
SRX7191665	Cord Blood	NA	umbilical cord blood	umbilical cord blood	SRP230793	SRS5697680	0.984	0.764	8.201	0.803	0.409	0.904	1079.54	46028	25490.04	1059
SRX7191666	Cord Blood	NA	umbilical cord blood	umbilical cord blood	SRP230793	SRS5697681	0.978	0.760	6.869	0.767	0.408	0.923	1128.56	42155	25808.37	978
SRX7191667	Cord Blood	NA	umbilical cord blood	umbilical cord blood	SRP230793	SRS5697682	0.971	0.764	6.300	0.772	0.231	0.910	1151.98	41756	32957.03	916
SRX7191668	Cord Blood	NA	umbilical cord blood	umbilical cord blood	SRP230793	SRS5697683	0.985	0.774	5.928	0.823	0.221	0.899	1164.03	41192	34055.41	1006
SRX7191669	Cord Blood	NA	umbilical cord blood	umbilical cord blood	SRP230793	SRS5697684	0.986	0.773	9.628	0.817	0.451	0.925	1028.55	48860	23183.93	1292
SRX7191670	Cord Blood	NA	umbilical cord blood	umbilical cord blood	SRP230793	SRS5697685	0.985	0.771	6.530	0.813	0.512	0.912	1122.06	42003	25547.46	954
SRX7191671	Cord Blood	NA	umbilical cord blood	umbilical cord blood	SRP230793	SRS5697686	0.985	0.771	7.728	0.809	0.409	0.920	1052.1	47645	25361.42	1095
SRX7191672	Cord Blood	NA	umbilical cord blood	umbilical cord blood	SRP230793	SRS5697687	0.982	0.765	7.993	0.817	0.402	0.883	1073.8	46251	26359.6	906
SRX7191673	Cord Blood	NA	umbilical cord blood	umbilical cord blood	SRP230793	SRS5697688	0.980	0.766	8.888	0.794	0.645	0.926	1055.25	46776	22170.73	1417
SRX7191674	Cord Blood	NA	umbilical cord blood	umbilical cord blood	SRP230793	SRS5697689	0.980	0.773	10.457	0.798	0.663	0.942	1022.35	49016	25411.41	1342
SRX7191675	Cord Blood	NA	umbilical cord blood	umbilical cord blood	SRP230793	SRS5697690	0.980	0.780	10.394	0.768	0.633	0.938	1028.87	48025	21042.51	1476
SRX7191676	Cord Blood	NA	umbilical cord blood	umbilical cord blood	SRP230793	SRS5697691	0.978	0.766	9.947	0.804	0.573	0.932	1020.92	49944	21743.58	1520
SRX7191677	Cord Blood	NA	umbilical cord blood	umbilical cord blood	SRP230793	SRS5697692	0.980	0.776	8.700	0.798	0.662	0.934	1048.48	48609	26872.56	1478
SRX7191678	Cord Blood	NA	umbilical cord blood	umbilical cord blood	SRP230793	SRS5697693	0.980	0.740	10.255	0.811	0.510	0.937	1033.36	46678	24208.09	1129
SRX7191679	Cord Blood	NA	umbilical cord blood	umbilical cord blood	SRP230793	SRS5697694	0.983	0.756	6.843	0.757	0.654	0.917	1124.95	41483	23549.31	915
SRX7191680	Cord Blood	NA	umbilical cord blood	umbilical cord blood	SRP230793	SRS5697695	0.982	0.772	7.495	0.791	0.613	0.926	1072.28	46742	29478.75	1182
SRX7191681	Cord Blood	NA	umbilical cord blood	umbilical cord blood	SRP230793	SRS5697696	0.982	0.768	8.531	0.767	0.574	0.932	1053.83	46549	22726.04	1380
SRX7191682	Cord Blood	NA	umbilical cord blood	umbilical cord blood	SRP230793	SRS5697697	0.965	0.768	5.121	0.787	0.281	0.900	1189.93	40045	34811.59	641
SRX7191683	Cord Blood	NA	umbilical cord blood	umbilical cord blood	SRP230793	SRS5697698	0.953	0.766	4.436	0.768	0.140	0.874	1221.52	37408	38846.55	739
SRX7191684	Cord Blood	NA	umbilical cord blood	umbilical cord blood	SRP230793	SRS5697699	0.973	0.740	4.586	0.809	0.119	0.868	1219.46	38794	34001.89	700
SRX7191685	Cord Blood	NA	umbilical cord blood	umbilical cord blood	SRP230793	SRS5697700	0.985	0.771	7.352	0.788	0.436	0.917	1064.76	46982	26230.44	1077
SRX7191686	Cord Blood	NA	umbilical cord blood	umbilical cord blood	SRP230793	SRS5697701	0.985	0.768	6.683	0.815	0.295	0.892	1105.39	43452	32368.46	940
SRX7191687	Cord Blood	NA	umbilical cord blood	umbilical cord blood	SRP230793	SRS5697702	0.984	0.771	8.338	0.819	0.445	0.916	1080.6	44179	24986.85	1046
SRX7191688	Cord Blood	NA	umbilical cord blood	umbilical cord blood	SRP230793	SRS5697703	0.981	0.761	3.538	0.830	0.487	0.835	1243.4	37756	38596.71	485
SRX7191689	Cord Blood	NA	umbilical cord blood	umbilical cord blood	SRP230793	SRS5697704	0.978	0.766	2.819	0.828	0.479	0.796	1345.14	35113	50231.35	481
SRX7191690	Cord Blood	NA	umbilical cord blood	umbilical cord blood	SRP230793	SRS5697705	0.988	0.781	3.459	0.835	0.506	0.809	1254.05	36329	37528.82	572
SRX7191691	Cord Blood	NA	umbilical cord blood	umbilical cord blood	SRP230793	SRS5697706	0.986	0.776	3.669	0.813	0.515	0.818	1243.64	36437	41011.9	400
SRX7191692	Cord Blood	NA	umbilical cord blood	umbilical cord blood	SRP230793	SRS5697707	0.987	0.770	3.080	0.843	0.494	0.775	1262.14	35632	40458.08	451
SRX7191693	Cord Blood	NA	umbilical cord blood	umbilical cord blood	SRP230793	SRS5697708	0.978	0.769	6.353	0.852	0.537	0.905	1094.48	43675	24996.43	1022
SRX7191694	Cord Blood	NA	umbilical cord blood	umbilical cord blood	SRP230793	SRS5697709	0.983	0.768	4.784	0.846	0.593	0.872	1192.42	37949	33479.65	818
SRX7191695	Cord Blood	NA	umbilical cord blood	umbilical cord blood	SRP230793	SRS5697710	0.980	0.761	6.159	0.845	0.604	0.901	1133.38	41984	21479.69	1069
SRX7191696	Cord Blood	NA	umbilical cord blood	umbilical cord blood	SRP230793	SRS5697711	0.984	0.766	4.835	0.852	0.590	0.884	1187.0	39166	26125.43	885
SRX7191697	Cord Blood	NA	umbilical cord blood	umbilical cord blood	SRP230793	SRS5697712	0.983	0.759	3.981	0.839	0.607	0.850	1253.66	36398	34178.85	681
SRX7191698	Cord Blood	NA	umbilical cord blood	umbilical cord blood	SRP230793	SRS5697713	0.981	0.764	6.200	0.853	0.555	0.891	1109.82	42896	26647.82	874
SRX7191699	Cord Blood	NA	umbilical cord blood	umbilical cord blood	SRP230793	SRS5697714	0.980	0.768	6.301	0.850	0.475	0.913	1076.33	45049	27654.28	1110
SRX7191700	Cord Blood	NA	umbilical cord blood	umbilical cord blood	SRP230793	SRS5697715	0.983	0.758	3.391	0.825	0.534	0.838	1282.87	35149	35083.91	544
SRX7191701	Cord Blood	NA	umbilical cord blood	umbilical cord blood	SRP230793	SRS5697716	0.980	0.754	3.014	0.825	0.383	0.765	1286.2	34514	41679.23	329
SRX7191702	Cord Blood	NA	umbilical cord blood	umbilical cord blood	SRP230793	SRS5697717	0.988	0.749	3.931	0.826	0.481	0.818	1244.33	35891	31722.04	440
SRX7191703	Cord Blood	NA	umbilical cord blood	umbilical cord blood	SRP230793	SRS5697718	0.988	0.775	3.384	0.830	0.554	0.795	1242.37	37132	45687.41	484
SRX7191704	Cord Blood	NA	umbilical cord blood	umbilical cord blood	SRP230793	SRS5697719	0.988	0.761	3.250	0.803	0.627	0.793	1286.21	36007	45880.62	442
SRX7191706	Cord Blood	NA	umbilical cord blood	umbilical cord blood	SRP230793	SRS5697721	0.980	0.771	5.734	0.848	0.591	0.903	1147.27	41499	25275.73	975
SRX7191707	Cord Blood	NA	umbilical cord blood	umbilical cord blood	SRP230793	SRS5697722	0.978	0.762	5.040	0.847	0.485	0.883	1184.39	39331	25099.39	882
SRX7191708	Cord Blood	NA	umbilical cord blood	umbilical cord blood	SRP230793	SRS5697723	0.982	0.766	4.724	0.842	0.546	0.869	1194.12	38527	32073.88	560
SRX7191709	Cord Blood	NA	umbilical cord blood	umbilical cord blood	SRP230793	SRS5697724	0.981	0.768	5.286	0.845	0.623	0.883	1171.46	39595	25817.67	927
SRX7191710	Cord Blood	NA	umbilical cord blood	umbilical cord blood	SRP230793	SRS5697725	0.978	0.749	6.298	0.848	0.488	0.898	1159.12	39626	24264.82	865
SRX7191711	Cord Blood	NA	umbilical cord blood	umbilical cord blood	SRP230793	SRS5697726	0.980	0.744	6.433	0.851	0.561	0.897	1140.99	39889	25726.32	738
SRX7191712	Cord Blood	NA	umbilical cord blood	umbilical cord blood	SRP230793	SRS5697727	0.977	0.757	5.725	0.834	0.553	0.888	1144.31	41372	24730.07	855
SRX7191713	Cord Blood	NA	umbilical cord blood	umbilical cord blood	SRP230793	SRS5697728	0.976	0.758	6.047	0.849	0.517	0.890	1132.23	41460	26605.11	865
SRX7191714	Cord Blood	NA	umbilical cord blood	umbilical cord blood	SRP230793	SRS5697729	0.981	0.758	7.444	0.858	0.512	0.902	1049.14	46657	21952.57	1000
SRX7191715	Cord Blood	NA	umbilical cord blood	umbilical cord blood	SRP230793	SRS5697730	0.966	0.742	2.798	0.830	0.237	0.761	1348.9	31766	46784.92	301
SRX7191716	Cord Blood	NA	umbilical cord blood	umbilical cord blood	SRP230793	SRS5697731	0.987	0.780	3.237	0.834	0.516	0.789	1241.4	36417	44280.07	489
SRX7191717	Cord Blood	NA	umbilical cord blood	umbilical cord blood	SRP230793	SRS5697732	0.984	0.753	3.854	0.848	0.636	0.852	1236.8	36303	36396.35	544
SRX7191718	Cord Blood	NA	umbilical cord blood	umbilical cord blood	SRP230793	SRS5697733	0.978	0.754	6.236	0.839	0.535	0.894	1133.78	40767	27004.95	787
SRX7191719	Cord Blood	NA	umbilical cord blood	umbilical cord blood	SRP230793	SRS5697734	0.983	0.768	4.467	0.855	0.569	0.871	1186.41	39260	34534.19	737
SRX7216099	B-Lymphocyte	B-Lymphocyte	B-Lymphocyte	NA	SRP233253	SRS5718875	0.996	0.517	8.542	0.724	0.987	0.927	22901.24	21554	1269541.64	1215
SRX7216100	B-Lymphocyte	B-Lymphocyte	B-Lymphocyte	NA	SRP233253	SRS5718875	0.995	0.515	8.644	0.700	0.985	0.925	24423.19	19113	1228237.53	1271
SRX7216106	B-Lymphocyte	B-Lymphocyte	B-Lymphocyte	NA	SRP233253	SRS5718875	0.996	0.514	7.665	0.640	0.984	0.925	24743.42	18782	1243140.39	1249
SRX7216107	B-Lymphocyte	B-Lymphocyte	B-Lymphocyte	NA	SRP233253	SRS5718875	0.995	0.514	8.015	0.646	0.985	0.927	24244.82	19073	1282373.45	1198
SRX7216115	B-Lymphocyte	B-Lymphocyte	B-Lymphocyte	NA	SRP233253	SRS5718875	0.995	0.511	4.484	0.372	0.969	0.878	39483.56	8289	1326610.19	1162
SRX7216116	B-Lymphocyte	B-Lymphocyte	B-Lymphocyte	NA	SRP233253	SRS5718875	0.995	0.512	3.873	0.332	0.966	0.856	41556.63	7445	1351222.32	1147
SRX729714	ES-derived neural progenitor	ES-derived neural progenitor cells	NA	human embryonic stem cells	SRP048761	SRS719035	0.984	0.761	57.549	0.714	0.933	0.957	1057.92	42705	8461.35	4347
SRX729715	ES-derived neural progenitor	ES-derived neural progenitor cells	NA	human embryonic stem cell line H9	SRP048761	SRS719036	0.996	0.764	55.718	0.728	0.926	0.954	1148.89	48870	53142.02	3793
SRX729716	ES-derived neural progenitor	ES-derived neural progenitor cells	NA	neural precursor cell: neuroepithelial	SRP048761	SRS719037	0.998	0.762	52.540	0.719	0.943	0.953	1070.31	46698	34222.22	4065
SRX729717	ES-derived neural progenitor	ES-derived neural progenitor cells	NA	neural precursor cell: mid radial glial	SRP048761	SRS719038	0.998	0.763	51.800	0.723	0.945	0.952	2002.81	53162	133223.39	1964
SRX731246	Ovarian Epithelial	an immortalized but non-transformed ovarian epithelial cell line	ovarian epithelial	ovarian epithelial cell line	SRP048844	SRS720373	0.975	0.549	19.823	0.860	0.955	0.931	14766.38	70398	338901.9	3728
SRX731247	Ovarian Epithelial	an immortalized but non-transformed ovarian epithelial cell line	ovarian epithelial	ovarian epithelial cell line	SRP048844	SRS720374	0.999	0.528	5.620	0.877	0.985	0.929	16637.82	57613	530827.15	2337
SRX731248	Ovarian Epithelial	an immortalized but non-transformed ovarian epithelial cell line	ovarian epithelial	ovarian epithelial cell line	SRP048844	SRS720375	0.999	0.527	5.746	0.877	0.985	0.930	16507.71	58254	537052.33	2319
SRX731249	Ovarian Epithelial	an immortalized but non-transformed ovarian epithelial cell line	ovarian epithelial	ovarian epithelial cell line	SRP048844	SRS720376	0.999	0.527	5.694	0.876	0.985	0.930	16549.57	58082	534192.82	2333
SRX732496	AML	AML	NA	Cancer cell line	SRP048896	SRS721316	0.998	0.639	34.872	0.830	0.887	0.944	6502.2	72056	433064.07	2211
SRX732497	AML	AML	NA	Cancer cell line	SRP048896	SRS721317	0.998	0.739	33.224	0.864	0.926	0.954	4822.09	78891	590235.39	1839
SRX7388213	hPSC-derived definitive endoderm	hPSC-derived definitive endoderm	NA	HUES 8 hESC line	SRP230221	SRS5837172	0.974	0.845	13.781	0.880	0.554	0.961	1243.51	34786	12413.84	4437
SRX7388214	hPSC-derived pancreatic progenitor 1	hPSC-derived pancreatic progenitor 1	NA	HUES 8 hESC line	SRP230221	SRS5837175	0.982	0.841	14.574	0.884	0.573	0.962	1152.51	40813	24284.58	4122
SRX7388215	hPSC-derived pancreatic progenitor 2	hPSC-derived pancreatic progenitor 2	NA	HUES 8 hESC line	SRP230221	SRS5837174	0.982	0.834	15.303	0.873	0.593	0.963	1129.55	42310	26689.0	3945
SRX7388216	hPSC-derived endocrine progenitor	hPSC-derived endocrine progenitor	NA	HUES 8 hESC line	SRP230221	SRS5837176	0.985	0.838	21.529	0.879	0.571	0.966	1136.06	44644	36704.66	3606
SRX7388217	hPSC-derived beta	hPSC-derived beta cell	NA	HUES 8 hESC line	SRP230221	SRS5837177	0.978	0.846	14.611	0.848	0.604	0.962	1111.43	42143	31905.72	3421
SRX7388218	hPSC-derived poly-hormonal	hPSC-derived poly-hormonal cell	NA	HUES 8 hESC line	SRP230221	SRS5837178	0.981	0.846	17.512	0.872	0.587	0.965	1086.19	42744	31315.72	3418
SRX7388219	Primary Adult Alpha	Primary adult alpha cell	NA	Primary human adult islets	SRP230221	SRS5837179	0.980	0.742	10.086	0.867	0.561	0.957	1196.56	51364	47036.16	1587
SRX7388220	Primary Adult Beta	Primary adult beta cell	NA	Primary human adult islets	SRP230221	SRS5837180	0.981	0.762	16.206	0.883	0.610	0.961	1112.7	61541	28445.2	2814
SRX7398089	Hepatic Sinusoidal Endothelial	NA	NA	Human hepatic sinusoidal endothelial cells	SRP237955	SRS5845870	0.993	0.624	4.891	0.823	0.581	0.900	1321.82	38329	30196.86	651
SRX7398090	Hepatic Sinusoidal Endothelial	NA	NA	Human hepatic sinusoidal endothelial cells	SRP237955	SRS5845868	0.996	0.614	3.335	0.824	0.483	0.868	1479.39	34961	38813.63	618
SRX7398091	Hepatic Sinusoidal Endothelial	NA	NA	Human hepatic sinusoidal endothelial cells	SRP237955	SRS5845872	0.994	0.618	2.289	0.712	0.302	0.783	1988.73	30007	54683.16	255
SRX7398092	Hepatic Sinusoidal Endothelial	NA	NA	Human hepatic sinusoidal endothelial cells	SRP237955	SRS5845867	0.994	0.576	2.018	0.764	0.645	0.765	2891.69	25809	2318806.04	373
SRX7398093	Hepatic Sinusoidal Endothelial	NA	NA	Human hepatic sinusoidal endothelial cells	SRP237955	SRS5845869	0.976	0.715	4.196	0.750	0.600	0.860	1517.79	36485	37749.69	493
SRX7398094	Hepatic Sinusoidal Endothelial	NA	NA	Human hepatic sinusoidal endothelial cells	SRP237955	SRS5845874	0.977	0.705	3.242	0.759	0.516	0.835	1866.83	33040	1265117.6	782
SRX7401861	Cerebellum	NA	NA	normal cerebellum tissue	SRP238023	SRS5849527	0.988	0.829	4.351	0.860	0.843	0.816	1698.98	50107	69866.44	2173
SRX7401862	Cerebellum	NA	NA	normal cerebellum tissue	SRP238023	SRS5849528	0.989	0.812	3.296	0.865	0.749	0.717	2060.72	38385	179054.94	1547
SRX7401863	Blast	NA	NA	cerebrospnial fluid from pediatric medullablastoma patient	SRP238023	SRS5849529	0.976	0.752	14.132	0.797	0.361	1.000	1061.17	47139	17059.13	1328
SRX7401864	Tumor Tissue	NA	NA	pediatric medulloblastoma tumr tissue	SRP238023	SRS5849530	0.988	0.806	16.841	0.857	0.726	0.956	1988.04	75895	124589.25	3305
SRX7401868	Tumor Tissue	NA	NA	pediatric medulloblastoma tumr tissue	SRP238023	SRS5849548	0.986	0.791	3.996	0.877	0.753	0.831	2255.75	50361	112627.88	1903
SRX7401871	cerebrospnial fluid from Hydrocephalus patient	NA	NA	cerebrospnial fluid from Hydrocephalus patient	SRP238023	SRS5849542	0.968	0.709	2.854	0.479	0.148	0.809	1493.5	25516	123507.55	390
SRX7484915	ESC	human embryonic stem cells	NA	HENSM + Activin	SRP239226	SRS5927197	0.974	0.535	6.533	0.801	0.697	0.890	2234.96	38951	64711.14	841
SRX7484916	ESC	human embryonic stem cells	NA	HENSM + Activin	SRP239226	SRS5927198	0.974	0.565	4.628	0.742	0.672	0.852	2386.57	32612	77789.49	859
SRX7484917	ESC	human embryonic stem cells	NA	HENSM + Activin	SRP239226	SRS5927199	0.975	0.522	2.936	0.509	0.425	0.767	3124.25	25849	91277.51	266
SRX7484922	ESC	human embryonic stem cells	NA	HENSM	SRP239226	SRS5927204	0.974	0.656	2.596	0.786	0.815	0.768	1929.57	27698	47934.52	323
SRX7484924	ESC	human embryonic stem cells	NA	HENSM	SRP239226	SRS5927206	0.974	0.639	3.327	0.793	0.812	0.810	1917.47	29354	44786.84	389
SRX7484926	ESC	human embryonic stem cells	NA	HENSM	SRP239226	SRS5927208	0.971	0.629	2.874	0.787	0.824	0.792	2068.03	30375	51148.94	291
SRX7484927	ESC	human embryonic stem cells	NA	ENSHM, no Erki	SRP239226	SRS5927209	0.973	0.782	2.414	0.771	0.870	0.742	1429.67	32117	52215.78	317
SRX7484929	ESC	human embryonic stem cells	NA	0HENSM	SRP239226	SRS5927211	0.973	0.797	7.639	0.730	0.584	0.889	1413.6	30391	35058.5	1401
SRX7484930	ESC	human embryonic stem cells	NA	0HENSM	SRP239226	SRS5927212	0.972	0.788	7.563	0.727	0.618	0.892	1442.39	31233	28287.36	1319
SRX7484937	ESC	human embryonic stem cells	NA	primed/conventional	SRP239226	SRS5927219	0.979	0.741	3.836	0.702	0.314	0.813	1580.28	35074	73390.29	558
SRX7484942	ESC	human embryonic stem cells	NA	tHENSM	SRP239226	SRS5927224	0.982	0.777	10.415	0.745	0.592	0.906	1350.47	42131	98092.69	1819
SRX756844	Patient A38	NA	NA	Patient A38	SRP049651	SRS742061	0.996	0.703	5.894	0.828	0.949	0.917	5872.86	57386	657914.56	1598
SRX756845	Patient A38	NA	NA	Patient A38	SRP049651	SRS742062	0.996	0.699	6.960	0.838	0.940	0.927	5822.63	59747	586561.99	1776
SRX756846	Patient A38	NA	NA	Patient A38	SRP049651	SRS742063	0.996	0.738	6.982	0.848	0.957	0.932	3040.92	58529	549444.18	1446
SRX756847	Patient A38	NA	NA	Patient A38	SRP049651	SRS742064	0.997	0.742	6.839	0.846	0.954	0.931	3060.15	59521	554602.3	1435
SRX759479	ES	NA	NA	HUES64 DNMT3A KO	SRP049782	SRS744162	0.983	0.751	6.479	0.710	0.949	0.942	1370.96	34862	12399.23	2058
SRX759480	ES	NA	NA	HUES64 DNMT3B KO	SRP049782	SRS744163	0.984	0.750	6.803	0.706	0.949	0.943	1324.13	40924	47207.14	2282
SRX759481	ES	NA	NA	HUES64 DNMT3A/3B DKO	SRP049782	SRS744164	0.986	0.702	6.100	0.718	0.947	0.940	1362.34	62807	30359.5	2356
SRX759482	ES	NA	NA	HUES64 DNMT3A KO	SRP049782	SRS744165	0.995	0.738	12.574	0.825	0.963	0.929	1146.12	40051	16906.38	1391
SRX759483	ES	NA	NA	HUES64 DNMT3A KO	SRP049782	SRS744166	0.998	0.756	11.565	0.760	0.967	0.942	1239.78	52487	91230.02	1723
SRX759484	ES	NA	NA	HUES64 DNMT3A/3B DKO	SRP049782	SRS744169	0.999	0.636	8.699	0.804	0.961	0.929	1381.91	92080	73881.06	2637
SRX759485	ES	NA	NA	HUES64 DNMT3A KO	SRP049782	SRS744167	0.998	0.772	15.801	0.708	0.965	0.950	1037.36	53347	26737.07	2918
SRX760462	Cord Blood	NA	cordblood	cordblood	SRP049936	SRS745071	0.983	0.754	2.235	0.816	0.890	0.758	1391.5	32109	52107.03	394
SRX761071	Tumor	NA	tumor	kidney	SRP049710	SRS745674	0.997	0.699	27.302	0.863	0.831	0.960	1214.01	61188	18610.46	3440
SRX761072	Matched Normal	NA	matched normal	kidney	SRP049710	SRS745676	0.996	0.707	25.673	0.839	0.732	0.962	1046.28	58443	12220.81	3616
SRX761073	Tumor	NA	tumor	kidney	SRP049710	SRS745675	0.996	0.688	27.197	0.813	0.930	0.961	1187.64	71752	15096.56	2753
SRX761074	Matched Normal	NA	matched normal	kidney	SRP049710	SRS745677	0.996	0.732	22.459	0.847	0.929	0.957	1084.22	55382	13613.95	3338
SRX761464	cKIT+ FACS sort	cKIT+ FACS sort	NA	Fetal Ovary	SRP049985	SRS745988	0.990	0.248	2.317	0.944	0.204	0.815	1618970.0	1	0.0	0
SRX761466	cKIT+ FACS sort	cKIT+ FACS sort	NA	Fetal Ovary	SRP049985	SRS745990	0.991	0.168	3.079	0.940	0.384	0.869	0.0	0	3108529.41	17
SRX7667850	HAART HIV TN CD8 T cells	NA	HAART HIV TN CD8 T cells	HIV Naive	SRP246939	SRS6096028	0.990	0.795	43.406	0.429	0.860	0.962	997.72	63964	11909.33	4405
SRX7667851	HAART HIV TN CD8 T cells	NA	HAART HIV TN CD8 T cells	HIV Nave	SRP246939	SRS6096029	0.989	0.799	28.236	0.564	0.919	0.956	976.79	63253	12675.37	4220
SRX7667852	HAART HIV TN CD8 T cells	NA	HAART HIV TN CD8 T cells	HIV Nave	SRP246939	SRS6096030	0.979	0.807	16.596	0.329	0.829	0.944	965.67	55779	16706.87	2327
SRX7667853	Polyclonal Naive CD8 T cell HD	NA	Polyclonal Naive CD8 T cell HD	Health Donor Naive	SRP246939	SRS6096042	0.989	0.800	13.867	0.675	0.954	0.923	980.63	52646	21643.76	1365
SRX7667854	Polyclonal Naive CD8 T cell HD	NA	Polyclonal Naive CD8 T cell HD	Health Donor Nave	SRP246939	SRS6096031	0.986	0.802	11.617	0.620	0.949	0.870	1038.05	47680	23247.4	979
SRX7667855	Polyclonal Naive CD8 T cell HD	NA	Polyclonal Naive CD8 T cell HD	Health Donor Nave	SRP246939	SRS6096032	0.975	0.796	6.546	0.164	0.683	0.919	1132.53	43524	27242.11	1117
SRX7667856	Polyclonal Naive CD8 T cell HD	NA	Polyclonal Naive CD8 T cell HD	Health Donor Nave	SRP246939	SRS6096033	0.974	0.755	8.509	0.234	0.764	0.927	1058.5	48183	22343.54	1556
SRX7667857	Polyclonal T1D Naive CD8 T cells	NA	Polyclonal T1D Naive CD8 T cells	T1D Nave	SRP246939	SRS6096034	0.977	0.810	3.662	0.248	0.295	0.822	1127.13	32981	70737.29	247
SRX7667858	Polyclonal T1D Naive CD8 T cells	NA	Polyclonal T1D Naive CD8 T cells	T1D Nave	SRP246939	SRS6096035	0.979	0.817	4.513	0.193	0.235	0.851	1260.75	37991	39219.69	791
SRX7667859	Polyclonal T1D Naive CD8 T cells	NA	Polyclonal T1D Naive CD8 T cells	T1D Nave	SRP246939	SRS6096036	0.958	0.788	2.974	0.081	0.498	0.821	1348.04	34650	47175.82	620
SRX7667860	Polyclonal T1D Naive CD8 T cells	NA	Polyclonal T1D Naive CD8 T cells	T1D Nave	SRP246939	SRS6096037	0.970	0.785	2.224	0.095	0.535	0.759	1390.29	33112	72263.67	238
SRX7667861	Tetramer+ T1D CD8 T cells	NA	Tetramer+ T1D CD8 T cells	T1D Tetramer+	SRP246939	SRS6096038	0.969	0.782	4.262	0.211	0.748	0.852	1174.33	32814	46946.51	175
SRX7667862	Tetramer+ T1D CD8 T cells	NA	Tetramer+ T1D CD8 T cells	T1D Tetramer+	SRP246939	SRS6096039	0.980	0.761	6.159	0.245	0.778	0.905	1290.61	34804	23550.66	704
SRX7667863	Tetramer+ T1D CD8 T cells	NA	Tetramer+ T1D CD8 T cells	T1D Tetramer+	SRP246939	SRS6096040	0.964	0.772	6.291	0.185	0.679	0.905	1224.92	37478	29250.23	721
SRX7667864	Tetramer+ T1D CD8 T cells	NA	Tetramer+ T1D CD8 T cells	T1D Tetramer+	SRP246939	SRS6096041	0.959	0.770	6.047	0.165	0.652	0.901	1276.31	35940	27095.73	767
SRX7667865	Tetramer+ T1D CD8 T cells	NA	Tetramer+ T1D CD8 T cells	T1D Tetramer+	SRP246939	SRS6096043	0.966	0.789	4.232	0.214	0.759	0.851	1314.3	34022	37256.63	367
SRX7667866	Polyclonal TSCM CD8 T cells	NA	Polyclonal TSCM CD8 T cells	Healthy Donor TSCM	SRP246939	SRS6096044	0.993	0.755	26.890	0.638	0.937	0.953	930.99	56789	8400.08	3240
SRX7667867	Polyclonal TSCM CD8 T cells	NA	Polyclonal TSCM CD8 T cells	Healthy Donor TSCM	SRP246939	SRS6096046	0.984	0.785	5.361	0.202	0.858	0.864	1297.53	35680	28926.3	490
SRX7667868	Polyclonal TSCM CD8 T cells	NA	Polyclonal TSCM CD8 T cells	Healthy Donor TSCM	SRP246939	SRS6096045	0.986	0.769	10.382	0.555	0.942	0.927	1076.18	41389	16995.3	828
SRX7667869	Polyclonal TCM CD8 T cells	NA	Polyclonal TCM CD8 T cells	Healthy Donor TCM	SRP246939	SRS6096047	0.989	0.740	12.772	0.596	0.949	0.928	1157.6	38761	13377.95	1055
SRX7667870	Polyclonal TCM CD8 T cells	NA	Polyclonal TCM CD8 T cells	Healthy Donor TCM	SRP246939	SRS6096048	0.987	0.714	13.171	0.514	0.930	0.849	1240.3	35530	21465.28	402
SRX7667871	Polyclonal TCM CD8 T cells	NA	Polyclonal TCM CD8 T cells	Healthy Donor TCM	SRP246939	SRS6096049	0.992	0.720	30.226	0.614	0.930	0.956	1003.96	48835	8817.42	2142
SRX7667872	Polyclonal TEM CD8 T cells	NA	Polyclonal TEM CD8 T cells	Healthy Donor TEM	SRP246939	SRS6096050	0.990	0.710	13.415	0.633	0.952	0.924	1202.42	36485	18769.53	505
SRX7667873	Polyclonal TEM CD8 T cells	NA	Polyclonal TEM CD8 T cells	Healthy Donor TEM	SRP246939	SRS6096061	0.987	0.699	15.565	0.531	0.929	0.876	1315.9	35343	27069.35	165
SRX7667874	Polyclonal TEM CD8 T cells	NA	Polyclonal TEM CD8 T cells	Healthy Donor TEM	SRP246939	SRS6096051	0.993	0.689	25.317	0.659	0.943	0.954	1126.55	44478	10487.37	1387
SRX7667875	Tetramer+ HAART CD8 T cells	NA	Tetramer+ HAART CD8 T cells	HIV Tetramer+	SRP246939	SRS6096052	0.975	0.721	3.737	0.122	0.664	0.853	1480.98	30340	28895.5	335
SRX7667876	Tetramer+ HAART CD8 T cells	NA	Tetramer+ HAART CD8 T cells	HIV Tetramer+	SRP246939	SRS6096053	0.978	0.718	5.085	0.151	0.713	0.891	1406.61	32578	29444.74	269
SRX7667877	Tetramer+ HAART CD8 T cells	NA	Tetramer+ HAART CD8 T cells	HIV Tetramer+	SRP246939	SRS6096054	0.975	0.726	4.270	0.123	0.651	0.873	1443.67	32147	30187.86	396
SRX7667878	Tetramer+ HAART CD8 T cells	NA	Tetramer+ HAART CD8 T cells	HIV Tetramer+	SRP246939	SRS6096055	0.966	0.789	10.690	0.588	0.941	0.886	988.76	45342	26771.57	634
SRX7805821	Vascular Endothelial	Vascular endothelial cells	NA	Vascular endothelial cells	SRP250803	SRS6218986	0.993	0.808	14.094	0.863	0.705	0.956	1003.8	54084	31890.62	3557
SRX7805822	Vascular Endothelial	Vascular endothelial cells	NA	Vascular endothelial cells	SRP250803	SRS6218987	0.990	0.824	16.922	0.842	0.646	0.960	1077.98	57478	38025.26	3739
SRX7805823	ESC	Embryonic stem cells	NA	Embryonic stem cells	SRP250803	SRS6218988	0.988	0.810	14.146	0.864	0.716	0.954	1049.43	41922	17512.94	4314
SRX7805824	ESC	Embryonic stem cells	NA	Embryonic stem cells	SRP250803	SRS6218989	0.988	0.819	18.561	0.876	0.636	0.961	1068.13	45275	22893.85	3985
SRX7805825	Induced Pluripotent Stem Cell	Induced pluripotent stem cells	NA	Induced pluripotent stem cells	SRP250803	SRS6218990	0.979	0.809	16.314	0.864	0.704	0.957	1119.41	46956	36741.48	4100
SRX7805826	Induced Pluripotent Stem Cell	Induced pluripotent stem cells	NA	Induced pluripotent stem cells	SRP250803	SRS6218991	0.989	0.816	20.120	0.875	0.634	0.962	1130.68	49879	40281.18	4023
SRX7805827	Mesenchymal Stem Cell	Mesenchymal stem cell	NA	Mesenchymal stem cell	SRP250803	SRS6218992	0.994	0.744	16.840	0.862	0.688	0.958	2415.73	54235	508993.3	2126
SRX7805828	Mesenchymal Stem Cell	Mesenchymal stem cell	NA	Mesenchymal stem cell	SRP250803	SRS6218993	0.993	0.746	17.331	0.867	0.651	0.961	2617.9	55777	513745.73	2146
SRX7805837	Neural Stem Cell	Neural stem cells	NA	Neural stem cells	SRP250803	SRS6219002	0.993	0.807	16.847	0.872	0.748	0.956	1463.12	63150	105096.31	2349
SRX7805838	Neural Stem Cell	Neural stem cells	NA	Neural stem cells	SRP250803	SRS6219003	0.993	0.813	19.370	0.876	0.665	0.961	1605.4	64788	110920.18	2302
SRX7805839	Vascular Smooth Muscle	Vascular smooth muscle cells	NA	Vascular smooth muscle cells	SRP250803	SRS6219004	0.994	0.791	16.375	0.857	0.710	0.957	1142.12	46380	56178.93	3470
SRX7805840	Vascular Smooth Muscle	Vascular smooth muscle cells	NA	Vascular smooth muscle cells	SRP250803	SRS6219005	0.991	0.798	12.870	0.854	0.719	0.959	1231.54	42820	65723.87	2951
SRX7828073	In Vitro Derived Motor Neurons	In vitro derived motor neurons	NA	In vitro derived motor neurons	SRP186642	SRS6239172	0.994	0.855	26.230	0.889	0.977	0.964	1361.37	45578	39891.91	3095
SRX7828075	In Vitro Derived Motor Neurons	In vitro derived motor neurons	NA	In vitro derived motor neurons	SRP186642	SRS6239174	0.992	0.853	30.854	0.880	0.973	0.965	1437.83	44121	37701.31	3245
SRX7855152	PBMC	PBMCs	NA	Blood	SRP251688	SRS6264547	0.995	0.792	10.965	0.818	0.658	0.923	1220.29	38783	9211.51	2283
SRX7855153	PBMC	PBMCs	NA	Blood	SRP251688	SRS6264544	0.995	0.793	9.429	0.812	0.580	0.923	1213.9	38191	14495.8	1524
SRX7904327	Blood	NA	blood	monocytes	SRP223612	SRS6311959	0.990	0.789	26.967	0.898	0.689	0.964	902.87	79071	15203.89	3741
SRX7904328	Bone Marrow	NA	bone marrow	myeloma	SRP223612	SRS6311960	0.990	0.623	32.578	0.899	0.665	0.965	1228.07	45043	985332.94	1348
SRX7904329	Brain	NA	brain	B cells	SRP223612	SRS6311961	0.990	0.791	33.337	0.909	0.628	0.962	972.14	65792	9568.99	3272
SRX7904330	Blood	NA	blood	GBM	SRP223612	SRS6311962	0.987	0.688	40.121	0.897	0.618	0.967	2736.42	81491	262589.9	2704
SRX7904331	Blood	NA	blood	monocytes	SRP223612	SRS6311963	0.990	0.802	27.514	0.902	0.688	0.966	898.23	80922	13329.25	4307
SRX7904332	Blood	NA	blood	monocytes	SRP223612	SRS6311964	0.990	0.797	28.674	0.904	0.677	0.963	902.32	80838	14990.74	3806
SRX7904333	Placenta Maternal	NA	placenta, maternal	cytotrophoblast	SRP223612	SRS6311965	0.962	0.610	48.581	0.823	0.470	0.970	11820.69	72983	254522.53	4037
SRX7904334	Placenta Maternal	NA	placenta, maternal	extravillous trophoblast	SRP223612	SRS6311966	0.974	0.501	34.143	0.825	0.590	0.965	15847.31	55843	439132.39	3110
SRX7981480	Tumor	NA	Tumor	Glioblastoma	SRP253848	SRS6366154	0.986	0.702	2.017	0.676	0.825	0.770	1845.82	30730	639644.71	662
SRX7981481	Tumor	NA	Tumor	Glioblastoma	SRP253848	SRS6366156	0.987	0.694	1.872	0.676	0.783	0.757	1787.23	31402	147061.73	433
SRX7981482	Blood	NA	Blood	Glioblastoma patient blood	SRP253848	SRS6366155	0.988	0.709	2.374	0.408	0.745	0.818	1549.86	33914	45239.2	431
SRX7981483	Blood	NA	Blood	Glioblastoma patient blood	SRP253848	SRS6366157	0.983	0.708	2.068	0.471	0.602	0.778	1619.43	31241	52738.17	227
SRX7989088	iPSC	NA	NA	day6 human PGCLC, from 585B1-BTAG iPSC	SRP253922	SRS6372672	0.986	0.700	14.476	0.680	0.578	0.942	1034.02	45017	7783.48	3285
SRX7989089	iPSC	NA	NA	expanded hPGCLC derived from 585B1-BTAG iPSC, BT+AG+ cells were collected at expansion culture day 10, rep1	SRP253922	SRS6372675	0.987	0.597	14.418	0.684	0.695	0.941	1213.5	70740	11615.43	4440
SRX7989090	iPSC	NA	NA	expanded hPGCLC derived from 585B1-BTAG iPSC, BT+AG+ cells were collected at expansion culture day 10, rep2	SRP253922	SRS6372673	0.986	0.616	12.436	0.701	0.620	0.940	1254.01	64351	15722.96	2811
SRX7989091	iPSC	NA	NA	expanded hPGCLC derived from 585B1-BTAG iPSC, BT+AG+ cells were collected at expansion culture day 70, rep1	SRP253922	SRS6372674	0.986	0.612	14.175	0.685	0.614	0.942	1284.13	54299	10814.34	3485
SRX7989092	iPSC	NA	NA	expanded hPGCLC derived from 585B1-BTAG iPSC, BT+AG+ cells were collected at expansion culture day 70, rep2	SRP253922	SRS6372678	0.986	0.623	13.579	0.712	0.645	0.941	1272.27	55879	17367.06	1601
SRX7989093	iPSC	NA	NA	expanded hPGCLC derived from 585B1-BTAG iPSC, BT+AG+ cells were collected at expansion culture day 120, rep1	SRP253922	SRS6372676	0.986	0.631	14.071	0.688	0.625	0.942	1319.64	58830	44751.09	4203
SRX7989094	iPSC	NA	NA	expanded hPGCLC derived from 585B1-BTAG iPSC, BT+AG+ cells were collected at expansion culture day 120, rep2	SRP253922	SRS6372718	0.986	0.657	15.764	0.738	0.561	0.943	1425.95	67322	41775.72	6076
SRX7989095	Ovary	NA	NA	BT+AG+ cells from ag77 xrOvary derived from c30 expanded hPGCLC	SRP253922	SRS6372677	0.987	0.147	13.009	0.720	0.076	0.940	27606.4	11717	263526.5	1493
SRX8030756	Cell Line	NA	NA	brain tumor derived cell line	SRP254660	SRS6403115	0.994	0.576	9.867	0.513	0.871	0.941	10166.01	59815	507791.04	2414
SRX8030757	Cell Line	NA	NA	brain tumor derived cell line	SRP254660	SRS6403114	0.982	0.557	21.084	0.816	0.802	0.960	10080.23	69661	555008.71	2469
SRX8030758	Cell Line	NA	NA	brain tumor derived cell line	SRP254660	SRS6403119	0.989	0.560	22.532	0.827	0.844	0.960	12056.75	70395	375201.91	3334
SRX8030759	Cell Line	NA	NA	brain tumor derived cell line	SRP254660	SRS6403116	0.984	0.592	20.293	0.822	0.789	0.956	10794.88	61392	333634.78	3380
SRX8030760	Cell Line	NA	NA	brain tumor derived cell line	SRP254660	SRS6403118	0.995	0.553	18.263	0.859	0.833	0.952	8951.06	85276	363196.57	3048
SRX8030761	Cell Line	NA	NA	brain tumor derived cell line	SRP254660	SRS6403117	0.994	0.658	21.987	0.822	0.839	0.961	7517.69	78363	272146.81	2635
SRX8030762	Cell Line	NA	NA	brain tumor derived cell line	SRP254660	SRS6403120	0.995	0.638	25.258	0.812	0.859	0.963	6471.28	92112	265555.8	3028
SRX8077052	ESC	embryonic stem cell	NA	ESCs	SRP186642	SRS6445532	0.991	0.787	35.589	0.774	0.980	0.966	1062.7	45601	9833.82	5195
SRX8077053	ESC	embryonic stem cell	NA	ESCs	SRP186642	SRS6445533	0.998	0.717	24.138	0.895	0.982	0.960	1053.87	104367	21790.07	6844
SRX8077054	ESC	embryonic stem cell	NA	ESCs	SRP186642	SRS6445534	0.998	0.710	23.270	0.895	0.981	0.960	1058.84	107057	24916.25	6391
SRX8077055	ESC	embryonic stem cell	NA	ESCs	SRP186642	SRS6445535	0.996	0.716	16.776	0.899	0.988	0.959	1396.59	73148	43230.53	3113
SRX8077056	ESC	embryonic stem cell	NA	ESCs	SRP186642	SRS6445536	0.995	0.733	16.254	0.903	0.988	0.958	1089.39	101918	17718.54	6785
SRX8077057	ESC	embryonic stem cell	NA	ESCs	SRP186642	SRS6445537	0.995	0.604	18.606	0.892	0.982	0.960	1981.69	73438	31627.64	4472
SRX8077058	ESC	embryonic stem cell	NA	ESCs	SRP186642	SRS6445538	0.995	0.595	14.781	0.885	0.974	0.958	2218.02	72365	33012.49	3882
SRX8077059	ESC	embryonic stem cell	NA	ESCs	SRP186642	SRS6445539	0.990	0.788	50.992	0.786	0.975	0.968	1071.32	51072	10080.26	5404
SRX8077060	ESC	embryonic stem cell	NA	ESCs	SRP186642	SRS6445540	0.995	0.570	16.899	0.881	0.989	0.959	1513.15	129891	27940.49	5437
SRX8077061	ESC	embryonic stem cell	NA	ESCs	SRP186642	SRS6445541	0.996	0.708	17.042	0.884	0.990	0.959	1318.68	77852	43806.95	3256
SRX818207	Monocyte-derived dendritic	NA	NA	Monocyte-derived dendritic cells	SRP051366	SRS798265	0.994	0.797	8.254	0.798	0.830	0.893	958.16	60707	19238.78	2067
SRX818208	Monocyte-derived dendritic	NA	NA	Monocyte-derived dendritic cells	SRP051366	SRS798266	0.987	0.797	9.112	0.807	0.844	0.896	961.57	61651	19581.2	2280
SRX818209	Monocyte-derived dendritic	NA	NA	Monocyte-derived dendritic cells	SRP051366	SRS798267	0.994	0.806	8.017	0.800	0.851	0.867	989.78	59546	16610.73	2534
SRX818210	Monocyte-derived dendritic	NA	NA	Monocyte-derived dendritic cells	SRP051366	SRS798268	0.994	0.810	7.931	0.800	0.855	0.866	995.87	59457	17663.38	2410
SRX818211	Monocyte-derived dendritic	NA	NA	Monocyte-derived dendritic cells	SRP051366	SRS798269	0.993	0.788	8.527	0.802	0.848	0.893	947.59	61513	17287.38	2368
SRX818212	Monocyte-derived dendritic	NA	NA	Monocyte-derived dendritic cells	SRP051366	SRS798270	0.993	0.788	7.990	0.801	0.813	0.892	953.66	60550	17412.94	2286
SRX818213	Monocyte-derived dendritic	NA	NA	Monocyte-derived dendritic cells	SRP051366	SRS798271	0.994	0.812	10.375	0.821	0.865	0.900	959.76	60806	10574.42	4055
SRX818214	Monocyte-derived dendritic	NA	NA	Monocyte-derived dendritic cells	SRP051366	SRS798272	0.991	0.792	8.008	0.803	0.834	0.893	979.87	57926	16651.96	2469
SRX818215	Monocyte-derived dendritic	NA	NA	Monocyte-derived dendritic cells	SRP051366	SRS798273	0.988	0.767	5.788	0.748	0.818	0.875	1108.71	49958	20354.21	2169
SRX818216	Monocyte-derived dendritic	NA	NA	Monocyte-derived dendritic cells	SRP051366	SRS798274	0.991	0.781	8.349	0.804	0.744	0.891	974.2	60103	22040.54	2209
SRX818217	Monocyte-derived dendritic	NA	NA	Monocyte-derived dendritic cells	SRP051366	SRS798275	0.994	0.798	5.699	0.810	0.871	0.882	1049.25	53387	24954.79	1548
SRX818218	Monocyte-derived dendritic	NA	NA	Monocyte-derived dendritic cells	SRP051366	SRS798276	0.993	0.794	8.414	0.807	0.857	0.894	981.24	59064	18311.59	2118
SRX818219	Monocyte-derived dendritic	NA	NA	Monocyte-derived dendritic cells	SRP051367	SRS798277	0.998	0.060	9.324	0.850	0.908	0.947	0.0	0	0.0	0
SRX818220	Monocyte-derived dendritic	NA	NA	Monocyte-derived dendritic cells	SRP051367	SRS798278	0.997	0.071	9.795	0.833	0.886	0.951	2165000.0	1	0.0	0
SRX8208800	Esophageal Squamouse Carcinoma	NA	esophageal squamouse carcinoma	Esophageal Squamouse carcinoma	SRP259185	SRS6569061	0.994	0.549	16.197	0.858	0.880	0.955	13809.97	49176	677647.63	2246
SRX8208801	Esophageal Squamouse Carcinoma	NA	esophageal squamouse carcinoma	Esophageal Squamouse carcinoma	SRP259185	SRS6569062	0.992	0.519	17.691	0.876	0.700	0.954	27279.81	21052	755517.25	2118
SRX8208802	Adjacent Normal Esophageal	NA	adjacent normal esophageal tissue	Adjacent normal tissue	SRP259185	SRS6569063	0.995	0.736	18.745	0.875	0.899	0.957	1164.37	41272	9755.72	2866
SRX8208803	Adjacent Normal Esophageal	NA	adjacent normal esophageal tissue	Adjacent normal tissue	SRP259185	SRS6569064	0.994	0.724	17.615	0.874	0.780	0.954	1181.3	40713	12538.67	2607
SRX8208804	Adjacent Normal Esophageal	NA	adjacent normal esophageal tissue	Adjacent normal tissue	SRP259185	SRS6569065	0.994	0.724	17.160	0.880	0.811	0.955	1168.23	40256	10078.29	2814
SRX8208805	Adjacent Normal Esophageal	NA	adjacent normal esophageal tissue	Adjacent normal tissue	SRP259185	SRS6569066	0.995	0.735	16.863	0.871	0.815	0.953	1169.08	45164	11487.15	2940
SRX8208806	Adjacent Normal Esophageal	NA	adjacent normal esophageal tissue	Adjacent normal tissue	SRP259185	SRS6569067	0.993	0.721	19.012	0.869	0.913	0.956	1181.8	37384	9284.92	2514
SRX8208807	Adjacent Normal Esophageal	NA	adjacent normal esophageal tissue	Adjacent normal tissue	SRP259185	SRS6569068	0.988	0.729	14.681	0.870	0.546	0.955	1188.05	37622	9930.41	2640
SRX8208808	Adjacent Normal Esophageal	NA	adjacent normal esophageal tissue	Adjacent normal tissue	SRP259185	SRS6569069	0.994	0.731	17.538	0.866	0.902	0.955	1166.17	36418	8548.1	2779
SRX8208809	Adjacent Normal Esophageal	NA	adjacent normal esophageal tissue	Adjacent normal tissue	SRP259185	SRS6569070	0.993	0.742	18.199	0.896	0.928	0.953	1171.09	41829	9070.59	3417
SRX8208810	Adjacent Normal Esophageal	NA	adjacent normal esophageal tissue	Adjacent normal tissue	SRP259185	SRS6569071	0.989	0.732	14.077	0.872	0.406	0.955	1160.6	38499	9043.02	2924
SRX8208812	Esophageal Squamouse Carcinoma	NA	esophageal squamouse carcinoma	Esophageal Squamouse carcinoma	SRP259185	SRS6569073	0.995	0.664	18.360	0.872	0.901	0.958	3675.91	60930	394772.42	2432
SRX8208813	Esophageal Squamouse Carcinoma	NA	esophageal squamouse carcinoma	Esophageal Squamouse carcinoma	SRP259185	SRS6569074	0.995	0.652	18.323	0.875	0.836	0.956	2544.12	50651	1102742.09	1101
SRX8208814	Esophageal Squamouse Carcinoma	NA	esophageal squamouse carcinoma	Esophageal Squamouse carcinoma	SRP259185	SRS6569075	0.995	0.621	17.682	0.862	0.817	0.957	3552.55	50186	648741.43	1849
SRX8208815	Esophageal Squamouse Carcinoma	NA	esophageal squamouse carcinoma	Esophageal Squamouse carcinoma	SRP259185	SRS6569076	0.995	0.574	18.971	0.876	0.904	0.954	7369.36	68276	141773.61	4449
SRX8208816	Esophageal Squamouse Carcinoma	NA	esophageal squamouse carcinoma	Esophageal Squamouse carcinoma	SRP259185	SRS6569077	0.995	0.603	19.073	0.876	0.834	0.958	8949.62	65565	604560.02	2093
SRX8208817	Esophageal Squamouse Carcinoma	NA	esophageal squamouse carcinoma	Esophageal Squamouse carcinoma	SRP259185	SRS6569078	0.992	0.635	17.297	0.872	0.827	0.956	6557.01	67273	559033.84	2016
SRX8208818	Esophageal Squamouse Carcinoma	NA	esophageal squamouse carcinoma	Esophageal Squamouse carcinoma	SRP259185	SRS6569079	0.993	0.635	17.966	0.860	0.923	0.954	4650.49	71415	133902.36	3283
SRX8208819	Esophageal Squamouse Carcinoma	NA	esophageal squamouse carcinoma	Esophageal Squamouse carcinoma	SRP259185	SRS6569080	0.994	0.672	16.996	0.875	0.890	0.954	1077.09	40465	10225.4	2307
SRX8218241	Patient-derived head and neck squamous cell carcinoma cell line	Patient-derived head and neck squamous cell carcinoma cell line	NA	Cal-27 cells	SRP259369	SRS6576291	0.996	0.663	25.616	0.841	0.803	0.961	4085.32	137843	285576.37	3065
SRX8218247	Patient-derived head and neck squamous cell carcinoma cell line	Patient-derived head and neck squamous cell carcinoma cell line	NA	Cal-27 cells	SRP259369	SRS6576297	0.996	0.657	16.995	0.857	0.837	0.955	5092.2	105185	309970.36	2800
SRX8218253	Patient-derived head and neck squamous cell carcinoma cell line	Patient-derived head and neck squamous cell carcinoma cell line	NA	Cal-27 cells	SRP259369	SRS6576303	0.996	0.654	17.136	0.852	0.854	0.956	5115.11	106221	316217.25	2791
SRX8218259	Patient-derived head and neck squamous cell carcinoma cell line	Patient-derived head and neck squamous cell carcinoma cell line	NA	Detroit-562 cells	SRP259369	SRS6576309	0.996	0.626	25.619	0.822	0.793	0.961	7246.57	97458	318015.72	3453
SRX8218265	Patient-derived head and neck squamous cell carcinoma cell line	Patient-derived head and neck squamous cell carcinoma cell line	NA	Detroit-562 cells	SRP259369	SRS6576315	0.994	0.632	21.496	0.879	0.737	0.962	6383.36	100559	368375.91	3043
SRX8218271	Patient-derived head and neck squamous cell carcinoma cell line	Patient-derived head and neck squamous cell carcinoma cell line	NA	Detroit-562 cells	SRP259369	SRS6576321	0.993	0.640	18.263	0.881	0.733	0.960	6815.75	89406	361264.89	2978
SRX8218277	Patient-derived head and neck squamous cell carcinoma cell line	Patient-derived head and neck squamous cell carcinoma cell line	NA	Detroit-562 cells	SRP259369	SRS6576327	0.994	0.621	20.426	0.881	0.743	0.961	6930.8	98198	410961.16	2918
SRX8218282	Patient-derived head and neck squamous cell carcinoma cell line	Patient-derived head and neck squamous cell carcinoma cell line	NA	FaDu cells	SRP259369	SRS6576332	0.994	0.832	29.800	0.842	0.835	0.960	1836.71	80085	101365.98	1975
SRX8218287	Patient-derived head and neck squamous cell carcinoma cell line	Patient-derived head and neck squamous cell carcinoma cell line	NA	FaDu cells	SRP259369	SRS6576337	0.996	0.788	16.712	0.845	0.875	0.951	1883.34	77714	95728.75	2619
SRX8218292	Patient-derived head and neck squamous cell carcinoma cell line	Patient-derived head and neck squamous cell carcinoma cell line	NA	BICR-78 cells	SRP259369	SRS6576342	0.992	0.512	22.838	0.870	0.720	0.961	6079.76	108769	914876.21	1754
SRX8218297	Patient-derived head and neck squamous cell carcinoma cell line	Patient-derived head and neck squamous cell carcinoma cell line	NA	SCC-4 cells	SRP259369	SRS6576347	0.996	0.538	27.896	0.865	0.851	0.963	6400.65	93749	868175.7	1627
SRX8218302	Patient-derived head and neck squamous cell carcinoma cell line	Patient-derived head and neck squamous cell carcinoma cell line	NA	SKN-3 cells	SRP259369	SRS6576352	0.996	0.492	29.068	0.855	0.846	0.963	7637.3	115157	764479.77	2349
SRX8295672	Trophoblast Stem Cell	trophoblast stem cells	NA	Human trophoblast stem cells	SRP260840	SRS6616729	0.985	0.299	5.427	0.837	0.872	0.942	32604.02	26054	290595.05	4376
SRX8295673	Trophoblast Stem Cell	trophoblast stem cells	NA	Human trophoblast stem cells	SRP260840	SRS6616730	0.985	0.330	5.266	0.845	0.863	0.941	32874.25	27073	345757.56	3955
SRX8295674	ESC	embryonic stem cells	NA	Human embryonic stem cells	SRP260840	SRS6616731	0.937	0.825	5.856	0.843	0.864	0.947	2851.0	56455	347359.87	817
SRX8295675	Transdifferentiated Human Trophoblast Stem Cell	Transdifferentiated human trophoblast stem cells	NA	Transdifferentiated human trophoblast stem cells	SRP260840	SRS6616732	0.985	0.349	5.244	0.848	0.874	0.941	36167.13	21674	390435.78	3567
SRX8295676	Transdifferentiated Human Trophoblast Stem Cell	Transdifferentiated human trophoblast stem cells	NA	Transdifferentiated human trophoblast stem cells	SRP260840	SRS6616733	0.985	0.368	5.556	0.854	0.868	0.944	34439.03	22709	386094.41	3632
SRX8339174	Umbilical Cord	CD34+ HSPCs	umbilical cord	Control umbilical cord CD34+	SRP261501	SRS6657642	0.986	0.816	7.670	0.661	0.816	0.919	1053.85	45386	30085.1	1129
SRX8339175	Umbilical Cord	CD34+ HSPCs	umbilical cord	DNMT3A KO umbilical cord CD34+	SRP261501	SRS6657643	0.985	0.803	7.813	0.734	0.831	0.920	1044.63	52336	31580.22	1114
SRX8342890	purified primary AT2	purified primary AT2 cells	NA	purified primary AT2 cells	SRP261643	SRS6660814	0.997	0.786	4.837	0.776	0.800	0.886	1474.92	41738	29704.84	1301
SRX8342891	In vitro differentiated AT1-like	In vitro differentiated AT1-like cells	NA	In vitro differentiated AT1-like cells	SRP261643	SRS6660815	0.997	0.789	5.439	0.783	0.867	0.901	1407.09	48356	29103.69	1474
SRX8468850	Cell Line	NA	NA	Caki1 cell line, wildtype VHL	SRP265926	SRS6769504	0.997	0.633	6.165	0.273	0.791	0.917	11619.16	61070	624409.8	1589
SRX8468851	Cell Line	NA	NA	Caki1 cell line, wildtype VHL	SRP265926	SRS6769505	0.998	0.633	6.737	0.466	0.849	0.931	11836.43	63781	556414.86	1776
SRX8468852	Cell Line	NA	NA	Caki1 cell line, wildtype VHL	SRP265926	SRS6769506	0.998	0.633	9.225	0.463	0.786	0.941	11211.98	68864	557628.43	1786
SRX8468853	VHL inactivated clone12	NA	NA	VHL inactivated, clone12	SRP265926	SRS6769507	0.998	0.609	8.318	0.557	0.695	0.937	10807.65	69884	442469.76	2149
SRX8468854	VHL inactivated clone30	NA	NA	VHL inactivated, clone30	SRP265926	SRS6769508	0.999	0.642	5.915	0.387	0.577	0.927	11397.3	64299	525949.62	1776
SRX8468855	VHL inactivated clone44	NA	NA	VHL inactivated, clone44	SRP265926	SRS6769509	0.998	0.635	8.059	0.487	0.711	0.937	10480.93	71271	432142.87	2195
SRX8468856	clone12 exogenous wildtype VHL reintroduced	NA	NA	clone12, exogenous wildtype VHL reintroduced	SRP265926	SRS6769510	0.993	0.629	6.155	0.246	0.973	0.930	11674.82	63537	523973.03	1794
SRX8468857	clone30 exogenous wildtype VHL reintroduced	NA	NA	clone30, exogenous wildtype VHL reintroduced	SRP265926	SRS6769511	0.994	0.645	7.133	0.283	0.964	0.934	10829.55	68917	412349.4	2237
SRX8468858	clone44 exogenous wildtype VHL reintroduced	NA	NA	clone44, exogenous wildtype VHL reintroduced	SRP265926	SRS6769512	0.995	0.640	6.880	0.319	0.962	0.933	10798.81	68926	412813.55	2224
SRX8472740	Lateral Amygdala (human brain tissue)	NA	Lateral Amygdala (human brain tissue)	Brain	SRP266187	SRS6783308	0.989	0.760	7.123	0.825	0.963	0.939	1248.29	43347	30281.08	2187
SRX8472741	Lateral Amygdala (human brain tissue)	NA	Lateral Amygdala (human brain tissue)	Brain	SRP266187	SRS6783311	0.991	0.764	6.788	0.824	0.920	0.936	1250.63	36777	23195.33	2027
SRX8472742	Lateral Amygdala (human brain tissue)	NA	Lateral Amygdala (human brain tissue)	Brain	SRP266187	SRS6783312	0.992	0.756	6.332	0.806	0.944	0.935	1262.24	41037	32205.79	2021
SRX8472743	Lateral Amygdala (human brain tissue)	NA	Lateral Amygdala (human brain tissue)	Brain	SRP266187	SRS6783313	0.988	0.759	5.154	0.799	0.911	0.919	1345.25	38570	40887.24	1556
SRX8472797	Lateral Amygdala (human brain tissue)	NA	Lateral Amygdala (human brain tissue)	Brain	SRP266187	SRS6783366	0.989	0.759	6.970	0.823	0.940	0.939	1267.14	44839	35204.58	2179
SRX8472798	Lateral Amygdala (human brain tissue)	NA	Lateral Amygdala (human brain tissue)	Brain	SRP266187	SRS6783369	0.990	0.766	6.868	0.826	0.968	0.938	1253.76	44624	32597.76	2128
SRX8472799	Lateral Amygdala (human brain tissue)	NA	Lateral Amygdala (human brain tissue)	Brain	SRP266187	SRS6783368	0.989	0.745	5.975	0.796	0.872	0.933	1307.96	42800	33520.47	2003
SRX8472800	Lateral Amygdala (human brain tissue)	NA	Lateral Amygdala (human brain tissue)	Brain	SRP266187	SRS6783371	0.987	0.756	5.826	0.805	0.962	0.931	1300.22	38984	34801.33	1983
SRX8472801	Lateral Amygdala (human brain tissue)	NA	Lateral Amygdala (human brain tissue)	Brain	SRP266187	SRS6783370	0.988	0.754	6.397	0.825	0.955	0.936	1278.23	38764	30703.29	2183
SRX8472802	Lateral Amygdala (human brain tissue)	NA	Lateral Amygdala (human brain tissue)	Brain	SRP266187	SRS6783372	0.992	0.760	6.466	0.802	0.956	0.936	1254.97	48664	34708.54	2036
SRX8472803	Lateral Amygdala (human brain tissue)	NA	Lateral Amygdala (human brain tissue)	Brain	SRP266187	SRS6783374	0.990	0.771	6.693	0.825	0.940	0.936	1275.19	45665	32912.38	2090
SRX8472804	Lateral Amygdala (human brain tissue)	NA	Lateral Amygdala (human brain tissue)	Brain	SRP266187	SRS6783373	0.990	0.765	6.820	0.827	0.947	0.939	1228.62	45935	30916.01	2181
SRX8472805	Lateral Amygdala (human brain tissue)	NA	Lateral Amygdala (human brain tissue)	Brain	SRP266187	SRS6783375	0.992	0.765	7.267	0.837	0.966	0.941	1231.5	47851	35995.86	2140
SRX8472806	Lateral Amygdala (human brain tissue)	NA	Lateral Amygdala (human brain tissue)	Brain	SRP266187	SRS6783378	0.991	0.764	6.619	0.821	0.964	0.934	1286.84	50781	43528.04	2707
SRX8472807	Lateral Amygdala (human brain tissue)	NA	Lateral Amygdala (human brain tissue)	Brain	SRP266187	SRS6783376	0.988	0.754	7.274	0.819	0.957	0.941	1251.9	36071	27639.62	1935
SRX8472808	Lateral Amygdala (human brain tissue)	NA	Lateral Amygdala (human brain tissue)	Brain	SRP266187	SRS6783379	0.990	0.778	6.146	0.822	0.948	0.931	1246.48	45651	26480.65	1917
SRX8472809	Lateral Amygdala (human brain tissue)	NA	Lateral Amygdala (human brain tissue)	Brain	SRP266187	SRS6783377	0.991	0.757	5.941	0.833	0.944	0.929	1330.54	43074	42678.65	2404
SRX8472810	Lateral Amygdala (human brain tissue)	NA	Lateral Amygdala (human brain tissue)	Brain	SRP266187	SRS6783380	0.990	0.764	6.251	0.806	0.952	0.931	1297.93	45358	40402.64	2537
SRX8472811	Lateral Amygdala (human brain tissue)	NA	Lateral Amygdala (human brain tissue)	Brain	SRP266187	SRS6783382	0.987	0.749	6.934	0.829	0.950	0.940	1262.82	40997	36583.02	2294
SRX8472812	Lateral Amygdala (human brain tissue)	NA	Lateral Amygdala (human brain tissue)	Brain	SRP266187	SRS6783381	0.989	0.768	7.155	0.839	0.905	0.934	1276.92	43858	36572.56	1921
SRX8472813	Lateral Amygdala (human brain tissue)	NA	Lateral Amygdala (human brain tissue)	Brain	SRP266187	SRS6783383	0.990	0.763	6.233	0.824	0.959	0.934	1292.91	42988	35126.43	1945
SRX8472814	Lateral Amygdala (human brain tissue)	NA	Lateral Amygdala (human brain tissue)	Brain	SRP266187	SRS6783384	0.989	0.757	6.169	0.807	0.958	0.930	1295.27	43683	35419.3	2321
SRX8472815	Lateral Amygdala (human brain tissue)	NA	Lateral Amygdala (human brain tissue)	Brain	SRP266187	SRS6783385	0.992	0.774	5.767	0.823	0.947	0.920	1354.49	42900	47024.29	2422
SRX8472816	Lateral Amygdala (human brain tissue)	NA	Lateral Amygdala (human brain tissue)	Brain	SRP266187	SRS6783386	0.989	0.752	5.831	0.822	0.799	0.929	1304.13	41977	35808.44	2341
SRX8472817	Lateral Amygdala (human brain tissue)	NA	Lateral Amygdala (human brain tissue)	Brain	SRP266187	SRS6783387	0.987	0.773	5.372	0.810	0.854	0.914	1390.49	37664	33630.33	1791
SRX8472818	Lateral Amygdala (human brain tissue)	NA	Lateral Amygdala (human brain tissue)	Brain	SRP266187	SRS6783388	0.991	0.763	6.411	0.796	0.961	0.935	1254.09	48481	34565.51	1905
SRX8472819	Lateral Amygdala (human brain tissue)	NA	Lateral Amygdala (human brain tissue)	Brain	SRP266187	SRS6783390	0.988	0.766	6.414	0.800	0.951	0.933	1296.42	40701	38502.25	1865
SRX8472820	Lateral Amygdala (human brain tissue)	NA	Lateral Amygdala (human brain tissue)	Brain	SRP266187	SRS6783389	0.988	0.766	6.588	0.826	0.960	0.934	1277.64	39035	32091.82	2060
SRX8472821	Lateral Amygdala (human brain tissue)	NA	Lateral Amygdala (human brain tissue)	Brain	SRP266187	SRS6783391	0.990	0.758	6.318	0.830	0.945	0.936	1277.49	44982	37055.72	2569
SRX8472822	Lateral Amygdala (human brain tissue)	NA	Lateral Amygdala (human brain tissue)	Brain	SRP266187	SRS6783393	0.991	0.738	7.065	0.805	0.925	0.942	1241.46	49290	36660.77	1971
SRX8472823	Lateral Amygdala (human brain tissue)	NA	Lateral Amygdala (human brain tissue)	Brain	SRP266187	SRS6783392	0.989	0.764	5.351	0.820	0.761	0.896	1564.19	39829	42083.63	1923
SRX8472824	Lateral Amygdala (human brain tissue)	NA	Lateral Amygdala (human brain tissue)	Brain	SRP266187	SRS6783396	0.991	0.743	6.155	0.812	0.917	0.936	1270.27	41810	38812.33	2361
SRX8472825	Lateral Amygdala (human brain tissue)	NA	Lateral Amygdala (human brain tissue)	Brain	SRP266187	SRS6783394	0.986	0.760	5.845	0.828	0.963	0.933	1290.13	39061	28596.25	2138
SRX8472826	Lateral Amygdala (human brain tissue)	NA	Lateral Amygdala (human brain tissue)	Brain	SRP266187	SRS6783395	0.991	0.759	6.616	0.831	0.969	0.938	1275.11	41393	36660.26	2032
SRX8472827	Lateral Amygdala (human brain tissue)	NA	Lateral Amygdala (human brain tissue)	Brain	SRP266187	SRS6783397	0.991	0.759	4.971	0.775	0.889	0.913	1361.48	43191	48014.48	1334
SRX8472828	Lateral Amygdala (human brain tissue)	NA	Lateral Amygdala (human brain tissue)	Brain	SRP266187	SRS6783400	0.989	0.767	6.372	0.835	0.963	0.934	1272.92	41111	30677.55	2162
SRX8472829	Lateral Amygdala (human brain tissue)	NA	Lateral Amygdala (human brain tissue)	Brain	SRP266187	SRS6783398	0.988	0.751	5.203	0.794	0.887	0.918	1386.91	38792	36255.63	2423
SRX8472830	Lateral Amygdala (human brain tissue)	NA	Lateral Amygdala (human brain tissue)	Brain	SRP266187	SRS6783401	0.988	0.757	5.003	0.797	0.903	0.906	1376.25	37254	41594.1	1420
SRX8517503	SK-MEL-28	NA	NA	SK-MEL-28	SRP266759	SRS6814962	0.988	0.415	3.885	0.862	0.574	0.727	17710.82	15277	445584.2	1985
SRX8517505	MCF7	NA	NA	MCF7	SRP266759	SRS6814963	0.987	0.514	4.697	0.863	0.569	0.760	13020.7	42825	746495.27	1235
SRX853108	purified AT2	purified AT2 cells	NA	Whole genome bisulfite sequencing	SRP052842	SRS827278	0.997	0.782	5.028	0.831	0.792	0.894	1457.41	42284	28365.79	1392
SRX853109	purified AT2	purified AT2 cells	NA	Whole genome bisulfite sequencing	SRP052842	SRS827279	0.999	0.749	3.450	0.846	0.887	0.878	1428.19	45428	39717.13	836
SRX853110	purified AT2	purified AT2 cells	NA	Whole genome bisulfite sequencing	SRP052842	SRS827280	0.999	0.741	7.326	0.832	0.924	0.945	1146.53	59874	17717.29	1932
SRX857047	Gonad	NA	gonad	NA	SRP057098	SRS829092	0.982	0.741	3.820	0.000	0.533	0.875	1377.6	27285	27168.8	482
SRX857048	Gonad	NA	gonad	NA	SRP057098	SRS829092	0.985	0.658	9.834	0.800	0.504	0.930	1037.69	60586	29121.06	1663
SRX8574393	Blood	NA	whole blood	NA	SRP267867	SRS6866370	0.991	0.761	2.165	0.832	0.648	0.804	1479.1	33273	42327.03	454
SRX8574394	Blood	NA	whole blood	NA	SRP267867	SRS6866371	0.991	0.766	2.068	0.811	0.632	0.791	1507.89	31637	44690.47	351
SRX8574395	Blood	NA	whole blood	NA	SRP267867	SRS6866372	0.991	0.769	2.181	0.823	0.646	0.805	1467.88	34105	43083.39	480
SRX8574396	Blood	NA	whole blood	NA	SRP267867	SRS6866373	0.991	0.755	2.204	0.798	0.657	0.804	1469.19	34510	40513.77	415
SRX8574397	Blood	NA	whole blood	NA	SRP267867	SRS6866374	0.990	0.741	2.225	0.772	0.653	0.803	1519.19	31938	40017.45	310
SRX8574398	Blood	NA	whole blood	NA	SRP267867	SRS6866375	0.991	0.772	2.361	0.857	0.673	0.818	1400.8	35840	52415.27	399
SRX8574399	Blood	NA	whole blood	NA	SRP267867	SRS6866376	0.991	0.774	1.931	0.846	0.564	0.766	1457.5	31880	54364.76	357
SRX8574400	Blood	NA	whole blood	NA	SRP267867	SRS6866377	0.992	0.767	1.996	0.830	0.538	0.781	1506.76	32084	46731.51	391
SRX8574402	Blood	NA	whole blood	NA	SRP267867	SRS6866379	0.992	0.719	2.144	0.770	0.536	0.782	1553.52	31164	61567.24	245
SRX8574403	Blood	NA	whole blood	NA	SRP267867	SRS6866380	0.992	0.759	2.079	0.800	0.570	0.790	1467.15	34345	43366.63	499
SRX8574404	Blood	NA	whole blood	NA	SRP267867	SRS6866381	0.991	0.714	2.285	0.746	0.545	0.788	1511.32	30585	39079.58	274
SRX8574405	Blood	NA	whole blood	NA	SRP267867	SRS6866382	0.991	0.759	2.105	0.786	0.580	0.789	1511.26	30766	42074.44	335
SRX8574406	Blood	NA	whole blood	NA	SRP267867	SRS6866383	0.991	0.760	1.993	0.806	0.517	0.775	1492.15	32997	48360.74	287
SRX8574407	Blood	NA	whole blood	NA	SRP267867	SRS6866384	0.992	0.763	1.778	0.813	0.532	0.751	1524.24	31920	47236.53	358
SRX8574408	Blood	NA	whole blood	NA	SRP267867	SRS6866385	0.992	0.741	2.039	0.779	0.576	0.782	1632.17	31586	52255.18	321
SRX8574409	Blood	NA	whole blood	NA	SRP267867	SRS6866386	0.992	0.757	2.071	0.817	0.556	0.786	1535.69	30746	51322.12	361
SRX8574410	Blood	NA	whole blood	NA	SRP267867	SRS6866387	0.990	0.730	2.044	0.742	0.526	0.769	1487.86	33079	48174.9	324
SRX8574411	Blood	NA	whole blood	NA	SRP267867	SRS6866388	0.992	0.746	2.162	0.816	0.546	0.788	1483.23	34509	53357.36	366
SRX8574413	Blood	NA	whole blood	NA	SRP267867	SRS6866390	0.991	0.745	2.304	0.823	0.660	0.807	1460.97	33565	43838.64	340
SRX8574414	Blood	NA	whole blood	NA	SRP267867	SRS6866391	0.991	0.761	2.215	0.805	0.654	0.800	1448.99	33780	43894.66	449
SRX8574415	Blood	NA	whole blood	NA	SRP267867	SRS6866392	0.991	0.753	2.175	0.796	0.664	0.805	1512.1	30938	42966.74	470
SRX8574416	Blood	NA	whole blood	NA	SRP267867	SRS6866393	0.990	0.769	2.349	0.829	0.654	0.809	1411.95	34216	43460.69	408
SRX8574417	Blood	NA	whole blood	NA	SRP267867	SRS6866394	0.990	0.751	2.469	0.822	0.672	0.810	1354.75	35947	51522.67	198
SRX8574418	Blood	NA	whole blood	NA	SRP267867	SRS6866395	0.989	0.738	2.374	0.812	0.627	0.795	1471.92	32574	50756.67	270
SRX8574419	Blood	NA	whole blood	NA	SRP267867	SRS6866396	0.990	0.750	2.298	0.821	0.700	0.806	1448.87	33650	48892.52	372
SRX8574420	Blood	NA	whole blood	NA	SRP267867	SRS6866397	0.990	0.769	2.294	0.814	0.706	0.810	1436.78	35260	49692.61	438
SRX8574421	Blood	NA	whole blood	NA	SRP267867	SRS6866398	0.991	0.751	1.987	0.773	0.706	0.785	1542.3	31466	42771.56	336
SRX8574422	Blood	NA	whole blood	NA	SRP267867	SRS6866399	0.990	0.751	2.172	0.774	0.699	0.800	1453.47	34785	45273.11	375
SRX8574424	Blood	NA	whole blood	NA	SRP267867	SRS6866401	0.991	0.732	2.382	0.756	0.699	0.806	1473.07	34120	56597.45	229
SRX8574425	Blood	NA	whole blood	NA	SRP267867	SRS6866402	0.991	0.749	2.371	0.810	0.697	0.808	1417.56	33784	38076.51	432
SRX8574426	Blood	NA	whole blood	NA	SRP267867	SRS6866403	0.990	0.715	2.701	0.782	0.689	0.802	1405.69	35542	45786.84	325
SRX8574427	Blood	NA	whole blood	NA	SRP267867	SRS6866404	0.987	0.734	2.618	0.820	0.702	0.796	1382.3	36524	48424.87	344
SRX8574428	Blood	NA	whole blood	NA	SRP267867	SRS6866405	0.990	0.752	2.247	0.783	0.708	0.802	1445.94	34272	45526.32	388
SRX8574429	Blood	NA	whole blood	NA	SRP267867	SRS6866406	0.990	0.760	2.115	0.791	0.716	0.794	1482.34	34268	45726.69	377
SRX8574430	Blood	NA	whole blood	NA	SRP267867	SRS6866407	0.990	0.728	2.165	0.796	0.706	0.798	1543.67	30401	50195.42	199
SRX8574431	Blood	NA	whole blood	NA	SRP267867	SRS6866408	0.990	0.709	2.067	0.682	0.703	0.777	1587.74	32132	49894.82	328
SRX8574432	Blood	NA	whole blood	NA	SRP267867	SRS6866409	0.990	0.718	1.941	0.727	0.538	0.758	1535.95	31065	46263.59	232
SRX8574433	Blood	NA	whole blood	NA	SRP267867	SRS6866410	0.990	0.746	2.118	0.770	0.554	0.774	1428.68	34776	46518.34	228
SRX8574435	Blood	NA	whole blood	NA	SRP267867	SRS6866412	0.990	0.727	2.193	0.785	0.533	0.769	1477.08	31760	51610.57	275
SRX8574436	Blood	NA	whole blood	NA	SRP267867	SRS6866413	0.989	0.737	2.458	0.797	0.551	0.789	1388.7	34174	41633.62	262
SRX8574437	Blood	NA	whole blood	NA	SRP267867	SRS6866414	0.990	0.736	2.208	0.751	0.525	0.787	1490.04	34234	48896.71	359
SRX8574438	Blood	NA	whole blood	NA	SRP267867	SRS6866415	0.990	0.712	1.950	0.757	0.530	0.756	1628.46	28858	45838.17	149
SRX8574439	Blood	NA	whole blood	NA	SRP267867	SRS6866416	0.991	0.732	2.097	0.755	0.584	0.780	1521.23	31248	49935.73	258
SRX8582070	Lung	NA	Lung	Lung	SRP267967	SRS6873843	0.992	0.625	8.417	0.633	0.911	0.932	10185.26	59135	370691.07	2063
SRX8582073	Lung	NA	Lung	Lung	SRP267967	SRS6873846	0.991	0.628	8.951	0.583	0.929	0.927	13940.32	58948	579175.72	1900
SRX8614755	ESC	Primed hESC	NA	Primed hESC	SRP268755	SRS6903930	0.977	0.737	3.124	0.841	0.053	0.741	1476.75	27442	56427.87	645
SRX8614756	ESC	Naive hESC	NA	Nave hESC	SRP268755	SRS6903931	0.981	0.351	3.557	0.682	0.073	0.742	122224.83	6	592143.0	1221
SRX8614757	ESC	Naive hESC	NA	Nave hESC	SRP268755	SRS6903932	0.975	0.512	3.410	0.685	0.071	0.754	4447.63	23145	424932.44	1040
SRX8614758	ESC	Naive hESC	NA	Nave hESC	SRP268755	SRS6903933	0.977	0.471	4.742	0.675	0.075	0.797	5539.14	20892	400121.59	1066
SRX8614759	ESC	Naive hESC	NA	Nave hESC	SRP268755	SRS6903934	0.977	0.451	3.983	0.667	0.075	0.786	6224.34	18094	306370.05	871
SRX8615902	B Lineage Acute Lymphoblastic Leukemia SEM cell carrying bi-allelic miniAID-mClover3 knockin tags	Human B Lineage Acute Lymphoblastic Leukemia SEM cell carrying bi-allelic miniAID-mClover3 knockin tags	NA	SEM cell line	SRP268783	SRS6905031	0.995	0.812	34.479	0.649	0.953	0.959	868.02	78859	16324.89	2350
SRX8615903	B Lineage Acute Lymphoblastic Leukemia SEM cell carrying bi-allelic miniAID-mClover3 knockin tags	Human B Lineage Acute Lymphoblastic Leukemia SEM cell carrying bi-allelic miniAID-mClover3 knockin tags	NA	SEM cell line	SRP268783	SRS6905032	0.995	0.814	31.245	0.650	0.953	0.958	865.59	78224	15185.05	2772
SRX8621715	Mammary Luminal Epithelial	Mammary luminal epithelial cells	NA	Mammary luminal epithelial cells	SRP268979	SRS6913797	0.982	0.731	17.209	0.822	0.263	0.933	1108.68	67182	29928.82	1615
SRX8621716	Mammary Luminal Epithelial	Mammary luminal epithelial cells	NA	Mammary luminal epithelial cells	SRP268979	SRS6913798	0.981	0.728	15.536	0.812	0.307	0.929	1093.73	65423	36686.24	1003
SRX8621717	Mammary Luminal Epithelial	Mammary luminal epithelial cells	NA	Mammary luminal epithelial cells	SRP268979	SRS6913800	0.978	0.727	14.513	0.819	0.176	0.927	1144.49	65083	25269.68	1407
SRX8621718	Mammary Luminal Epithelial	Mammary luminal epithelial cells	NA	Mammary luminal epithelial cells	SRP268979	SRS6913799	0.981	0.724	14.650	0.814	0.247	0.923	1126.21	64604	34288.45	988
SRX8640584	SRS6925306	NA	NA	NA	SRP269389	SRS6925306	0.990	0.568	22.173	0.605	0.759	0.966	13095.28	71233	519685.49	2270
SRX8640585	SRS6925307	NA	NA	NA	SRP269389	SRS6925307	0.991	0.348	21.044	0.653	0.734	0.965	12611.89	71082	447436.09	2476
SRX8722315	Plasma	NA	NA	Plasma	SRP271639	SRS6997522	0.973	0.688	1.865	0.740	0.376	0.706	1794.29	27057	84617.34	178
SRX8722332	Plasma	NA	NA	Plasma	SRP271639	SRS6997539	0.971	0.705	1.913	0.762	0.635	0.734	1636.2	29040	43509.68	226
SRX8722344	Plasma	NA	NA	Plasma	SRP271639	SRS6997551	0.972	0.673	5.423	0.704	0.778	0.875	1544.58	30687	70320.99	443
SRX8722382	Plasma	NA	NA	Plasma	SRP271639	SRS6997589	0.977	0.678	2.622	0.761	0.713	0.795	1529.3	30231	35089.12	307
SRX8722422	Plasma	NA	NA	Plasma	SRP271639	SRS6997629	0.973	0.639	5.363	0.684	0.829	0.882	1362.29	31451	21934.95	537
SRX8770077	iPSC	NA	NA	day77, from 585B1 hiPSC BTAG reporter line	SRP272481	SRS7041082	0.986	0.170	9.868	0.652	0.000	0.934	104325.29	189	533817.58	372
SRX8772627	Colorectal Adenocarcinoma	Colorectal Adenocarcinoma	NA	Colorectal Adenocarcinoma cell sw620	SRP272595	SRS7043089	0.993	0.576	10.864	0.876	0.171	1.000	11582.29	66595	710040.88	1573
SRX8772628	Colorectal Adenocarcinoma	Colorectal Adenocarcinoma	NA	Colorectal Adenocarcinoma cell sw620	SRP272595	SRS7043090	0.996	0.531	9.958	0.849	0.434	1.000	15466.46	56595	585356.47	2329
SRX8772629	Colorectal Adenocarcinoma	Colorectal Adenocarcinoma	NA	Colorectal Adenocarcinoma cell sw480	SRP272595	SRS7043091	0.995	0.475	4.093	0.805	0.617	1.000	28344.13	4659	981313.47	1233
SRX8772630	Colorectal Adenocarcinoma	Colorectal Adenocarcinoma	NA	Colorectal Adenocarcinoma cell sw480	SRP272595	SRS7043092	0.996	0.639	10.631	0.830	0.514	1.000	12479.42	70501	743243.15	1634
SRX8776043	Somatic	NA	Human somatic cells	Ovarian	SRP272635	SRS7046606	0.982	0.754	4.130	0.642	0.104	0.849	1576.58	37101	55945.71	780
SRX8776044	Somatic	NA	Human somatic cells	Ovarian	SRP272635	SRS7046607	0.985	0.749	4.457	0.641	0.133	0.879	1499.14	39568	41544.42	1031
SRX8834184	Blood	NA	blood	NA	SRP273813	SRS7098264	0.986	0.684	4.331	0.514	0.244	0.789	1101.37	35543	58356.12	147
SRX8834186	Adjacent Normal Tissue	NA	Adjacent normal tissue	NA	SRP273813	SRS7098266	0.997	0.759	3.714	0.824	0.662	1.000	1290.2	18934	123774.64	253
SRX8834187	Adjacent Normal Tissue	NA	Adjacent normal tissue	NA	SRP273813	SRS7098267	0.997	0.735	3.609	0.814	0.710	1.000	1069.89	15908	75656.58	193
SRX8834188	Adjacent Normal Tissue	NA	Adjacent normal tissue	NA	SRP273813	SRS7098268	0.997	0.776	3.614	0.843	0.690	1.000	1100.36	17468	100321.75	196
SRX8834189	Adjacent Normal Tissue	NA	Adjacent normal tissue	NA	SRP273813	SRS7098269	0.997	0.748	4.587	0.875	0.575	1.000	1402.01	22664	48114.24	462
SRX8834190	Adjacent Normal Tissue	NA	Adjacent normal tissue	NA	SRP273813	SRS7098270	0.997	0.766	3.593	0.836	0.683	1.000	1168.02	17168	112844.47	231
SRX8834191	Lung	NA	Lung	NA	SRP273813	SRS7098271	0.997	0.748	3.640	0.825	0.693	1.000	1165.96	16816	195649.01	357
SRX8834192	Lung	NA	Lung	NA	SRP273813	SRS7098272	0.997	0.505	3.646	0.774	0.699	1.000	6979.89	16370	954081.06	861
SRX8834193	Lung	NA	Lung	NA	SRP273813	SRS7098273	0.996	0.762	3.672	0.839	0.671	1.000	1229.94	16602	131509.0	319
SRX8834194	Lung	NA	Lung	NA	SRP273813	SRS7098274	0.997	0.590	4.504	0.861	0.557	1.000	9771.78	15945	1249917.14	932
SRX8834195	Lung	NA	Lung	NA	SRP273813	SRS7098275	0.997	0.705	3.703	0.830	0.680	1.000	1371.65	16906	208116.08	112
SRX8834196	Blood	NA	blood	NA	SRP273813	SRS7098276	0.987	0.695	4.228	0.620	0.087	1.000	865.73	13479	942173.07	15
SRX8834199	Blood	NA	blood	NA	SRP273813	SRS7098279	0.987	0.715	2.871	0.647	0.108	0.735	1163.04	29648	91945.92	78
SRX8834200	Blood	NA	blood	NA	SRP273813	SRS7098280	0.983	0.545	6.138	0.458	0.354	1.000	2673.45	34193	1245948.5	719
SRX8834201	Blood	NA	blood	NA	SRP273813	SRS7098281	0.989	0.558	6.011	0.516	0.240	1.000	2373.34	30472	1569518.16	567
SRX8834202	Blood	NA	blood	NA	SRP273813	SRS7098282	0.989	0.603	2.419	0.336	0.470	0.737	2769.77	48236	853644.73	717
SRX8834203	Blood	NA	blood	NA	SRP273813	SRS7098283	0.986	0.597	7.338	0.563	0.378	1.000	2934.44	44540	782859.75	1022
SRX890304	modified B cell (lymphoblastoid)	modified B cell (lymphoblastoid)	NA	lymphoblastoid	SRP055494	SRS857117	0.975	0.567	63.313	0.783	0.076	0.973	7735.48	51446	1683614.99	820
SRX8910152	HEK 293 transfected with reporter construct	NA	NA	non-treated HEK 293	SRP266653	SRS7167319	0.992	0.639	18.518	0.774	0.701	0.961	5851.42	93929	219506.99	2789
SRX8910153	293	NA	NA	12d-TNFa treated HEK 293 cells	SRP266653	SRS7167320	0.957	0.538	12.914	0.422	0.659	0.958	8034.22	65443	230290.22	2545
SRX8910154	RELA-KO for HEK 293 transfected with reporter construct	NA	NA	non-treated HEK 293 with RELA KO	SRP266653	SRS7167321	0.932	0.501	10.492	0.351	0.712	0.954	9063.01	56680	355225.11	1687
SRX8910155	293	NA	NA	12d-TNFa treated HEK 293 cells with RELA KO	SRP266653	SRS7167322	0.965	0.545	10.091	0.429	0.681	0.954	8656.05	62000	345160.69	1729
SRX8910156	TET2 KO for HEK 293 transfected with reporter construct	NA	NA	non-treated HEK 293 with TET2 KO	SRP266653	SRS7167323	0.995	0.660	26.902	0.784	0.688	0.964	5322.02	107806	244423.21	2656
SRX8910157	293	NA	NA	12d-TNFa treated HEK 293 cells with TET2 KO	SRP266653	SRS7167324	0.992	0.643	28.770	0.744	0.644	0.965	5221.76	108455	240454.13	2680
SRX8983580	Brain	NA	brain	brain	SRP278376	SRS7237930	0.978	0.640	10.358	0.611	0.645	0.907	1638.12	59583	227954.97	1387
SRX8983602	Brain	NA	brain	brain	SRP278376	SRS7237952	0.977	0.690	7.207	0.610	0.593	0.877	1688.77	48614	188556.1	1031
SRX8997961	Induced Pluripotent Stem Cell	Human induced pluripotent stem cell	NA	induced pluripotent stem cell	SRP278588	SRS7250828	0.971	0.784	37.528	0.806	0.512	0.964	1132.07	39144	7227.67	4330
SRX8997962	Induced Pluripotent Stem Cell Derived	Human induced pluripotent stem cell derived	NA	induced pluripotent stem cell	SRP278588	SRS7250829	0.977	0.801	38.207	0.810	0.498	0.963	1165.68	42065	26351.32	3935
SRX8997963	Induced Pluripotent Stem Cell Derived	Human induced pluripotent stem cell derived	NA	induced pluripotent stem cell	SRP278588	SRS7250830	0.983	0.799	37.366	0.796	0.470	0.964	1446.7	48829	44470.74	2953
SRX901023	Gonad	NA	gonad	NA	SRP057098	SRS829092	0.979	0.726	9.470	0.626	0.874	0.946	1227.13	30983	19114.84	1384
SRX901034	Gonad	NA	gonad	NA	SRP057098	SRS829092	0.969	0.234	5.029	0.560	0.450	0.887	0.0	0	0.0	0
SRX901035	Gonad	NA	gonad	NA	SRP057098	SRS829092	0.975	0.189	9.381	0.604	0.467	0.925	180852.0	1	2279868.4	10
SRX901036	Gonad	NA	gonad	NA	SRP057098	SRS829092	0.969	0.113	11.068	0.741	0.223	0.933	132555.58	112	384823.05	812
SRX901037	Gonad	NA	gonad	NA	SRP057098	SRS829092	0.987	0.086	6.992	0.799	0.594	0.918	0.0	0	679070.49	255
SRX901038	Gonad	NA	gonad	NA	SRP057098	SRS829092	0.983	0.116	9.342	0.755	0.732	0.929	102937.46	424	304444.97	1152
SRX901039	Gonad	NA	gonad	NA	SRP057098	SRS829092	0.971	0.102	6.818	0.721	0.729	0.917	0.0	0	669665.32	363
SRX901040	Gonad	NA	gonad	NA	SRP057098	SRS829092	0.982	0.107	7.750	0.683	0.694	0.918	246680.0	1	585696.85	521
SRX901041	Gonad	NA	gonad	NA	SRP057098	SRS829092	0.983	0.080	7.204	0.731	0.722	0.917	278273.31	13	506500.32	671
SRX9127598	Colorectal	NA	NA	colorectal cancer cell line	SRP282493	SRS7369974	0.992	0.603	19.728	0.759	0.788	0.963	8094.97	78814	313777.1	2388
SRX9127599	Colorectal	NA	NA	colorectal cancer cell line	SRP282493	SRS7369973	0.992	0.596	18.367	0.755	0.826	0.962	8283.19	77936	311390.33	2420
SRX9127600	Colorectal	NA	NA	colorectal cancer cell line	SRP282493	SRS7369975	0.993	0.238	23.261	0.772	0.834	0.965	10150.9	58822	171575.73	3180
SRX9127601	Colorectal	NA	NA	colorectal cancer cell line	SRP282493	SRS7369976	0.992	0.281	18.459	0.762	0.843	0.962	9162.5	62418	173453.83	3121
SRX9235358	Tumor	NA	Tumour	Prostate tumour tissue	SRP286180	SRS7468708	0.954	0.700	10.228	0.688	0.434	1.000	1102.62	30405	80214.68	47
SRX9235359	Tumor	NA	Tumour	Prostate tumour tissue	SRP286180	SRS7468709	0.957	0.745	16.801	0.656	0.562	1.000	1253.03	42703	397276.08	1190
SRX9235360	Tumor	NA	Tumour	Prostate tumour tissue	SRP286180	SRS7468710	0.960	0.712	10.312	0.698	0.539	1.000	1122.0	31966	61194.39	72
SRX9235361	Tumor	NA	Tumour	Prostate tumour tissue	SRP286180	SRS7468711	0.939	0.704	7.763	0.549	0.507	1.000	1215.96	27346	162126.25	4
SRX9235362	Tumor	NA	Tumour	Prostate tumour tissue	SRP286180	SRS7468712	0.954	0.728	10.271	0.672	0.698	1.000	1849.6	37098	664744.03	961
SRX9235363	Tumor	NA	Tumour	Prostate tumour tissue	SRP286180	SRS7468713	0.968	0.675	11.766	0.734	0.569	1.000	2534.03	61441	630884.19	1289
SRX9235364	Tumor	NA	Tumour	Prostate tumour tissue	SRP286180	SRS7468714	0.930	0.649	8.641	0.515	0.415	1.000	1373.73	26661	1333734.36	381
SRX9235365	Tumor	NA	Tumour	Prostate tumour tissue	SRP286180	SRS7468715	0.964	0.668	10.765	0.573	0.412	1.000	1117.0	27542	105100.15	34
SRX9235366	Tumor	NA	Tumour	Prostate tumour tissue	SRP286180	SRS7468716	0.949	0.725	11.282	0.678	0.398	1.000	1024.61	29907	50731.39	70
SRX9235367	Tumor	NA	Tumour	Prostate tumour tissue	SRP286180	SRS7468717	0.959	0.642	10.947	0.738	0.572	1.000	1208.88	35020	51813.11	133
SRX9235368	Tumor	NA	Tumour	Prostate tumour tissue	SRP286180	SRS7468718	0.967	0.666	11.814	0.614	0.451	1.000	1135.2	28746	102820.74	31
SRX9235369	Tumor	NA	Tumour	Prostate tumour tissue	SRP286180	SRS7468719	0.948	0.731	8.075	0.505	0.346	1.000	1214.45	26386	1115947.79	518
SRX9235370	Tumor	NA	Tumour	Prostate tumour tissue	SRP286180	SRS7468720	0.933	0.606	11.223	0.582	0.275	1.000	1230.09	28952	128574.39	41
SRX9235371	Tumor	NA	Tumour	Prostate tumour tissue	SRP286180	SRS7468721	0.956	0.651	10.981	0.719	0.521	1.000	1212.46	31018	746778.74	810
SRX9235372	Tumor	NA	Tumour	Prostate tumour tissue	SRP286180	SRS7468722	0.966	0.763	10.887	0.761	0.611	1.000	1060.87	38209	41336.81	114
SRX9235373	Adjacent Normal	NA	Adjacent normal	Normal prostate tissue adjacent to tumour	SRP286180	SRS7468723	0.927	0.573	9.614	0.478	0.111	1.000	1350.7	25129	1034346.92	24
SRX9235374	Adjacent Normal	NA	Adjacent normal	Normal prostate tissue adjacent to tumour	SRP286180	SRS7468724	0.955	0.722	15.474	0.638	0.557	1.000	1154.45	39592	24490.86	455
SRX9235375	Adjacent Normal	NA	Adjacent normal	Normal prostate tissue adjacent to tumour	SRP286180	SRS7468725	0.932	0.624	7.357	0.559	0.080	1.000	1349.14	22441	631447.27	11
SRX9235376	Adjacent Normal	NA	Adjacent normal	Normal prostate tissue adjacent to tumour	SRP286180	SRS7468726	0.931	0.612	7.867	0.579	0.081	1.000	1350.07	23875	559592.38	13
SRX9239499	Cervical	NA	Cervical cells	NA	SRP286271	SRS7472563	0.995	0.665	16.816	0.708	0.668	0.956	841.38	69805	9183.29	3574
SRX9239500	Cervical	NA	Cervical cells	NA	SRP286271	SRS7472564	0.994	0.633	17.763	0.705	0.741	0.958	1120.46	71002	11310.62	2787
SRX9239501	Cervical Cancer	NA	Cervical cancer tissue	NA	SRP286271	SRS7472565	0.994	0.490	19.017	0.761	0.694	0.959	10902.19	76285	331046.73	3387
SRX9239502	Cervical Cancer	NA	Cervical cancer tissue	NA	SRP286271	SRS7472566	0.994	0.576	19.256	0.765	0.678	0.961	6119.82	86758	376710.7	2414
SRX9239503	Cervical Cancer Adjacent	NA	Cervical cancer adjacent tissue	NA	SRP286271	SRS7472567	0.990	0.596	15.062	0.785	0.525	0.959	1187.7	35214	695309.48	1402
SRX9239504	Cervical Cancer Adjacent	NA	Cervical cancer adjacent tissue	NA	SRP286271	SRS7472568	0.993	0.657	19.734	0.805	0.656	0.960	1083.71	49182	10596.79	2861
SRX9239505	Cervical Cancer Adjacent	NA	Cervical cancer adjacent tissue	NA	SRP286271	SRS7472569	0.993	0.682	21.710	0.798	0.761	0.960	1024.33	70926	12131.62	3151
SRX9239506	Cervical Cancer Adjacent	NA	Cervical cancer adjacent tissue	NA	SRP286271	SRS7472570	0.993	0.640	21.945	0.792	0.747	0.960	1087.92	44489	10317.99	2585
SRX9239511	Cervical	NA	Cervical cells	NA	SRP286271	SRS7472575	0.994	0.671	16.348	0.695	0.772	0.959	1057.0	51735	10367.25	3362
SRX9239522	Cervical	NA	Cervical cells	NA	SRP286271	SRS7472586	0.994	0.672	17.916	0.725	0.790	0.960	1045.75	51700	11461.15	3014
SRX9239525	Cervical	NA	Cervical cells	NA	SRP286271	SRS7472589	0.995	0.671	17.115	0.670	0.715	0.958	1059.3	52685	11101.53	3121
SRX9239526	Cervical	NA	Cervical cells	NA	SRP286271	SRS7472590	0.995	0.672	14.673	0.697	0.725	0.956	968.02	56094	9742.46	3610
SRX9239527	Cervical	NA	Cervical cells	NA	SRP286271	SRS7472591	0.995	0.618	17.111	0.731	0.783	0.957	1110.11	85861	11727.72	3010
SRX9239528	Cervical	NA	Cervical cells	NA	SRP286271	SRS7472592	0.995	0.649	13.814	0.538	0.738	0.956	1116.51	54382	10538.64	3081
SRX9239529	Cervical Cancer	NA	Cervical cancer tissue	NA	SRP286271	SRS7472593	0.991	0.630	17.484	0.770	0.509	0.960	1117.82	48114	11317.34	2397
SRX9239530	Cervical Cancer	NA	Cervical cancer tissue	NA	SRP286271	SRS7472594	0.993	0.662	17.285	0.803	0.491	0.960	1080.25	42580	9974.31	2278
SRX9245399	HeLa	NA	NA	Hela	SRP286409	SRS7478085	0.996	0.530	11.849	0.870	0.748	0.956	8163.1	114908	279443.27	4012
SRX9245400	HeLa	NA	NA	Hela	SRP286409	SRS7478086	0.996	0.557	10.355	0.870	0.725	0.954	10814.45	80798	404135.39	2729
SRX9245401	HeLa	NA	NA	Hela	SRP286409	SRS7478087	0.995	0.559	4.449	0.858	0.758	0.920	15191.39	54448	514137.98	2088
SRX9269812	iPSC	NA	NA	Human pluripotent stem cells	SRP286872	SRS7498688	0.989	0.383	11.765	0.860	0.778	0.957	4382.59	54390	114261.61	4833
SRX9269813	ESC	NA	NA	Human embryonic stem cells	SRP286872	SRS7498689	0.991	0.826	13.099	0.850	0.777	0.957	1060.16	41948	15370.25	4231
SRX9269814	iPSC	NA	NA	Human pluripotent stem cells	SRP286872	SRS7498690	0.988	0.800	11.004	0.860	0.795	0.955	1125.77	36853	9541.59	3975
SRX9269815	iPSC	NA	NA	Human pluripotent stem cells	SRP286872	SRS7498691	0.990	0.817	11.916	0.868	0.775	0.956	1105.13	40323	16132.71	4050
SRX9269816	iPSC	NA	NA	Human pluripotent stem cells	SRP286872	SRS7498692	0.991	0.824	12.561	0.872	0.753	0.955	1072.03	42559	18526.48	4009
SRX9269817	iPSC	NA	NA	Human pluripotent stem cells	SRP286872	SRS7498693	0.989	0.823	10.376	0.862	0.719	0.950	1212.15	36716	11056.0	3968
SRX9269818	Blast	NA	NA	Human secondary fibroblasts	SRP286872	SRS7498694	0.995	0.662	9.891	0.865	0.777	0.953	5040.28	64404	442946.43	2235
SRX9274348	Plasma	NA	Plasma	NA	SRP193431	SRS9462399	0.980	0.492	3.292	0.846	0.865	0.906	53420.53	3365	1308573.79	1238
SRX9444981	Cultured Human Fibroblasts	Cultured human fibroblasts	NA	Cultured human fibroblasts	SRP291325	SRS7658904	0.996	0.741	16.797	0.854	0.727	1.000	1118.61	67826	14793.61	2171
SRX9444982	Cultured Human Fibroblasts	Cultured human fibroblasts	NA	Cultured human fibroblasts	SRP291325	SRS7658903	0.995	0.688	12.715	0.819	0.898	1.000	2355.74	57040	575221.38	1724
SRX9444983	Reprogramming Intermediate	Human reprogramming intermediate cells	NA	Human reprogramming intermediate cells	SRP291325	SRS7658905	0.996	0.739	15.143	0.835	0.729	1.000	1186.28	64068	15587.31	2286
SRX9444984	Reprogramming Intermediate	Human reprogramming intermediate cells	NA	Human reprogramming intermediate cells	SRP291325	SRS7658907	0.998	0.686	6.137	0.875	0.929	1.000	1917.95	37885	886142.41	1039
SRX9444985	Reprogramming Intermediate	Human reprogramming intermediate cells	NA	Human reprogramming intermediate cells	SRP291325	SRS7658906	0.996	0.674	16.068	0.825	0.742	1.000	1537.59	58600	333094.49	2282
SRX9444986	Reprogramming Intermediate	Human reprogramming intermediate cells	NA	Human reprogramming intermediate cells	SRP291325	SRS7658908	0.986	0.780	17.962	0.861	0.628	1.000	1313.81	35698	59571.33	4900
SRX9444987	Pluripotent Stem Cell	Human pluripotent stem cells	NA	Human pluripotent stem cells	SRP291325	SRS7658909	0.987	0.836	18.500	0.876	0.735	1.000	1160.0	39353	9194.64	4303
SRX9444988	Pluripotent Stem Cell	Human pluripotent stem cells	NA	Human pluripotent stem cells	SRP291325	SRS7658911	0.986	0.801	16.189	0.859	0.686	1.000	1247.13	37275	48672.74	3947
SRX9444989	Pluripotent Stem Cell	Human pluripotent stem cells	NA	Human pluripotent stem cells	SRP291325	SRS7658910	0.989	0.843	10.056	0.822	0.935	1.000	1271.83	32850	21647.82	1924
SRX9444990	Reprogramming Intermediate	Human reprogramming intermediate cells	NA	Human reprogramming intermediate cells	SRP291325	SRS7658913	0.992	0.454	17.160	0.831	0.757	1.000	2256.49	47178	161750.08	3382
SRX9444991	Reprogramming Intermediate	Human reprogramming intermediate cells	NA	Human reprogramming intermediate cells	SRP291325	SRS7658912	0.988	0.537	18.297	0.856	0.639	1.000	3072.41	48080	150660.38	3964
SRX9444992	Pluripotent Stem Cell	Human pluripotent stem cells	NA	Human pluripotent stem cells	SRP291325	SRS7658915	0.992	0.442	15.120	0.861	0.751	1.000	5768.6	59346	155649.69	4471
SRX9444993	Pluripotent Stem Cell	Human pluripotent stem cells	NA	Human pluripotent stem cells	SRP291325	SRS7658914	0.993	0.419	15.809	0.856	0.727	1.000	6103.49	62908	138694.12	4914
SRX9500354	B-Lymphocyte	NA	B-Lymphocyte	NA	SRP047086	SRS7709448	0.996	0.530	3.249	0.852	0.822	0.878	26584.76	8968	1314538.47	1245
SRX9500355	B-Lymphocyte	NA	B-Lymphocyte	NA	SRP047086	SRS7709448	0.996	0.533	3.526	0.856	0.817	0.891	25483.43	10568	1285775.3	1281
SRX9500356	B-Lymphocyte	NA	B-Lymphocyte	NA	SRP047086	SRS7709449	0.996	0.669	1.495	0.862	0.834	0.704	2988.41	25475	2788956.02	406
SRX9500357	B-Lymphocyte	NA	B-Lymphocyte	NA	SRP047086	SRS7709449	0.996	0.670	1.511	0.863	0.825	0.708	2952.51	26287	2726983.32	422
SRX9500358	B-Lymphocyte	NA	B-Lymphocyte	NA	SRP047086	SRS7709449	0.997	0.669	7.915	0.866	0.825	0.946	2659.52	41094	1843249.06	755
SRX9500359	B-Lymphocyte	NA	B-Lymphocyte	NA	SRP047086	SRS7709449	0.997	0.671	5.614	0.869	0.823	0.933	2739.42	37258	1883680.3	732
SRX9500360	B-Lymphocyte	NA	B-Lymphocyte	NA	SRP047086	SRS7709449	0.997	0.672	2.313	0.866	0.831	0.816	2900.82	28916	2435681.37	505
SRX9500362	B-Lymphocyte	NA	B-Lymphocyte	NA	SRP047086	SRS7709449	0.997	0.672	2.331	0.867	0.823	0.818	2893.26	28887	2498748.57	478
SRX9500363	B-Lymphocyte	NA	B-Lymphocyte	NA	SRP047086	SRS7709449	0.997	0.672	8.729	0.868	0.822	0.947	2528.52	41540	1808052.99	775
SRX9500364	B-Lymphocyte	NA	B-Lymphocyte	NA	SRP047086	SRS7709449	0.997	0.674	8.348	0.870	0.817	0.946	2510.26	40597	1823411.33	765
SRX9500367	B-Lymphocyte	NA	B-Lymphocyte	NA	SRP047086	SRS7709450	0.997	0.567	4.994	0.853	0.854	0.929	14349.95	29364	1498592.2	1040
SRX9500368	B-Lymphocyte	NA	B-Lymphocyte	NA	SRP047086	SRS7709450	0.997	0.569	4.621	0.852	0.843	0.924	14353.1	28728	1526177.33	1016
SRX9500369	B-Lymphocyte	NA	B-Lymphocyte	NA	SRP047086	SRS7709450	0.997	0.567	3.474	0.856	0.831	0.898	14036.56	26511	1621886.17	942
SRX9500370	B-Lymphocyte	NA	B-Lymphocyte	NA	SRP047086	SRS7709450	0.997	0.567	3.500	0.857	0.822	0.899	13998.22	26228	1606390.47	955
SRX9500371	B-Lymphocyte	NA	B-Lymphocyte	NA	SRP047086	SRS7709450	0.997	0.566	13.128	0.856	0.818	0.958	11043.51	43103	1691969.51	816
SRX9500374	B-Lymphocyte	NA	B-Lymphocyte	NA	SRP047086	SRS7709450	0.997	0.570	12.873	0.861	0.812	0.957	10961.55	43228	1617367.76	868
SRX9500376	B-Lymphocyte	NA	B-Lymphocyte	NA	SRP047086	SRS7709451	0.997	0.626	1.441	0.867	0.834	0.700	4249.41	24789	2293032.47	600
SRX9500377	B-Lymphocyte	NA	B-Lymphocyte	NA	SRP047086	SRS7709451	0.997	0.626	4.146	0.869	0.846	0.913	6591.34	36320	1761817.59	864
SRX9500378	B-Lymphocyte	NA	B-Lymphocyte	NA	SRP047086	SRS7709451	0.997	0.628	5.488	0.872	0.831	0.934	6664.96	39070	1676530.29	921
SRX9500381	B-Lymphocyte	NA	B-Lymphocyte	NA	SRP047086	SRS7709451	0.997	0.631	4.040	0.867	0.853	0.910	6308.59	36603	1768774.67	863
SRX9500382	B-Lymphocyte	NA	B-Lymphocyte	NA	SRP047086	SRS7709451	0.997	0.633	5.329	0.871	0.841	0.932	6307.87	39134	1715750.55	896
SRX9500383	B-Lymphocyte	NA	B-Lymphocyte	NA	SRP047086	SRS7709452	0.996	0.640	3.049	0.858	0.842	0.873	5092.18	30858	1761640.04	839
SRX9500385	B-Lymphocyte	NA	B-Lymphocyte	NA	SRP047086	SRS7709452	0.996	0.640	3.080	0.859	0.833	0.874	5115.86	31679	1801818.74	815
SRX9500386	B-Lymphocyte	NA	B-Lymphocyte	NA	SRP047086	SRS7709452	0.996	0.640	11.408	0.862	0.829	0.953	5280.43	46632	1704097.25	834
SRX9500387	B-Lymphocyte	NA	B-Lymphocyte	NA	SRP047086	SRS7709452	0.997	0.645	7.324	0.865	0.824	0.944	5415.7	43602	1567594.94	965
SRX9500388	B-Lymphocyte	NA	B-Lymphocyte	NA	SRP047086	SRS7709452	0.996	0.642	1.940	0.862	0.844	0.776	4655.02	27829	1994275.7	708
SRX9500389	B-Lymphocyte	NA	B-Lymphocyte	NA	SRP047086	SRS7709452	0.997	0.643	1.963	0.863	0.835	0.779	4652.14	27708	2002546.39	703
SRX9500390	B-Lymphocyte	NA	B-Lymphocyte	NA	SRP047086	SRS7709452	0.997	0.643	7.425	0.863	0.836	0.944	5476.14	43110	1512948.64	1019
SRX9500391	B-Lymphocyte	NA	B-Lymphocyte	NA	SRP047086	SRS7709452	0.996	0.643	11.569	0.863	0.818	0.954	5250.79	47350	1701846.71	830
SRX9500392	B-Lymphocyte	NA	B-Lymphocyte	NA	SRP047086	SRS7709453	0.997	0.659	2.077	0.874	0.844	0.798	3643.56	26608	2248119.17	595
SRX9500393	B-Lymphocyte	NA	B-Lymphocyte	NA	SRP047086	SRS7709453	0.997	0.660	2.104	0.875	0.836	0.801	3650.53	27367	2175619.11	623
SRX9500394	B-Lymphocyte	NA	B-Lymphocyte	NA	SRP047086	SRS7709453	0.997	0.660	7.610	0.876	0.844	0.945	3180.67	39491	1617375.63	948
SRX9500396	B-Lymphocyte	NA	B-Lymphocyte	NA	SRP047086	SRS7709453	0.997	0.661	8.253	0.878	0.831	0.948	3142.96	39566	2174333.44	572
SRX9500397	B-Lymphocyte	NA	B-Lymphocyte	NA	SRP047086	SRS7709453	0.997	0.658	2.521	0.866	0.852	0.845	3430.86	28581	2177621.14	625
SRX9500398	B-Lymphocyte	NA	B-Lymphocyte	NA	SRP047086	SRS7709453	0.997	0.659	2.552	0.867	0.844	0.847	3457.29	29439	2108920.74	654
SRX9500399	B-Lymphocyte	NA	B-Lymphocyte	NA	SRP047086	SRS7709453	0.997	0.659	13.569	0.869	0.843	0.956	3020.55	44610	1600140.14	948
SRX9500400	B-Lymphocyte	NA	B-Lymphocyte	NA	SRP047086	SRS7709453	0.997	0.661	9.741	0.871	0.835	0.952	2911.69	42428	2020680.18	653
SRX9500401	B-Lymphocyte	NA	B-Lymphocyte	NA	SRP047086	SRS7709454	0.997	0.666	3.854	0.866	0.800	0.908	3254.59	31770	1888874.67	769
SRX9500402	B-Lymphocyte	NA	B-Lymphocyte	NA	SRP047086	SRS7709454	0.997	0.667	3.880	0.867	0.790	0.909	3247.05	32948	1810086.45	819
SRX9500403	B-Lymphocyte	NA	B-Lymphocyte	NA	SRP047086	SRS7709454	0.997	0.667	18.981	0.867	0.787	0.957	3095.49	48329	2050446.63	603
SRX9500404	B-Lymphocyte	NA	B-Lymphocyte	NA	SRP047086	SRS7709454	0.997	0.666	8.490	0.869	0.821	0.947	3025.8	40345	2008248.2	654
SRX9500405	B-Lymphocyte	NA	B-Lymphocyte	NA	SRP047086	SRS7709454	0.997	0.663	2.154	0.864	0.839	0.808	3533.36	27323	2206329.04	617
SRX9500407	B-Lymphocyte	NA	B-Lymphocyte	NA	SRP047086	SRS7709454	0.997	0.664	2.179	0.866	0.831	0.811	3484.87	27564	2249684.11	593
SRX9500408	B-Lymphocyte	NA	B-Lymphocyte	NA	SRP047086	SRS7709454	0.997	0.664	9.025	0.868	0.836	0.948	3038.9	41497	1973997.01	675
SRX9500409	B-Lymphocyte	NA	B-Lymphocyte	NA	SRP047086	SRS7709454	0.997	0.669	14.201	0.871	0.780	0.955	2999.18	46135	2092353.75	575
SRX9500410	B-Lymphocyte	NA	B-Lymphocyte	NA	SRP047086	SRS7709448	0.986	0.550	2.735	0.795	0.796	0.794	10715.76	16638	1696513.19	877
SRX9500411	B-Lymphocyte	NA	B-Lymphocyte	NA	SRP047086	SRS7709448	0.986	0.550	2.746	0.797	0.790	0.795	10769.81	16601	1662577.81	906
SRX9500412	B-Lymphocyte	NA	B-Lymphocyte	NA	SRP047086	SRS7709448	0.986	0.567	3.832	0.788	0.654	0.829	10926.22	19575	1604743.24	947
SRX9500415	B-Lymphocyte	NA	B-Lymphocyte	NA	SRP047086	SRS7709448	0.987	0.552	8.769	0.795	0.612	0.920	15905.31	22168	1396194.03	1120
SRX9500416	B-Lymphocyte	NA	B-Lymphocyte	NA	SRP047086	SRS7709449	0.987	0.658	1.851	0.796	0.819	0.709	2189.1	26789	198740.09	35
SRX9500418	B-Lymphocyte	NA	B-Lymphocyte	NA	SRP047086	SRS7709449	0.987	0.659	1.857	0.797	0.813	0.710	2187.66	26504	156990.58	62
SRX9500419	B-Lymphocyte	NA	B-Lymphocyte	NA	SRP047086	SRS7709449	0.987	0.661	6.014	0.799	0.687	0.899	1982.48	34189	43440.61	226
SRX9500420	B-Lymphocyte	NA	B-Lymphocyte	NA	SRP047086	SRS7709449	0.985	0.660	3.049	0.801	0.748	0.808	2120.76	30366	80779.13	70
SRX9500421	B-Lymphocyte	NA	B-Lymphocyte	NA	SRP047086	SRS7709449	0.985	0.660	3.061	0.802	0.742	0.809	2122.78	29918	66785.69	95
SRX9500422	B-Lymphocyte	NA	B-Lymphocyte	NA	SRP047086	SRS7709449	0.985	0.662	9.232	0.805	0.541	0.924	1900.72	38414	47414.37	282
SRX9500423	B-Lymphocyte	NA	B-Lymphocyte	NA	SRP047086	SRS7709450	0.985	0.590	2.387	0.797	0.787	0.768	5375.55	24186	2253232.37	587
SRX9500424	B-Lymphocyte	NA	B-Lymphocyte	NA	SRP047086	SRS7709450	0.986	0.590	2.379	0.794	0.781	0.769	5391.12	24177	2324301.28	558
SRX9500425	B-Lymphocyte	NA	B-Lymphocyte	NA	SRP047086	SRS7709450	0.986	0.596	10.999	0.788	0.466	0.929	8738.34	34074	1930637.19	703
SRX9500426	B-Lymphocyte	NA	B-Lymphocyte	NA	SRP047086	SRS7709450	0.986	0.594	3.708	0.786	0.725	0.832	6202.23	25524	2206838.56	596
SRX9500427	B-Lymphocyte	NA	B-Lymphocyte	NA	SRP047086	SRS7709450	0.986	0.594	3.724	0.787	0.720	0.833	6274.38	26148	2115595.23	633
SRX9500429	B-Lymphocyte	NA	B-Lymphocyte	NA	SRP047086	SRS7709450	0.986	0.592	7.527	0.795	0.617	0.917	8873.69	31126	1917102.07	716
SRX9500432	B-Lymphocyte	NA	B-Lymphocyte	NA	SRP047086	SRS7709451	0.984	0.630	5.697	0.805	0.650	0.892	3889.36	31935	2245681.88	596
SRX9500433	B-Lymphocyte	NA	B-Lymphocyte	NA	SRP047086	SRS7709451	0.986	0.628	3.557	0.794	0.728	0.838	3541.93	28236	2523999.73	498
SRX9500434	B-Lymphocyte	NA	B-Lymphocyte	NA	SRP047086	SRS7709451	0.986	0.629	3.557	0.795	0.723	0.839	3542.21	27863	2471744.37	517
SRX9500435	B-Lymphocyte	NA	B-Lymphocyte	NA	SRP047086	SRS7709451	0.986	0.631	10.234	0.796	0.504	0.929	4314.2	36298	2800212.91	380
SRX9500436	B-Lymphocyte	NA	B-Lymphocyte	NA	SRP047086	SRS7709452	0.986	0.636	3.380	0.793	0.752	0.828	3051.15	27816	2339456.24	540
SRX9500437	B-Lymphocyte	NA	B-Lymphocyte	NA	SRP047086	SRS7709452	0.986	0.637	3.393	0.795	0.747	0.829	3058.46	27298	2378195.38	529
SRX9500438	B-Lymphocyte	NA	B-Lymphocyte	NA	SRP047086	SRS7709452	0.985	0.638	10.091	0.795	0.512	0.928	3430.98	36050	1985503.51	681
SRX9500440	B-Lymphocyte	NA	B-Lymphocyte	NA	SRP047086	SRS7709452	0.987	0.636	2.419	0.793	0.792	0.770	2936.58	26515	2642993.31	441
SRX9500441	B-Lymphocyte	NA	B-Lymphocyte	NA	SRP047086	SRS7709452	0.987	0.637	2.437	0.794	0.786	0.772	2917.02	25605	2549410.13	473
SRX9500442	B-Lymphocyte	NA	B-Lymphocyte	NA	SRP047086	SRS7709452	0.986	0.639	7.919	0.797	0.569	0.918	3368.75	34269	2270353.03	541
SRX9500445	B-Lymphocyte	NA	B-Lymphocyte	NA	SRP047086	SRS7709453	0.986	0.653	17.266	0.801	0.359	0.948	2096.24	41383	2588248.77	403
SRX9500446	B-Lymphocyte	NA	B-Lymphocyte	NA	SRP047086	SRS7709453	0.985	0.652	6.487	0.801	0.663	0.902	2137.93	32927	2578973.23	451
SRX9500447	B-Lymphocyte	NA	B-Lymphocyte	NA	SRP047086	SRS7709453	0.986	0.652	6.492	0.800	0.658	0.902	2136.75	33504	2481472.58	485
SRX9500448	B-Lymphocyte	NA	B-Lymphocyte	NA	SRP047086	SRS7709453	0.985	0.656	4.969	0.791	0.712	0.879	2197.12	31533	63297.46	165
SRX9500449	B-Lymphocyte	NA	B-Lymphocyte	NA	SRP047086	SRS7709454	0.986	0.659	4.607	0.782	0.737	0.868	2085.93	30380	47011.2	112
SRX9500451	B-Lymphocyte	NA	B-Lymphocyte	NA	SRP047086	SRS7709454	0.986	0.660	4.634	0.784	0.732	0.869	2109.38	29883	43001.72	160
SRX9500452	B-Lymphocyte	NA	B-Lymphocyte	NA	SRP047086	SRS7709454	0.987	0.661	13.451	0.783	0.460	0.937	1978.36	39895	2270694.76	530
SRX9500455	B-Lymphocyte	NA	B-Lymphocyte	NA	SRP047086	SRS7709454	0.986	0.661	5.347	0.801	0.689	0.886	2058.35	31695	40814.26	164
SRX9500456	B-Lymphocyte	NA	B-Lymphocyte	NA	SRP047086	SRS7709448	0.996	0.483	26.126	0.802	0.835	0.963	12515.08	52937	1081477.95	1520
SRX9500458	B-Lymphocyte	NA	B-Lymphocyte	NA	SRP047086	SRS7709448	0.993	0.478	5.495	0.751	0.935	0.943	34062.26	8621	1229429.37	1319
SRX9500459	B-Lymphocyte	NA	B-Lymphocyte	NA	SRP047086	SRS7709448	0.994	0.483	9.543	0.757	0.838	0.955	19249.23	25828	1192051.5	1357
SRX9500463	B-Lymphocyte	NA	B-Lymphocyte	NA	SRP047086	SRS7709451	0.997	0.619	10.007	0.849	0.901	0.958	5740.08	46395	1738910.66	834
SRX9500464	B-Lymphocyte	NA	B-Lymphocyte	NA	SRP047086	SRS7709451	0.998	0.610	13.185	0.847	0.702	0.961	5404.88	47658	1920646.49	675
SRX9500465	B-Lymphocyte	NA	B-Lymphocyte	NA	SRP047086	SRS7709451	0.998	0.610	19.087	0.848	0.669	0.964	5223.89	51263	1883879.88	700
SRX9500466	B-Lymphocyte	NA	B-Lymphocyte	NA	SRP047086	SRS7709452	0.994	0.632	10.646	0.831	0.845	0.962	5073.87	46982	1576134.05	935
SRX9500467	B-Lymphocyte	NA	B-Lymphocyte	NA	SRP047086	SRS7709452	0.997	0.629	15.426	0.845	0.893	0.965	4840.06	50660	1814011.46	728
SRX9500468	B-Lymphocyte	NA	B-Lymphocyte	NA	SRP047086	SRS7709452	0.997	0.625	16.290	0.843	0.890	0.966	4901.5	49521	1786708.93	742
SRX9500470	B-Lymphocyte	NA	B-Lymphocyte	NA	SRP047086	SRS7709452	0.998	0.612	17.829	0.813	0.661	0.966	4431.86	49523	1781193.25	724
SRX9500471	B-Lymphocyte	NA	B-Lymphocyte	NA	SRP047086	SRS7709452	0.998	0.620	16.127	0.832	0.644	0.965	4551.15	50363	1768438.66	741
SRX9500472	B-Lymphocyte	NA	B-Lymphocyte	NA	SRP047086	SRS7709452	0.998	0.615	15.144	0.834	0.676	0.965	4526.68	49030	1785949.41	727
SRX9500473	B-Lymphocyte	NA	B-Lymphocyte	NA	SRP047086	SRS7709453	0.993	0.650	13.715	0.820	0.820	0.964	3027.46	45217	1986570.82	634
SRX9500475	B-Lymphocyte	NA	B-Lymphocyte	NA	SRP047086	SRS7709453	0.996	0.651	12.039	0.838	0.904	0.963	2766.96	44036	2041280.04	599
SRX9500476	B-Lymphocyte	NA	B-Lymphocyte	NA	SRP047086	SRS7709453	0.997	0.648	12.892	0.844	0.912	0.964	2776.31	43986	2050100.16	592
SRX9500478	B-Lymphocyte	NA	B-Lymphocyte	NA	SRP047086	SRS7709453	0.997	0.639	26.665	0.837	0.689	0.969	2988.54	49790	1831991.36	706
SRX9500479	B-Lymphocyte	NA	B-Lymphocyte	NA	SRP047086	SRS7709453	0.998	0.645	14.280	0.847	0.697	0.964	2684.23	44836	1956900.08	632
SRX9500480	B-Lymphocyte	NA	B-Lymphocyte	NA	SRP047086	SRS7709449	0.995	0.620	20.841	0.775	0.867	0.964	2288.4	48620	1412335.73	880
SRX9500481	B-Lymphocyte	NA	B-Lymphocyte	NA	SRP047086	SRS7709449	0.992	0.609	4.946	0.726	0.929	0.938	2977.27	32809	2554908.67	422
SRX9500482	B-Lymphocyte	NA	B-Lymphocyte	NA	SRP047086	SRS7709449	0.993	0.613	11.598	0.729	0.869	0.959	2361.53	42154	1445967.01	860
SRX9500483	B-Lymphocyte	NA	B-Lymphocyte	NA	SRP047086	SRS7709450	0.996	0.535	14.895	0.786	0.883	0.961	10153.48	43664	1724984.65	770
SRX9500484	B-Lymphocyte	NA	B-Lymphocyte	NA	SRP047086	SRS7709450	0.994	0.528	8.535	0.757	0.937	0.956	12962.11	30957	1771622.22	778
SRX9500485	B-Lymphocyte	NA	B-Lymphocyte	NA	SRP047086	SRS7709450	0.994	0.534	8.722	0.757	0.889	0.956	12310.72	34005	1806539.68	751
SRX9500486	B-Lymphocyte	NA	B-Lymphocyte	NA	SRP047086	SRS7709451	0.996	0.586	18.961	0.791	0.882	0.961	5101.61	48167	2035301.57	607
SRX9500487	B-Lymphocyte	NA	B-Lymphocyte	NA	SRP047086	SRS7709451	0.993	0.577	5.819	0.753	0.932	0.945	7308.97	36017	1951198.91	708
SRX9500488	B-Lymphocyte	NA	B-Lymphocyte	NA	SRP047086	SRS7709451	0.994	0.581	7.623	0.760	0.882	0.952	6468.57	38729	2101216.02	600
SRX9500489	B-Lymphocyte	NA	B-Lymphocyte	NA	SRP047086	SRS7709452	0.997	0.591	14.288	0.782	0.875	0.961	4385.55	46654	1927076.15	634
SRX9500490	B-Lymphocyte	NA	B-Lymphocyte	NA	SRP047086	SRS7709452	0.992	0.583	8.189	0.748	0.931	0.955	5245.06	39210	1979754.94	631
SRX9500491	B-Lymphocyte	NA	B-Lymphocyte	NA	SRP047086	SRS7709452	0.993	0.587	10.649	0.749	0.878	0.959	4608.7	43148	1888803.71	637
SRX9500493	B-Lymphocyte	NA	B-Lymphocyte	NA	SRP047086	SRS7709453	0.996	0.614	13.521	0.789	0.878	0.961	2516.71	42705	2084298.13	557
SRX9500494	B-Lymphocyte	NA	B-Lymphocyte	NA	SRP047086	SRS7709453	0.995	0.611	14.953	0.778	0.897	0.961	2612.29	44135	1917653.03	639
SRX9500495	B-Lymphocyte	NA	B-Lymphocyte	NA	SRP047086	SRS7709454	0.995	0.618	14.809	0.782	0.908	0.958	2548.09	42234	1904478.2	631
SRX9500496	B-Lymphocyte	NA	B-Lymphocyte	NA	SRP047086	SRS7709454	0.993	0.615	23.032	0.748	0.887	0.962	2747.58	46156	1950334.43	605
SRX9500497	B-Lymphocyte	NA	B-Lymphocyte	NA	SRP047086	SRS7709448	0.995	0.487	22.787	0.787	0.846	0.962	13200.37	49976	1082058.13	1516
SRX9500498	B-Lymphocyte	NA	B-Lymphocyte	NA	SRP047086	SRS7709448	0.994	0.479	4.798	0.755	0.927	0.936	38174.64	6642	1252106.08	1286
SRX9500499	B-Lymphocyte	NA	B-Lymphocyte	NA	SRP047086	SRS7709448	0.994	0.489	11.147	0.757	0.858	0.956	17454.76	30447	1204905.15	1288
SRX9500500	B-Lymphocyte	NA	B-Lymphocyte	NA	SRP047086	SRS7709449	0.994	0.614	5.293	0.767	0.918	0.941	2646.87	33470	2386499.4	481
SRX9500501	B-Lymphocyte	NA	B-Lymphocyte	NA	SRP047086	SRS7709449	0.995	0.622	10.469	0.771	0.847	0.958	2242.57	41475	2311456.46	461
SRX9500502	B-Lymphocyte	NA	B-Lymphocyte	NA	SRP047086	SRS7709449	0.992	0.610	4.604	0.739	0.925	0.933	2950.7	31670	2182365.82	579
SRX9500505	B-Lymphocyte	NA	B-Lymphocyte	NA	SRP047086	SRS7709450	0.994	0.617	9.500	0.737	0.860	0.957	2362.17	40100	2185792.64	507
SRX9500506	B-Lymphocyte	NA	B-Lymphocyte	NA	SRP047086	SRS7709450	0.994	0.527	4.214	0.774	0.927	0.927	16526.92	20514	1619293.15	925
SRX9500507	B-Lymphocyte	NA	B-Lymphocyte	NA	SRP047086	SRS7709450	0.995	0.537	5.857	0.775	0.869	0.947	14416.39	27218	1622546.19	909
SRX9500508	B-Lymphocyte	NA	B-Lymphocyte	NA	SRP047086	SRS7709450	0.995	0.527	4.602	0.758	0.924	0.934	16043.31	20773	1651055.56	889
SRX9500509	B-Lymphocyte	NA	B-Lymphocyte	NA	SRP047086	SRS7709450	0.995	0.536	7.226	0.763	0.862	0.952	13159.62	29913	1901009.95	694
SRX9500510	B-Lymphocyte	NA	B-Lymphocyte	NA	SRP047086	SRS7709451	0.995	0.576	2.567	0.782	0.932	0.864	7075.69	27411	2118680.46	656
SRX9500511	B-Lymphocyte	NA	B-Lymphocyte	NA	SRP047086	SRS7709451	0.996	0.586	10.755	0.787	0.865	0.956	5596.55	42907	2132429.82	560
SRX9500512	B-Lymphocyte	NA	B-Lymphocyte	NA	SRP047086	SRS7709451	0.994	0.576	5.195	0.765	0.911	0.940	7342.03	34358	2078475.85	643
SRX9500513	B-Lymphocyte	NA	B-Lymphocyte	NA	SRP047086	SRS7709452	0.994	0.584	7.366	0.764	0.839	0.951	6463.55	39048	2120250.21	590
SRX9500514	B-Lymphocyte	NA	B-Lymphocyte	NA	SRP047086	SRS7709452	0.995	0.586	5.049	0.779	0.923	0.939	5826.84	34096	1862330.61	733
SRX9500516	B-Lymphocyte	NA	B-Lymphocyte	NA	SRP047086	SRS7709452	0.996	0.593	7.748	0.788	0.821	0.953	4836.41	39345	1976600.32	638
SRX9500517	B-Lymphocyte	NA	B-Lymphocyte	NA	SRP047086	SRS7709452	0.994	0.582	3.747	0.742	0.922	0.916	6400.13	31938	1994401.76	668
SRX9500518	B-Lymphocyte	NA	B-Lymphocyte	NA	SRP047086	SRS7709452	0.994	0.587	9.724	0.747	0.816	0.957	4487.74	41531	1904855.82	670
SRX9500519	B-Lymphocyte	NA	B-Lymphocyte	NA	SRP047086	SRS7709453	0.995	0.615	15.770	0.789	0.820	0.961	2618.85	43479	2071523.02	559
SRX9500520	B-Lymphocyte	NA	B-Lymphocyte	NA	SRP047086	SRS7709453	0.994	0.607	4.504	0.773	0.927	0.933	3462.44	31392	2025887.9	676
SRX9500521	B-Lymphocyte	NA	B-Lymphocyte	NA	SRP047086	SRS7709453	0.994	0.613	4.750	0.784	0.834	0.936	3180.2	31288	2010824.76	682
SRX9500522	B-Lymphocyte	NA	B-Lymphocyte	NA	SRP047086	SRS7709454	0.994	0.618	12.007	0.785	0.821	0.955	2465.98	40944	1860825.2	657
SRX9500523	B-Lymphocyte	NA	B-Lymphocyte	NA	SRP047086	SRS7709454	0.992	0.610	4.485	0.760	0.927	0.931	3244.9	30484	2390477.2	495
SRX9500524	B-Lymphocyte	NA	B-Lymphocyte	NA	SRP047086	SRS7709454	0.993	0.615	4.201	0.768	0.843	0.928	3200.69	29990	2136898.36	611
SRX9500585	B-Lymphocyte	NA	B-Lymphocyte	NA	SRP047086	SRS7709448	0.997	0.518	11.816	0.843	0.905	0.960	15918.61	38940	1052474.84	1576
SRX9500586	B-Lymphocyte	NA	B-Lymphocyte	NA	SRP047086	SRS7709448	0.997	0.518	11.652	0.847	0.898	0.959	15874.55	39432	1079574.51	1519
SRX9500587	B-Lymphocyte	NA	B-Lymphocyte	NA	SRP047086	SRS7709448	0.998	0.510	15.837	0.841	0.675	0.962	13804.69	46185	1101367.01	1470
SRX9500589	B-Lymphocyte	NA	B-Lymphocyte	NA	SRP047086	SRS7709448	0.999	0.522	13.409	0.866	0.685	0.961	14533.39	44971	1057455.72	1568
SRX9500590	B-Lymphocyte	NA	B-Lymphocyte	NA	SRP047086	SRS7709449	0.997	0.658	13.561	0.843	0.899	0.964	2429.45	46549	1837158.64	661
SRX9500591	B-Lymphocyte	NA	B-Lymphocyte	NA	SRP047086	SRS7709449	0.997	0.659	12.686	0.843	0.907	0.963	2425.32	45554	1759750.96	706
SRX9500592	B-Lymphocyte	NA	B-Lymphocyte	NA	SRP047086	SRS7709449	0.998	0.645	13.784	0.843	0.666	0.964	2349.38	45840	1646361.57	748
SRX9500593	B-Lymphocyte	NA	B-Lymphocyte	NA	SRP047086	SRS7709449	0.998	0.643	13.740	0.831	0.683	0.964	2358.61	45666	1535499.02	833
SRX9500594	B-Lymphocyte	NA	B-Lymphocyte	NA	SRP047086	SRS7709450	0.997	0.568	13.909	0.842	0.904	0.965	10343.28	45176	1683683.45	820
SRX9500595	B-Lymphocyte	NA	B-Lymphocyte	NA	SRP047086	SRS7709450	0.997	0.569	12.956	0.842	0.908	0.965	10518.07	44094	1684900.55	823
SRX9500596	B-Lymphocyte	NA	B-Lymphocyte	NA	SRP047086	SRS7709450	0.998	0.559	13.438	0.843	0.666	0.964	10130.53	43957	1620051.67	854
SRX9500597	B-Lymphocyte	NA	B-Lymphocyte	NA	SRP047086	SRS7709450	0.998	0.559	14.421	0.838	0.704	0.965	9949.16	45063	1634567.98	842
SRX9500598	B-Lymphocyte	NA	B-Lymphocyte	NA	SRP047086	SRS7709451	0.997	0.616	11.132	0.850	0.907	0.960	5974.02	47916	1926602.27	682
SRX9500599	B-Lymphocyte	NA	B-Lymphocyte	NA	SRP047086	SRS7709453	0.998	0.642	15.259	0.856	0.681	0.965	2717.36	45510	2011798.58	598
SRX9500600	B-Lymphocyte	NA	B-Lymphocyte	NA	SRP047086	SRS7709454	0.995	0.662	13.453	0.836	0.849	0.961	2812.82	44221	2058821.4	588
SRX9500602	B-Lymphocyte	NA	B-Lymphocyte	NA	SRP047086	SRS7709454	0.997	0.656	12.925	0.845	0.901	0.961	2762.16	44428	1890104.96	682
SRX9500603	B-Lymphocyte	NA	B-Lymphocyte	NA	SRP047086	SRS7709454	0.997	0.653	12.741	0.848	0.908	0.961	2730.18	44182	2014621.35	616
SRX9500604	B-Lymphocyte	NA	B-Lymphocyte	NA	SRP047086	SRS7709454	0.997	0.641	24.663	0.829	0.692	0.966	2860.57	48887	1797844.16	721
SRX9500605	B-Lymphocyte	NA	B-Lymphocyte	NA	SRP047086	SRS7709454	0.998	0.649	15.739	0.845	0.665	0.962	2706.98	45650	1902303.23	654
SRX9500607	B-Lymphocyte	NA	B-Lymphocyte	NA	SRP047086	SRS7709454	0.998	0.644	15.888	0.847	0.681	0.962	2740.01	44623	1976587.08	613
SRX9500620	B-Lymphocyte	NA	B-Lymphocyte	NA	SRP047086	SRS7709448	0.983	0.520	3.312	0.875	0.789	0.902	36756.9	8596	1175933.71	1434
SRX9500621	B-Lymphocyte	NA	B-Lymphocyte	NA	SRP047086	SRS7709448	0.983	0.520	3.355	0.875	0.778	0.904	36159.08	9018	1192155.38	1405
SRX9500622	B-Lymphocyte	NA	B-Lymphocyte	NA	SRP047086	SRS7709448	0.984	0.523	12.379	0.881	0.759	0.958	16782.03	39123	1019448.54	1651
SRX9500623	B-Lymphocyte	NA	B-Lymphocyte	NA	SRP047086	SRS7709448	0.984	0.526	2.893	0.879	0.790	0.879	36047.24	8377	1238857.09	1334
SRX9500624	B-Lymphocyte	NA	B-Lymphocyte	NA	SRP047086	SRS7709448	0.985	0.526	2.925	0.879	0.779	0.881	34905.97	9174	1235717.0	1339
SRX9500626	B-Lymphocyte	NA	B-Lymphocyte	NA	SRP047086	SRS7709448	0.985	0.528	10.835	0.882	0.764	0.956	16706.18	37268	1070215.92	1543
SRX9500627	B-Lymphocyte	NA	B-Lymphocyte	NA	SRP047086	SRS7709449	0.984	0.667	4.935	0.878	0.780	0.938	2539.08	34965	2036319.16	641
SRX9500628	B-Lymphocyte	NA	B-Lymphocyte	NA	SRP047086	SRS7709449	0.984	0.667	4.988	0.878	0.769	0.939	2543.63	34406	2014603.28	657
SRX9500629	B-Lymphocyte	NA	B-Lymphocyte	NA	SRP047086	SRS7709449	0.984	0.670	18.751	0.882	0.750	0.966	2359.66	52103	1699450.63	759
SRX9500630	B-Lymphocyte	NA	B-Lymphocyte	NA	SRP047086	SRS7709449	0.984	0.668	3.155	0.876	0.796	0.892	2961.12	29634	2078180.62	636
SRX9500631	B-Lymphocyte	NA	B-Lymphocyte	NA	SRP047086	SRS7709449	0.984	0.669	3.185	0.876	0.785	0.894	2961.3	30146	2059118.57	649
SRX9500632	B-Lymphocyte	NA	B-Lymphocyte	NA	SRP047086	SRS7709449	0.985	0.671	11.588	0.880	0.775	0.959	2338.86	44904	1984974.21	588
SRX9500633	B-Lymphocyte	NA	B-Lymphocyte	NA	SRP047086	SRS7709450	0.984	0.576	4.098	0.869	0.792	0.923	14149.33	30552	1554396.91	987
SRX9500634	B-Lymphocyte	NA	B-Lymphocyte	NA	SRP047086	SRS7709450	0.984	0.576	4.147	0.869	0.781	0.924	14152.5	29715	1523219.95	1013
SRX9500635	B-Lymphocyte	NA	B-Lymphocyte	NA	SRP047086	SRS7709450	0.984	0.578	15.832	0.882	0.762	0.964	10429.82	48611	1498184.37	992
SRX9500637	B-Lymphocyte	NA	B-Lymphocyte	NA	SRP047086	SRS7709450	0.984	0.576	4.252	0.878	0.789	0.927	14239.48	30642	1468490.51	1082
SRX9500638	B-Lymphocyte	NA	B-Lymphocyte	NA	SRP047086	SRS7709450	0.984	0.576	4.307	0.878	0.777	0.928	14222.85	31083	1429368.66	1117
SRX9500639	B-Lymphocyte	NA	B-Lymphocyte	NA	SRP047086	SRS7709450	0.984	0.578	15.244	0.874	0.759	0.963	10250.19	46900	1525579.32	952
SRX9500640	B-Lymphocyte	NA	B-Lymphocyte	NA	SRP047086	SRS7709451	0.983	0.628	4.738	0.876	0.775	0.935	6367.46	38462	1801621.95	820
SRX9500641	B-Lymphocyte	NA	B-Lymphocyte	NA	SRP047086	SRS7709451	0.983	0.629	4.787	0.877	0.764	0.936	6388.43	39724	1738936.49	870
SRX9500642	B-Lymphocyte	NA	B-Lymphocyte	NA	SRP047086	SRS7709451	0.983	0.631	17.492	0.882	0.741	0.962	5582.04	52190	1864515.64	727
SRX9500643	B-Lymphocyte	NA	B-Lymphocyte	NA	SRP047086	SRS7709451	0.984	0.629	3.719	0.875	0.784	0.913	6583.12	35961	1807256.93	825
SRX9500644	B-Lymphocyte	NA	B-Lymphocyte	NA	SRP047086	SRS7709451	0.984	0.629	3.755	0.875	0.773	0.914	6602.58	36260	1784306.67	840
SRX9500645	B-Lymphocyte	NA	B-Lymphocyte	NA	SRP047086	SRS7709451	0.985	0.631	13.511	0.880	0.759	0.958	5618.13	49429	1884542.45	708
SRX9500646	B-Lymphocyte	NA	B-Lymphocyte	NA	SRP047086	SRS7709452	0.983	0.637	4.115	0.872	0.790	0.925	5385.89	34671	1561275.09	986
SRX9500648	B-Lymphocyte	NA	B-Lymphocyte	NA	SRP047086	SRS7709452	0.983	0.637	4.166	0.873	0.779	0.926	5436.62	36627	1556751.69	992
SRX9500649	B-Lymphocyte	NA	B-Lymphocyte	NA	SRP047086	SRS7709452	0.984	0.640	15.024	0.878	0.760	0.964	5009.81	50893	1657599.63	845
SRX9500653	B-Lymphocyte	NA	B-Lymphocyte	NA	SRP047086	SRS7709453	0.984	0.659	3.718	0.873	0.781	0.915	3280.63	31135	1851529.42	785
SRX9500654	B-Lymphocyte	NA	B-Lymphocyte	NA	SRP047086	SRS7709453	0.984	0.659	3.768	0.873	0.769	0.916	3255.77	31215	1894629.53	756
SRX9500655	B-Lymphocyte	NA	B-Lymphocyte	NA	SRP047086	SRS7709453	0.984	0.661	14.037	0.879	0.742	0.963	2858.32	45952	1977899.4	642
SRX9500656	B-Lymphocyte	NA	B-Lymphocyte	NA	SRP047086	SRS7709453	0.985	0.659	4.086	0.875	0.779	0.923	3236.44	32471	1846796.35	788
SRX9500657	B-Lymphocyte	NA	B-Lymphocyte	NA	SRP047086	SRS7709453	0.985	0.659	4.121	0.875	0.768	0.924	3219.24	32866	1765807.57	840
SRX9500659	B-Lymphocyte	NA	B-Lymphocyte	NA	SRP047086	SRS7709453	0.985	0.662	14.939	0.879	0.758	0.963	2862.12	46730	2007402.89	621
SRX9500660	B-Lymphocyte	NA	B-Lymphocyte	NA	SRP047086	SRS7709454	0.983	0.665	2.908	0.876	0.797	0.880	3324.26	28953	2015392.42	699
SRX9500661	B-Lymphocyte	NA	B-Lymphocyte	NA	SRP047086	SRS7709454	0.983	0.665	2.939	0.876	0.787	0.882	3314.65	29165	1992921.59	706
SRX9500662	B-Lymphocyte	NA	B-Lymphocyte	NA	SRP047086	SRS7709454	0.984	0.666	14.804	0.881	0.769	0.961	2837.39	46229	1852253.68	715
SRX9500663	B-Lymphocyte	NA	B-Lymphocyte	NA	SRP047086	SRS7709454	0.983	0.664	3.948	0.876	0.792	0.921	3043.6	32268	1807058.51	823
SRX9500664	B-Lymphocyte	NA	B-Lymphocyte	NA	SRP047086	SRS7709454	0.984	0.665	3.994	0.876	0.782	0.922	3039.39	32070	1776733.66	839
SRX9500665	B-Lymphocyte	NA	B-Lymphocyte	NA	SRP047086	SRS7709454	0.983	0.667	10.805	0.879	0.774	0.956	2657.93	41931	2041138.21	595
SRX9500668	B-Lymphocyte	NA	B-Lymphocyte	NA	SRP047086	SRS7709448	0.996	0.530	3.981	0.848	0.845	0.902	27077.87	10602	1267427.82	1303
SRX9500670	B-Lymphocyte	NA	B-Lymphocyte	NA	SRP047086	SRS7709448	0.996	0.533	3.439	0.851	0.839	0.886	26577.05	9445	1297210.0	1269
SRX9523738	Lung	NA	lung	NA	SRP233253	SRS7730890	0.985	0.692	3.810	0.140	0.927	0.764	1856.19	24901	24613.16	491
SRX9523741	Plasma	NA	plasma	NA	SRP233253	SRS7730891	0.989	0.755	4.660	0.201	0.945	0.882	1484.9	32523	23693.14	881
SRX9523742	Plasma	NA	plasma	NA	SRP233253	SRS7730891	0.994	0.757	7.429	0.324	0.967	0.914	1283.09	39424	17258.58	1299
SRX9531737	Primary	NA	primary	acute lymphoblastic leukemia	SRP293255	SRS7738259	0.990	0.799	8.962	0.954	0.991	0.933	955.72	68329	16515.53	1783
SRX9531738	Primary	NA	primary	acute lymphoblastic leukemia	SRP293255	SRS7738260	0.991	0.782	19.090	0.955	0.985	0.944	891.71	95248	14672.17	2394
SRX9531739	Primary	NA	primary	acute lymphoblastic leukemia	SRP293255	SRS7738261	0.988	0.817	12.946	0.954	0.989	0.940	879.91	79417	9959.75	3523
SRX9531740	Primary	NA	primary	acute lymphoblastic leukemia	SRP293255	SRS7738262	0.988	0.820	11.275	0.952	0.989	0.935	880.62	78061	10032.65	3153
SRX9531741	Primary	NA	primary	acute lymphoblastic leukemia	SRP293255	SRS7738263	0.988	0.832	12.147	0.943	0.988	0.935	1023.63	65488	11004.45	3979
SRX9531742	Primary	NA	primary	acute lymphoblastic leukemia	SRP293255	SRS7738264	0.988	0.822	20.210	0.953	0.983	0.945	898.57	77939	10462.76	3412
SRX9531743	Primary	NA	primary	acute lymphoblastic leukemia	SRP293255	SRS7738265	0.988	0.807	25.796	0.951	0.983	0.947	910.45	78334	11050.65	2303
SRX9531744	Primary	NA	primary	acute lymphoblastic leukemia	SRP293255	SRS7738266	0.989	0.806	14.672	0.955	0.987	0.939	928.88	77027	11114.44	3731
SRX9531745	Primary	NA	primary	acute lymphoblastic leukemia	SRP293255	SRS7738267	0.989	0.803	8.183	0.954	0.991	0.928	1037.46	62069	18387.79	1683
SRX9531746	Primary	NA	primary	acute lymphoblastic leukemia	SRP293255	SRS7738268	0.988	0.805	9.021	0.954	0.993	0.931	996.18	64066	17485.5	1708
SRX9531747	Primary	NA	primary	acute lymphoblastic leukemia	SRP293255	SRS7738269	0.994	0.719	10.988	0.959	0.999	0.940	1719.38	53293	391891.12	2634
SRX9531748	Primary	NA	primary	acute lymphoblastic leukemia	SRP293255	SRS7738270	0.993	0.706	10.242	0.959	0.999	0.935	2082.27	53782	717127.42	1436
SRX9531749	Primary	NA	primary	acute lymphoblastic leukemia	SRP293255	SRS7738271	0.994	0.730	13.954	0.957	0.999	0.942	1260.99	68483	19482.29	3188
SRX9531750	Primary	NA	primary	acute lymphoblastic leukemia	SRP293255	SRS7738272	0.994	0.739	10.614	0.959	0.999	0.939	1050.03	62596	18658.28	1499
SRX9531751	Primary	NA	primary	acute lymphoblastic leukemia	SRP293255	SRS7738273	0.994	0.746	11.880	0.960	0.999	0.936	994.12	62201	19970.9	1873
SRX9531752	Primary	NA	primary	acute lymphoblastic leukemia	SRP293255	SRS7738274	0.994	0.766	11.633	0.959	0.999	0.937	923.18	63430	16449.96	1651
SRX9531753	Primary	NA	primary	acute lymphoblastic leukemia	SRP293255	SRS7738275	0.993	0.745	12.532	0.959	0.999	0.940	1030.83	67830	16223.74	1505
SRX9531754	Cell Line	NA	cell line	acute lymphoblastic leukemia	SRP293255	SRS7738276	0.990	0.829	15.369	0.959	0.998	0.937	1717.77	47794	318018.92	2048
SRX9531755	Cell Line	NA	cell line	acute lymphoblastic leukemia	SRP293255	SRS7738277	0.992	0.259	14.731	0.960	0.998	0.938	13862.27	59452	166538.83	4649
SRX9531756	Primary	NA	primary	CD19+ umbilical cord blood cells	SRP293255	SRS7738278	0.987	0.841	22.861	0.952	0.979	0.946	911.39	67398	10778.56	4180
SRX9531757	Primary	NA	primary	CD19+ umbilical cord blood cells	SRP293255	SRS7738279	0.991	0.815	22.993	0.958	0.980	0.946	890.56	69155	11795.27	4247
SRX9531758	Primary	NA	primary	CD19+ umbilical cord blood cells	SRP293255	SRS7738280	0.993	0.805	11.552	0.958	0.999	0.941	882.44	63059	10766.73	3612
SRX9531759	Primary	NA	primary	acute lymphoblastic leukemia	SRP293255	SRS7738281	0.997	0.738	10.932	0.959	0.999	0.939	1068.98	63937	15949.05	2928
SRX9531760	Primary	NA	primary	acute lymphoblastic leukemia	SRP293255	SRS7738282	0.997	0.752	8.999	0.959	0.999	0.931	1053.66	59227	11559.25	1869
SRX9531761	Primary	NA	primary	acute lymphoblastic leukemia	SRP293255	SRS7738283	0.996	0.781	10.437	0.958	0.999	0.939	1096.88	50115	9370.17	3322
SRX9531762	Primary	NA	primary	acute lymphoblastic leukemia	SRP293255	SRS7738284	0.997	0.673	11.190	0.958	0.999	0.936	2487.8	55492	503338.51	1929
SRX9531763	Primary	NA	primary	acute lymphoblastic leukemia	SRP293255	SRS7738285	0.997	0.744	8.959	0.959	0.883	0.935	1162.44	55752	13201.26	1986
SRX9531764	Primary	NA	primary	acute lymphoblastic leukemia	SRP293255	SRS7738286	0.997	0.776	10.937	0.960	0.999	0.938	1055.12	64345	11981.51	2013
SRX9531765	Primary	NA	primary	acute lymphoblastic leukemia	SRP293255	SRS7738287	0.997	0.756	9.993	0.958	0.999	0.936	985.07	65265	10846.81	2595
SRX9531766	Primary	NA	primary	acute lymphoblastic leukemia	SRP293255	SRS7738288	0.997	0.752	9.438	0.962	0.999	0.934	1022.72	53554	13980.95	2235
SRX9531767	Primary	NA	primary	acute lymphoblastic leukemia	SRP293255	SRS7738289	0.997	0.793	9.446	0.958	0.943	0.936	876.11	77440	9293.08	3352
SRX9531768	Primary	NA	primary	acute lymphoblastic leukemia	SRP293255	SRS7738290	0.997	0.770	9.321	0.958	0.944	0.937	820.49	74673	15095.57	1674
SRX9531769	Primary	NA	primary	acute lymphoblastic leukemia	SRP293255	SRS7738291	0.997	0.764	9.792	0.961	0.999	0.933	980.93	57208	13487.42	2201
SRX9531770	Primary	NA	primary	acute lymphoblastic leukemia	SRP293255	SRS7738292	0.997	0.743	11.224	0.962	0.999	0.934	1188.82	56361	11976.59	1360
SRX9531771	Primary	NA	primary	acute lymphoblastic leukemia	SRP293255	SRS7738293	0.997	0.724	9.364	0.961	0.999	0.933	1849.32	43957	19184.81	2154
SRX9531772	Primary	NA	primary	acute lymphoblastic leukemia	SRP293255	SRS7738294	0.997	0.802	10.643	0.959	0.999	0.935	804.09	69361	10165.25	1443
SRX9588320	Blood	NA	blood	NA	SRP273813	SRS7791788	0.959	0.611	4.005	0.515	0.053	1.000	691.91	2793	802500.0	2
SRX9588323	Blood	NA	blood	NA	SRP273813	SRS7791791	0.987	0.684	4.199	0.627	0.064	1.000	641.31	7720	1578469.29	14
SRX9686713	Cultured Smooth Muscle	Cultured smooth muscle cells	NA	SMC 5mc 0hr	SRP298020	SRS7884332	0.987	0.523	4.097	0.617	0.434	0.915	16540.43	30118	760113.37	1624
SRX9686714	Cultured Smooth Muscle	Cultured smooth muscle cells	NA	SMC 5mc 0hr	SRP298020	SRS7884333	0.988	0.527	5.301	0.580	0.398	0.943	16171.92	37353	702057.9	1767
SRX9686715	Cultured Smooth Muscle	Cultured smooth muscle cells	NA	SMC 5mc 0hr	SRP298020	SRS7884335	0.989	0.529	6.110	0.599	0.462	0.948	15347.1	40467	688799.07	1799
SRX9686716	Cultured Smooth Muscle	Cultured smooth muscle cells	NA	SMC 5mc 24hr	SRP298020	SRS7884334	0.987	0.523	5.033	0.628	0.427	0.929	16036.29	33769	745852.33	1643
SRX9686717	Cultured Smooth Muscle	Cultured smooth muscle cells	NA	SMC 5mc 24hr	SRP298020	SRS7884336	0.987	0.520	5.814	0.628	0.429	0.938	16015.06	36160	690834.81	1812
SRX9686718	Cultured Smooth Muscle	Cultured smooth muscle cells	NA	SMC 5mc 24hr	SRP298020	SRS7884337	0.990	0.527	6.635	0.615	0.444	0.950	15112.89	41922	689570.41	1801
SRX9686719	Cultured Smooth Muscle	Cultured smooth muscle cells	NA	SMC 5mc 48hr	SRP298020	SRS7884339	0.988	0.534	3.367	0.606	0.378	0.889	14803.96	28647	817832.87	1475
SRX9686720	Cultured Smooth Muscle	Cultured smooth muscle cells	NA	SMC 5mc 48hr	SRP298020	SRS7884338	0.987	0.535	4.988	0.615	0.366	0.936	15504.3	37072	697953.57	1767
SRX9686721	Cultured Smooth Muscle	Cultured smooth muscle cells	NA	SMC 5mc 48hr	SRP298020	SRS7884340	0.989	0.534	7.116	0.629	0.428	0.954	14545.07	44631	644657.51	1924
SRX9686728	Cultured Smooth Muscle	Cultured smooth muscle cells	NA	SMC 5hmc 0hr	SRP298022	SRS7884347	0.989	0.034	4.939	0.630	0.364	0.935	0.0	0	131626929.0	1
SRX9686729	Cultured Smooth Muscle	Cultured smooth muscle cells	NA	SMC 5hmc 0hr	SRP298022	SRS7884348	0.989	0.054	6.798	0.627	0.343	0.951	0.0	0	131633937.0	1
SRX9686730	Cultured Smooth Muscle	Cultured smooth muscle cells	NA	SMC 5hmc 0hr	SRP298022	SRS7884351	0.989	0.046	1.928	0.666	0.351	0.750	0.0	0	0.0	0
SRX9686731	Cultured Smooth Muscle	Cultured smooth muscle cells	NA	SMC 5hmc 24hr	SRP298022	SRS7884349	0.990	0.039	3.710	0.615	0.440	0.907	0.0	0	131627408.0	1
SRX9686732	Cultured Smooth Muscle	Cultured smooth muscle cells	NA	SMC 5hmc 24hr	SRP298022	SRS7884350	0.990	0.054	7.018	0.583	0.433	0.956	0.0	0	0.0	0
SRX9686733	Cultured Smooth Muscle	Cultured smooth muscle cells	NA	SMC 5hmc 24hr	SRP298022	SRS7884353	0.989	0.051	6.208	0.645	0.444	0.946	0.0	0	131624833.0	1
SRX9686734	Cultured Smooth Muscle	Cultured smooth muscle cells	NA	SMC 5hmc 48hr	SRP298022	SRS7884352	0.990	0.031	2.649	0.638	0.349	0.847	0.0	0	131630605.0	1
SRX9686735	Cultured Smooth Muscle	Cultured smooth muscle cells	NA	SMC 5hmc 48hr	SRP298022	SRS7884354	0.989	0.063	9.802	0.622	0.321	0.961	0.0	0	0.0	0
SRX9704356	PBMC	NA	PBMCs	PBMCs	SRP298508	SRS7900024	0.995	0.789	17.790	0.804	0.465	0.961	984.79	57221	11754.55	3135
SRX9704358	PBMC	NA	PBMCs	PBMCs	SRP298508	SRS7900026	0.994	0.764	23.883	0.792	0.510	0.961	893.79	69148	10257.26	3344
SRX9704359	PBMC	NA	PBMCs	PBMCs	SRP298508	SRS7900027	0.990	0.811	17.902	0.808	0.379	0.958	971.42	59940	13459.64	2573
SRX9704360	PBMC	NA	PBMCs	PBMCs	SRP298508	SRS7900028	0.991	0.787	12.907	0.785	0.615	0.954	1032.41	60625	20342.91	1640
SRX9704361	PBMC	NA	PBMCs	PBMCs	SRP298508	SRS7900029	0.985	0.810	12.427	0.804	0.459	0.951	1065.04	58305	11946.7	3288
SRX9704362	PBMC	NA	PBMCs	PBMCs	SRP298508	SRS7900030	0.987	0.818	16.773	0.803	0.458	0.958	968.21	67683	11297.29	3058
SRX9704363	PBMC	NA	PBMCs	PBMCs	SRP298508	SRS7900031	0.994	0.802	18.461	0.799	0.541	0.965	868.65	77540	10962.28	3550
SRX9704364	PBMC	NA	PBMCs	PBMCs	SRP298508	SRS7900032	0.993	0.794	12.921	0.808	0.724	0.959	942.75	64674	17411.96	1706
SRX9704365	PBMC	NA	PBMCs	PBMCs	SRP298508	SRS7900033	0.994	0.797	13.565	0.823	0.723	0.956	903.52	74002	13105.57	3595
SRX9704366	PBMC	NA	PBMCs	PBMCs	SRP298508	SRS7900034	0.994	0.792	14.922	0.815	0.753	0.957	894.61	70845	10615.17	3137
SRX9704367	PBMC	NA	PBMCs	PBMCs	SRP298508	SRS7900035	0.995	0.758	3.732	0.784	0.515	0.858	1285.64	38963	36755.38	531
SRX9704368	PBMC	NA	PBMCs	PBMCs	SRP298508	SRS7900036	0.994	0.766	17.164	0.792	0.421	0.958	914.61	64670	18449.01	1848
SRX9704369	PBMC	NA	PBMCs	PBMCs	SRP298508	SRS7900037	0.990	0.794	23.529	0.830	0.604	0.957	971.87	60649	9130.81	3491
SRX9704370	PBMC	NA	PBMCs	PBMCs	SRP298508	SRS7900038	0.991	0.803	17.416	0.794	0.592	0.962	941.23	69731	10784.82	3492
SRX9704371	PBMC	NA	PBMCs	PBMCs	SRP298508	SRS7900039	0.985	0.810	14.986	0.793	0.668	0.956	1043.96	58294	11171.34	3319
SRX9704372	PBMC	NA	PBMCs	PBMCs	SRP298508	SRS7900040	0.982	0.820	10.851	0.788	0.742	0.947	1071.57	56794	18531.56	1881
SRX9704373	PBMC	NA	PBMCs	PBMCs	SRP298508	SRS7900041	0.993	0.812	19.479	0.798	0.389	0.964	932.28	64954	9415.93	3814
SRX9704374	PBMC	NA	PBMCs	PBMCs	SRP298508	SRS7900042	0.994	0.801	10.900	0.828	0.673	0.954	999.63	59620	19032.8	1927
SRX9704375	PBMC	NA	PBMCs	PBMCs	SRP298508	SRS7900043	0.994	0.796	12.875	0.828	0.676	0.955	1030.9	53008	11725.77	3156
SRX9704376	PBMC	NA	PBMCs	PBMCs	SRP298508	SRS7900044	0.994	0.789	14.482	0.813	0.750	0.956	920.08	71178	11349.65	3478
SRX9704377	PBMC	NA	PBMCs	PBMCs	SRP298508	SRS7900045	0.991	0.810	17.985	0.806	0.517	0.962	986.42	62417	10091.55	3778
SRX9704378	PBMC	NA	PBMCs	PBMCs	SRP298508	SRS7900046	0.992	0.807	16.903	0.807	0.626	0.960	984.8	61899	10121.52	3445
SRX9704379	PBMC	NA	PBMCs	PBMCs	SRP298508	SRS7900047	0.989	0.814	18.379	0.826	0.493	0.958	1017.65	60564	13278.38	3245
SRX9704380	PBMC	NA	PBMCs	PBMCs	SRP298508	SRS7900048	0.992	0.800	20.413	0.826	0.559	0.964	923.98	71465	12362.93	3726
SRX9736051	Plasma	NA	plasma	NA	SRP299418	SRS7938809	0.979	0.754	1.773	0.844	0.957	0.738	1924.25	25317	69514.73	349
SRX9736053	Plasma	NA	plasma	NA	SRP299418	SRS7938808	0.978	0.787	1.669	0.859	0.957	0.733	1837.83	25292	78997.19	419
SRX9736054	Plasma	NA	plasma	NA	SRP299418	SRS7938807	0.977	0.723	2.677	0.837	0.944	0.841	1913.17	27648	61749.14	454
SRX9736055	Plasma	NA	plasma	NA	SRP299418	SRS7938810	0.978	0.764	2.533	0.839	0.957	0.817	1942.3	24010	862733.25	1001
SRX9736056	Plasma	NA	plasma	NA	SRP299418	SRS7938811	0.975	0.775	1.497	0.841	0.943	0.701	1814.38	26323	70188.67	378
SRX9736057	Plasma	NA	plasma	NA	SRP299418	SRS7938813	0.977	0.758	1.638	0.841	0.959	0.723	1942.6	23794	72106.76	341
SRX9736071	Plasma	NA	plasma	NA	SRP299418	SRS7938824	0.979	0.794	1.473	0.854	0.955	0.700	1846.17	24606	83628.09	356
SRX9736072	Plasma	NA	plasma	NA	SRP299418	SRS7938838	0.976	0.768	3.688	0.852	0.909	0.887	1655.61	29580	36041.4	663
SRX9736078	Plasma	NA	plasma	NA	SRP299418	SRS7938833	0.978	0.753	2.339	0.853	0.939	0.812	1823.14	28490	64319.83	425
SRX9736082	Plasma	NA	plasma	NA	SRP299418	SRS7938840	0.977	0.778	1.669	0.831	0.958	0.721	1711.96	28131	63091.19	246
SRX9736083	Plasma	NA	plasma	NA	SRP299418	SRS7938841	0.976	0.742	1.584	0.829	0.963	0.719	1865.59	26990	51367.3	230
SRX9736086	Plasma	NA	plasma	NA	SRP299418	SRS7938844	0.977	0.789	1.530	0.844	0.953	0.702	1808.05	27014	86628.1	380
SRX9736092	Plasma	NA	plasma	NA	SRP299418	SRS7938849	0.977	0.778	1.870	0.831	0.939	0.765	1736.09	29710	85167.04	432
SRX9736093	Plasma	NA	plasma	NA	SRP299418	SRS7938848	0.978	0.769	1.502	0.842	0.965	0.703	1808.59	26562	96255.24	205
SRX9756753	Cell Line	NA	NA	DND41 T-ALL cell line	SRP299802	SRS7946078	0.985	0.760	23.880	0.885	0.775	0.965	2603.44	44483	1124177.29	1157
SRX9756754	Cell Line	NA	NA	Jurkat T-ALL cell line	SRP299802	SRS7946079	0.984	0.715	28.253	0.881	0.700	0.966	4452.35	108552	487620.07	2016
SRX9756755	Cell Line	NA	NA	Jurkat T-ALL cell line	SRP299802	SRS7946080	0.986	0.657	23.677	0.883	0.768	0.964	6903.43	88036	535086.9	2076
SRX980537	Placenta	NA	NA	placenta	SRP056911	SRS895510	0.996	0.568	3.286	0.754	0.909	0.872	14455.81	35019	622385.95	1642
SRX980538	Placenta	NA	NA	placenta	SRP056911	SRS895509	0.996	0.586	3.153	0.767	0.900	0.864	11038.88	36434	775130.65	1281
SRX980539	Placenta	NA	NA	placenta	SRP056911	SRS895507	0.996	0.586	2.146	0.736	0.940	0.788	7711.59	31294	1118906.8	930
SRX980540	Placenta	NA	NA	placenta	SRP056911	SRS895506	0.995	0.597	3.766	0.762	0.933	0.877	10343.0	38479	746907.84	1362
SRX980541	Placenta	NA	NA	placenta	SRP056911	SRS895505	0.995	0.598	3.985	0.671	0.924	0.893	10477.52	39651	711630.66	1454
SRX980542	Placenta	NA	NA	placenta	SRP056911	SRS895504	0.995	0.595	2.554	0.726	0.950	0.823	8549.6	34796	886838.45	1106
SRX980543	Placenta	NA	NA	placenta	SRP056911	SRS895503	0.995	0.593	3.690	0.652	0.912	0.887	11621.74	39087	683406.66	1482
SRX980544	Placenta	NA	NA	placenta	SRP056911	SRS895508	0.995	0.597	2.755	0.662	0.951	0.846	8025.09	35981	890747.07	1182
SRX980545	Placenta	NA	NA	placenta	SRP056911	SRS895502	0.995	0.589	1.638	0.726	0.953	0.723	7671.6	29395	1029358.67	968
SRX980546	Placenta	NA	NA	placenta	SRP056911	SRS895501	0.995	0.579	2.607	0.749	0.955	0.827	10358.23	32553	856489.7	1221
SRX980547	Placenta	NA	NA	placenta	SRP056911	SRS895500	0.995	0.586	4.289	0.758	0.910	0.889	11575.43	38170	656276.93	1522
SRX980548	Placenta	NA	NA	placenta	SRP056911	SRS895499	0.995	0.593	3.953	0.743	0.901	0.886	9221.88	39014	766923.66	1337
SRX980549	Placenta	NA	NA	placenta	SRP056911	SRS895497	0.995	0.593	3.872	0.778	0.934	0.888	11725.37	38560	687375.68	1536
SRX980550	Placenta	NA	NA	placenta	SRP056911	SRS895498	0.995	0.566	2.859	0.779	0.931	0.821	9297.27	30666	886673.81	1183
SRX980551	Placenta	NA	NA	placenta	SRP056911	SRS895496	0.995	0.598	3.579	0.786	0.928	0.878	11709.78	38150	674427.54	1502
SRX980552	Placenta	NA	NA	placenta	SRP056911	SRS895495	0.995	0.600	3.497	0.777	0.936	0.879	11329.04	39573	685404.93	1345
SRX980553	Placenta	NA	NA	placenta	SRP056911	SRS895494	0.995	0.601	3.429	0.764	0.906	0.867	10553.45	39752	618508.19	1441
SRX980555	Placenta	NA	NA	placenta	SRP056911	SRS895492	0.995	0.611	3.841	0.784	0.922	0.886	11193.24	40582	734332.63	1408
SRX980556	Placenta	NA	NA	placenta	SRP056911	SRS895491	0.995	0.589	3.717	0.786	0.900	0.883	12856.33	36827	671559.3	1595
SRX980557	Placenta	NA	NA	placenta	SRP056911	SRS895490	0.996	0.600	2.911	0.790	0.914	0.831	8201.26	36355	801298.22	1164
SRX980558	Placenta	NA	NA	placenta	SRP056911	SRS895489	0.995	0.592	3.130	0.782	0.940	0.861	11188.42	35116	856782.22	1256
SRX980559	Placenta	NA	NA	placenta	SRP056911	SRS895488	0.995	0.581	2.995	0.790	0.927	0.830	10834.48	31359	726344.4	1485
SRX980560	Placenta	NA	NA	placenta	SRP056911	SRS895486	0.995	0.585	5.526	0.741	0.872	0.910	12276.69	40853	701609.05	1498
SRX980561	Placenta	NA	NA	placenta	SRP056911	SRS895487	0.995	0.600	4.615	0.761	0.855	0.901	11912.29	40401	698647.85	1491
SRX980562	Placenta	NA	NA	placenta	SRP056911	SRS895483	0.995	0.588	5.294	0.759	0.843	0.899	12459.08	40550	621532.6	1654
SRX980563	Placenta	NA	NA	placenta	SRP056911	SRS895485	0.995	0.607	4.833	0.745	0.882	0.894	9392.09	43268	729884.33	1364
SRX980564	Placenta	NA	NA	placenta	SRP056911	SRS895484	0.995	0.600	4.602	0.767	0.886	0.904	10416.99	41373	787246.83	1347
SRX980565	Placenta	NA	NA	placenta	SRP056911	SRS895482	0.994	0.584	6.054	0.672	0.904	0.908	12251.38	41457	669538.48	1592
SRX980566	Placenta	NA	NA	placenta	SRP056911	SRS895480	0.995	0.575	6.013	0.676	0.876	0.910	13658.28	38480	633126.1	1718
SRX980567	Placenta	NA	NA	placenta	SRP056911	SRS895481	0.994	0.594	6.016	0.680	0.876	0.909	11106.48	42866	609387.36	1636
SRX980568	Placenta	NA	NA	placenta	SRP056911	SRS895479	0.994	0.561	5.634	0.583	0.900	0.908	13242.06	36507	684193.97	1546
SRX980569	Placenta	NA	NA	placenta	SRP056911	SRS895478	0.995	0.623	5.137	0.731	0.868	0.903	7768.48	46093	715297.83	1393
SRX980570	Placenta	NA	NA	placenta	SRP056911	SRS895477	0.995	0.600	4.024	0.637	0.844	0.835	5190.49	36813	904861.64	1070
SRX980571	Placenta	NA	NA	placenta	SRP056911	SRS895476	0.995	0.580	4.132	0.815	0.608	0.878	14244.46	36494	685504.63	1571
SRX980572	Placenta	NA	NA	placenta	SRP056911	SRS895475	0.995	0.560	4.167	0.795	0.631	0.878	16186.07	32293	614671.38	1767
SRX980573	Placenta	NA	NA	placenta	SRP056911	SRS895474	0.996	0.580	4.753	0.802	0.772	0.893	11705.63	39629	670100.56	1511
SRX984855	modified HEK293 cell overexpressing BAHD1	modified HEK293 cell overexpressing BAHD1	NA	modified HEK293	SRP032354	SRS899380	0.995	0.657	30.555	0.894	0.944	0.951	6229.65	130820	433863.14	2152
SRX986769	Placenta	NA	NA	placenta	SRP056911	SRS901634	0.996	0.593	5.728	0.785	0.730	0.918	11913.75	44263	533254.97	1849
SRX986770	Placenta	NA	NA	placenta	SRP056911	SRS901633	0.996	0.575	4.769	0.808	0.796	0.902	13657.08	38998	589779.31	1720
SRX986771	Placenta	NA	NA	placenta	SRP056911	SRS901632	0.995	0.608	5.132	0.803	0.729	0.914	11368.48	45988	560803.5	1761
SRX986772	Placenta	NA	NA	placenta	SRP056911	SRS901631	0.995	0.577	4.001	0.792	0.571	0.889	13675.63	37680	661490.12	1569
SRX986773	Placenta	NA	NA	placenta	SRP056911	SRS901630	0.995	0.593	4.100	0.808	0.684	0.874	11978.98	39128	638735.89	1535
SRX986774	Placenta	NA	NA	placenta	SRP056911	SRS901629	0.996	0.611	4.325	0.801	0.640	0.904	11212.62	42552	686632.5	1574
SRX986775	Placenta	NA	NA	placenta	SRP056911	SRS901628	0.995	0.608	4.321	0.802	0.619	0.903	11622.09	41874	698502.69	1518
SRX986776	Placenta	NA	NA	placenta	SRP056911	SRS901627	0.995	0.630	4.885	0.804	0.805	0.910	7986.2	47829	663342.31	1445
SRX986777	Placenta	NA	NA	placenta	SRP056911	SRS901626	0.995	0.624	3.883	0.822	0.581	0.891	9418.33	43328	719623.23	1461
SRX986778	Placenta	NA	NA	placenta	SRP056911	SRS901625	0.995	0.570	3.541	0.800	0.531	0.877	15671.97	34237	657655.21	1624
SRX986779	Placenta	NA	NA	placenta	SRP056911	SRS901624	0.995	0.594	3.930	0.818	0.607	0.886	12972.21	39302	668530.88	1576
SRX986780	Placenta	NA	NA	placenta	SRP056911	SRS901623	0.983	0.628	1.904	0.831	0.874	0.729	5860.71	33744	987441.73	935
SRX9974497	Tumor Tissue	NA	tumor tissue	NA	SRP302514	SRS8080594	0.994	0.655	18.280	0.897	0.616	0.967	2169.5	46533	706422.28	2173
SRX9974498	Tumor Tissue	NA	tumor tissue	NA	SRP302514	SRS8080595	0.994	0.640	15.560	0.885	0.635	0.967	7605.03	62859	818446.38	1692
SRX9974499	Tumor Tissue	NA	tumor tissue	NA	SRP302514	SRS8080596	0.994	0.655	15.367	0.886	0.642	0.966	3052.89	54810	858348.0	1483
SRX9974500	The normal adjacent colorectal mucosa was obtained at a distance of 5 cm from the tumor.	NA	The normal adjacent colorectal mucosa was obtained at a distance of 5 cm from the tumor.	NA	SRP302514	SRS8080597	0.994	0.755	17.201	0.896	0.615	0.967	1207.37	40393	9769.8	2567
SRX9974501	The normal adjacent colorectal mucosa was obtained at a distance of 6 cm from the tumor.	NA	The normal adjacent colorectal mucosa was obtained at a distance of 6 cm from the tumor.	NA	SRP302514	SRS8080598	0.994	0.753	18.760	0.897	0.604	0.968	1189.43	39464	9891.79	2446
SRX9974502	The normal adjacent colorectal mucosa was obtained at a distance of 7 cm from the tumor.	NA	The normal adjacent colorectal mucosa was obtained at a distance of 7 cm from the tumor.	NA	SRP302514	SRS8080599	0.994	0.733	15.634	0.891	0.630	0.966	1226.87	36708	10266.25	2117
SRX9989475	Cell Line	NA	NA	MCF-7 cell line ZF-D3A-wt	SRP304105	SRS8166312	0.997	0.646	23.099	0.883	0.787	0.959	7639.25	88365	182643.69	4118
SRX9989476	Cell Line	NA	NA	MCF-7 cell line ZF-D3A-wt	SRP304105	SRS8166314	0.996	0.645	21.932	0.882	0.791	0.957	7266.98	92456	185502.18	3991
SRX9989477	Cell Line	NA	NA	MCF-7 cell line ZF-D3A-wt	SRP304105	SRS8166317	0.996	0.661	20.816	0.878	0.778	0.958	9925.99	71977	201491.92	3789
SRX9989478	Cell Line	NA	NA	MCF-7 cell line ZF-D3A-wt	SRP304105	SRS8166313	0.996	0.667	28.719	0.885	0.774	0.960	8830.8	81382	186161.1	4019
SRX9989479	Cell Line	NA	NA	MCF-7 cell line ZF-D3A-wt	SRP304105	SRS8166318	0.996	0.660	23.445	0.880	0.804	0.958	7326.29	88585	176958.84	4009
SRX9989480	Cell Line	NA	NA	MCF-7 cell line ZF-D3A-wt	SRP304105	SRS8166315	0.996	0.660	24.410	0.884	0.775	0.958	7302.85	89350	177477.89	4025
SRX9989481	Cell Line	NA	NA	MCF-7 cell line ZF-D3A-mut	SRP304105	SRS8166316	0.996	0.644	7.952	0.888	0.791	0.940	9306.82	68625	283479.51	2575
SRX9989482	Cell Line	NA	NA	MCF-7 cell line ZF-D3A-mut	SRP304105	SRS8166320	0.997	0.641	8.993	0.885	0.791	0.946	8785.9	73546	281523.92	2616
SRX9996474	Sperm	NA	sperm	male from the Faroe Islands (Denmark)	SRP304130	SRS8167310	0.987	0.738	6.316	0.836	0.577	0.903	2342.39	78675	110172.71	1331
SRX9996475	Sperm	NA	sperm	male from the Faroe Islands (Denmark)	SRP304130	SRS8167311	0.986	0.734	6.429	0.791	0.655	0.915	2415.02	75115	99749.05	1641
SRX9996476	Sperm	NA	sperm	male from the Faroe Islands (Denmark)	SRP304130	SRS8167312	0.986	0.741	6.645	0.785	0.680	0.921	2277.98	77408	111762.0	1146
SRX9996477	Sperm	NA	sperm	male from the Faroe Islands (Denmark)	SRP304130	SRS8167313	0.987	0.736	6.116	0.779	0.682	0.920	2362.96	81061	102892.93	1438
SRX9996478	Sperm	NA	sperm	male from the Faroe Islands (Denmark)	SRP304130	SRS8167314	0.986	0.735	5.657	0.791	0.675	0.905	2309.68	76518	123780.62	1170
SRX9996479	Sperm	NA	sperm	male from the Faroe Islands (Denmark)	SRP304130	SRS8167315	0.988	0.745	6.452	0.840	0.551	0.902	2194.87	81370	110349.99	1176
SRX9996480	Sperm	NA	sperm	male from the Faroe Islands (Denmark)	SRP304130	SRS8167316	0.987	0.727	6.825	0.786	0.647	0.915	2194.86	83350	92339.88	1392
SRX9996481	Sperm	NA	sperm	male from the Faroe Islands (Denmark)	SRP304130	SRS8167317	0.984	0.734	7.187	0.783	0.716	0.924	2373.62	80908	111761.5	1462
SRX9996482	Sperm	NA	sperm	male from the Faroe Islands (Denmark)	SRP304130	SRS8167318	0.986	0.726	7.502	0.788	0.693	0.921	2224.67	84159	96842.47	1385
SRX9996483	Sperm	NA	sperm	male from the Faroe Islands (Denmark)	SRP304130	SRS8167319	0.986	0.734	6.935	0.797	0.719	0.921	2331.25	77919	110300.68	1314
SRX9996484	Sperm	NA	sperm	male from the Faroe Islands (Denmark)	SRP304130	SRS8167320	0.987	0.727	6.792	0.794	0.725	0.924	2363.69	82093	103306.56	1444
SRX9996485	Sperm	NA	sperm	male from the Faroe Islands (Denmark)	SRP304130	SRS8167321	0.986	0.728	6.548	0.787	0.721	0.908	2265.24	77351	133744.86	1170
SRX9996486	Sperm	NA	sperm	male from the Faroe Islands (Denmark)	SRP304130	SRS8167323	0.986	0.728	6.319	0.789	0.722	0.915	2371.8	79729	114497.11	1373
SRX9996487	Sperm	NA	sperm	male from the Faroe Islands (Denmark)	SRP304130	SRS8167322	0.985	0.733	7.482	0.788	0.689	0.926	2375.44	83039	102969.04	1514
SRX9996488	Sperm	NA	sperm	male from the Faroe Islands (Denmark)	SRP304130	SRS8167324	0.987	0.732	6.042	0.783	0.720	0.909	2152.6	82648	106256.97	1220
SRX9996489	Sperm	NA	sperm	male from the Faroe Islands (Denmark)	SRP304130	SRS8167325	0.987	0.737	7.154	0.799	0.681	0.918	2213.6	78580	104408.21	1271
SRX9996490	Sperm	NA	sperm	male from the Faroe Islands (Denmark)	SRP304130	SRS8167326	0.987	0.740	6.523	0.791	0.670	0.917	2274.08	79927	112767.39	1346
SRX9996491	Sperm	NA	sperm	male from the Faroe Islands (Denmark)	SRP304130	SRS8167327	0.987	0.752	6.056	0.833	0.588	0.889	2099.17	70208	118425.91	1057
SRX9996492	Sperm	NA	sperm	male from the Faroe Islands (Denmark)	SRP304130	SRS8167328	0.987	0.728	5.792	0.782	0.668	0.908	2342.56	82472	114337.44	1281
SRX9996493	Sperm	NA	sperm	male from the Faroe Islands (Denmark)	SRP304130	SRS8167329	0.986	0.729	5.771	0.785	0.692	0.909	2468.35	80883	134652.08	1327
SRX9996494	Sperm	NA	sperm	male from the Faroe Islands (Denmark)	SRP304130	SRS8167330	0.986	0.729	6.118	0.783	0.666	0.910	2489.37	81168	120510.86	1482
SRX9996495	Sperm	NA	sperm	male from the Faroe Islands (Denmark)	SRP304130	SRS8167331	0.987	0.733	5.299	0.784	0.715	0.895	2297.35	74875	117077.13	1287
SRX9996496	Sperm	NA	sperm	male from the Faroe Islands (Denmark)	SRP304130	SRS8167332	0.986	0.728	6.252	0.793	0.673	0.915	2364.03	79245	134174.98	1102
SRX9996497	Sperm	NA	sperm	male from the Faroe Islands (Denmark)	SRP304130	SRS8167333	0.986	0.739	6.214	0.794	0.655	0.914	2310.7	76828	118344.81	1222
SRX9996498	Sperm	NA	sperm	male from the Faroe Islands (Denmark)	SRP304130	SRS8167334	0.987	0.733	7.306	0.781	0.731	0.931	2375.84	82611	102310.88	1430
SRX9996499	Sperm	NA	sperm	male from the Faroe Islands (Denmark)	SRP304130	SRS8167336	0.985	0.735	6.486	0.790	0.706	0.915	2254.52	83428	93025.43	1478
SRX9996500	Sperm	NA	sperm	male from the Faroe Islands (Denmark)	SRP304130	SRS8167335	0.987	0.729	7.367	0.790	0.693	0.922	2389.01	81891	121060.54	1243
SRX9996501	Sperm	NA	sperm	male from the Faroe Islands (Denmark)	SRP304130	SRS8167337	0.986	0.730	7.122	0.793	0.696	0.921	2377.73	80286	109250.17	1352
SRX9996502	Sperm	NA	sperm	male from the Faroe Islands (Denmark)	SRP304130	SRS8167338	0.986	0.731	7.029	0.792	0.694	0.918	2314.86	80377	99202.24	1583
SRX9996503	Sperm	NA	sperm	male from the Faroe Islands (Denmark)	SRP304130	SRS8167339	0.987	0.736	6.732	0.799	0.709	0.921	2370.49	80177	111575.97	1423
SRX9996504	Sperm	NA	sperm	male from the Faroe Islands (Denmark)	SRP304130	SRS8167340	0.985	0.740	5.923	0.836	0.546	0.888	2253.68	78991	122699.7	1268
SRX9996505	Sperm	NA	sperm	male from the Faroe Islands (Denmark)	SRP304130	SRS8167341	0.987	0.728	6.961	0.794	0.694	0.919	2357.27	83258	107744.47	1436
SRX9996506	Sperm	NA	sperm	male from the Faroe Islands (Denmark)	SRP304130	SRS8167344	0.986	0.726	6.212	0.756	0.706	0.909	2318.56	79166	127808.95	1114
SRX9996507	Sperm	NA	sperm	male from the Faroe Islands (Denmark)	SRP304130	SRS8167342	0.985	0.736	5.211	0.751	0.733	0.898	2257.61	76557	131079.26	1050
SRX9996508	Sperm	NA	sperm	male from the Faroe Islands (Denmark)	SRP304130	SRS8167343	0.986	0.736	4.895	0.756	0.734	0.891	2351.56	69078	136584.05	990
SRX9996509	Sperm	NA	sperm	male from the Faroe Islands (Denmark)	SRP304130	SRS8167345	0.986	0.740	5.251	0.767	0.783	0.897	2213.81	75128	110709.46	1065
SRX9996510	Sperm	NA	sperm	male from the Faroe Islands (Denmark)	SRP304130	SRS8167346	0.986	0.741	5.467	0.753	0.713	0.907	2329.74	75389	117178.64	1237
SRX9996511	Sperm	NA	sperm	male from the Faroe Islands (Denmark)	SRP304130	SRS8167347	0.986	0.743	5.267	0.743	0.729	0.897	2248.09	71475	140315.3	1030
SRX9996512	Sperm	NA	sperm	male from the Faroe Islands (Denmark)	SRP304130	SRS8167348	0.985	0.729	6.782	0.748	0.702	0.917	2395.07	81587	104029.86	1495
SRX9996513	Sperm	NA	sperm	male from the Faroe Islands (Denmark)	SRP304130	SRS8167349	0.986	0.736	5.867	0.761	0.714	0.909	2458.99	77297	112197.8	1507
SRX9996514	Sperm	NA	sperm	male from the Faroe Islands (Denmark)	SRP304130	SRS8167350	0.987	0.727	6.987	0.769	0.697	0.920	2420.72	82226	100968.6	1523
SRX9996515	Sperm	NA	sperm	male from the Faroe Islands (Denmark)	SRP304130	SRS8167351	0.986	0.739	5.592	0.764	0.712	0.902	2289.32	75684	105261.85	1355
SRX9996516	Sperm	NA	sperm	male from the Faroe Islands (Denmark)	SRP304130	SRS8167352	0.986	0.733	4.999	0.738	0.800	0.896	2236.48	77501	135136.33	980
SRX9996517	Sperm	NA	sperm	male from the Faroe Islands (Denmark)	SRP304130	SRS8167353	0.985	0.740	4.569	0.741	0.745	0.875	2182.24	71958	159433.77	921
SRX9996518	Sperm	NA	sperm	male from the Faroe Islands (Denmark)	SRP304130	SRS8167354	0.986	0.737	5.580	0.755	0.717	0.901	2239.27	76415	103306.75	1212
SRX9996519	Sperm	NA	sperm	male from the Faroe Islands (Denmark)	SRP304130	SRS8167355	0.986	0.736	5.294	0.770	0.729	0.904	2349.23	77566	111343.94	1324
SRX9996520	Sperm	NA	sperm	male from the Faroe Islands (Denmark)	SRP304130	SRS8167356	0.986	0.732	6.046	0.752	0.715	0.905	2290.76	81115	110249.55	1522
SRX9996521	Sperm	NA	sperm	male from the Faroe Islands (Denmark)	SRP304130	SRS8167357	0.985	0.739	5.558	0.736	0.787	0.904	2228.25	75769	117238.1	1252
SRX9996522	Sperm	NA	sperm	male from the Faroe Islands (Denmark)	SRP304130	SRS8167358	0.987	0.738	5.849	0.766	0.726	0.907	2268.23	75465	139442.42	976
SRX9996523	Sperm	NA	sperm	male from the Faroe Islands (Denmark)	SRP304130	SRS8167360	0.985	0.737	6.723	0.758	0.756	0.916	2309.68	81423	101019.13	1474
SRX9996524	Sperm	NA	sperm	male from the Faroe Islands (Denmark)	SRP304130	SRS8167361	0.986	0.737	5.297	0.721	0.750	0.894	2250.34	72838	145006.66	887
SRX9996525	Sperm	NA	sperm	male from the Faroe Islands (Denmark)	SRP304130	SRS8167359	0.986	0.738	5.700	0.764	0.696	0.906	2240.53	75725	111967.7	1120
