accession	label	cell_type	tissue	_source_name	_study	__sample	__bsrate	__meth	__depth	__mapping	__uniq	__sites	__hmr_size	__hmr_count	__pmd_size	__pmd_count
DRX001150	Blastocyst	NA	NA	NA	DRP000505	DRS001151	0.984	0.198	7.686	0.664	0.876	0.920	36165.57	11486	0.0	0
DRX001151	Blastocyst	NA	NA	NA	DRP000505	DRS001151	0.986	0.200	7.931	0.781	0.799	0.933	35461.26	11749	571883.01	152
DRX001153	ESC	NA	NA	NA	DRP000505	DRS001152	0.944	0.697	3.422	0.503	0.428	0.742	2514.11	27420	77203.78	906
DRX001173	Sperm	NA	NA	NA	DRP000505	DRS001150	0.961	0.822	2.430	0.781	0.740	0.754	1796.63	52523	254557.92	711
DRX001176	Sperm	NA	NA	NA	DRP000505	DRS001150	0.960	0.811	2.168	0.748	0.706	0.720	1786.93	49196	279365.43	685
DRX001583	Oocytes	NA	NA	NA	DRP000598	DRS001541	0.958	0.371	9.714	0.704	0.421	0.914	20209.35	56953	122347.6	11639
DRX001584	Oocytes	NA	NA	NA	DRP000598	DRS001541	0.960	0.365	1.791	0.706	0.633	0.751	46439.02	8584	318016.54	3597
DRX001585	Oocytes	NA	NA	NA	DRP000598	DRS001542	0.954	0.356	7.248	0.712	0.456	0.909	23416.08	45719	148011.35	9460
DRX001586	Oocytes	NA	NA	NA	DRP000598	DRS001543	0.984	0.068	6.553	0.689	0.452	0.907	0.0	0	2110477.99	168
DRX001587	Oocytes	NA	NA	NA	DRP000598	DRS001544	0.958	0.383	7.057	0.714	0.467	0.908	25927.74	37422	151176.92	9130
DRX001588	Oocytes	NA	NA	NA	DRP000598	DRS001545	0.987	0.038	5.982	0.691	0.480	0.903	412991.36	181	1004267.19	547
DRX001589	Oocytes	NA	NA	NA	DRP000598	DRS001542	0.950	0.348	7.054	0.683	0.467	0.907	23520.81	45099	149667.67	9410
DRX001590	Oocytes	NA	NA	NA	DRP000598	DRS001544	0.954	0.373	5.763	0.690	0.493	0.901	25959.96	36346	166549.0	8027
DRX001591	Oocytes	NA	NA	NA	DRP000598	DRS001547	0.984	0.029	1.991	0.766	0.720	0.774	609231.0	2	1433344.55	273
DRX001592	Oocytes	NA	NA	NA	DRP000598	DRS001547	0.978	0.032	4.049	0.727	0.605	0.882	547440.28	40	1155575.04	353
DRX001797	Primordial Germ	NA	NA	NA	DRP000638	DRS001891	0.988	0.151	2.799	0.629	0.811	0.846	938651.5	2	6329170.12	16
DRX001798	Primordial Germ	NA	NA	NA	DRP000638	DRS001891	0.986	0.143	5.432	0.748	0.591	0.897	0.0	0	3467558.28	36
DRX001799	Primordial Germ	NA	NA	NA	DRP000638	DRS001892	0.986	0.135	3.746	0.645	0.604	0.874	0.0	0	3992665.18	34
DRX001801	Primordial Germ	NA	NA	NA	DRP000638	DRS001892	0.989	0.141	2.965	0.638	0.816	0.856	0.0	0	3953932.12	32
DRX001802	Primordial Germ	NA	NA	NA	DRP000638	DRS001892	0.990	0.182	2.746	0.614	0.827	0.845	838820.0	1	7018994.0	1
DRX001803	Primordial Germ	NA	NA	NA	DRP000638	DRS001893	0.984	0.047	2.432	0.694	0.724	0.815	0.0	0	5101954.73	33
DRX001805	Primordial Germ	NA	NA	NA	DRP000638	DRS001893	0.991	0.031	2.872	0.607	0.831	0.850	849270.67	3	1911305.89	175
DRX001806	Primordial Germ	NA	NA	NA	DRP000638	DRS001893	0.991	0.031	3.055	0.609	0.824	0.860	817962.33	3	1626709.28	274
DRX001807	Primordial Germ	NA	NA	NA	DRP000638	DRS001893	0.991	0.031	2.539	0.583	0.827	0.827	838820.0	1	2070176.61	147
DRX001808	Primordial Germ	NA	NA	NA	DRP000638	DRS001894	0.984	0.033	4.180	0.738	0.663	0.882	782543.0	4	1452450.18	241
DRX001809	Primordial Germ	NA	NA	NA	DRP000638	DRS001894	0.983	0.037	1.672	0.660	0.758	0.735	0.0	0	2674411.6	124
DRX001811	Primordial Germ	NA	NA	NA	DRP000638	DRS001894	0.992	0.027	2.819	0.587	0.842	0.850	672192.38	16	1154846.07	414
DRX001812	Primordial Germ	NA	NA	NA	DRP000638	DRS001894	0.992	0.027	2.678	0.588	0.833	0.840	619064.77	22	1330985.69	262
DRX001815	Primordial Germ	NA	NA	NA	DRP000638	DRS001895	0.978	0.298	10.129	0.752	0.440	0.916	7011.87	61054	293054.33	2383
DRX001816	Primordial Germ	NA	NA	NA	DRP000638	DRS001896	0.985	0.024	10.202	0.700	0.477	0.912	142567.86	3787	535892.88	1098
DRX002684	Primordial Germ	NA	NA	NA	DRP000638	DRS001891	0.989	0.189	2.419	0.595	0.790	0.822	855114.0	2	0.0	0
DRX020987	Testes	NA	testes	NA	DRP002386	DRS016672	0.909	0.759	19.154	0.744	0.343	0.930	1968.81	81986	58623.95	4056
DRX020989	Testes	NA	testes	NA	DRP002386	DRS016674	0.928	0.655	4.471	0.616	0.725	0.895	1861.91	63669	169068.19	1323
DRX020990	Testes	NA	testes	NA	DRP002386	DRS016675	0.926	0.675	3.466	0.585	0.728	0.870	1843.1	60177	276397.16	848
DRX020991	Testes	NA	testes	NA	DRP002386	DRS016676	0.982	0.753	22.581	0.735	0.338	0.931	1659.97	71447	35424.49	4201
DRX020993	Testes	NA	testes	NA	DRP002386	DRS016678	0.986	0.750	21.668	0.686	0.362	0.930	1557.63	74456	33041.01	4278
DRX020995	Testes	NA	testes	NA	DRP002386	DRS016672	0.917	0.742	2.365	0.758	0.587	0.804	1913.24	56325	622789.03	456
DRX020997	Testes	NA	testes	NA	DRP002386	DRS016676	0.991	0.729	2.897	0.766	0.582	0.838	1643.02	43868	138770.04	662
DRX020999	Testes	NA	testes	NA	DRP002386	DRS016678	0.992	0.728	2.970	0.767	0.591	0.842	1644.07	45164	147174.32	604
DRX029817	DRS034088	NA	NA	NA	DRP003273	DRS034088	0.993	0.464	17.658	0.818	0.326	0.922	1857.06	68375	24659.14	5375
DRX029819	DRS034090	NA	NA	NA	DRP003273	DRS034090	0.983	0.718	15.908	0.821	0.352	0.919	1179.96	37401	13081.89	2035
DRX029821	DRS034092	NA	NA	NA	DRP003273	DRS034092	0.994	0.366	15.824	0.828	0.310	0.920	1411.19	26272	1775680.07	324
DRX029829	DRS034094	NA	NA	NA	DRP003273	DRS034094	0.994	0.195	15.499	0.820	0.336	0.917	11765.39	20766	1337980.5	30
DRX029831	DRS034096	NA	NA	NA	DRP003273	DRS034096	0.988	0.593	14.806	0.824	0.332	0.917	1234.53	33670	35848.76	2633
DRX029833	DRS034098	NA	NA	NA	DRP003273	DRS034098	0.994	0.148	15.842	0.815	0.360	0.918	0.0	0	1879578.02	52
DRX029835	DRS034100	NA	NA	NA	DRP003273	DRS034100	0.978	0.713	13.994	0.452	0.833	0.947	1313.05	52258	15303.27	3554
DRX029837	DRS034102	NA	NA	NA	DRP003273	DRS034102	0.983	0.770	14.234	0.548	0.843	0.949	1082.48	37694	10428.8	1934
DRX029839	DRS034104	NA	NA	NA	DRP003273	DRS034104	0.981	0.774	16.840	0.523	0.829	0.953	1030.05	36245	10701.12	1637
DRX029841	DRS034106	NA	NA	NA	DRP003273	DRS034106	0.990	0.700	18.263	0.663	0.827	0.953	972.56	38242	9712.65	1877
DRX029843	DRS034108	NA	NA	NA	DRP003273	DRS034108	0.991	0.634	28.347	0.661	0.807	0.959	960.98	42569	7420.15	3647
DRX029845	DRS034110	NA	NA	NA	DRP003273	DRS034110	0.991	0.539	17.710	0.528	0.841	0.953	1591.35	70202	26737.86	3401
DRX029847	DRS034112	NA	NA	NA	DRP003273	DRS034112	0.984	0.682	16.368	0.448	0.865	0.949	1248.14	43307	19181.39	2158
DRX029849	DRS034114	NA	NA	NA	DRP003273	DRS034114	0.987	0.675	17.566	0.620	0.833	0.954	1061.93	39551	12134.02	1855
DRX029851	DRS034116	NA	NA	NA	DRP003273	DRS034116	0.991	0.466	26.863	0.652	0.800	0.958	1069.23	33451	7712.06	1803
DRX029853	DRS034118	NA	NA	NA	DRP003273	DRS034118	0.991	0.349	25.377	0.665	0.814	0.957	1297.95	29082	1682152.18	520
DRX056633	Gonocyte	gonocyte	NA	NA	DRP004308	DRS070869	0.927	0.728	10.734	0.788	0.362	0.919	2072.94	76574	172241.14	1902
DRX056634	Gonocyte	gonocyte	NA	NA	DRP004308	DRS070869	0.932	0.718	11.161	0.739	0.408	0.921	2221.53	77731	139864.28	2498
DRX056635	Gonocyte	gonocyte	NA	NA	DRP004308	DRS070870	0.945	0.704	10.435	0.755	0.366	0.917	2291.18	83340	140695.88	2291
DRX056636	Gonocyte	gonocyte	NA	NA	DRP004308	DRS070870	0.941	0.694	7.750	0.670	0.494	0.913	2380.76	81829	165471.04	2112
DRX066980	BVSC	NA	NA	NA	DRP003670	DRS047023	0.985	0.170	23.408	0.757	0.540	0.928	0.0	0	3023297.75	4
DRX066981	BVSC	NA	NA	NA	DRP003670	DRS047024	0.985	0.143	22.664	0.755	0.530	0.928	321829.0	7	1527775.37	57
DRX066982	BVSC	NA	NA	NA	DRP003670	DRS047025	0.985	0.057	21.162	0.752	0.516	0.926	400798.48	94	1470887.72	152
DRX066983	BVSC	NA	NA	NA	DRP003670	DRS047026	0.986	0.066	22.518	0.751	0.538	0.928	351328.36	135	1243856.16	216
DRX069489	ESC	embryonic stem cell	NA	NA	DRP003544	DRS041571	0.982	0.532	20.653	0.654	0.478	0.925	1277.28	39158	10282.25	3311
DRX069490	Neural Stem/Progenitor	neural stem/progenitor cell	NA	NA	DRP003544	DRS041572	0.979	0.750	7.050	0.721	0.595	0.912	1204.13	43195	15375.87	1150
DRX069491	Neural Stem/Progenitor	neural stem/progenitor cell	NA	NA	DRP003544	DRS041573	0.986	0.742	10.491	0.382	0.507	0.914	1125.87	54889	12984.91	1794
DRX069492	Neural Stem/Progenitor	neural stem/progenitor cell	NA	NA	DRP003544	DRS041574	0.983	0.726	12.467	0.388	0.602	0.919	1056.17	52195	12439.47	1241
DRX069493	Neural Stem/Progenitor	neural stem/progenitor cell	NA	NA	DRP003544	DRS041575	0.985	0.701	9.422	0.514	0.568	0.919	1152.69	52866	13238.94	1229
DRX069494	Neuron	neuron	NA	NA	DRP003544	DRS041576	0.976	0.747	12.943	0.596	0.473	0.922	1149.34	52891	13030.12	1514
DRX069495	Astrocyte	astrocyte	NA	NA	DRP003544	DRS041577	0.977	0.714	3.726	0.482	0.820	0.872	1420.31	30510	29823.19	342
DRX069496	Oligodendrocyte	oligodendrocyte	NA	NA	DRP003544	DRS041578	0.984	0.730	14.864	0.526	0.494	0.923	1036.24	41376	25681.25	3221
DRX069498	Astrocyte	astrocyte	NA	NA	DRP003544	DRS041577	0.982	0.733	18.126	0.594	0.651	0.932	987.7	52873	9326.22	1824
DRX077939	Spermatogonia	spermatogonia	NA	NA	DRP003407	DRS039494	0.984	0.766	2.958	0.783	0.566	0.846	1664.17	52444	206241.18	707
DRX077940	Spermatogonia	spermatogonia	NA	NA	DRP003407	DRS039494	0.986	0.713	3.030	0.784	0.544	0.848	1693.54	51699	186592.41	713
DRX077941	Spermatogonia	spermatogonia	NA	NA	DRP003407	DRS039494	0.984	0.737	3.043	0.783	0.597	0.845	1676.89	53161	223477.36	711
DRX077942	EpiLC	EpiLC	NA	NA	DRP003407	DRS039493	0.987	0.645	2.249	0.823	0.601	0.794	2339.13	22961	212920.56	689
DRX077943	EpiLC	EpiLC	NA	NA	DRP003407	DRS039493	0.987	0.650	3.228	0.814	0.540	0.849	2056.68	25190	222408.46	1031
DRX077944	EpiLC	EpiLC	NA	NA	DRP003407	DRS039493	0.987	0.646	3.042	0.819	0.546	0.842	2067.29	25630	160761.67	1025
DRX077945	EpiLC	EpiLC	NA	NA	DRP003407	DRS039493	0.989	0.597	3.143	0.814	0.538	0.845	2324.98	24279	205461.8	824
DRX077946	EpiLC	EpiLC	NA	NA	DRP003407	DRS039493	0.988	0.622	3.479	0.816	0.555	0.856	2054.5	26118	222468.98	1189
DRX1007762	Oocyte	NA	oocyte	NA	DRP018178	DRS722072	0.968	0.369	2.212	0.760	0.368	0.764	63371.51	3380	281947.02	4105
DRX1007763	Embryo	NA	embryo	NA	DRP018178	DRS722073	0.963	0.819	4.128	0.844	0.755	0.903	1434.77	26077	58519.65	1365
DRX1007764	Embryo	NA	embryo	NA	DRP018178	DRS722074	0.966	0.761	3.942	0.851	0.711	0.892	1651.24	25269	59574.78	1205
DRX1007765	Embryo	NA	embryo	NA	DRP018178	DRS722075	0.976	0.285	3.889	0.850	0.713	0.891	951330.0	4	0.0	0
DRX1007766	Embryo	NA	embryo	NA	DRP018178	DRS722076	0.976	0.359	3.501	0.843	0.736	0.880	1298053.0	1	477256.97	928
DRX120199	Blastocyst	blastocyst	NA	NA	DRP004153	DRS061085	0.975	0.158	7.877	0.689	0.489	0.913	0.0	0	0.0	0
DRX120200	Blastocyst	blastocyst	NA	NA	DRP004153	DRS061086	0.984	0.187	6.390	0.728	0.479	0.904	217095.69	39	0.0	0
DRX120201	Parthenogenetic Blastocyst	parthenogenetic blastocyst	NA	NA	DRP004153	DRS061087	0.987	0.216	6.095	0.795	0.453	0.901	33568.51	20869	143025.49	6707
DRX120202	Parthenogenetic Blastocyst	parthenogenetic blastocyst	NA	NA	DRP004153	DRS061088	0.984	0.220	3.806	0.751	0.498	0.871	72424.98	4657	208983.52	3925
DRX203306	DRS231334	NA	NA	NA	DRP008292	DRS231334	0.992	0.627	11.808	0.760	0.139	0.945	1271.18	35167	17548.62	527
DRX203307	DRS231335	NA	NA	NA	DRP008292	DRS231335	0.991	0.607	6.879	0.679	0.106	0.912	1537.89	30915	22032.21	404
DRX203308	DRS231336	NA	NA	NA	DRP008292	DRS231336	0.992	0.589	9.604	0.774	0.083	0.947	8121.27	33193	1036370.27	1050
DRX203309	DRS231337	NA	NA	NA	DRP008292	DRS231337	0.992	0.551	14.130	0.772	0.161	0.950	11671.0	31358	752543.29	1459
DRX230201	DRS148380	NA	NA	NA	DRP006395	DRS148380	0.983	0.756	25.484	0.870	0.697	0.965	1107.61	49017	9417.75	2954
DRX230202	DRS148381	NA	NA	NA	DRP006395	DRS148381	0.983	0.723	17.979	0.852	0.310	0.962	1209.95	46423	10000.08	2953
DRX313774	Oocyte	Oocyte	NA	NA	DRP008439	DRS235748	0.958	0.345	6.415	0.440	0.138	0.909	25238.99	39425	159928.55	8443
DRX313775	Oocyte	Oocyte	NA	NA	DRP008439	DRS235749	0.952	0.358	4.802	0.624	0.164	0.894	31003.95	26349	182982.71	7212
DRX313776	Oocyte	Oocyte	NA	NA	DRP008439	DRS235750	0.966	0.331	3.975	0.377	0.092	0.879	35079.61	20944	200468.77	6443
DRX313777	Oocyte	Oocyte	NA	NA	DRP008439	DRS235751	0.967	0.333	3.953	0.551	0.163	0.881	34735.29	21711	202838.89	6380
DRX313778	Oocyte	Oocyte	NA	NA	DRP008439	DRS235752	0.984	0.175	5.077	0.379	0.119	0.898	63723.77	8134	203617.88	6028
DRX313779	Oocyte	Oocyte	NA	NA	DRP008439	DRS235753	0.982	0.177	4.247	0.554	0.186	0.886	88876.02	3885	223984.92	5328
DRX313780	Embryo E10.5	Embryo E10.5	NA	NA	DRP008439	DRS235754	0.991	0.662	6.330	0.682	0.262	0.901	1310.89	29483	18381.02	713
DRX313781	Embryo E10.5	Embryo E10.5	NA	NA	DRP008439	DRS235755	0.991	0.658	5.722	0.632	0.216	0.896	1361.93	28369	21778.22	586
DRX313782	Embryo E10.5	Embryo E10.5	NA	NA	DRP008439	DRS235756	0.991	0.651	5.358	0.540	0.242	0.892	1389.2	28917	23813.9	597
DRX313783	Embryo E10.5	Embryo E10.5	NA	NA	DRP008439	DRS235757	0.991	0.649	5.831	0.557	0.260	0.897	1374.87	29293	21732.41	687
DRX313784	Embryo E10.5	Embryo E10.5	NA	NA	DRP008439	DRS235758	0.991	0.659	6.479	0.603	0.299	0.901	1324.57	28167	19189.89	699
DRX313785	Parthenogenesis Blastocyst	Parthenogenesis blastocyst	NA	NA	DRP008439	DRS235759	0.978	0.152	4.172	0.646	0.100	0.881	0.0	0	105298064.5	2
DRX313786	Parthenogenesis Blastocyst	Parthenogenesis blastocyst	NA	NA	DRP008439	DRS235760	0.976	0.185	3.329	0.533	0.088	0.857	355025.62	13	338671.11	2563
DRX313787	Parthenogenesis Blastocyst	Parthenogenesis blastocyst	NA	NA	DRP008439	DRS235761	0.979	0.127	3.698	0.578	0.089	0.871	0.0	0	109675522.0	1
DRX313788	Parthenogenesis Blastocyst	Parthenogenesis blastocyst	NA	NA	DRP008439	DRS235762	0.979	0.125	4.367	0.654	0.105	0.884	0.0	0	2327013.35	34
DRX313789	Parthenogenesis Blastocyst	Parthenogenesis blastocyst	NA	NA	DRP008439	DRS235763	0.978	0.121	4.372	0.590	0.115	0.887	0.0	0	1158626.69	264
DRX313790	Parthenogenesis Blastocyst	Parthenogenesis blastocyst	NA	NA	DRP008439	DRS235764	0.978	0.101	4.511	0.587	0.123	0.890	0.0	0	3873438.13	15
DRX326244	Oocyte	oocyte	NA	NA	DRP008086	DRS223018	0.969	0.359	4.951	0.606	0.756	0.901	39183.88	16807	198175.24	6722
DRX326245	Oocyte	oocyte	NA	NA	DRP008086	DRS223019	0.967	0.364	4.868	0.578	0.748	0.901	35550.3	19915	195937.41	6797
DRX326246	Oocyte	oocyte	NA	NA	DRP008086	DRS223020	0.970	0.377	5.101	0.613	0.772	0.902	45759.63	12632	192819.87	6821
DRX326247	Oocyte	oocyte	NA	NA	DRP008086	DRS223021	0.967	0.355	3.738	0.582	0.745	0.871	44800.33	12043	242943.93	5274
DRX326248	Oocyte	oocyte	NA	NA	DRP008086	DRS223022	0.968	0.349	3.928	0.604	0.754	0.876	36808.87	17535	224101.02	5523
DRX326249	Oocyte	oocyte	NA	NA	DRP008086	DRS223023	0.967	0.345	3.426	0.560	0.749	0.853	39575.7	14205	241551.1	5043
DRX334899	SCNT embryo	SCNT embryo	NA	NA	DRP010881	DRS345643	0.989	0.171	5.381	0.485	0.621	0.901	1354762.0	1	0.0	0
DRX334900	SCNT embryo	SCNT embryo	NA	NA	DRP010881	DRS345644	0.987	0.212	6.903	0.522	0.598	0.910	1045176.0	4	7387359.13	23
DRX338194	Colon	NA	colon	NA	DRP011267	DRS367143	0.995	0.651	35.640	0.781	0.593	0.965	1095.25	46410	8731.27	2285
DRX338195	Colon-Derived Organoid	NA	colon-derived organoid	NA	DRP011267	DRS367144	0.996	0.545	36.270	0.748	0.651	0.965	8012.93	47655	558809.67	2000
DRX346835	Sperm	NA	sperm	NA	DRP008539	DRS239755	0.988	0.833	39.707	0.880	0.757	0.969	2548.67	77539	49286.59	4980
DRX346836	Sperm	NA	sperm	NA	DRP008539	DRS239756	0.987	0.824	42.637	0.879	0.763	0.968	2487.35	77742	46972.84	5022
DRX346837	Sperm	NA	sperm	NA	DRP008539	DRS239757	0.987	0.824	44.306	0.882	0.739	0.968	2511.59	77327	49329.28	4802
DRX346838	Sperm	NA	sperm	NA	DRP008539	DRS239758	0.987	0.823	41.269	0.878	0.767	0.968	2500.83	77994	49396.67	4798
DRX346839	Sperm	NA	sperm	NA	DRP008539	DRS239759	0.987	0.832	38.807	0.883	0.731	0.969	2591.75	77781	53125.99	4696
DRX346840	Sperm	NA	sperm	NA	DRP008539	DRS239760	0.987	0.825	37.984	0.861	0.760	0.968	2504.19	77882	52680.93	4502
DRX346855	Sperm	NA	sperm	NA	DRP008539	DRS239882	0.996	0.828	31.271	0.851	0.620	0.966	2417.17	78111	50138.85	4593
DRX346856	Sperm	NA	sperm	NA	DRP008539	DRS239883	0.996	0.826	28.763	0.833	0.592	0.965	2411.41	78186	51416.28	4612
DRX346857	Sperm	NA	sperm	NA	DRP008539	DRS239884	0.996	0.826	30.760	0.843	0.616	0.966	2411.76	77936	50405.18	4660
DRX346858	Sperm	NA	sperm	NA	DRP008539	DRS239885	0.996	0.826	31.107	0.846	0.650	0.966	2447.96	77745	52387.11	4430
DRX346859	Sperm	NA	sperm	NA	DRP008539	DRS239886	0.996	0.824	31.169	0.840	0.674	0.966	2413.06	78354	52118.83	4446
DRX346860	Sperm	NA	sperm	NA	DRP008539	DRS239887	0.996	0.825	30.166	0.847	0.637	0.966	2395.05	78036	51207.96	4545
DRX380822	Oocyte	Oocyte	NA	NA	DRP008439	DRS246502	0.977	0.135	4.994	0.569	0.208	0.898	628078.0	2	494470.94	1726
DRX380823	Oocyte	Oocyte	NA	NA	DRP008439	DRS246503	0.976	0.126	5.110	0.575	0.199	0.899	130637.8	1702	262866.01	4575
DRX447140	Hepatocyte	NA	NA	NA	DRP010625	DRS335256	0.977	0.713	17.587	0.414	0.494	0.969	924.48	66009	12900.0	1936
DRX447141	Hepatocyte	NA	NA	NA	DRP010625	DRS335257	0.974	0.711	14.711	0.363	0.408	0.967	1080.33	52618	12933.4	1713
DRX447142	Hepatocyte	NA	NA	NA	DRP010625	DRS335258	0.979	0.713	17.868	0.437	0.452	0.969	925.57	66548	13521.29	1676
DRX447143	Muscle	NA	NA	NA	DRP010625	DRS335259	0.976	0.668	16.536	0.442	0.404	0.967	1047.55	37254	12984.47	835
DRX447144	Muscle	NA	NA	NA	DRP010625	DRS335260	0.972	0.661	14.188	0.380	0.429	0.966	1053.09	38304	12281.47	958
DRX447145	Muscle	NA	NA	NA	DRP010625	DRS335261	0.979	0.661	18.863	0.508	0.429	0.968	1032.71	38302	8540.08	1686
DRX529972	Bone Marrow	NA	Bone marrow	NA	DRP011537	DRS377896	0.988	0.798	27.695	0.643	0.459	0.964	941.7	62355	7665.99	4204
DRX529973	Bone Marrow	NA	Bone marrow	NA	DRP011537	DRS377897	0.988	0.800	21.790	0.669	0.430	0.962	926.25	62015	7734.22	3843
DRX529974	Bone Marrow	NA	Bone marrow	NA	DRP011537	DRS377898	0.988	0.806	21.998	0.647	0.440	0.963	930.23	61529	7435.03	4405
DRX529975	Bone Marrow	NA	Bone marrow	NA	DRP011537	DRS377899	0.989	0.803	20.787	0.649	0.411	0.962	925.89	61575	7575.66	4133
DRX529999	Bone Marrow	NA	Bone marrow	NA	DRP011537	DRS377923	0.988	0.799	21.201	0.662	0.434	0.969	888.08	61940	7303.2	3815
DRX530000	Bone Marrow	NA	Bone marrow	NA	DRP011537	DRS377924	0.989	0.800	24.657	0.642	0.430	0.971	889.82	62614	7273.12	3924
DRX620190	DRS452379	NA	NA	NA	DRP012798	DRS452379	0.981	0.721	19.300	0.515	0.493	0.973	955.56	66967	8955.71	3608
DRX620191	DRS452380	NA	NA	NA	DRP012798	DRS452380	0.975	0.711	15.481	0.442	0.392	0.971	1160.42	41303	12526.91	1540
DRX620192	DRS452381	NA	NA	NA	DRP012798	DRS452381	0.973	0.713	11.802	0.362	0.319	0.968	1147.12	47742	12516.19	1780
DRX785777	Sperm	NA	sperm	NA	DRP015337	DRS567030	0.996	0.782	9.461	0.859	0.676	0.947	1577.59	63519	55494.75	2596
DRX785778	Sperm	NA	sperm	NA	DRP015337	DRS567031	0.998	0.780	5.038	0.864	0.566	0.927	1537.95	57608	91294.01	1553
DRX785779	Sperm	NA	sperm	NA	DRP015337	DRS567032	0.996	0.780	7.745	0.854	0.633	0.945	1549.02	61468	53624.38	2561
DRX785780	Sperm	NA	sperm	NA	DRP015337	DRS567033	0.997	0.779	5.776	0.859	0.510	0.935	1530.83	59148	71619.9	1903
DRX785781	Sperm	NA	sperm	NA	DRP015337	DRS567034	0.996	0.780	9.028	0.851	0.659	0.946	1573.77	66983	58627.14	2773
DRX785782	Sperm	NA	sperm	NA	DRP015337	DRS567035	0.997	0.779	6.092	0.857	0.553	0.936	1539.26	63309	76932.66	2064
DRX785783	Sperm	NA	sperm	NA	DRP015337	DRS567036	0.996	0.780	9.004	0.857	0.660	0.949	1593.88	67301	62060.51	2625
DRX785784	Sperm	NA	sperm	NA	DRP015337	DRS567037	0.998	0.780	7.708	0.863	0.543	0.945	1565.3	65649	59188.44	2626
DRX785795	Embryo	NA	embryo	NA	DRP015337	DRS567890	0.985	0.549	4.724	0.640	0.345	0.904	2310.83	41987	86137.12	820
DRX785796	Embryo	NA	embryo	NA	DRP015337	DRS567891	0.982	0.539	4.054	0.621	0.246	0.877	3236.55	38717	182803.17	1241
DRX785797	Embryo	NA	embryo	NA	DRP015337	DRS567892	0.983	0.544	2.632	0.654	0.455	0.813	3647.69	31943	205703.75	601
DRX785798	Embryo	NA	embryo	NA	DRP015337	DRS567893	0.980	0.533	2.244	0.633	0.364	0.764	4444.9	29909	589831.11	443
DRX785799	Embryo	NA	embryo	NA	DRP015337	DRS567894	0.987	0.409	6.960	0.677	0.575	0.923	3816.8	37031	121054.71	1492
DRX785800	Embryo	NA	embryo	NA	DRP015337	DRS567895	0.986	0.414	5.398	0.689	0.474	0.907	6698.72	26551	213756.51	965
DRX785801	Embryo	NA	embryo	NA	DRP015337	DRS567896	0.985	0.408	2.884	0.690	0.639	0.824	14859.64	8322	565355.28	498
DRX785802	Embryo	NA	embryo	NA	DRP015337	DRS567897	0.985	0.414	2.259	0.684	0.658	0.774	14859.28	6014	1327307.32	238
DRX785809	Embryo	NA	embryo	NA	DRP015337	DRS567904	0.981	0.441	4.432	0.810	0.090	0.911	31097.42	11487	605901.13	395
DRX785810	Embryo	NA	embryo	NA	DRP015337	DRS567905	0.981	0.440	8.770	0.827	0.226	0.955	27069.49	19117	316810.91	1428
DRX785811	Embryo	NA	embryo	NA	DRP015337	DRS567906	0.980	0.451	6.853	0.833	0.170	0.948	23153.97	19589	443125.77	695
DRX785812	Embryo	NA	embryo	NA	DRP015337	DRS567907	0.980	0.451	6.710	0.833	0.135	0.948	23503.06	18736	476944.28	576
DRX785813	Embryo	NA	embryo	NA	DRP015337	DRS567908	0.981	0.445	9.157	0.835	0.240	0.957	21776.93	23380	345305.08	1124
DRX785814	Embryo	NA	embryo	NA	DRP015337	DRS567909	0.981	0.444	9.164	0.833	0.247	0.956	22044.07	23322	338733.61	1223
DRX794649	Ovary	NA	Ovary	NA	DRP015618	DRS580340	0.995	0.659	20.050	0.826	0.662	0.944	1276.9	59971	12339.26	1946
DRX794650	Ovary	NA	Ovary	NA	DRP015618	DRS580341	0.995	0.658	16.591	0.826	0.710	0.942	1251.09	58274	11875.41	1969
DRX794651	Ovary	NA	Ovary	NA	DRP015618	DRS580342	0.996	0.669	20.060	0.828	0.689	0.943	1278.8	63522	12817.67	1752
DRX794652	Ovary	NA	Ovary	NA	DRP015618	DRS580343	0.995	0.652	23.459	0.841	0.692	0.944	1272.41	65217	12744.82	1823
DRX794653	Ovary	NA	Ovary	NA	DRP015618	DRS580344	0.995	0.655	21.561	0.829	0.705	0.944	1281.21	63567	11928.61	2186
DRX794654	Ovary	NA	Ovary	NA	DRP015618	DRS580345	0.995	0.676	20.602	0.814	0.680	0.945	1264.44	62188	11665.15	2161
DRX794655	Ovary	NA	Ovary	NA	DRP015618	DRS580346	0.995	0.663	19.250	0.824	0.675	0.942	1322.52	60217	12807.05	1902
DRX794656	Ovary	NA	Ovary	NA	DRP015618	DRS580347	0.995	0.662	19.302	0.832	0.705	0.943	1328.5	60515	12032.95	2269
DRX794657	Ovary	NA	Ovary	NA	DRP015618	DRS580348	0.995	0.658	20.761	0.818	0.684	0.944	1272.67	62938	11767.81	2058
DRX794658	Ovary	NA	Ovary	NA	DRP015618	DRS580349	0.997	0.667	21.741	0.829	0.663	0.945	1300.29	63540	12294.44	2068
DRX794659	Ovary	NA	Ovary	NA	DRP015618	DRS580350	0.995	0.670	18.293	0.830	0.692	0.943	1287.61	60955	12363.82	2003
DRX794660	Ovary	NA	Ovary	NA	DRP015618	DRS580351	0.995	0.671	20.292	0.831	0.702	0.944	1331.64	61823	12028.46	2215
DRX794661	Ovary	NA	Ovary	NA	DRP015618	DRS580352	0.997	0.659	19.304	0.835	0.713	0.944	1284.25	62785	11340.79	2279
DRX794666	Oocyte	NA	Oocyte	NA	DRP015618	DRS580357	0.994	0.640	3.625	0.622	0.376	0.887	1844.3	35572	45596.41	365
DRX794667	Oocyte	NA	Oocyte	NA	DRP015618	DRS580358	0.994	0.646	4.873	0.625	0.517	0.915	1541.58	44465	31372.61	539
DRX833892	MC38	NA	MC38 cell	NA	DRP016508	DRS620376	0.995	0.427	19.355	0.818	0.745	0.950	9237.68	90638	170947.31	5970
DRX833893	MC38	NA	MC38 cell	NA	DRP016508	DRS620377	0.995	0.427	19.301	0.816	0.736	0.951	9288.54	89743	176783.22	5741
DRX833894	MC38	NA	MC38 cell	NA	DRP016508	DRS620378	0.995	0.429	20.416	0.851	0.755	0.949	9026.13	92482	175596.46	5772
DRX833895	MC38	NA	MC38 cell	NA	DRP016508	DRS620379	0.995	0.448	19.418	0.817	0.762	0.950	9207.76	87163	170912.67	5756
DRX833896	MC38	NA	MC38 cell	NA	DRP016508	DRS620380	0.995	0.444	18.823	0.815	0.762	0.951	9398.51	85655	172856.7	5696
DRX833897	MC38	NA	MC38 cell	NA	DRP016508	DRS620381	0.995	0.444	19.110	0.832	0.747	0.949	9287.35	86562	171975.72	5727
DRX958417	Embryo	NA	embryo	NA	DRP018178	DRS706581	0.966	0.727	3.329	0.842	0.756	0.876	1862.81	25752	94542.73	840
DRX958418	Embryo	NA	embryo	NA	DRP018178	DRS706582	0.969	0.347	3.213	0.836	0.753	0.872	1354762.0	1	0.0	0
DRX958419	Embryo	NA	embryo	NA	DRP018178	DRS706583	0.970	0.676	3.268	0.819	0.743	0.878	2815.24	26984	360587.8	1156
DRX958420	Embryo	NA	embryo	NA	DRP018178	DRS706584	0.970	0.127	3.023	0.803	0.728	0.867	941254.5	2	97891571.0	2
DRX958421	Embryo	NA	embryo	NA	DRP018178	DRS706585	0.967	0.787	4.808	0.837	0.636	0.917	1410.24	28804	50047.65	1034
DRX958422	Embryo	NA	embryo	NA	DRP018178	DRS706586	0.967	0.786	3.971	0.835	0.649	0.902	1503.93	28093	60501.24	906
DRX958423	Embryo	NA	embryo	NA	DRP018178	DRS706587	0.968	0.790	4.116	0.838	0.655	0.904	1462.69	27579	48474.3	1100
DRX958424	Embryo	NA	embryo	NA	DRP018178	DRS706588	0.967	0.791	4.552	0.832	0.599	0.913	1445.53	29258	53613.7	1074
DRX958425	Embryo	NA	embryo	NA	DRP018178	DRS706589	0.974	0.162	4.281	0.837	0.698	0.908	1354581.0	1	0.0	0
DRX958426	Embryo	NA	embryo	NA	DRP018178	DRS706590	0.966	0.201	4.684	0.842	0.699	0.910	949990.5	2	1745679.83	89
DRX958427	Embryo	NA	embryo	NA	DRP018178	DRS706591	0.967	0.122	4.550	0.834	0.707	0.911	1354762.0	1	0.0	0
DRX975341	Oocyte	NA	oocyte	NA	DRP017908	DRS692207	0.953	0.390	2.301	0.579	0.262	0.770	59577.32	3600	325891.1	3546
DRX975342	Oocyte	NA	oocyte	NA	DRP017908	DRS692208	0.950	0.341	2.631	0.569	0.198	0.796	43304.02	9237	283590.27	4095
DRX994855	Cerebrum	NA	cerebrum	NA	DRP018529	DRS722143	0.993	0.696	18.594	0.741	0.404	0.959	1141.62	48044	9398.78	1832
DRX994856	Cerebrum	NA	cerebrum	NA	DRP018529	DRS722144	0.994	0.703	18.301	0.762	0.556	0.952	1141.15	43774	8311.91	2326
DRX994857	Cerebellum	NA	cerebellum	NA	DRP018529	DRS722145	0.994	0.756	18.627	0.802	0.449	0.953	1175.45	53406	10347.97	3293
DRX994858	Cerebellum	NA	cerebellum	NA	DRP018529	DRS722146	0.995	0.741	16.038	0.801	0.426	0.953	1175.62	59325	9653.77	3322
DRX994859	Cerebrum	NA	cerebrum	NA	DRP018529	DRS722147	0.995	0.744	25.484	0.787	0.441	0.955	1151.47	64151	10227.22	3510
DRX994860	Cerebrum	NA	cerebrum	NA	DRP018529	DRS722148	0.994	0.736	16.013	0.776	0.404	0.952	1169.46	51019	9722.21	2934
DRX994861	Kidney	NA	kidney	NA	DRP018529	DRS722149	0.995	0.719	18.258	0.773	0.444	0.953	1094.19	54733	10313.29	2391
DRX994862	Kidney	NA	kidney	NA	DRP018529	DRS722150	0.994	0.725	16.172	0.790	0.438	0.951	1126.01	51651	9845.93	2311
DRX994863	Lung	NA	lung	NA	DRP018529	DRS722151	0.995	0.691	15.103	0.807	0.463	0.952	1146.06	42844	9323.29	2453
DRX994864	Lung	NA	lung	NA	DRP018529	DRS722152	0.995	0.688	17.248	0.796	0.438	0.953	1141.1	39912	9647.81	2078
DRX994865	Frontal Cortex	NA	Frontal cortex	NA	DRP018529	DRS722153	0.995	0.747	19.377	0.793	0.417	0.954	1140.88	69890	10928.22	3133
DRX994866	Frontal Cortex	NA	Frontal cortex	NA	DRP018529	DRS722154	0.995	0.736	14.547	0.778	0.400	0.952	1141.3	60844	10124.73	2776
DRX994867	Cerebellum	NA	cerebellum	NA	DRP018529	DRS722155	0.994	0.747	17.398	0.764	0.591	0.963	1111.05	50428	8334.83	3039
DRX994868	Cerebellum	NA	cerebellum	NA	DRP018529	DRS722156	0.994	0.716	15.688	0.757	0.596	0.962	1085.11	42444	8489.79	2060
DRX994869	Cerebrum	NA	cerebrum	NA	DRP018529	DRS722157	0.995	0.751	12.300	0.793	0.653	0.960	1152.03	51865	9106.52	2556
DRX994870	Cerebrum	NA	cerebrum	NA	DRP018529	DRS722158	0.995	0.774	13.704	0.785	0.535	0.961	1154.01	51607	8148.84	3492
DRX994871	Kidney	NA	kidney	NA	DRP018529	DRS722159	0.994	0.720	14.674	0.780	0.672	0.961	1090.73	49443	8209.3	2343
DRX994872	Kidney	NA	kidney	NA	DRP018529	DRS722160	0.995	0.737	18.778	0.805	0.564	0.963	1078.19	51063	8038.3	2963
DRX994873	Lung	NA	lung	NA	DRP018529	DRS722161	0.995	0.720	17.321	0.818	0.611	0.962	1095.8	42777	8362.5	2345
DRX994874	Lung	NA	lung	NA	DRP018529	DRS722162	0.995	0.707	17.516	0.820	0.470	0.963	1080.33	45583	8409.8	2334
DRX994875	Frontal Cortex	NA	Frontal cortex	NA	DRP018529	DRS722163	0.995	0.775	16.917	0.826	0.548	0.963	1131.78	69133	9219.06	3363
DRX994876	Frontal Cortex	NA	Frontal cortex	NA	DRP018529	DRS722164	0.995	0.758	22.661	0.784	0.598	0.965	1069.96	75425	9384.67	3131
ERX1048297	ESC	NA	NA	NA	ERP008742	ERS700708	0.978	0.368	3.129	0.593	0.933	0.822	796219.0	1	5973791.96	24
ERX1048298	ESC	NA	NA	NA	ERP008742	ERS700709	0.981	0.394	3.423	0.539	0.920	0.854	25025.19	582	4327364.08	59
ERX1048301	ESC	NA	NA	NA	ERP008742	ERS700712	0.978	0.362	2.542	0.603	0.927	0.777	794408.0	1	7257956.9	20
ERX1048302	ESC	NA	NA	NA	ERP008742	ERS700713	0.981	0.348	2.924	0.562	0.926	0.821	838820.0	1	6356506.07	30
ERX1048305	ESC	NA	NA	NA	ERP008742	ERS700708	0.978	0.368	3.106	0.592	0.934	0.821	838820.0	1	5469175.61	36
ERX1048306	ESC	NA	NA	NA	ERP008742	ERS700709	0.981	0.394	3.398	0.539	0.920	0.852	27798.71	435	4361963.39	64
ERX1048309	ESC	NA	NA	NA	ERP008742	ERS700712	0.978	0.362	2.529	0.603	0.927	0.776	795055.0	1	7820765.47	15
ERX1048310	ESC	NA	NA	NA	ERP008742	ERS700713	0.981	0.348	2.902	0.562	0.926	0.820	765932.0	2	8593345.0	10
ERX10986723	Excitatory Neurons	Excitatory Neurons	NA	NA	ERP147933	ERS15568010	0.973	0.733	8.588	0.754	0.529	0.948	1357.42	69916	24774.4	2479
ERX10986724	Excitatory Neurons	Excitatory Neurons	NA	NA	ERP147933	ERS15568011	0.974	0.734	7.009	0.808	0.533	0.945	1376.16	67785	36169.39	1781
ERX10986725	Excitatory Neurons	Excitatory Neurons	NA	NA	ERP147933	ERS15568012	0.973	0.732	11.614	0.808	0.609	0.951	1295.96	80428	25544.75	2755
ERX10986726	Excitatory Neurons	Excitatory Neurons	NA	NA	ERP147933	ERS15568013	0.972	0.739	11.845	0.826	0.532	0.952	1298.48	81808	26833.99	2654
ERX10986727	Excitatory Neurons	Excitatory Neurons	NA	NA	ERP147933	ERS15568014	0.974	0.731	11.161	0.809	0.558	0.951	1290.33	82313	25970.73	2736
ERX10986728	Excitatory Neurons	Excitatory Neurons	NA	NA	ERP147933	ERS15568015	0.971	0.738	11.085	0.790	0.523	0.951	1301.47	77573	26510.01	2624
ERX10986729	Excitatory Neurons	Excitatory Neurons	NA	NA	ERP147933	ERS15568016	0.973	0.733	11.145	0.785	0.572	0.951	1295.48	80671	26817.01	2617
ERX10986730	Excitatory Neurons	Excitatory Neurons	NA	NA	ERP147933	ERS15568017	0.973	0.737	8.042	0.785	0.471	0.948	1357.55	69940	26050.78	2487
ERX10986731	Excitatory Neurons	Excitatory Neurons	NA	NA	ERP147933	ERS15568018	0.972	0.735	7.707	0.720	0.446	0.947	1360.45	67979	36536.35	1707
ERX10986732	Excitatory Neurons	Excitatory Neurons	NA	NA	ERP147933	ERS15568019	0.972	0.737	7.083	0.720	0.497	0.945	1377.87	66940	38785.22	1672
ERX10986733	Excitatory Neurons	Excitatory Neurons	NA	NA	ERP147933	ERS15568010	0.973	0.733	8.603	0.757	0.532	0.948	1351.17	70052	25963.95	2193
ERX10986734	Excitatory Neurons	Excitatory Neurons	NA	NA	ERP147933	ERS15568011	0.974	0.734	7.026	0.809	0.536	0.945	1375.14	68045	38714.91	1518
ERX10986735	Excitatory Neurons	Excitatory Neurons	NA	NA	ERP147933	ERS15568012	0.973	0.732	11.679	0.808	0.612	0.951	1299.7	80204	25610.03	2689
ERX10986736	Excitatory Neurons	Excitatory Neurons	NA	NA	ERP147933	ERS15568013	0.972	0.738	12.001	0.826	0.533	0.952	1301.98	81818	28283.54	2337
ERX10986737	Excitatory Neurons	Excitatory Neurons	NA	NA	ERP147933	ERS15568014	0.974	0.731	11.185	0.810	0.561	0.951	1282.57	82641	26847.81	2473
ERX10986738	Excitatory Neurons	Excitatory Neurons	NA	NA	ERP147933	ERS15568015	0.971	0.738	11.087	0.792	0.526	0.951	1305.72	77271	26578.76	2610
ERX10986739	Excitatory Neurons	Excitatory Neurons	NA	NA	ERP147933	ERS15568018	0.973	0.733	11.123	0.786	0.577	0.951	1303.16	79611	27590.22	2407
ERX10986740	Excitatory Neurons	Excitatory Neurons	NA	NA	ERP147933	ERS15568019	0.973	0.737	8.047	0.787	0.474	0.948	1355.16	70204	26064.24	2474
ERX10986741	Excitatory Neurons	Excitatory Neurons	NA	NA	ERP147933	ERS15568016	0.972	0.735	7.737	0.723	0.448	0.947	1365.94	67499	37122.87	1686
ERX10986742	Excitatory Neurons	Excitatory Neurons	NA	NA	ERP147933	ERS15568017	0.972	0.737	7.155	0.724	0.497	0.945	1378.19	66841	36642.08	1846
ERX10986743	Excitatory Neurons	Excitatory Neurons	NA	NA	ERP147933	ERS15568010	0.973	0.733	8.688	0.755	0.527	0.948	1357.46	69773	24687.81	2458
ERX10986744	Excitatory Neurons	Excitatory Neurons	NA	NA	ERP147933	ERS15568011	0.974	0.734	7.112	0.808	0.531	0.945	1371.8	68334	35199.83	1898
ERX10986745	Excitatory Neurons	Excitatory Neurons	NA	NA	ERP147933	ERS15568012	0.973	0.732	11.767	0.808	0.609	0.951	1294.51	80688	25450.42	2766
ERX10986746	Excitatory Neurons	Excitatory Neurons	NA	NA	ERP147933	ERS15568013	0.972	0.739	12.028	0.826	0.531	0.952	1302.66	82087	27603.02	2527
ERX10986747	Excitatory Neurons	Excitatory Neurons	NA	NA	ERP147933	ERS15568014	0.974	0.731	11.315	0.810	0.557	0.951	1282.68	83040	26496.68	2574
ERX10986748	Excitatory Neurons	Excitatory Neurons	NA	NA	ERP147933	ERS15568015	0.971	0.739	11.212	0.791	0.521	0.951	1308.01	77490	26597.19	2652
ERX10986749	Excitatory Neurons	Excitatory Neurons	NA	NA	ERP147933	ERS15568018	0.973	0.733	11.321	0.786	0.570	0.951	1297.89	80689	27705.97	2413
ERX10986750	Excitatory Neurons	Excitatory Neurons	NA	NA	ERP147933	ERS15568019	0.973	0.737	8.146	0.786	0.468	0.948	1353.51	70668	26501.68	2408
ERX10986751	Excitatory Neurons	Excitatory Neurons	NA	NA	ERP147933	ERS15568016	0.972	0.735	7.795	0.721	0.443	0.947	1366.12	67779	35398.31	1893
ERX10986752	Excitatory Neurons	Excitatory Neurons	NA	NA	ERP147933	ERS15568017	0.972	0.737	7.156	0.721	0.495	0.945	1375.69	67393	37179.37	1824
ERX10986753	Hippocampus	Hippocampus	NA	NA	ERP147933	ERS15568020	0.978	0.726	14.716	0.873	0.597	0.953	1230.2	87920	14812.11	4436
ERX10986754	Hippocampus	Hippocampus	NA	NA	ERP147933	ERS15568021	0.978	0.725	11.558	0.791	0.488	0.951	1254.75	78382	24598.87	2318
ERX10986755	Hippocampus	Hippocampus	NA	NA	ERP147933	ERS15568022	0.977	0.726	7.067	0.729	0.484	0.945	1333.95	67477	34498.04	1601
ERX10986756	Hippocampus	Hippocampus	NA	NA	ERP147933	ERS15568023	0.978	0.729	11.618	0.801	0.554	0.951	1249.76	80897	24875.37	2341
ERX10986757	Hippocampus	Hippocampus	NA	NA	ERP147933	ERS15568020	0.978	0.726	14.772	0.874	0.600	0.954	1227.69	88340	15013.41	4260
ERX10986758	Hippocampus	Hippocampus	NA	NA	ERP147933	ERS15568021	0.978	0.725	11.543	0.792	0.493	0.951	1251.58	78508	24152.17	2460
ERX10986759	Hippocampus	Hippocampus	NA	NA	ERP147933	ERS15568022	0.977	0.726	7.077	0.732	0.487	0.945	1338.81	67082	32398.05	1846
ERX10986760	Hippocampus	Hippocampus	NA	NA	ERP147933	ERS15568023	0.978	0.728	11.604	0.801	0.558	0.951	1249.59	81052	24703.87	2388
ERX10986761	Hippocampus	Hippocampus	NA	NA	ERP147933	ERS15568020	0.978	0.726	14.916	0.874	0.597	0.954	1227.45	88459	15043.74	4218
ERX10986762	Hippocampus	Hippocampus	NA	NA	ERP147933	ERS15568021	0.978	0.726	11.674	0.791	0.487	0.951	1243.03	79609	23852.36	2522
ERX10986763	Hippocampus	Hippocampus	NA	NA	ERP147933	ERS15568022	0.977	0.727	7.152	0.730	0.482	0.945	1331.92	67830	33289.43	1770
ERX10986764	Hippocampus	Hippocampus	NA	NA	ERP147933	ERS15568023	0.978	0.729	11.775	0.801	0.553	0.951	1253.99	80820	24262.88	2522
ERX10986765	Excitatory Neurons	Excitatory Neurons	NA	NA	ERP147933	ERS15568024	0.981	0.727	22.381	0.719	0.492	0.956	1215.37	89536	14123.45	4381
ERX10986766	Excitatory Neurons	Excitatory Neurons	NA	NA	ERP147933	ERS15568025	0.981	0.723	21.497	0.700	0.406	0.955	1227.45	85964	14380.08	4052
ERX10986767	Excitatory Neurons	Excitatory Neurons	NA	NA	ERP147933	ERS15568026	0.982	0.721	31.162	0.764	0.534	0.957	1249.46	90546	13953.45	4311
ERX10986768	Excitatory Neurons	Excitatory Neurons	NA	NA	ERP147933	ERS15568027	0.982	0.719	20.275	0.583	0.299	0.956	1177.33	92387	14271.62	3885
ERX10986769	Excitatory Neurons	Excitatory Neurons	NA	NA	ERP147933	ERS15568028	0.981	0.722	18.248	0.599	0.409	0.955	1188.88	88346	13919.93	4114
ERX10986770	Excitatory Neurons	Excitatory Neurons	NA	NA	ERP147933	ERS15568029	0.982	0.722	32.058	0.780	0.614	0.958	1246.47	92542	14462.93	4213
ERX10986771	Excitatory Neurons	Excitatory Neurons	NA	NA	ERP147933	ERS15568030	0.982	0.720	23.111	0.705	0.371	0.956	1214.87	89206	13937.01	4318
ERX10986772	Excitatory Neurons	Excitatory Neurons	NA	NA	ERP147933	ERS15568031	0.981	0.721	11.823	0.486	0.270	0.952	1239.84	76809	22979.15	2274
ERX10986773	Excitatory Neurons	Excitatory Neurons	NA	NA	ERP147933	ERS15568032	0.982	0.721	21.079	0.618	0.385	0.956	1182.77	92360	13874.12	4400
ERX10986774	Excitatory Neurons	Excitatory Neurons	NA	NA	ERP147933	ERS15568033	0.981	0.710	5.187	0.335	0.196	0.934	1459.97	57797	41912.59	1221
ERX11707954	24h differentiation	24h differentiation	NA	NA	ERP155689	ERS17199513	0.994	0.816	9.395	0.803	0.800	0.930	1494.27	28256	31656.7	2879
ERX11707955	Epiblast Cell	epiblast cell	NA	NA	ERP155689	ERS17199514	0.991	0.819	11.887	0.795	0.780	0.934	1354.16	30529	34126.96	3147
ERX11707956	24h differentiation	24h differentiation	NA	NA	ERP155689	ERS17199515	0.994	0.804	10.979	0.797	0.788	0.933	1391.55	30404	32224.92	2892
ERX11707957	Epiblast Cell	epiblast cell	NA	NA	ERP155689	ERS17199516	0.992	0.826	9.174	0.792	0.758	0.929	1525.61	27872	35605.41	3188
ERX11707958	Epiblast Cell	epiblast cell	NA	NA	ERP155689	ERS17199517	0.980	0.813	11.047	0.781	0.682	0.929	1410.71	27058	34793.02	1751
ERX11707959	Epiblast Cell	epiblast cell	NA	NA	ERP155689	ERS17199518	0.981	0.813	10.410	0.816	0.540	0.912	1345.94	24829	32110.91	1439
ERX11707960	Epiblast Cell	epiblast cell	NA	NA	ERP155689	ERS17199519	0.982	0.810	11.761	0.811	0.625	0.922	1318.15	26676	31940.35	1619
ERX12187630	ERS12345735	NA	NA	NA	ERP138895	ERS12345735	0.992	0.677	8.233	0.803	0.284	0.927	1249.4	39443	17874.83	636
ERX12187631	ERS12345735	NA	NA	NA	ERP138895	ERS12345735	0.985	0.686	9.179	0.759	0.374	0.932	1248.36	39793	12125.64	1250
ERX12187632	ERS12345734	NA	NA	NA	ERP138895	ERS12345734	0.993	0.659	7.897	0.805	0.269	0.926	1328.02	37819	15858.83	842
ERX12187633	ERS12345734	NA	NA	NA	ERP138895	ERS12345734	0.985	0.668	8.752	0.761	0.354	0.931	1319.24	38443	13380.61	972
ERX12187634	ERS12345733	NA	NA	NA	ERP138895	ERS12345733	0.992	0.651	8.896	0.797	0.262	0.929	1291.98	31022	31792.34	405
ERX12187635	ERS12345733	NA	NA	NA	ERP138895	ERS12345733	0.985	0.660	10.072	0.753	0.350	0.935	1270.79	31161	20573.06	564
ERX12187636	ERS12345732	NA	NA	NA	ERP138895	ERS12345732	0.992	0.540	7.442	0.797	0.278	0.924	12252.19	8913	1562862.65	817
ERX12187637	ERS12345732	NA	NA	NA	ERP138895	ERS12345732	0.985	0.550	8.268	0.754	0.362	0.930	11546.61	12391	1680975.68	714
ERX1246049	ERS822411	NA	NA	NA	ERP003907	ERS822411	0.992	0.692	1.814	0.844	0.878	0.738	2030.21	21671	56651.91	283
ERX1246050	ERS822412	NA	NA	NA	ERP003907	ERS822412	0.993	0.381	1.753	0.805	0.889	0.734	0.0	0	41725280.0	1
ERX1246056	ERS822412	NA	NA	NA	ERP003907	ERS822412	0.993	0.382	1.747	0.805	0.889	0.732	613500.33	3	0.0	0
ERX1265809	C3 mPGCLC2	NA	NA	NA	ERP008742	ERS819854	0.983	0.196	2.020	0.551	0.727	0.715	657890.0	1	191994925.0	1
ERX1265810	D3 mPGCLC2	NA	NA	NA	ERP008742	ERS819855	0.983	0.217	2.133	0.508	0.804	0.749	634918.0	2	0.0	0
ERX1265811	E3 mPGCLC2	NA	NA	NA	ERP008742	ERS819856	0.982	0.364	2.009	0.511	0.803	0.722	471503.0	1	8040469.08	13
ERX1265812	F3 mPGCLC2	NA	NA	NA	ERP008742	ERS819857	0.982	0.324	2.085	0.470	0.828	0.730	539157.5	2	10998295.0	2
ERX1265813	G3 mPGCLC2	NA	NA	NA	ERP008742	ERS819858	0.981	0.355	2.483	0.571	0.568	0.771	710610.0	1	5053423.4	50
ERX1265814	H3 mPGCLC2	NA	NA	NA	ERP008742	ERS819859	0.977	0.400	2.283	0.383	0.892	0.744	116102.75	8	681179.54	153
ERX1265825	D2 mPGCLC1	NA	NA	NA	ERP008742	ERS819847	0.982	0.356	2.159	0.590	0.545	0.731	522923.33	3	5037860.87	55
ERX1265827	F2 mPGCLC1	NA	NA	NA	ERP008742	ERS819849	0.981	0.337	1.878	0.505	0.693	0.703	524415.33	3	7574647.95	22
ERX1265828	G2 mPGCLC1	NA	NA	NA	ERP008742	ERS819850	0.981	0.310	1.893	0.598	0.578	0.703	490508.0	1	12428370.5	4
ERX1265833	D2 mPGCLC1	NA	NA	NA	ERP008742	ERS819847	0.982	0.356	2.174	0.591	0.541	0.733	611522.0	1	5412641.21	33
ERX1265835	F2 mPGCLC1	NA	NA	NA	ERP008742	ERS819849	0.981	0.337	1.901	0.505	0.689	0.707	462650.0	1	8045445.38	13
ERX1265836	G2 mPGCLC1	NA	NA	NA	ERP008742	ERS819850	0.981	0.310	1.906	0.598	0.575	0.705	576749.0	1	13381157.0	1
ERX1265838	A3 mPGCLC1	NA	NA	NA	ERP008742	ERS819852	0.978	0.642	1.971	0.561	0.529	0.700	1662.73	27095	121338.47	366
ERX1265840	C3 mPGCLC2	NA	NA	NA	ERP008742	ERS819854	0.984	0.197	2.301	0.555	0.687	0.747	726912.5	2	0.0	0
ERX1265841	D3 mPGCLC2	NA	NA	NA	ERP008742	ERS819855	0.983	0.218	2.464	0.512	0.769	0.783	647677.0	1	0.0	0
ERX1265842	E3 mPGCLC2	NA	NA	NA	ERP008742	ERS819856	0.982	0.365	2.283	0.515	0.773	0.755	796219.0	1	5150558.34	44
ERX1265843	F3 mPGCLC2	NA	NA	NA	ERP008742	ERS819857	0.982	0.325	2.383	0.475	0.797	0.763	838820.0	1	9648913.33	6
ERX1265844	G3 mPGCLC2	NA	NA	NA	ERP008742	ERS819858	0.981	0.356	2.789	0.574	0.517	0.797	796219.0	1	4426827.69	58
ERX1265845	H3 mPGCLC2	NA	NA	NA	ERP008742	ERS819859	0.977	0.401	2.587	0.390	0.873	0.773	42863.49	232	379143.22	327
ERX1275777	ESC	NA	NA	NA	ERP008742	ERS700708	0.978	0.367	3.127	0.594	0.939	0.823	901931.0	2	6464652.16	19
ERX1275778	ESC	NA	NA	NA	ERP008742	ERS700709	0.982	0.394	3.414	0.542	0.925	0.855	27139.26	455	4336838.64	70
ERX1275781	ESC	NA	NA	NA	ERP008742	ERS700712	0.978	0.361	2.463	0.605	0.934	0.773	795055.0	1	7015838.68	19
ERX1275782	ESC	NA	NA	NA	ERP008742	ERS700713	0.981	0.348	2.868	0.564	0.932	0.820	766662.0	3	7059059.61	23
ERX1275785	ESC	NA	NA	NA	ERP008742	ERS700708	0.979	0.367	3.144	0.593	0.939	0.824	838820.0	1	6399575.41	22
ERX1275786	ESC	NA	NA	NA	ERP008742	ERS700709	0.982	0.394	3.429	0.542	0.925	0.856	23910.9	722	4215825.59	79
ERX1275789	ESC	NA	NA	NA	ERP008742	ERS700712	0.978	0.361	2.467	0.605	0.934	0.773	743112.0	1	8256100.56	9
ERX1275790	ESC	NA	NA	NA	ERP008742	ERS700713	0.981	0.348	2.879	0.563	0.932	0.820	838820.0	1	8830856.78	9
ERX13031890	ESC	mESC	NA	NA	ERP164177	ERS21039276	0.911	0.258	15.463	0.795	0.261	0.882	0.0	0	109675943.0	1
ERX13031893	ESC	mESC	NA	NA	ERP164177	ERS21039279	0.910	0.277	15.262	0.795	0.305	0.911	0.0	0	109678263.0	1
ERX13031896	ESC	mESC	NA	NA	ERP164177	ERS21039282	0.916	0.248	13.722	0.797	0.304	0.897	0.0	0	0.0	0
ERX13031899	ESC	mESC	NA	NA	ERP164177	ERS21039285	0.918	0.253	13.386	0.795	0.305	0.922	0.0	0	90385086.0	1
ERX14354192	Small Intestine	stem cell young mitochondria	small intestine	NA	ERP172394	ERS24441074	0.994	0.700	13.571	0.849	0.430	0.957	1039.49	69809	8819.77	2896
ERX14354193	Small Intestine	stem cell young mitochondria	small intestine	NA	ERP172394	ERS24441075	0.993	0.693	10.819	0.847	0.435	0.952	1072.01	68411	14337.76	1549
ERX14354194	Small Intestine	stem cell old mitochondria	small intestine	NA	ERP172394	ERS24441076	0.994	0.700	14.193	0.843	0.432	0.957	1034.43	69529	8438.53	3117
ERX14354195	Small Intestine	stem cell old mitochondria	small intestine	NA	ERP172394	ERS24441077	0.993	0.693	11.522	0.843	0.415	0.953	1061.0	68831	13126.25	1920
ERX14354196	Small Intestine	stem cell young mitochondria	small intestine	NA	ERP172394	ERS24441078	0.994	0.703	20.167	0.858	0.385	0.939	925.71	80876	8155.84	3548
ERX14354197	Small Intestine	stem cell young mitochondria	small intestine	NA	ERP172394	ERS24441079	0.993	0.690	15.370	0.844	0.382	0.937	1016.74	70098	8671.05	3211
ERX14354198	Small Intestine	stem cell old mitochondria	small intestine	NA	ERP172394	ERS24441080	0.994	0.703	15.356	0.849	0.405	0.957	1004.04	71919	8249.63	3325
ERX14354199	Small Intestine	stem cell old mitochondria	small intestine	NA	ERP172394	ERS24441081	0.993	0.695	11.566	0.848	0.414	0.952	1051.99	68457	13796.17	1640
ERX14354200	Small Intestine	stem cell young mitochondria	small intestine	NA	ERP172394	ERS24441082	0.993	0.707	13.055	0.844	0.435	0.957	1022.2	68529	12489.89	1941
ERX14354201	Small Intestine	stem cell young mitochondria	small intestine	NA	ERP172394	ERS24441083	0.993	0.697	9.968	0.841	0.421	0.952	1065.17	66331	13106.81	1840
ERX14354202	Small Intestine	stem cell old mitochondria	small intestine	NA	ERP172394	ERS24441084	0.993	0.707	14.086	0.839	0.423	0.958	1009.85	69229	8259.4	3239
ERX14354203	Small Intestine	stem cell old mitochondria	small intestine	NA	ERP172394	ERS24441085	0.993	0.697	11.334	0.834	0.406	0.953	1046.59	67278	13011.83	1838
ERX14354204	Small Intestine	stem cell young mitochondria	small intestine	NA	ERP172394	ERS24441086	0.993	0.699	16.497	0.839	0.377	0.959	990.98	72919	8999.59	2653
ERX14354205	Small Intestine	stem cell young mitochondria	small intestine	NA	ERP172394	ERS24441087	0.993	0.690	11.616	0.840	0.397	0.954	1066.3	66956	13237.25	1809
ERX14354206	Small Intestine	stem cell old mitochondria	small intestine	NA	ERP172394	ERS24441088	0.992	0.698	12.377	0.829	0.440	0.957	1045.74	66393	12767.08	1705
ERX14354207	Small Intestine	stem cell old mitochondria	small intestine	NA	ERP172394	ERS24441089	0.992	0.686	11.821	0.828	0.411	0.954	1061.32	66689	13474.53	1646
ERX1488983	Spleen	mature B cell	Spleen	NA	ERP015660	ERS333247	0.995	0.781	2.673	0.818	0.856	0.849	1412.63	33915	44566.48	523
ERX1488984	Spleen	mature B cell	Spleen	NA	ERP015660	ERS333245	0.995	0.796	2.278	0.807	0.851	0.813	1490.2	32400	55782.99	335
ERX1488985	Spleen	mature B cell	Spleen	NA	ERP015660	ERS333247	0.995	0.782	2.694	0.818	0.856	0.851	1435.1	32929	41868.77	442
ERX1488986	Spleen	mature B cell	Spleen	NA	ERP015660	ERS333245	0.995	0.796	2.294	0.808	0.851	0.815	1489.54	32313	57727.32	334
ERX1488987	Spleen	mature B cell	Spleen	NA	ERP015660	ERS333247	0.995	0.782	2.372	0.819	0.862	0.825	1474.96	32074	54689.7	347
ERX1488988	Spleen	mature B cell	Spleen	NA	ERP015660	ERS333245	0.995	0.797	2.025	0.809	0.857	0.785	1545.99	30494	67428.29	240
ERX1488989	Spleen	CD4-positive, alpha-beta T cell	Spleen	NA	ERP015660	ERS255579	0.996	0.782	2.781	0.824	0.855	0.854	1366.19	34903	39584.43	548
ERX1488990	Spleen	CD4-positive, alpha-beta T cell	Spleen	NA	ERP015660	ERS255580	0.995	0.783	2.584	0.821	0.850	0.837	1395.2	33592	46137.96	424
ERX1488991	Spleen	CD4-positive, alpha-beta T cell	Spleen	NA	ERP015660	ERS255579	0.996	0.782	2.777	0.825	0.855	0.854	1380.13	34291	38264.22	643
ERX1488992	Spleen	CD4-positive, alpha-beta T cell	Spleen	NA	ERP015660	ERS255580	0.995	0.783	2.582	0.821	0.850	0.837	1398.91	33587	46645.71	366
ERX1488993	Spleen	CD4-positive, alpha-beta T cell	Spleen	NA	ERP015660	ERS255579	0.996	0.782	2.768	0.824	0.855	0.853	1358.22	35072	51137.99	280
ERX1488994	Spleen	CD4-positive, alpha-beta T cell	Spleen	NA	ERP015660	ERS255580	0.995	0.783	2.574	0.821	0.850	0.836	1396.73	33701	46412.87	390
ERX1488995	Spleen	CD4-positive, alpha-beta T cell	Spleen	NA	ERP015660	ERS255583	0.995	0.782	2.526	0.815	0.856	0.836	1414.21	33481	48079.63	456
ERX1488996	Spleen	CD4-positive, alpha-beta T cell	Spleen	NA	ERP015660	ERS255584	0.995	0.783	2.605	0.813	0.856	0.841	1394.12	33928	50689.75	349
ERX1488998	Spleen	CD4-positive, alpha-beta T cell	Spleen	NA	ERP015660	ERS255584	0.995	0.783	2.585	0.814	0.857	0.840	1395.86	34068	51154.08	372
ERX1488999	Spleen	CD4-positive, alpha-beta T cell	Spleen	NA	ERP015660	ERS255583	0.995	0.783	2.507	0.820	0.856	0.835	1391.28	34315	50177.37	385
ERX1489000	Spleen	CD4-positive, alpha-beta T cell	Spleen	NA	ERP015660	ERS255584	0.995	0.784	2.586	0.818	0.856	0.840	1392.83	34069	49658.39	415
ERX1489001	Spleen	CD4-positive, alpha-beta T cell	Spleen	NA	ERP015660	ERS255587	0.996	0.773	2.656	0.827	0.846	0.841	1551.76	34867	52722.94	616
ERX1489002	Spleen	CD4-positive, alpha-beta T cell	Spleen	NA	ERP015660	ERS255588	0.996	0.774	2.621	0.827	0.847	0.839	1546.73	35036	48719.45	859
ERX1489003	Spleen	CD4-positive, alpha-beta T cell	Spleen	NA	ERP015660	ERS255587	0.996	0.773	2.662	0.827	0.846	0.842	1539.37	35265	63113.7	349
ERX1489004	Spleen	CD4-positive, alpha-beta T cell	Spleen	NA	ERP015660	ERS255588	0.996	0.774	2.627	0.827	0.847	0.839	1547.84	34849	52477.45	641
ERX1489005	Spleen	CD4-positive, alpha-beta T cell	Spleen	NA	ERP015660	ERS255587	0.996	0.773	2.653	0.828	0.846	0.841	1557.7	34726	51628.62	723
ERX1489006	Spleen	CD4-positive, alpha-beta T cell	Spleen	NA	ERP015660	ERS255588	0.996	0.774	2.616	0.827	0.847	0.838	1553.48	34649	51793.71	737
ERX1489007	Spleen	CD4-positive, alpha-beta T cell	Spleen	NA	ERP015660	ERS255591	0.996	0.774	2.536	0.819	0.847	0.835	1574.71	34411	56237.04	669
ERX1489008	Spleen	CD4-positive, alpha-beta T cell	Spleen	NA	ERP015660	ERS255592	0.996	0.776	2.651	0.819	0.850	0.846	1569.2	34686	60917.08	357
ERX1489009	Spleen	CD4-positive, alpha-beta T cell	Spleen	NA	ERP015660	ERS255591	0.996	0.774	2.530	0.820	0.847	0.834	1575.34	34471	56383.3	601
ERX1489010	Spleen	CD4-positive, alpha-beta T cell	Spleen	NA	ERP015660	ERS255592	0.996	0.776	2.648	0.820	0.850	0.846	1558.92	35168	51046.67	708
ERX1489011	Spleen	CD4-positive, alpha-beta T cell	Spleen	NA	ERP015660	ERS255591	0.996	0.773	2.533	0.819	0.847	0.834	1575.57	34262	59252.21	531
ERX1489012	Spleen	CD4-positive, alpha-beta T cell	Spleen	NA	ERP015660	ERS255592	0.996	0.776	2.647	0.819	0.851	0.846	1561.96	35018	48649.28	766
ERX15172447	Microglia	microglia	NA	NA	ERP182441	ERS27101765	0.984	0.728	3.148	0.537	0.165	0.854	1832.8	27079	37729.1	139
ERX15172448	Microglia	microglia	NA	NA	ERP182441	ERS27101766	0.984	0.725	2.035	0.532	0.305	0.770	2184.09	20347	39193.16	209
ERX15172449	Microglia	microglia	NA	NA	ERP182441	ERS27101767	0.986	0.741	2.808	0.715	0.369	0.796	1752.21	25203	31038.88	229
ERX15172450	Microglia	microglia	NA	NA	ERP182441	ERS27101768	0.985	0.738	3.089	0.682	0.403	0.834	1813.73	26100	22685.92	367
ERX15172451	Microglia	microglia	NA	NA	ERP182441	ERS27101769	0.985	0.743	2.646	0.570	0.416	0.799	1790.87	26928	27587.21	247
ERX15172452	Microglia	microglia	NA	NA	ERP182441	ERS27101770	0.983	0.751	1.936	0.401	0.121	0.727	1902.06	22552	46329.05	166
ERX15172453	Microglia	microglia	NA	NA	ERP182441	ERS27101771	0.983	0.748	2.179	0.556	0.326	0.787	1841.68	24581	34125.96	305
ERX15172454	Microglia	microglia	NA	NA	ERP182441	ERS27101772	0.986	0.746	4.032	0.788	0.471	0.891	1654.16	29449	21241.13	426
ERX15172455	Microglia	microglia	NA	NA	ERP182441	ERS27101773	0.981	0.758	2.474	0.533	0.362	0.798	1468.89	28175	41469.75	141
ERX15172456	Microglia	microglia	NA	NA	ERP182441	ERS27101774	0.985	0.748	3.253	0.644	0.435	0.853	1843.62	24107	23576.73	357
ERX15172457	Microglia	microglia	NA	NA	ERP182441	ERS27101775	0.983	0.743	2.629	0.529	0.114	0.795	1881.54	24344	31704.87	267
ERX15172458	Microglia	microglia	NA	NA	ERP182441	ERS27101776	0.983	0.731	2.404	0.540	0.356	0.824	1864.75	26179	49409.58	125
ERX15172459	Microglia	microglia	NA	NA	ERP182441	ERS27101777	0.986	0.743	4.143	0.795	0.493	0.903	1642.46	29932	21011.3	483
ERX15172461	Microglia	microglia	NA	NA	ERP182441	ERS27101779	0.983	0.754	2.673	0.555	0.409	0.812	1816.77	25141	27543.59	248
ERX15172462	Microglia	microglia	NA	NA	ERP182441	ERS27101780	0.983	0.743	2.795	0.490	0.146	0.805	1805.46	26185	34038.65	155
ERX15172463	Microglia	microglia	NA	NA	ERP182441	ERS27101781	0.983	0.732	2.415	0.527	0.462	0.822	1867.07	26594	36427.26	183
ERX15172464	Microglia	microglia	NA	NA	ERP182441	ERS27101782	0.986	0.741	3.408	0.755	0.496	0.872	1736.21	28097	24740.21	332
ERX15172465	Microglia	microglia	NA	NA	ERP182441	ERS27101783	0.984	0.749	2.474	0.595	0.359	0.806	1836.11	25318	33186.18	228
ERX15172466	Microglia	microglia	NA	NA	ERP182441	ERS27101784	0.984	0.755	2.815	0.560	0.420	0.809	1828.73	24576	29250.4	240
ERX15172467	Microglia	microglia	NA	NA	ERP182441	ERS27101785	0.986	0.754	3.885	0.757	0.447	0.893	1616.13	30524	21412.65	443
ERX15172468	Microglia	microglia	NA	NA	ERP182441	ERS27101786	0.986	0.762	3.800	0.775	0.490	0.874	1608.06	30340	21435.03	446
ERX15172469	Microglia	microglia	NA	NA	ERP182441	ERS27101787	0.985	0.758	5.930	0.751	0.404	0.924	1420.16	36004	16265.74	772
ERX15172470	Microglia	microglia	NA	NA	ERP182441	ERS27101788	0.986	0.759	3.599	0.778	0.315	0.868	1585.55	29110	24881.43	314
ERX15172471	Microglia	microglia	NA	NA	ERP182441	ERS27101789	0.986	0.758	4.801	0.784	0.470	0.905	1561.28	29764	17089.47	528
ERX15172472	Microglia	microglia	NA	NA	ERP182441	ERS27101790	0.983	0.754	3.173	0.673	0.093	0.865	1640.03	27991	29726.25	339
ERX1589870	ERS1237044	NA	NA	NA	ERP016240	ERS1237044	0.913	0.738	1.464	0.807	0.632	0.701	1922.92	20747	96949.02	43
ERX1589883	ERS1237044	NA	NA	NA	ERP016240	ERS1237044	0.917	0.740	1.460	0.808	0.667	0.700	1931.98	20937	76474.42	71
ERX1624700	Liver	NA	NA	NA	ERP016240	ERS1272634	0.914	0.775	1.542	0.808	0.629	0.714	1813.83	23238	108234.99	137
ERX1624701	Liver	NA	NA	NA	ERP016240	ERS1272634	0.915	0.775	1.683	0.803	0.607	0.739	1762.37	24512	83430.14	184
ERX1624732	ERS1272635	NA	NA	NA	ERP016240	ERS1272635	0.920	0.803	1.561	0.804	0.446	0.708	1667.06	27787	108726.09	163
ERX1624733	ERS1272635	NA	NA	NA	ERP016240	ERS1272635	0.920	0.802	1.545	0.803	0.446	0.705	1681.0	27438	102851.13	301
ERX1624734	ERS1272635	NA	NA	NA	ERP016240	ERS1272635	0.921	0.803	1.621	0.802	0.490	0.722	1639.03	28739	98076.65	233
ERX1624735	ERS1272635	NA	NA	NA	ERP016240	ERS1272635	0.921	0.802	1.606	0.802	0.490	0.719	1647.68	28639	109428.64	171
ERX1624736	ERS1272636	NA	NA	NA	ERP016240	ERS1272636	0.919	0.807	1.534	0.810	0.534	0.711	1616.5	28685	108009.88	225
ERX1624738	ERS1272636	NA	NA	NA	ERP016240	ERS1272636	0.920	0.808	1.493	0.811	0.578	0.704	1632.01	28413	112178.71	253
ERX1624740	ERS1272636	NA	NA	NA	ERP016240	ERS1272636	0.920	0.809	1.531	0.812	0.512	0.709	1629.22	28570	97860.54	291
ERX1624742	ERS1272636	NA	NA	NA	ERP016240	ERS1272636	0.921	0.809	1.487	0.810	0.563	0.702	1673.44	27290	117414.99	255
ERX1624756	ERS1272630	NA	NA	NA	ERP016240	ERS1272630	0.919	0.803	1.664	0.804	0.548	0.732	1690.11	26766	85118.96	244
ERX1624757	ERS1272630	NA	NA	NA	ERP016240	ERS1272630	0.920	0.803	1.666	0.807	0.547	0.733	1665.83	27548	85701.62	253
ERX1624764	ERS1272631	NA	NA	NA	ERP016240	ERS1272631	0.916	0.801	1.685	0.807	0.446	0.736	1689.88	26149	73803.89	267
ERX1624765	ERS1272631	NA	NA	NA	ERP016240	ERS1272631	0.916	0.800	1.673	0.806	0.448	0.734	1674.18	26500	81753.01	208
ERX1624772	Skin	NA	NA	NA	ERP016240	ERS1272624	0.919	0.712	1.560	0.805	0.515	0.715	2083.72	20710	61883.25	110
ERX1624773	Skin	NA	NA	NA	ERP016240	ERS1272624	0.918	0.712	1.553	0.805	0.515	0.714	2104.13	20256	81345.15	60
ERX1624774	Skin	NA	NA	NA	ERP016240	ERS1272624	0.920	0.713	1.477	0.805	0.595	0.701	2084.23	20630	73625.11	55
ERX1624780	Skin	NA	NA	NA	ERP016240	ERS1272626	0.920	0.711	1.596	0.806	0.546	0.720	2098.24	20700	76940.0	53
ERX1624781	Skin	NA	NA	NA	ERP016240	ERS1272626	0.920	0.711	1.579	0.808	0.552	0.716	2126.72	20172	72624.73	74
ERX1624789	Skin	NA	NA	NA	ERP016240	ERS1272625	0.919	0.708	1.524	0.805	0.543	0.707	2118.06	20756	78047.51	49
ERX167039	Epiblast	NA	Epiblast	NA	ERP001953	ERS187937	0.982	0.661	11.383	0.826	0.559	0.936	1331.12	26710	16663.82	629
ERX167040	Primordial Germ	NA	Primordial Germ Cell	NA	ERP001953	ERS187938	0.977	0.223	4.663	0.738	0.162	0.894	0.0	0	0.0	0
ERX167041	Primordial Germ	NA	Primordial Germ Cell	NA	ERP001953	ERS187939	0.980	0.182	5.620	0.771	0.226	0.914	838820.0	1	5870995.64	11
ERX167042	Primordial Germ	NA	Primordial Germ Cell	NA	ERP001953	ERS187940	0.978	0.070	6.522	0.777	0.289	0.920	844701.0	2	2751450.97	124
ERX167044	Primordial Germ	NA	Primordial Germ Cell	NA	ERP001953	ERS187942	0.982	0.447	8.938	0.796	0.536	0.928	2094.85	36818	405618.89	1416
ERX167046	J1 ES	NA	J1 ES Cell	NA	ERP001953	ERS187944	0.979	0.720	8.230	0.784	0.697	0.917	1376.15	33710	26499.41	1697
ERX167047	Primordial Germ	NA	Primordial Germ Cell	NA	ERP001953	ERS187945	0.974	0.294	2.168	0.793	0.172	0.784	802773.5	2	0.0	0
ERX167049	Primordial Germ	NA	Primordial Germ Cell	NA	ERP001953	ERS187947	0.987	0.297	2.134	0.666	0.291	0.786	964556.0	1	0.0	0
ERX167050	Epiblast	NA	Epiblast	NA	ERP001953	ERS187948	0.979	0.738	4.023	0.849	0.453	0.896	1529.58	27193	32092.16	467
ERX1709195	mEpiLC E14 d1 1	NA	NA	NA	ERP008742	ERS1167680	0.997	0.266	4.107	0.838	0.908	0.899	1354581.0	1	0.0	0
ERX1709198	mEpiLC E14 d2 2	NA	NA	NA	ERP008742	ERS1167682	0.994	0.496	2.761	0.842	0.914	0.807	5126.35	24704	496619.69	879
ERX1817830	ERS1465045	NA	NA	NA	ERP012781	ERS1465045	0.984	0.618	4.316	0.618	0.106	0.741	1678.3	31315	43071.79	187
ERX1817831	ERS1465046	NA	NA	NA	ERP012781	ERS1465046	0.984	0.618	4.269	0.618	0.104	0.740	1682.86	31112	41250.33	198
ERX1817832	ERS1465047	NA	NA	NA	ERP012781	ERS1465047	0.988	0.644	15.255	0.746	0.724	0.877	1278.15	44033	38091.61	573
ERX1817833	ERS1465048	NA	NA	NA	ERP012781	ERS1465048	0.988	0.647	12.961	0.749	0.677	0.869	1315.21	42245	31611.69	518
ERX190951	Epiblast Cells	epiblast cells	NA	NA	ERP001204	ERS093322	0.979	0.661	11.364	0.820	0.568	0.936	1326.83	26828	16697.79	627
ERX190952	Primordial Germ	primordial germ cells	NA	NA	ERP001204	ERS093323	0.972	0.221	4.645	0.717	0.171	0.894	0.0	0	0.0	0
ERX190953	Primordial Germ	primordial germ cells	NA	NA	ERP001204	ERS093324	0.976	0.181	5.602	0.755	0.235	0.914	0.0	0	6462597.5	4
ERX190954	Primordial Germ	primordial germ cells	NA	NA	ERP001204	ERS093325	0.973	0.068	6.498	0.758	0.302	0.920	964907.0	1	2592553.84	128
ERX190956	Primordial Germ	primordial germ cells	NA	NA	ERP001204	ERS093327	0.979	0.447	8.927	0.791	0.541	0.928	2126.05	35739	395471.32	1471
ERX190958	ESC	embryonic stem cells	NA	NA	ERP001204	ERS093329	0.972	0.721	8.215	0.782	0.701	0.917	1393.37	32978	26176.51	1761
ERX190959	Primordial Germ	NA	Primordial germ cells	NA	ERP001204	ERS147919	0.975	0.293	2.177	0.780	0.178	0.784	802773.5	2	0.0	0
ERX190961	Primordial Germ	NA	Primordial germ cells	NA	ERP001204	ERS147921	0.983	0.296	2.139	0.657	0.297	0.786	770337.0	2	0.0	0
ERX190962	Primordial Germ	NA	Primordial germ cells	NA	ERP001204	ERS147922	0.977	0.738	4.037	0.838	0.461	0.896	1511.51	27669	30979.16	516
ERX1940137	B6 incipient congenic (N5 >95% B6) epiblast-like	B6 incipient congenic (N5; >95% B6) epiblast-like cells	NA	NA	ERP022031	ERS1595767	0.987	0.597	19.276	0.734	0.661	0.958	1208.9	43546	12308.59	2619
ERX1940138	B6 incipient congenic (N5 >95% B6) epiblast-like	B6 incipient congenic (N5; >95% B6) epiblast-like cells	NA	NA	ERP022031	ERS1595768	0.990	0.555	15.363	0.842	0.602	0.940	1145.32	35870	13319.5	1428
ERX1940139	B6 incipient congenic (N5 >95% B6) epiblast-like	B6 incipient congenic (N5; >95% B6) epiblast-like cells	NA	NA	ERP022031	ERS1595769	0.991	0.593	31.664	0.749	0.606	0.962	1157.81	49180	8988.14	3307
ERX1940140	B6 incipient congenic (N5 >95% B6) epiblast-like	B6 incipient congenic (N5; >95% B6) epiblast-like cells	NA	NA	ERP022031	ERS1595770	0.991	0.620	14.135	0.804	0.468	0.953	1150.85	40403	10963.55	1910
ERX1940141	B6 incipient congenic (N5 >95% B6) epiblast-like	B6 incipient congenic (N5; >95% B6) epiblast-like cells	NA	NA	ERP022031	ERS1595771	0.992	0.614	20.495	0.770	0.728	0.959	1141.87	40033	10478.15	2684
ERX1940142	B6 incipient congenic (N5 >95% B6) epiblast-like	B6 incipient congenic (N5; >95% B6) epiblast-like cells	NA	NA	ERP022031	ERS1595772	0.990	0.582	16.348	0.814	0.691	0.946	1134.22	36039	10139.41	2365
ERX1940143	B6 incipient congenic (N5 >95% B6) epiblast-like	B6 incipient congenic (N5; >95% B6) epiblast-like cells	NA	NA	ERP022031	ERS1595773	0.991	0.628	19.477	0.716	0.789	0.960	1215.67	41325	9160.86	2819
ERX1940144	B6 incipient congenic (N5 >95% B6) epiblast-like	B6 incipient congenic (N5; >95% B6) epiblast-like cells	NA	NA	ERP022031	ERS1595774	0.989	0.656	20.983	0.802	0.704	0.960	1144.96	40623	8351.39	2678
ERX1941453	Testis	undifferentiated spermatogonia	testis	NA	ERP022077	ERS1599712	0.984	0.669	4.914	0.582	0.858	0.875	1686.45	70419	261092.15	850
ERX1941454	Testis	undifferentiated spermatogonia	testis	NA	ERP022077	ERS1599713	0.984	0.664	5.139	0.574	0.839	0.874	1706.8	69288	239951.07	832
ERX1941455	Testis	undifferentiated spermatogonia	testis	NA	ERP022077	ERS1599714	0.943	0.674	5.636	0.500	0.798	0.881	1690.14	71407	232268.4	852
ERX1941456	Testis	undifferentiated spermatogonia	testis	NA	ERP022077	ERS1599715	0.982	0.658	5.818	0.629	0.846	0.883	1710.62	72256	231163.55	930
ERX1941457	Testis	undifferentiated spermatogonia	testis	NA	ERP022077	ERS1599716	0.912	0.592	5.977	0.574	0.729	0.776	1579.18	68150	407509.08	488
ERX1941458	Testis	undifferentiated spermatogonia	testis	NA	ERP022077	ERS1599717	0.945	0.689	5.069	0.475	0.843	0.888	1778.43	73534	293356.58	752
ERX1941459	Testis	undifferentiated spermatogonia	testis	NA	ERP022077	ERS1599718	0.983	0.680	5.950	0.627	0.838	0.901	1644.69	64115	211132.49	952
ERX1941460	Testis	undifferentiated spermatogonia	testis	NA	ERP022077	ERS1599719	0.983	0.687	4.910	0.596	0.856	0.880	1588.1	59765	223800.11	889
ERX1941461	Testis	undifferentiated spermatogonia	testis	NA	ERP022077	ERS1599720	0.984	0.690	5.464	0.570	0.840	0.901	1627.35	63608	223949.31	957
ERX1965656	Embryo	NA	NA	NA	ERP010942	ERS1642967	0.988	0.013	7.153	0.801	0.611	0.934	0.0	0	41047847.22	9
ERX1965657	Embryo	NA	NA	NA	ERP010942	ERS1642968	0.988	0.014	10.677	0.807	0.643	0.944	0.0	0	0.0	0
ERX1965663	Embryo	NA	NA	NA	ERP010942	ERS1642974	0.982	0.696	6.156	0.809	0.607	0.928	1516.3	30511	38006.68	1724
ERX1965664	Embryo	NA	NA	NA	ERP010942	ERS1642975	0.982	0.697	7.366	0.812	0.640	0.935	1477.64	30923	40628.05	1911
ERX1965666	Embryo	NA	NA	NA	ERP010942	ERS1642977	0.988	0.729	14.316	0.800	0.693	0.951	1322.65	45333	13420.46	4159
ERX221671	B Cells	B Cells	NA	NA	ERP001632	ERS166405	0.998	0.688	5.360	0.836	0.881	0.881	1161.87	37306	24653.27	309
ERX221672	B Cells	B Cells	NA	NA	ERP001632	ERS166404	0.998	0.715	5.612	0.831	0.874	0.899	1138.61	38315	21404.32	466
ERX2429214	Testis	undifferentiated spermatogonia	testis	NA	ERP107409	ERS2275952	0.982	0.359	6.194	0.516	0.448	0.905	12695.08	8843	1131104.13	686
ERX2429215	Testis	undifferentiated spermatogonia	testis	NA	ERP107409	ERS2275953	0.971	0.295	7.115	0.621	0.708	0.828	19081.21	1427	1657187.03	503
ERX2429216	Testis	undifferentiated spermatogonia	testis	NA	ERP107409	ERS2275954	0.984	0.379	4.266	0.557	0.868	0.870	12225.82	6289	1383790.67	570
ERX2579828	Fibroblast	fibroblast	NA	NA	ERP107948	ERS2369620	0.987	0.709	4.996	0.803	0.828	0.862	1340.01	29718	25662.62	295
ERX2579829	Fibroblast	fibroblast	NA	NA	ERP107948	ERS2369620	0.985	0.696	2.660	0.779	0.405	0.761	1536.17	26542	59098.82	88
ERX2579832	Fibroblast	fibroblast	NA	NA	ERP107948	ERS2369620	0.996	0.738	6.469	0.843	0.839	0.906	1371.72	32668	13266.32	599
ERX2579833	Fibroblast	fibroblast	NA	NA	ERP107948	ERS2369620	0.996	0.739	6.382	0.841	0.841	0.904	1364.5	33055	11562.09	805
ERX2579834	Fibroblast	fibroblast	NA	NA	ERP107948	ERS2369619	0.985	0.663	6.657	0.815	0.459	0.907	1343.73	40126	28015.06	180
ERX2579835	Fibroblast	fibroblast	NA	NA	ERP107948	ERS2369619	0.995	0.699	1.893	0.813	0.860	0.742	2231.83	24501	45291.61	129
ERX2579836	Fibroblast	fibroblast	NA	NA	ERP107948	ERS2369619	0.995	0.699	1.889	0.813	0.860	0.741	2295.91	22319	51619.71	91
ERX2579837	Fibroblast	fibroblast	NA	NA	ERP107948	ERS2369619	0.996	0.692	6.971	0.830	0.842	0.915	1394.13	42078	15242.11	486
ERX2579838	Fibroblast	fibroblast	NA	NA	ERP107948	ERS2369619	0.995	0.694	6.824	0.827	0.843	0.914	1387.34	42593	15994.37	420
ERX2579839	Fibroblast	fibroblast	NA	NA	ERP107948	ERS2369618	0.988	0.716	9.042	0.853	0.603	0.922	1227.31	29052	17952.84	440
ERX2579840	Fibroblast	fibroblast	NA	NA	ERP107948	ERS2369618	0.995	0.746	6.304	0.823	0.843	0.894	1434.5	29308	14140.29	582
ERX2579841	Fibroblast	fibroblast	NA	NA	ERP107948	ERS2369618	0.995	0.748	5.280	0.774	0.691	0.854	1513.67	27481	16408.01	478
ERX2579842	Fibroblast	fibroblast	NA	NA	ERP107948	ERS2369617	0.979	0.681	10.483	0.848	0.538	0.928	1308.54	43791	18117.05	452
ERX2579843	Fibroblast	fibroblast	NA	NA	ERP107948	ERS2369617	0.995	0.696	6.596	0.817	0.818	0.889	1508.26	40480	12471.14	696
ERX2579844	Fibroblast	fibroblast	NA	NA	ERP107948	ERS2369617	0.986	0.706	5.113	0.772	0.689	0.851	1713.17	33391	17161.4	410
ERX2579845	White Adipocyte	white adipocyte	NA	NA	ERP107948	ERS2369613	0.982	0.725	7.032	0.815	0.386	0.909	1239.63	31310	23635.7	336
ERX2579846	White Adipocyte	white adipocyte	NA	NA	ERP107948	ERS2369613	0.993	0.760	6.540	0.802	0.843	0.898	1387.89	32808	12103.71	985
ERX2579847	White Adipocyte	white adipocyte	NA	NA	ERP107948	ERS2369613	0.993	0.761	6.955	0.796	0.851	0.901	1328.51	34688	11664.56	1056
ERX2579848	White Adipocyte	white adipocyte	NA	NA	ERP107948	ERS2369612	0.985	0.740	10.595	0.832	0.680	0.931	1123.79	37816	14324.53	729
ERX2579849	White Adipocyte	white adipocyte	NA	NA	ERP107948	ERS2369612	0.995	0.771	7.236	0.842	0.895	0.900	1370.82	33834	11433.44	1016
ERX2579850	White Adipocyte	white adipocyte	NA	NA	ERP107948	ERS2369612	0.995	0.770	7.054	0.840	0.899	0.896	1360.62	34291	12839.92	734
ERX2579851	White Adipocyte	white adipocyte	NA	NA	ERP107948	ERS2369610	0.982	0.697	9.196	0.798	0.620	0.939	1181.39	38485	16024.51	642
ERX2579852	White Adipocyte	white adipocyte	NA	NA	ERP107948	ERS2369610	0.995	0.735	8.754	0.830	0.869	0.916	1318.52	38083	12681.58	871
ERX2579853	White Adipocyte	white adipocyte	NA	NA	ERP107948	ERS2369610	0.995	0.736	8.731	0.831	0.869	0.916	1292.96	39178	12075.75	986
ERX2579854	White Adipocyte	white adipocyte	NA	NA	ERP107948	ERS2369610	0.995	0.738	7.504	0.835	0.871	0.910	1388.28	35666	13371.54	765
ERX2579855	White Adipocyte	white adipocyte	NA	NA	ERP107948	ERS2369609	0.980	0.701	7.722	0.790	0.502	0.933	1251.11	36272	18534.07	537
ERX2579856	White Adipocyte	white adipocyte	NA	NA	ERP107948	ERS2369609	0.995	0.738	8.165	0.825	0.862	0.908	1374.26	36175	13081.66	835
ERX2579857	White Adipocyte	white adipocyte	NA	NA	ERP107948	ERS2369609	0.995	0.738	7.952	0.825	0.863	0.907	1382.7	36118	12572.71	873
ERX2579858	White Adipocyte	white adipocyte	NA	NA	ERP107948	ERS2369609	0.994	0.741	7.583	0.827	0.862	0.905	1336.73	38530	12563.65	871
ERX2579859	White Adipocyte	white adipocyte	NA	NA	ERP107948	ERS2369608	0.982	0.692	10.551	0.785	0.639	0.941	1133.11	40307	14419.15	873
ERX2579860	White Adipocyte	white adipocyte	NA	NA	ERP107948	ERS2369608	0.994	0.737	7.558	0.818	0.846	0.910	1371.15	36611	12767.12	875
ERX2579861	White Adipocyte	white adipocyte	NA	NA	ERP107948	ERS2369608	0.994	0.737	7.720	0.818	0.846	0.911	1364.66	36587	12596.06	912
ERX2579862	White Adipocyte	white adipocyte	NA	NA	ERP107948	ERS2369608	0.994	0.739	6.914	0.820	0.847	0.905	1407.12	35594	13724.41	750
ERX2579863	White Adipocyte	white adipocyte	NA	NA	ERP107948	ERS2369606	0.965	0.719	4.086	0.811	0.418	0.815	1493.56	30346	35272.98	222
ERX2579864	White Adipocyte	white adipocyte	NA	NA	ERP107948	ERS2369606	0.995	0.714	10.355	0.818	0.882	0.951	1136.44	40033	12878.63	923
ERX2579865	White Adipocyte	white adipocyte	NA	NA	ERP107948	ERS2369606	0.995	0.715	10.231	0.819	0.883	0.951	1141.99	39992	12049.52	1057
ERX2579866	White Adipocyte	white adipocyte	NA	NA	ERP107948	ERS2369606	0.995	0.716	10.314	0.819	0.882	0.951	1143.68	39571	11909.56	1053
ERX2579867	White Adipocyte	white adipocyte	NA	NA	ERP107948	ERS2369606	0.995	0.716	7.634	0.830	0.888	0.945	1201.42	38030	12213.31	975
ERX2579869	Hepatocyte	hepatocyte	NA	NA	ERP107948	ERS2369576	0.984	0.714	3.346	0.821	0.338	0.780	1556.16	30728	46280.8	164
ERX2579870	Liver	liver	NA	NA	ERP107948	ERS2369575	0.983	0.707	2.496	0.829	0.200	0.701	1570.0	24765	68281.15	72
ERX2579871	Hepatocyte	hepatocyte	NA	NA	ERP107948	ERS2369574	0.985	0.728	3.363	0.830	0.369	0.795	1554.71	30723	41205.85	222
ERX2579872	Liver	liver	NA	NA	ERP107948	ERS2369573	0.976	0.708	3.644	0.792	0.418	0.840	1511.96	25973	33308.63	211
ERX2579873	Hepatocyte	hepatocyte	NA	NA	ERP107948	ERS2369572	0.983	0.735	4.008	0.824	0.318	0.813	1495.07	36175	32165.22	410
ERX2579874	Liver	liver	NA	NA	ERP107948	ERS2369571	0.981	0.709	3.122	0.761	0.438	0.817	1545.04	26511	41954.79	117
ERX2579875	Hepatocyte	hepatocyte	NA	NA	ERP107948	ERS2369570	0.985	0.734	5.351	0.789	0.524	0.861	1405.57	38647	28456.61	479
ERX2579876	Liver	liver	NA	NA	ERP107948	ERS2369569	0.981	0.732	4.324	0.769	0.496	0.852	1461.1	36348	37743.46	267
ERX2579877	Hepatocyte	hepatocyte	NA	NA	ERP107948	ERS2369568	0.978	0.710	2.889	0.784	0.386	0.778	1603.19	30249	63946.92	79
ERX2579878	Liver	liver	NA	NA	ERP107948	ERS2369567	0.981	0.734	3.854	0.765	0.500	0.841	1512.82	34994	38376.73	253
ERX2579879	Hepatocyte	hepatocyte	NA	NA	ERP107948	ERS2369566	0.978	0.717	3.374	0.786	0.338	0.798	1546.53	32278	57430.16	94
ERX2579880	Liver	liver	NA	NA	ERP107948	ERS2369565	0.980	0.715	3.449	0.774	0.444	0.824	1514.61	25398	36839.67	193
ERX2579881	Hepatocyte	hepatocyte	NA	NA	ERP107948	ERS2369564	0.983	0.723	5.389	0.809	0.470	0.864	1400.61	39145	29057.69	445
ERX2579882	Liver	liver	NA	NA	ERP107948	ERS2369563	0.983	0.714	4.440	0.775	0.542	0.858	1436.59	26647	33242.59	196
ERX2579883	Hepatocyte	hepatocyte	NA	NA	ERP107948	ERS2369562	0.987	0.729	6.015	0.814	0.593	0.868	1356.17	40115	29227.78	450
ERX299906	Spleen	mature B cell	Spleen	NA	ERP015660	ERS206044	0.995	0.787	2.018	0.820	0.860	0.787	1515.82	30600	55879.35	462
ERX299909	Spleen	mature B cell	Spleen	NA	ERP015660	ERS206040	0.992	0.790	2.422	0.811	0.858	0.834	1430.66	31137	47668.53	286
ERX299910	Spleen	mature B cell	Spleen	NA	ERP015660	ERS206044	0.995	0.787	2.004	0.820	0.861	0.786	1512.93	30779	55707.97	430
ERX299913	Spleen	mature B cell	Spleen	NA	ERP015660	ERS206040	0.992	0.790	2.442	0.810	0.858	0.836	1417.1	31613	44263.93	359
ERX299914	Spleen	mature B cell	Spleen	NA	ERP015660	ERS206044	0.995	0.787	2.022	0.819	0.861	0.788	1523.01	30539	61113.64	277
ERX299929	Spleen	mature B cell	Spleen	NA	ERP015660	ERS206048	0.997	0.778	2.648	0.815	0.866	0.847	1393.17	34620	45841.09	378
ERX299930	Spleen	mature B cell	Spleen	NA	ERP015660	ERS206052	0.994	0.781	2.418	0.806	0.870	0.831	1419.39	31550	51841.72	250
ERX299933	Spleen	mature B cell	Spleen	NA	ERP015660	ERS206048	0.997	0.778	2.645	0.817	0.866	0.846	1413.66	33930	42210.95	562
ERX299934	Spleen	mature B cell	Spleen	NA	ERP015660	ERS206052	0.994	0.782	2.409	0.807	0.870	0.830	1386.98	32576	50977.71	249
ERX304409	Spleen	mature B cell	Spleen	NA	ERP015660	ERS206052	0.993	0.779	2.146	0.781	0.874	0.803	1443.35	30971	54701.52	286
ERX304428	Spleen	mature B cell	Spleen	NA	ERP015660	ERS226940	0.994	0.790	2.751	0.810	0.856	0.858	1353.05	33294	40590.65	339
ERX304429	Spleen	mature B cell	Spleen	NA	ERP015660	ERS226938	0.983	0.789	2.080	0.811	0.870	0.798	1478.29	30043	57055.97	303
ERX304432	Spleen	mature B cell	Spleen	NA	ERP015660	ERS226940	0.994	0.789	2.748	0.810	0.856	0.858	1366.85	32710	38951.66	386
ERX304433	Spleen	mature B cell	Spleen	NA	ERP015660	ERS226938	0.983	0.789	2.075	0.811	0.870	0.798	1450.72	30979	56078.75	312
ERX304436	Spleen	mature B cell	Spleen	NA	ERP015660	ERS226940	0.994	0.789	2.748	0.810	0.856	0.857	1360.3	32750	37679.02	441
ERX304437	Spleen	mature B cell	Spleen	NA	ERP015660	ERS226938	0.983	0.790	2.074	0.811	0.870	0.798	1465.02	30600	56460.03	306
ERX329780	iPSC	NA	NA	NA	ERP004116	ERS361103	0.908	0.773	3.370	0.637	0.737	0.766	1641.77	20355	65725.44	637
ERX329784	ERS361092	NA	NA	NA	ERP004116	ERS361092	0.925	0.738	3.754	0.671	0.742	0.794	1917.38	20984	53378.66	699
ERX329786	ERS361092	NA	NA	NA	ERP004116	ERS361092	0.912	0.744	4.236	0.535	0.583	0.810	1825.16	22766	54757.67	706
ERX329788	ERS361095	NA	NA	NA	ERP004116	ERS361095	0.926	0.726	3.632	0.660	0.753	0.794	1917.68	22696	105501.6	706
ERX329792	ERS361104	NA	NA	NA	ERP004116	ERS361104	0.917	0.744	3.641	0.686	0.789	0.790	2087.32	24641	101211.14	1062
ERX329796	iPSC	NA	NA	NA	ERP004116	ERS361102	0.989	0.723	5.413	0.420	0.919	0.915	1321.9	25663	25210.12	977
ERX329797	iPSC	NA	NA	NA	ERP004116	ERS361102	0.995	0.727	10.342	0.670	0.865	0.938	1141.98	28453	15968.42	1788
ERX329798	iPSC	NA	NA	NA	ERP004116	ERS361102	0.995	0.728	5.461	0.672	0.882	0.919	1260.98	25686	27239.4	776
ERX329799	iPSC	NA	NA	NA	ERP004116	ERS361102	0.994	0.721	4.316	0.489	0.909	0.902	1374.23	24189	35647.15	500
ERX329800	iPSC	NA	NA	NA	ERP004116	ERS361102	0.995	0.725	11.366	0.746	0.865	0.937	1121.21	29223	15874.27	1850
ERX329801	iPSC	NA	NA	NA	ERP004116	ERS361102	0.995	0.715	9.808	0.733	0.874	0.935	1144.37	27918	15363.81	1769
ERX329802	iPSC	NA	NA	NA	ERP004116	ERS361102	0.995	0.711	9.811	0.714	0.875	0.936	1136.29	27998	15397.79	1732
ERX329803	ERS361096	NA	NA	NA	ERP004116	ERS361096	0.999	0.644	9.589	0.763	0.852	0.934	1277.79	31387	22577.36	1811
ERX329804	ERS361096	NA	NA	NA	ERP004116	ERS361096	0.999	0.635	8.920	0.737	0.864	0.934	1311.42	30234	23327.94	1467
ERX329805	ERS361096	NA	NA	NA	ERP004116	ERS361096	0.998	0.633	8.982	0.720	0.865	0.934	1298.14	30824	23757.39	1287
ERX329806	ERS361099	NA	NA	NA	ERP004116	ERS361099	0.999	0.637	8.001	0.743	0.817	0.934	1901.9	29015	192842.73	2041
ERX329807	ERS361099	NA	NA	NA	ERP004116	ERS361099	0.998	0.629	8.935	0.697	0.862	0.937	1886.65	30337	119059.09	2734
ERX329808	ERS361099	NA	NA	NA	ERP004116	ERS361099	0.998	0.620	9.033	0.709	0.846	0.937	1914.96	30385	119949.46	2883
ERX329809	ERS361099	NA	NA	NA	ERP004116	ERS361099	0.998	0.644	4.836	0.740	0.864	0.915	2254.32	24790	251299.49	1434
ERX329810	ERS361099	NA	NA	NA	ERP004116	ERS361099	0.998	0.636	3.041	0.712	0.876	0.869	2983.5	22041	360900.28	856
ERX329811	ERS361099	NA	NA	NA	ERP004116	ERS361099	0.998	0.637	3.046	0.647	0.892	0.866	3022.9	22485	325723.18	1035
ERX329812	ERS361097	NA	NA	NA	ERP004116	ERS361097	0.999	0.641	10.425	0.767	0.861	0.936	1436.72	31237	57395.0	2552
ERX329813	ERS361097	NA	NA	NA	ERP004116	ERS361097	0.999	0.630	9.366	0.742	0.875	0.935	1477.14	30618	53199.16	2499
ERX329814	ERS361097	NA	NA	NA	ERP004116	ERS361097	0.999	0.632	9.489	0.733	0.873	0.935	1441.28	30812	52969.81	2534
ERX329815	ERS361098	NA	NA	NA	ERP004116	ERS361098	0.998	0.638	8.954	0.744	0.896	0.932	1512.49	30560	54355.14	2453
ERX329816	ERS361098	NA	NA	NA	ERP004116	ERS361098	0.998	0.628	9.881	0.730	0.884	0.936	1511.64	32019	57639.12	2503
ERX329817	ERS361098	NA	NA	NA	ERP004116	ERS361098	0.998	0.627	10.063	0.718	0.886	0.936	1482.4	31782	56700.53	2616
ERX329818	ERS361101	NA	NA	NA	ERP004116	ERS361101	0.997	0.675	8.623	0.743	0.825	0.935	1285.19	24698	49412.88	2312
ERX329819	ERS361101	NA	NA	NA	ERP004116	ERS361101	0.996	0.667	9.609	0.728	0.840	0.938	1280.23	25535	59028.0	2686
ERX329820	ERS361101	NA	NA	NA	ERP004116	ERS361101	0.996	0.661	9.536	0.716	0.850	0.938	1295.65	24781	56038.43	2675
ERX329821	ERS361101	NA	NA	NA	ERP004116	ERS361101	0.996	0.679	4.822	0.741	0.873	0.914	1487.67	21801	79545.02	1094
ERX329822	ERS361101	NA	NA	NA	ERP004116	ERS361101	0.996	0.671	3.076	0.712	0.876	0.870	1918.28	20899	110120.14	529
ERX329823	ERS361101	NA	NA	NA	ERP004116	ERS361101	0.996	0.672	3.125	0.645	0.892	0.870	1945.28	20747	112811.68	851
ERX329824	ERS361100	NA	NA	NA	ERP004116	ERS361100	0.992	0.726	5.688	0.498	0.923	0.919	1310.29	23834	33488.35	712
ERX329825	ERS361100	NA	NA	NA	ERP004116	ERS361100	0.991	0.722	5.732	0.509	0.921	0.920	1309.91	24086	32939.41	804
ERX329826	ERS361100	NA	NA	NA	ERP004116	ERS361100	0.996	0.739	9.371	0.675	0.887	0.935	1196.69	26561	20779.49	1713
ERX329827	ERS361100	NA	NA	NA	ERP004116	ERS361100	0.996	0.736	10.892	0.696	0.869	0.938	1167.17	27957	21958.54	1715
ERX329828	ERS361100	NA	NA	NA	ERP004116	ERS361100	0.996	0.728	8.554	0.591	0.891	0.934	1206.42	26282	19850.05	1681
ERX329829	ERS361093	NA	NA	NA	ERP004116	ERS361093	0.999	0.664	9.913	0.755	0.868	0.936	1218.9	32648	16950.24	1120
ERX329830	ERS361093	NA	NA	NA	ERP004116	ERS361093	0.999	0.654	9.567	0.737	0.874	0.936	1223.72	32630	17021.27	1049
ERX329831	ERS361093	NA	NA	NA	ERP004116	ERS361093	0.999	0.650	9.402	0.697	0.874	0.936	1223.15	32685	17093.1	1051
ERX329832	ERS361094	NA	NA	NA	ERP004116	ERS361094	0.999	0.666	8.839	0.772	0.844	0.936	1253.41	30603	19187.82	1022
ERX329833	ERS361094	NA	NA	NA	ERP004116	ERS361094	0.999	0.661	8.691	0.757	0.856	0.936	1256.79	30408	18210.07	1120
ERX329834	ERS361094	NA	NA	NA	ERP004116	ERS361094	0.999	0.654	9.200	0.727	0.862	0.938	1240.48	30941	18314.39	1058
ERX354429	Epiblast	Epiblast	Epiblast	NA	ERP003744	ERS336143	0.979	0.644	5.475	0.590	0.561	0.877	1530.06	30970	34876.57	676
ERX354430	Epiblast	Epiblast	Epiblast	NA	ERP003744	ERS336142	0.974	0.662	2.227	0.567	0.317	0.716	1693.16	25719	98152.92	225
ERX354433	Epiblast	Epiblast	Epiblast	NA	ERP003744	ERS336149	0.973	0.426	2.891	0.575	0.233	0.755	5637.49	16410	122227.67	375
ERX354435	Epiblast	Epiblast	Epiblast	NA	ERP003744	ERS336150	0.978	0.093	4.067	0.591	0.624	0.829	0.0	0	1285778.22	511
ERX354436	Epiblast	Epiblast	Epiblast	NA	ERP003744	ERS336151	0.909	0.128	3.715	0.560	0.653	0.743	796219.0	1	25588086.67	3
ERX354437	EPC	EPC	EPC	NA	ERP003744	ERS336152	0.985	0.352	4.067	0.625	0.579	0.829	96126.85	62	2923621.61	236
ERX354438	EPC	EPC	EPC	NA	ERP003744	ERS336153	0.983	0.305	4.732	0.604	0.792	0.856	165388.94	17	2609733.5	208
ERX354440	EPC	EPC	EPC	NA	ERP003744	ERS336156	0.976	0.252	3.168	0.607	0.516	0.775	795055.0	1	2781472.96	304
ERX354441	EPC	EPC	EPC	NA	ERP003744	ERS336154	0.979	0.265	3.556	0.629	0.857	0.769	0.0	0	3716585.2	118
ERX354442	EPC	EPC	EPC	NA	ERP003744	ERS336159	0.981	0.111	3.148	0.669	0.885	0.741	663781.0	1	59375781.5	2
ERX354443	EPC	EPC	EPC	NA	ERP003744	ERS336158	0.980	0.129	3.543	0.647	0.874	0.753	857099.0	2	0.0	0
ERX354444	EPC	EPC	EPC	NA	ERP003744	ERS336157	0.976	0.098	3.113	0.656	0.756	0.706	814421.0	1	20298340.8	10
ERX3622610	ERS2758704	NA	NA	NA	ERP110807	ERS2758704	0.998	0.612	2.093	0.842	0.866	0.812	6665.04	21539	1592778.93	593
ERX3622613	ERS2758662	NA	NA	NA	ERP110807	ERS2758662	0.998	0.681	3.662	0.842	0.866	0.917	2819.51	26677	1460303.42	633
ERX3622614	ERS2758656	NA	NA	NA	ERP110807	ERS2758656	0.998	0.577	4.419	0.849	0.850	0.933	14933.39	18984	1139142.77	1102
ERX3622616	ERS2758657	NA	NA	NA	ERP110807	ERS2758657	0.998	0.645	8.065	0.849	0.863	0.956	6435.98	40884	908260.17	1158
ERX3622617	ERS2758658	NA	NA	NA	ERP110807	ERS2758658	0.998	0.611	2.833	0.848	0.859	0.880	7230.32	25214	1673486.23	639
ERX3622618	ERS2758660	NA	NA	NA	ERP110807	ERS2758660	0.998	0.598	2.052	0.849	0.870	0.807	9367.83	19834	1370132.53	808
ERX3622619	ERS2758669	NA	NA	NA	ERP110807	ERS2758669	0.998	0.634	2.548	0.847	0.858	0.856	6590.01	25684	1406015.37	714
ERX3622620	ERS2758663	NA	NA	NA	ERP110807	ERS2758663	0.996	0.737	6.363	0.846	0.860	0.950	1340.63	37684	17473.3	979
ERX3622621	ERS2758670	NA	NA	NA	ERP110807	ERS2758670	0.998	0.554	1.580	0.845	0.868	0.729	12619.6	9336	1512684.71	743
ERX3622622	ERS2758664	NA	NA	NA	ERP110807	ERS2758664	0.998	0.665	1.985	0.845	0.866	0.799	4957.19	23191	1465673.36	616
ERX3622623	ERS2758667	NA	NA	NA	ERP110807	ERS2758667	0.981	0.657	1.516	0.819	0.850	0.713	3983.15	20432	2051226.71	407
ERX3622624	ERS2758665	NA	NA	NA	ERP110807	ERS2758665	0.998	0.673	2.700	0.846	0.856	0.870	3368.88	25025	1440852.19	582
ERX3622625	ERS2758666	NA	NA	NA	ERP110807	ERS2758666	0.998	0.616	2.782	0.860	0.870	0.873	7948.13	24730	1263047.99	802
ERX3622626	ERS2758668	NA	NA	NA	ERP110807	ERS2758668	0.998	0.592	2.353	0.847	0.856	0.839	8978.48	21079	1682795.7	628
ERX3622629	ERS2758678	NA	NA	NA	ERP110807	ERS2758678	0.998	0.610	2.588	0.839	0.839	0.860	8972.5	23486	1306126.55	849
ERX3622631	ERS2758675	NA	NA	NA	ERP110807	ERS2758675	0.997	0.668	5.482	0.840	0.841	0.940	3163.13	30031	1003493.72	945
ERX3622632	ERS2758673	NA	NA	NA	ERP110807	ERS2758673	0.998	0.629	2.355	0.855	0.864	0.841	7758.15	24391	1219169.19	884
ERX3622633	ERS2758674	NA	NA	NA	ERP110807	ERS2758674	0.998	0.660	2.303	0.859	0.869	0.838	4476.28	24865	1558163.82	639
ERX3622634	ERS2758676	NA	NA	NA	ERP110807	ERS2758676	0.998	0.602	2.680	0.847	0.865	0.867	8138.48	23582	1483240.38	722
ERX3622635	ERS2758685	NA	NA	NA	ERP110807	ERS2758685	0.998	0.664	1.496	0.844	0.886	0.715	2728.49	19647	72242.66	53
ERX3622636	ERS2758679	NA	NA	NA	ERP110807	ERS2758679	0.997	0.613	9.362	0.831	0.826	0.952	8944.36	35611	822908.34	1364
ERX3622637	ERS2758686	NA	NA	NA	ERP110807	ERS2758686	0.998	0.610	2.100	0.847	0.856	0.813	9147.07	21929	1458164.96	761
ERX3622638	ERS2758680	NA	NA	NA	ERP110807	ERS2758680	0.998	0.678	1.928	0.837	0.850	0.787	3792.03	22875	1708767.89	502
ERX3622639	ERS2758683	NA	NA	NA	ERP110807	ERS2758683	0.998	0.615	3.826	0.842	0.856	0.918	8962.28	28946	1068193.79	950
ERX3622641	ERS2758682	NA	NA	NA	ERP110807	ERS2758682	0.997	0.671	2.518	0.836	0.852	0.854	3465.27	25108	1817368.93	488
ERX3622643	ERS2758693	NA	NA	NA	ERP110807	ERS2758693	0.998	0.663	1.540	0.852	0.869	0.721	3612.25	21102	2043207.73	462
ERX3622644	ERS2758687	NA	NA	NA	ERP110807	ERS2758687	0.998	0.683	1.530	0.847	0.862	0.719	3120.42	19850	2020055.51	408
ERX3622646	ERS2758688	NA	NA	NA	ERP110807	ERS2758688	0.998	0.670	3.155	0.845	0.867	0.897	3133.39	26025	1435448.07	629
ERX3622647	ERS2758691	NA	NA	NA	ERP110807	ERS2758691	0.919	0.671	2.295	0.836	0.854	0.833	5740.94	25022	1360372.39	764
ERX3622648	ERS2758689	NA	NA	NA	ERP110807	ERS2758689	0.997	0.667	1.996	0.847	0.871	0.800	3260.05	22432	2087123.7	388
ERX3622649	ERS2758690	NA	NA	NA	ERP110807	ERS2758690	0.998	0.683	1.805	0.860	0.868	0.774	2828.99	21795	2065257.45	438
ERX3622651	ERS2758701	NA	NA	NA	ERP110807	ERS2758701	0.997	0.685	2.288	0.844	0.863	0.835	2428.28	25602	67906.68	99
ERX3622652	ERS2758695	NA	NA	NA	ERP110807	ERS2758695	0.998	0.679	2.315	0.847	0.863	0.837	3336.22	25280	1611645.39	513
ERX3622653	ERS2758702	NA	NA	NA	ERP110807	ERS2758702	0.998	0.644	1.869	0.854	0.868	0.780	6021.8	22938	1361599.99	745
ERX3622654	ERS2758696	NA	NA	NA	ERP110807	ERS2758696	0.998	0.625	1.925	0.851	0.865	0.790	6678.36	21889	1484562.59	705
ERX3622655	ERS2758699	NA	NA	NA	ERP110807	ERS2758699	0.997	0.679	2.630	0.853	0.856	0.859	2322.17	23156	62072.6	57
ERX3622656	ERS2758697	NA	NA	NA	ERP110807	ERS2758697	0.998	0.647	1.970	0.858	0.871	0.798	4724.05	22436	1690158.83	613
ERX3622659	ERS2758709	NA	NA	NA	ERP110807	ERS2758709	0.997	0.640	8.711	0.855	0.857	0.951	7368.79	39116	806480.71	1336
ERX3622660	ERS2758703	NA	NA	NA	ERP110807	ERS2758703	0.998	0.638	1.752	0.849	0.864	0.761	4088.11	20090	2540838.86	316
ERX3622661	ERS2758710	NA	NA	NA	ERP110807	ERS2758710	0.998	0.580	2.549	0.855	0.871	0.856	11908.67	18962	1193828.04	960
ERX3622662	ERS2758707	NA	NA	NA	ERP110807	ERS2758707	0.997	0.647	2.146	0.849	0.855	0.817	5652.35	24246	1520286.14	672
ERX3622663	ERS2758705	NA	NA	NA	ERP110807	ERS2758705	0.998	0.614	2.207	0.848	0.872	0.826	8792.7	22958	1374718.59	778
ERX3622664	ERS2758706	NA	NA	NA	ERP110807	ERS2758706	0.998	0.657	1.721	0.846	0.864	0.756	4282.95	21845	1834587.12	462
ERX3622665	ERS2758708	NA	NA	NA	ERP110807	ERS2758708	0.997	0.673	1.567	0.837	0.872	0.726	2893.27	19862	88764.39	56
ERX3622666	ERS2758711	NA	NA	NA	ERP110807	ERS2758711	0.996	0.742	1.988	0.855	0.867	0.800	1832.34	25796	48518.15	217
ERX3622667	ERS2758712	NA	NA	NA	ERP110807	ERS2758712	0.996	0.741	2.070	0.856	0.872	0.812	1795.33	27454	48723.47	214
ERX3622668	ERS2758715	NA	NA	NA	ERP110807	ERS2758715	0.995	0.738	3.326	0.841	0.855	0.903	1665.99	32664	32944.76	570
ERX3622669	ERS2758713	NA	NA	NA	ERP110807	ERS2758713	0.996	0.732	2.594	0.842	0.868	0.862	1816.49	28750	38870.75	460
ERX3622670	ERS2758714	NA	NA	NA	ERP110807	ERS2758714	0.996	0.729	2.777	0.847	0.865	0.875	1752.03	31121	37080.7	429
ERX3622671	ERS2758716	NA	NA	NA	ERP110807	ERS2758716	0.996	0.713	3.730	0.850	0.866	0.917	1610.56	28650	24161.84	475
ERX3622672	ERS2758704	NA	NA	NA	ERP110807	ERS2758704	0.998	0.611	2.096	0.842	0.878	0.813	6719.17	21848	1548813.54	622
ERX3622675	ERS2758662	NA	NA	NA	ERP110807	ERS2758662	0.998	0.681	3.696	0.842	0.877	0.918	2833.2	26696	1390500.17	676
ERX3622676	ERS2758656	NA	NA	NA	ERP110807	ERS2758656	0.998	0.577	4.421	0.849	0.865	0.933	14981.03	19278	1135265.04	1114
ERX3622678	ERS2758657	NA	NA	NA	ERP110807	ERS2758657	0.998	0.645	8.111	0.849	0.874	0.956	6480.66	39461	791558.73	1327
ERX3622679	ERS2758658	NA	NA	NA	ERP110807	ERS2758658	0.998	0.611	2.842	0.848	0.871	0.881	7214.74	24317	1671410.1	636
ERX3622680	ERS2758660	NA	NA	NA	ERP110807	ERS2758660	0.998	0.598	2.062	0.849	0.882	0.809	9425.17	20244	1337176.24	833
ERX3622681	ERS2758669	NA	NA	NA	ERP110807	ERS2758669	0.998	0.634	2.566	0.847	0.871	0.858	6542.05	25209	1428843.47	695
ERX3622682	ERS2758663	NA	NA	NA	ERP110807	ERS2758663	0.996	0.736	6.387	0.846	0.873	0.950	1355.26	37224	17894.28	955
ERX3622683	ERS2758670	NA	NA	NA	ERP110807	ERS2758670	0.998	0.553	1.592	0.845	0.880	0.732	12384.79	9670	1505250.96	743
ERX3622684	ERS2758664	NA	NA	NA	ERP110807	ERS2758664	0.998	0.665	1.994	0.845	0.878	0.801	5018.78	24518	1489547.99	602
ERX3622685	ERS2758667	NA	NA	NA	ERP110807	ERS2758667	0.981	0.657	1.521	0.820	0.863	0.714	4057.57	21033	2136420.25	381
ERX3622686	ERS2758665	NA	NA	NA	ERP110807	ERS2758665	0.998	0.673	2.706	0.846	0.869	0.870	3396.94	25664	1413564.03	596
ERX3622687	ERS2758666	NA	NA	NA	ERP110807	ERS2758666	0.998	0.616	2.804	0.860	0.882	0.875	7960.88	25241	1253273.66	810
ERX3622688	ERS2758668	NA	NA	NA	ERP110807	ERS2758668	0.998	0.592	2.365	0.847	0.870	0.840	8984.69	21087	1733777.53	597
ERX3622691	ERS2758678	NA	NA	NA	ERP110807	ERS2758678	0.998	0.610	2.608	0.839	0.851	0.861	9003.53	23032	1263328.49	883
ERX3622693	ERS2758675	NA	NA	NA	ERP110807	ERS2758675	0.997	0.667	5.494	0.840	0.853	0.940	3152.88	29929	999493.61	953
ERX3622694	ERS2758673	NA	NA	NA	ERP110807	ERS2758673	0.998	0.628	2.374	0.856	0.877	0.843	7759.71	26397	1183775.38	918
ERX3622695	ERS2758674	NA	NA	NA	ERP110807	ERS2758674	0.998	0.659	2.323	0.859	0.880	0.840	4477.43	23953	1494253.63	676
ERX3622696	ERS2758676	NA	NA	NA	ERP110807	ERS2758676	0.998	0.601	2.700	0.847	0.878	0.869	8093.02	23006	1479547.46	718
ERX3622697	ERS2758685	NA	NA	NA	ERP110807	ERS2758685	0.998	0.664	1.506	0.844	0.899	0.717	2729.46	19134	75098.63	51
ERX3622698	ERS2758679	NA	NA	NA	ERP110807	ERS2758679	0.997	0.613	9.443	0.831	0.839	0.952	8949.19	35733	806218.86	1400
ERX3622699	ERS2758686	NA	NA	NA	ERP110807	ERS2758686	0.998	0.610	2.092	0.847	0.870	0.812	9119.14	22617	1475409.71	747
ERX3622700	ERS2758680	NA	NA	NA	ERP110807	ERS2758680	0.998	0.678	1.937	0.837	0.862	0.788	3769.53	22709	1610330.56	545
ERX3622701	ERS2758683	NA	NA	NA	ERP110807	ERS2758683	0.998	0.615	3.846	0.842	0.868	0.918	8970.22	29712	1095814.94	919
ERX3622703	ERS2758682	NA	NA	NA	ERP110807	ERS2758682	0.997	0.671	2.554	0.836	0.864	0.857	3458.59	23795	1794769.06	497
ERX3622705	ERS2758693	NA	NA	NA	ERP110807	ERS2758693	0.998	0.662	1.557	0.852	0.880	0.725	3548.27	19788	1929255.7	511
ERX3622706	ERS2758687	NA	NA	NA	ERP110807	ERS2758687	0.998	0.683	1.524	0.847	0.876	0.718	3139.91	20179	1973986.55	431
ERX3622708	ERS2758688	NA	NA	NA	ERP110807	ERS2758688	0.998	0.669	3.195	0.845	0.879	0.899	3101.64	25572	1375895.07	672
ERX3622709	ERS2758691	NA	NA	NA	ERP110807	ERS2758691	0.919	0.671	2.296	0.836	0.867	0.834	5793.23	25100	1370898.02	759
ERX3622710	ERS2758689	NA	NA	NA	ERP110807	ERS2758689	0.997	0.667	2.003	0.847	0.882	0.801	3234.79	22582	2049729.92	405
ERX3622711	ERS2758690	NA	NA	NA	ERP110807	ERS2758690	0.998	0.683	1.808	0.859	0.881	0.774	2838.13	22038	2115898.58	417
ERX3622713	ERS2758701	NA	NA	NA	ERP110807	ERS2758701	0.997	0.685	2.298	0.843	0.876	0.836	2492.24	22985	63540.09	164
ERX3622714	ERS2758695	NA	NA	NA	ERP110807	ERS2758695	0.998	0.679	2.340	0.847	0.875	0.839	3321.56	24626	1590834.61	522
ERX3622715	ERS2758702	NA	NA	NA	ERP110807	ERS2758702	0.998	0.643	1.882	0.855	0.880	0.782	6091.55	23168	1395797.99	718
ERX3622716	ERS2758696	NA	NA	NA	ERP110807	ERS2758696	0.998	0.625	1.942	0.851	0.877	0.793	6621.44	20541	1486319.0	706
ERX3622717	ERS2758699	NA	NA	NA	ERP110807	ERS2758699	0.997	0.679	2.599	0.854	0.871	0.856	2328.43	23227	53020.09	106
ERX3622718	ERS2758697	NA	NA	NA	ERP110807	ERS2758697	0.998	0.647	1.969	0.858	0.884	0.798	4661.89	21137	1691648.0	611
ERX3622721	ERS2758709	NA	NA	NA	ERP110807	ERS2758709	0.997	0.640	8.784	0.855	0.869	0.951	7369.46	39568	796007.41	1370
ERX3622722	ERS2758703	NA	NA	NA	ERP110807	ERS2758703	0.998	0.638	1.757	0.849	0.877	0.762	4065.53	19672	2403481.05	346
ERX3622723	ERS2758710	NA	NA	NA	ERP110807	ERS2758710	0.998	0.580	2.549	0.855	0.882	0.856	11920.64	18826	1190308.0	958
ERX3622724	ERS2758707	NA	NA	NA	ERP110807	ERS2758707	0.997	0.647	2.130	0.850	0.869	0.815	5722.37	24821	1458321.72	718
ERX3622725	ERS2758705	NA	NA	NA	ERP110807	ERS2758705	0.998	0.614	2.214	0.848	0.884	0.827	8793.77	22779	1411903.17	751
ERX3622726	ERS2758706	NA	NA	NA	ERP110807	ERS2758706	0.998	0.658	1.725	0.846	0.877	0.757	4249.66	21855	1781449.41	487
ERX3622727	ERS2758708	NA	NA	NA	ERP110807	ERS2758708	0.997	0.673	1.578	0.837	0.884	0.729	2881.96	20069	64996.64	103
ERX3622728	ERS2758711	NA	NA	NA	ERP110807	ERS2758711	0.997	0.741	1.993	0.855	0.879	0.801	1845.14	25595	42574.2	304
ERX3622729	ERS2758712	NA	NA	NA	ERP110807	ERS2758712	0.996	0.741	2.078	0.856	0.884	0.813	1818.64	26826	45959.66	312
ERX3622730	ERS2758715	NA	NA	NA	ERP110807	ERS2758715	0.995	0.737	3.310	0.841	0.869	0.902	1666.39	32577	37338.89	410
ERX3622731	ERS2758713	NA	NA	NA	ERP110807	ERS2758713	0.996	0.732	2.613	0.842	0.880	0.863	1814.53	28655	39126.9	384
ERX3622732	ERS2758714	NA	NA	NA	ERP110807	ERS2758714	0.996	0.729	2.780	0.847	0.878	0.876	1768.92	30541	37040.94	449
ERX3622733	ERS2758716	NA	NA	NA	ERP110807	ERS2758716	0.996	0.713	3.758	0.850	0.878	0.918	1579.38	29412	24936.18	424
ERX3622734	ERS2758704	NA	NA	NA	ERP110807	ERS2758704	0.998	0.612	2.078	0.842	0.883	0.810	6673.91	21762	1616176.8	584
ERX3622737	ERS2758662	NA	NA	NA	ERP110807	ERS2758662	0.998	0.681	3.683	0.842	0.882	0.918	2832.72	26534	1437810.96	643
ERX3622738	ERS2758656	NA	NA	NA	ERP110807	ERS2758656	0.998	0.577	4.389	0.849	0.872	0.932	14895.07	18501	1133953.28	1113
ERX3622740	ERS2758657	NA	NA	NA	ERP110807	ERS2758657	0.998	0.644	8.057	0.849	0.880	0.956	6476.29	39451	894822.55	1182
ERX3622741	ERS2758658	NA	NA	NA	ERP110807	ERS2758658	0.998	0.611	2.828	0.848	0.877	0.880	7177.45	23616	1659713.06	640
ERX3622742	ERS2758660	NA	NA	NA	ERP110807	ERS2758660	0.998	0.598	2.053	0.849	0.887	0.808	9366.7	20238	1363241.51	811
ERX3622743	ERS2758669	NA	NA	NA	ERP110807	ERS2758669	0.998	0.634	2.554	0.847	0.876	0.857	6553.55	26568	1478322.63	655
ERX3622744	ERS2758663	NA	NA	NA	ERP110807	ERS2758663	0.996	0.736	6.335	0.846	0.878	0.950	1339.54	37873	16223.85	1191
ERX3622745	ERS2758670	NA	NA	NA	ERP110807	ERS2758670	0.998	0.553	1.589	0.845	0.885	0.731	12513.78	8753	1522607.05	735
ERX3622746	ERS2758664	NA	NA	NA	ERP110807	ERS2758664	0.998	0.665	1.982	0.845	0.883	0.799	4980.07	24616	1508451.1	586
ERX3622747	ERS2758667	NA	NA	NA	ERP110807	ERS2758667	0.981	0.657	1.507	0.821	0.869	0.712	3954.8	20063	2119835.38	391
ERX3622748	ERS2758665	NA	NA	NA	ERP110807	ERS2758665	0.998	0.673	2.693	0.845	0.874	0.869	3411.83	24667	1379201.99	621
ERX3622749	ERS2758666	NA	NA	NA	ERP110807	ERS2758666	0.998	0.616	2.800	0.860	0.887	0.875	8001.18	24785	1321400.3	746
ERX3622750	ERS2758668	NA	NA	NA	ERP110807	ERS2758668	0.998	0.592	2.362	0.847	0.876	0.840	8977.09	20409	1692062.06	620
ERX3622753	ERS2758678	NA	NA	NA	ERP110807	ERS2758678	0.998	0.610	2.603	0.838	0.856	0.861	8999.88	24037	1284414.02	865
ERX3622755	ERS2758675	NA	NA	NA	ERP110807	ERS2758675	0.997	0.667	5.439	0.840	0.859	0.940	3177.92	30879	969346.28	994
ERX3622756	ERS2758673	NA	NA	NA	ERP110807	ERS2758673	0.998	0.628	2.374	0.856	0.882	0.843	7761.34	25049	1232732.33	867
ERX3622757	ERS2758674	NA	NA	NA	ERP110807	ERS2758674	0.998	0.659	2.319	0.859	0.885	0.839	4445.66	23477	1545762.33	647
ERX3622758	ERS2758676	NA	NA	NA	ERP110807	ERS2758676	0.998	0.601	2.701	0.847	0.883	0.868	8083.6	22848	1481352.81	728
ERX3622759	ERS2758685	NA	NA	NA	ERP110807	ERS2758685	0.998	0.664	1.498	0.844	0.904	0.716	2725.37	19627	76500.79	63
ERX3622760	ERS2758679	NA	NA	NA	ERP110807	ERS2758679	0.997	0.613	9.420	0.831	0.845	0.952	8966.26	36035	810044.17	1387
ERX3622761	ERS2758686	NA	NA	NA	ERP110807	ERS2758686	0.998	0.610	2.076	0.847	0.876	0.810	9111.93	21472	1434592.21	774
ERX3622762	ERS2758680	NA	NA	NA	ERP110807	ERS2758680	0.998	0.678	1.934	0.837	0.867	0.788	3743.63	22741	1704473.93	503
ERX3622763	ERS2758683	NA	NA	NA	ERP110807	ERS2758683	0.998	0.615	3.817	0.842	0.874	0.917	8957.19	29531	1070954.45	950
ERX3622765	ERS2758682	NA	NA	NA	ERP110807	ERS2758682	0.998	0.671	2.559	0.836	0.869	0.858	3478.42	24082	1743811.86	522
ERX3622767	ERS2758693	NA	NA	NA	ERP110807	ERS2758693	0.998	0.662	1.556	0.852	0.886	0.725	3569.9	20211	1999903.51	481
ERX3622768	ERS2758687	NA	NA	NA	ERP110807	ERS2758687	0.998	0.683	1.512	0.847	0.882	0.716	3164.05	20986	2042234.12	404
ERX3622770	ERS2758688	NA	NA	NA	ERP110807	ERS2758688	0.998	0.669	3.194	0.845	0.884	0.899	3122.75	25963	1375152.69	673
ERX3622771	ERS2758691	NA	NA	NA	ERP110807	ERS2758691	0.919	0.671	2.275	0.837	0.873	0.832	5766.38	25643	1394486.72	737
ERX3622772	ERS2758689	NA	NA	NA	ERP110807	ERS2758689	0.997	0.666	1.985	0.846	0.888	0.798	3245.66	22566	2127757.69	378
ERX3622773	ERS2758690	NA	NA	NA	ERP110807	ERS2758690	0.998	0.683	1.799	0.859	0.887	0.773	2795.93	22026	2130624.08	416
ERX3622775	ERS2758701	NA	NA	NA	ERP110807	ERS2758701	0.997	0.685	2.290	0.843	0.882	0.835	2452.85	23614	60721.67	156
ERX3622776	ERS2758695	NA	NA	NA	ERP110807	ERS2758695	0.998	0.679	2.340	0.847	0.881	0.839	3320.66	25061	1539477.88	547
ERX3622777	ERS2758702	NA	NA	NA	ERP110807	ERS2758702	0.998	0.643	1.876	0.855	0.885	0.781	6043.0	23229	1420255.78	694
ERX3622778	ERS2758696	NA	NA	NA	ERP110807	ERS2758696	0.998	0.625	1.940	0.851	0.881	0.793	6699.88	22110	1450059.01	727
ERX3622779	ERS2758699	NA	NA	NA	ERP110807	ERS2758699	0.997	0.679	2.554	0.854	0.878	0.853	2333.19	23537	50078.46	107
ERX3622780	ERS2758697	NA	NA	NA	ERP110807	ERS2758697	0.998	0.646	1.955	0.858	0.889	0.796	4714.46	21952	1738498.95	590
ERX3622783	ERS2758709	NA	NA	NA	ERP110807	ERS2758709	0.997	0.639	8.751	0.855	0.875	0.951	7384.84	39345	782865.39	1393
ERX3622784	ERS2758703	NA	NA	NA	ERP110807	ERS2758703	0.998	0.638	1.744	0.848	0.882	0.760	4071.73	20202	2546983.01	317
ERX3622785	ERS2758710	NA	NA	NA	ERP110807	ERS2758710	0.998	0.580	2.525	0.855	0.887	0.854	11973.89	18924	1204383.25	953
ERX3622786	ERS2758707	NA	NA	NA	ERP110807	ERS2758707	0.997	0.647	2.102	0.850	0.875	0.812	5638.1	22865	1503911.3	689
ERX3622787	ERS2758705	NA	NA	NA	ERP110807	ERS2758705	0.998	0.614	2.203	0.847	0.890	0.826	8726.48	22647	1429095.59	740
ERX3622788	ERS2758706	NA	NA	NA	ERP110807	ERS2758706	0.998	0.657	1.715	0.845	0.883	0.756	4226.29	20946	1853343.04	457
ERX3622789	ERS2758708	NA	NA	NA	ERP110807	ERS2758708	0.997	0.673	1.578	0.836	0.890	0.729	2895.42	20502	61003.22	111
ERX3622790	ERS2758711	NA	NA	NA	ERP110807	ERS2758711	0.997	0.741	1.981	0.854	0.885	0.799	1838.06	25604	51252.63	257
ERX3622791	ERS2758712	NA	NA	NA	ERP110807	ERS2758712	0.996	0.741	2.066	0.856	0.889	0.811	1802.14	27357	43242.48	322
ERX3622792	ERS2758715	NA	NA	NA	ERP110807	ERS2758715	0.995	0.738	3.265	0.841	0.875	0.901	1676.94	32551	34965.2	484
ERX3622793	ERS2758713	NA	NA	NA	ERP110807	ERS2758713	0.996	0.732	2.596	0.841	0.885	0.862	1821.21	28513	43087.59	296
ERX3622794	ERS2758714	NA	NA	NA	ERP110807	ERS2758714	0.996	0.729	2.757	0.847	0.884	0.874	1787.16	30025	42182.23	312
ERX3622795	ERS2758716	NA	NA	NA	ERP110807	ERS2758716	0.996	0.713	3.749	0.849	0.884	0.917	1584.39	29348	26606.5	364
ERX3622796	ERS2758704	NA	NA	NA	ERP110807	ERS2758704	0.998	0.611	2.051	0.842	0.881	0.807	6546.58	21521	1601144.91	595
ERX3622799	ERS2758662	NA	NA	NA	ERP110807	ERS2758662	0.998	0.681	3.662	0.842	0.880	0.917	2821.65	27989	1460513.21	633
ERX3622800	ERS2758656	NA	NA	NA	ERP110807	ERS2758656	0.998	0.577	4.332	0.849	0.870	0.931	14834.4	18699	1141614.2	1097
ERX3622802	ERS2758657	NA	NA	NA	ERP110807	ERS2758657	0.998	0.645	7.944	0.849	0.878	0.956	6427.6	39748	905280.1	1164
ERX3622803	ERS2758658	NA	NA	NA	ERP110807	ERS2758658	0.998	0.611	2.794	0.848	0.875	0.878	7207.93	24158	1680637.16	641
ERX3622804	ERS2758660	NA	NA	NA	ERP110807	ERS2758660	0.998	0.598	2.027	0.849	0.886	0.804	9331.15	19877	1394384.0	786
ERX3622805	ERS2758669	NA	NA	NA	ERP110807	ERS2758669	0.998	0.634	2.520	0.847	0.875	0.854	6552.71	25020	1443267.78	687
ERX3622806	ERS2758663	NA	NA	NA	ERP110807	ERS2758663	0.996	0.736	6.258	0.846	0.876	0.950	1356.02	37299	18844.97	871
ERX3622807	ERS2758670	NA	NA	NA	ERP110807	ERS2758670	0.998	0.553	1.569	0.845	0.883	0.727	12367.81	9598	1499855.82	754
ERX3622808	ERS2758664	NA	NA	NA	ERP110807	ERS2758664	0.998	0.665	1.956	0.845	0.882	0.795	4930.33	22875	1444560.03	630
ERX3622809	ERS2758667	NA	NA	NA	ERP110807	ERS2758667	0.981	0.657	1.483	0.821	0.868	0.706	3952.4	20160	2056442.18	408
ERX3622810	ERS2758665	NA	NA	NA	ERP110807	ERS2758665	0.998	0.673	2.667	0.845	0.873	0.868	3400.43	24601	1451351.31	590
ERX3622811	ERS2758666	NA	NA	NA	ERP110807	ERS2758666	0.998	0.616	2.760	0.860	0.886	0.872	7925.11	23699	1280594.29	793
ERX3622812	ERS2758668	NA	NA	NA	ERP110807	ERS2758668	0.998	0.592	2.339	0.847	0.874	0.838	8984.76	20462	1722781.37	601
ERX3622815	ERS2758678	NA	NA	NA	ERP110807	ERS2758678	0.998	0.610	2.571	0.839	0.855	0.858	9025.06	23787	1308721.14	843
ERX3622817	ERS2758675	NA	NA	NA	ERP110807	ERS2758675	0.997	0.667	5.357	0.840	0.858	0.939	3190.6	30371	977721.92	991
ERX3622818	ERS2758673	NA	NA	NA	ERP110807	ERS2758673	0.998	0.628	2.339	0.855	0.881	0.839	7715.47	25694	1218641.71	880
ERX3622819	ERS2758674	NA	NA	NA	ERP110807	ERS2758674	0.998	0.659	2.289	0.858	0.884	0.836	4431.81	23523	1551952.94	640
ERX3622820	ERS2758676	NA	NA	NA	ERP110807	ERS2758676	0.998	0.601	2.667	0.847	0.882	0.866	8030.49	22863	1445534.97	754
ERX3622821	ERS2758685	NA	NA	NA	ERP110807	ERS2758685	0.998	0.664	1.476	0.844	0.903	0.710	2728.47	19442	87594.21	73
ERX3622822	ERS2758679	NA	NA	NA	ERP110807	ERS2758679	0.997	0.613	9.291	0.831	0.844	0.952	8914.75	35868	818848.97	1381
ERX3622823	ERS2758686	NA	NA	NA	ERP110807	ERS2758686	0.998	0.610	2.052	0.847	0.874	0.807	8994.08	21472	1419358.68	785
ERX3622824	ERS2758680	NA	NA	NA	ERP110807	ERS2758680	0.998	0.678	1.915	0.837	0.866	0.785	3761.63	22593	1782377.08	465
ERX3622825	ERS2758683	NA	NA	NA	ERP110807	ERS2758683	0.998	0.615	3.761	0.842	0.873	0.916	8969.74	28933	1058494.23	965
ERX3622827	ERS2758682	NA	NA	NA	ERP110807	ERS2758682	0.998	0.671	2.523	0.836	0.868	0.855	3495.32	25072	1757416.92	515
ERX3622829	ERS2758693	NA	NA	NA	ERP110807	ERS2758693	0.998	0.662	1.532	0.852	0.884	0.720	3568.63	20191	2024066.74	475
ERX3622830	ERS2758687	NA	NA	NA	ERP110807	ERS2758687	0.998	0.683	1.495	0.847	0.880	0.712	3124.56	20976	2010273.18	417
ERX3622832	ERS2758688	NA	NA	NA	ERP110807	ERS2758688	0.998	0.669	3.144	0.845	0.883	0.896	3130.15	27234	1430697.05	630
ERX3622833	ERS2758691	NA	NA	NA	ERP110807	ERS2758691	0.919	0.671	2.239	0.837	0.872	0.828	5701.7	25117	1363129.28	762
ERX3622834	ERS2758689	NA	NA	NA	ERP110807	ERS2758689	0.997	0.667	1.960	0.846	0.887	0.795	3239.71	23032	2216086.6	353
ERX3622835	ERS2758690	NA	NA	NA	ERP110807	ERS2758690	0.998	0.682	1.780	0.859	0.886	0.770	2824.66	22376	2243331.47	380
ERX3622837	ERS2758701	NA	NA	NA	ERP110807	ERS2758701	0.997	0.684	2.262	0.843	0.880	0.832	2485.6	23583	51751.96	183
ERX3622838	ERS2758695	NA	NA	NA	ERP110807	ERS2758695	0.998	0.679	2.308	0.847	0.880	0.836	3351.65	25732	1582730.02	529
ERX3622839	ERS2758702	NA	NA	NA	ERP110807	ERS2758702	0.998	0.643	1.852	0.854	0.884	0.777	6053.52	23468	1338715.96	761
ERX3622840	ERS2758696	NA	NA	NA	ERP110807	ERS2758696	0.998	0.625	1.912	0.850	0.880	0.788	6574.82	21412	1518289.09	679
ERX3622841	ERS2758699	NA	NA	NA	ERP110807	ERS2758699	0.997	0.679	2.531	0.854	0.876	0.851	2348.89	23136	47628.4	141
ERX3622842	ERS2758697	NA	NA	NA	ERP110807	ERS2758697	0.998	0.647	1.930	0.858	0.887	0.793	4673.79	21502	1775616.94	570
ERX3622845	ERS2758709	NA	NA	NA	ERP110807	ERS2758709	0.997	0.640	8.618	0.855	0.874	0.951	7338.44	40302	808102.24	1333
ERX3622846	ERS2758703	NA	NA	NA	ERP110807	ERS2758703	0.998	0.638	1.724	0.848	0.881	0.756	4087.37	20320	2652659.52	297
ERX3622847	ERS2758710	NA	NA	NA	ERP110807	ERS2758710	0.998	0.580	2.488	0.855	0.886	0.851	11823.29	18600	1197988.74	960
ERX3622848	ERS2758707	NA	NA	NA	ERP110807	ERS2758707	0.997	0.647	2.078	0.850	0.873	0.809	5625.25	23904	1483750.47	703
ERX3622849	ERS2758705	NA	NA	NA	ERP110807	ERS2758705	0.998	0.613	2.176	0.847	0.888	0.823	8733.39	22508	1399586.8	761
ERX3622850	ERS2758706	NA	NA	NA	ERP110807	ERS2758706	0.998	0.658	1.691	0.845	0.881	0.751	4221.52	21344	1832418.57	465
ERX3622851	ERS2758708	NA	NA	NA	ERP110807	ERS2758708	0.997	0.672	1.560	0.836	0.888	0.725	2908.13	21189	75471.97	63
ERX3622852	ERS2758711	NA	NA	NA	ERP110807	ERS2758711	0.997	0.741	1.960	0.854	0.883	0.796	1846.29	25509	52108.35	214
ERX3622853	ERS2758712	NA	NA	NA	ERP110807	ERS2758712	0.996	0.741	2.045	0.856	0.887	0.808	1806.3	27223	46783.9	256
ERX3622854	ERS2758715	NA	NA	NA	ERP110807	ERS2758715	0.995	0.738	3.232	0.841	0.873	0.899	1719.34	31211	38197.78	340
ERX3622855	ERS2758713	NA	NA	NA	ERP110807	ERS2758713	0.996	0.732	2.557	0.841	0.883	0.859	1814.4	28929	42452.77	304
ERX3622856	ERS2758714	NA	NA	NA	ERP110807	ERS2758714	0.996	0.729	2.721	0.846	0.882	0.871	1783.06	30072	42779.19	394
ERX3622857	ERS2758716	NA	NA	NA	ERP110807	ERS2758716	0.996	0.713	3.700	0.849	0.882	0.916	1603.78	28917	24539.51	478
ERX371615	iPSC	NA	NA	NA	ERP003907	ERS349261	0.996	0.608	2.661	0.858	0.773	0.854	2075.16	25162	42484.61	532
ERX371616	iPSC	NA	NA	NA	ERP003907	ERS349260	0.997	0.277	2.690	0.847	0.785	0.860	850454.5	2	0.0	0
ERX371617	iPSC	NA	NA	NA	ERP003907	ERS349255	0.995	0.637	2.584	0.859	0.756	0.848	1709.51	23770	34189.29	538
ERX371618	iPSC	NA	NA	NA	ERP003907	ERS349258	0.996	0.593	2.140	0.861	0.673	0.806	2781.04	23029	61797.37	571
ERX371619	iPSC	NA	NA	NA	ERP003907	ERS349257	0.997	0.262	2.122	0.847	0.688	0.809	730206.0	1	33790000.0	1
ERX371620	iPSC	NA	NA	NA	ERP003907	ERS349256	0.995	0.625	2.095	0.861	0.682	0.802	2141.48	22200	51320.31	367
ERX371621	ESC	NA	NA	NA	ERP003907	ERS349253	0.994	0.730	5.517	0.861	0.321	0.936	1268.46	31315	14986.35	1806
ERX371622	ESC	NA	NA	NA	ERP003907	ERS349254	0.994	0.716	4.336	0.864	0.216	0.920	1339.97	31698	23330.59	1263
ERX371623	iPSC	NA	NA	NA	ERP003907	ERS349267	0.996	0.625	2.067	0.852	0.804	0.801	2177.99	21129	45059.37	401
ERX371624	iPSC	NA	NA	NA	ERP003907	ERS349266	0.995	0.647	2.102	0.856	0.811	0.806	1923.63	22522	50856.84	239
ERX371625	iPSC	NA	NA	NA	ERP003907	ERS349265	0.996	0.560	1.812	0.857	0.745	0.766	2083.34	20203	0.0	0
ERX371626	iPSC	NA	NA	NA	ERP003907	ERS349259	0.994	0.640	1.937	0.851	0.805	0.784	2165.83	22521	63057.11	353
ERX371627	iPSC	NA	NA	NA	ERP003907	ERS349264	0.996	0.616	1.874	0.853	0.708	0.776	2416.79	20843	62697.78	312
ERX371628	iPSC	NA	NA	NA	ERP003907	ERS349263	0.995	0.637	1.883	0.855	0.760	0.777	2165.78	21910	55387.9	350
ERX371629	iPSC	NA	NA	NA	ERP003907	ERS349262	0.997	0.552	1.739	0.857	0.618	0.753	2096.01	20047	0.0	0
ERX371630	iPSC	NA	NA	NA	ERP003907	ERS349268	0.994	0.626	1.830	0.851	0.726	0.769	2473.14	21635	70369.23	497
ERX371631	MEF	NA	NA	NA	ERP003907	ERS349269	0.999	0.620	3.516	0.861	0.733	0.897	1582.91	26928	23373.68	330
ERX371632	MEF	NA	NA	NA	ERP003907	ERS349270	0.999	0.641	4.052	0.852	0.748	0.913	1436.98	27428	23093.33	398
ERX371633	MEF	NA	NA	NA	ERP003907	ERS349271	0.999	0.614	3.065	0.862	0.543	0.880	1794.62	24653	26848.52	286
ERX371634	MEF	NA	NA	NA	ERP003907	ERS349272	0.999	0.639	3.624	0.852	0.599	0.902	1495.13	27083	21962.89	407
ERX378315	Epiblast	Epiblast	Epiblast	NA	ERP003744	ERS336147	0.981	0.587	6.621	0.623	0.327	0.899	1760.82	31567	35399.1	946
ERX3974796	ERS4366117	NA	NA	NA	ERP120304	ERS4366117	0.997	0.644	19.413	0.622	0.769	0.953	5385.96	46705	453941.12	2093
ERX3974798	ERS4366118	NA	NA	NA	ERP120304	ERS4366118	0.998	0.705	21.568	0.645	0.746	0.954	4592.85	46737	302227.81	2597
ERX3974800	ERS4366119	NA	NA	NA	ERP120304	ERS4366119	0.997	0.686	20.661	0.645	0.759	0.953	4198.06	45505	277305.16	2684
ERX3974801	ERS4366120	NA	NA	NA	ERP120304	ERS4366120	0.997	0.688	20.442	0.639	0.736	0.953	4053.59	44453	248417.38	2893
ERX3974803	ERS4366122	NA	NA	NA	ERP120304	ERS4366122	0.998	0.671	22.643	0.649	0.746	0.948	4200.37	44875	289546.02	2691
ERX3974805	ERS4366123	NA	NA	NA	ERP120304	ERS4366123	0.998	0.687	22.536	0.642	0.745	0.948	7083.23	47820	478986.09	2125
ERX3974807	ERS4366124	NA	NA	NA	ERP120304	ERS4366124	0.996	0.668	24.575	0.774	0.768	0.950	7414.46	48724	520241.61	2004
ERX3974808	ERS4366125	NA	NA	NA	ERP120304	ERS4366125	0.997	0.651	22.095	0.670	0.760	0.949	7836.62	46300	576707.67	1850
ERX421318	Small Intestine	differentiated intestinal epithelium	small intestine	NA	ERP005247	ERS421570	0.971	0.682	7.705	0.634	0.542	0.877	1362.66	45798	23984.09	583
ERX421322	Small Intestine	differentiated intestinal epithelium	small intestine	NA	ERP005247	ERS421574	0.971	0.682	7.769	0.633	0.541	0.877	1360.53	45718	22618.85	693
ERX421328	Small Intestine	intestinal stem cell (LGR5 positive)	small intestine	NA	ERP005247	ERS421579	0.980	0.726	8.072	0.711	0.568	0.906	1198.92	55729	21878.43	859
ERX421332	Small Intestine	differentiated intestinal epithelium	small intestine	NA	ERP005247	ERS421583	0.971	0.678	7.969	0.651	0.544	0.878	1351.64	46248	24137.01	597
ERX421335	Small Intestine	intestinal stem cell (LGR5 positive)	small intestine	NA	ERP005247	ERS421584	0.979	0.729	8.304	0.695	0.580	0.907	1186.57	56397	23292.11	682
ERX421338	Small Intestine	intestinal stem cell (LGR5 positive)	small intestine	NA	ERP005247	ERS421586	0.980	0.727	8.469	0.638	0.586	0.908	1178.16	56935	22494.93	801
ERX486144	iPSC	NA	NA	NA	ERP004116	ERS361103	0.994	0.715	6.918	0.816	0.873	0.926	1228.61	27410	20748.02	1196
ERX486145	iPSC	NA	NA	NA	ERP004116	ERS361103	0.994	0.712	2.007	0.817	0.873	0.782	1757.95	22377	77571.05	248
ERX486146	iPSC	NA	NA	NA	ERP004116	ERS361103	0.994	0.713	1.943	0.817	0.870	0.774	1751.58	22531	83555.21	199
ERX486147	iPSC	NA	NA	NA	ERP004116	ERS361103	0.994	0.712	7.581	0.814	0.853	0.929	1214.31	27955	20396.97	1233
ERX486148	iPSC	NA	NA	NA	ERP004116	ERS361103	0.994	0.711	2.081	0.818	0.855	0.791	1730.1	22197	93046.14	147
ERX486149	ERS361092	NA	NA	NA	ERP004116	ERS361092	0.998	0.684	2.096	0.808	0.860	0.794	1993.47	22584	63373.05	175
ERX486150	ERS361092	NA	NA	NA	ERP004116	ERS361092	0.998	0.684	2.024	0.808	0.857	0.785	2018.35	22807	73191.38	151
ERX486151	ERS361092	NA	NA	NA	ERP004116	ERS361092	0.998	0.685	7.485	0.805	0.847	0.929	1271.92	31429	20576.58	833
ERX486152	ERS361092	NA	NA	NA	ERP004116	ERS361092	0.998	0.682	7.733	0.804	0.846	0.930	1252.24	31881	24482.2	584
ERX486153	ERS361092	NA	NA	NA	ERP004116	ERS361092	0.998	0.683	2.183	0.808	0.844	0.804	1939.39	23566	59600.82	210
ERX486154	ERS361095	NA	NA	NA	ERP004116	ERS361095	0.998	0.683	5.865	0.812	0.874	0.923	1425.04	27191	31216.38	680
ERX486155	ERS361095	NA	NA	NA	ERP004116	ERS361095	0.998	0.682	5.931	0.814	0.875	0.923	1432.89	27182	30934.12	672
ERX486156	ERS361095	NA	NA	NA	ERP004116	ERS361095	0.999	0.674	6.479	0.812	0.870	0.926	1372.51	28439	25287.88	760
ERX486159	ERS361095	NA	NA	NA	ERP004116	ERS361095	0.998	0.682	4.401	0.820	0.850	0.907	1576.66	26327	35828.96	566
ERX486160	ERS361095	NA	NA	NA	ERP004116	ERS361095	0.998	0.678	4.669	0.821	0.839	0.911	1530.46	26759	37292.36	533
ERX486162	ERS361104	NA	NA	NA	ERP004116	ERS361104	0.994	0.683	6.107	0.809	0.889	0.922	1485.84	31760	33339.86	1188
ERX486163	ERS361104	NA	NA	NA	ERP004116	ERS361104	0.995	0.681	2.491	0.817	0.870	0.832	2041.86	26870	76636.93	477
ERX486164	ERS361104	NA	NA	NA	ERP004116	ERS361104	0.995	0.681	2.434	0.817	0.866	0.828	2066.11	26705	76322.59	495
ERX486165	ERS361104	NA	NA	NA	ERP004116	ERS361104	0.994	0.682	7.891	0.812	0.858	0.929	1386.1	34231	26179.22	1691
ERX486166	ERS361104	NA	NA	NA	ERP004116	ERS361104	0.994	0.679	2.530	0.817	0.856	0.835	2057.36	26295	77097.32	504
ERX4906818	Cauda Epididymal Sperm	NA	cauda epididymal sperm	NA	ERP126361	ERS5567074	0.982	0.801	3.971	0.855	0.204	0.852	1532.89	56544	175984.13	862
ERX4906820	Cauda Epididymal Sperm	NA	cauda epididymal sperm	NA	ERP126361	ERS5567076	0.988	0.810	5.726	0.861	0.440	0.887	1524.54	61141	127144.06	1232
ERX4906821	Cauda Epididymal Sperm	NA	cauda epididymal sperm	NA	ERP126361	ERS5567077	0.987	0.810	6.278	0.859	0.430	0.892	1505.59	62021	98256.01	1452
ERX4906822	Cauda Epididymal Sperm	NA	cauda epididymal sperm	NA	ERP126361	ERS5567078	0.984	0.808	5.482	0.855	0.440	0.883	1524.49	59499	122945.19	1198
ERX4906823	Cauda Epididymal Sperm	NA	cauda epididymal sperm	NA	ERP126361	ERS5567079	0.988	0.809	3.582	0.850	0.238	0.854	1543.57	56750	184347.23	879
ERX4906824	Cauda Epididymal Sperm	NA	cauda epididymal sperm	NA	ERP126361	ERS5567080	0.989	0.824	4.749	0.855	0.529	0.878	1545.6	59652	135778.31	1191
ERX4906825	Cauda Epididymal Sperm	NA	cauda epididymal sperm	NA	ERP126361	ERS5567081	0.986	0.811	5.905	0.859	0.467	0.888	1516.66	60306	121747.17	1205
ERX4906826	Cauda Epididymal Sperm	NA	cauda epididymal sperm	NA	ERP126361	ERS5567082	0.980	0.805	4.682	0.844	0.297	0.876	1484.36	57852	134191.5	1097
ERX4906827	Cauda Epididymal Sperm	NA	cauda epididymal sperm	NA	ERP126361	ERS5567083	0.982	0.802	4.785	0.853	0.309	0.873	1517.34	57651	150694.36	1087
ERX502124	MEF	NA	NA	NA	ERP003907	ERS406810	0.999	0.615	2.495	0.855	0.835	0.845	2094.46	21569	31663.67	320
ERX502125	MEF	NA	NA	NA	ERP003907	ERS406811	0.999	0.633	2.361	0.860	0.860	0.835	1853.72	25943	31180.95	398
ERX502126	MEF	NA	NA	NA	ERP003907	ERS406812	0.999	0.619	2.524	0.858	0.831	0.847	1918.74	24259	31985.3	288
ERX502127	ESC	NA	NA	NA	ERP003907	ERS406813	0.994	0.635	2.520	0.849	0.793	0.846	1721.2	25540	42929.07	331
ERX502128	ESC	NA	NA	NA	ERP003907	ERS406814	0.995	0.665	2.239	0.849	0.816	0.820	1646.59	23430	39782.95	410
ERX502129	ESC	NA	NA	NA	ERP003907	ERS406815	0.995	0.661	2.530	0.851	0.837	0.848	1547.83	24822	38651.36	312
ERX502130	MEF	NA	NA	NA	ERP003907	ERS406816	0.999	0.609	2.266	0.856	0.744	0.823	2289.28	20908	43181.94	198
ERX502131	MEF	NA	NA	NA	ERP003907	ERS406817	0.999	0.628	2.310	0.859	0.759	0.828	1993.31	23705	36251.82	344
ERX502132	MEF	NA	NA	NA	ERP003907	ERS406818	0.999	0.617	2.434	0.857	0.803	0.840	2032.75	22875	30661.23	318
ERX502133	ESC	NA	NA	NA	ERP003907	ERS406819	0.994	0.627	2.143	0.850	0.762	0.809	2031.06	23572	56212.65	366
ERX502134	ESC	NA	NA	NA	ERP003907	ERS406820	0.995	0.653	2.234	0.852	0.738	0.818	1662.67	24508	39933.25	448
ERX502135	ESC	NA	NA	NA	ERP003907	ERS406821	0.995	0.648	2.294	0.851	0.698	0.825	1691.57	24402	41356.13	457
ERX502136	iPSC	NA	NA	NA	ERP003907	ERS406822	0.999	0.596	2.202	0.853	0.838	0.815	3084.5	19882	1773914.81	424
ERX502137	iPSC	NA	NA	NA	ERP003907	ERS406824	0.999	0.600	2.278	0.853	0.826	0.823	2637.5	19764	57899.17	160
ERX502138	iPSC	NA	NA	NA	ERP003907	ERS406826	0.999	0.591	2.274	0.853	0.849	0.823	3172.08	19440	1489791.62	513
ERX502139	iPSC	NA	NA	NA	ERP003907	ERS406823	0.999	0.565	2.158	0.855	0.818	0.811	3640.87	18683	1313128.54	533
ERX502140	iPSC	NA	NA	NA	ERP003907	ERS406825	0.999	0.578	2.220	0.854	0.793	0.819	3127.85	18639	445530.1	745
ERX502141	iPSC	NA	NA	NA	ERP003907	ERS406827	0.999	0.569	2.124	0.853	0.806	0.808	3635.41	18291	1354801.69	521
ERX502142	iPSC	NA	NA	NA	ERP003907	ERS406828	0.999	0.591	2.094	0.855	0.764	0.804	3127.52	19180	1875856.38	373
ERX502143	iPSC	NA	NA	NA	ERP003907	ERS406830	0.999	0.597	2.073	0.856	0.749	0.801	2779.14	19163	82896.62	108
ERX502144	iPSC	NA	NA	NA	ERP003907	ERS406832	0.999	0.588	2.250	0.855	0.746	0.820	3203.01	19200	1531601.15	489
ERX502145	iPSC	NA	NA	NA	ERP003907	ERS406829	0.999	0.555	2.151	0.860	0.788	0.812	3623.34	18193	1205334.11	560
ERX502146	iPSC	NA	NA	NA	ERP003907	ERS406831	0.999	0.566	2.192	0.858	0.664	0.816	3229.69	18298	165477.07	383
ERX502147	iPSC	NA	NA	NA	ERP003907	ERS406833	0.999	0.557	2.201	0.858	0.720	0.817	3713.66	18464	1208502.1	562
ERX502151	iPSC	NA	NA	NA	ERP003907	ERS406837	0.996	0.393	1.460	0.840	0.846	0.705	655133.0	1	9304185.05	21
ERX502153	iPSC	NA	NA	NA	ERP003907	ERS406839	0.996	0.431	1.470	0.841	0.852	0.707	672916.0	1	213249.18	96
ERX5412263	ESC	NA	NA	NA	ERP128231	ERS6235219	0.983	0.661	8.262	0.534	0.622	0.926	1664.55	38010	33293.25	1833
ERX5412264	ESC	NA	NA	NA	ERP128231	ERS6235218	0.981	0.611	6.195	0.583	0.522	0.906	1792.28	31451	42698.24	749
ERX6020554	Hippocampus	NA	hippocampus	NA	ERP130901	ERS6681334	0.991	0.728	23.177	0.844	0.817	0.955	1072.02	58607	9516.81	3356
ERX6020555	Hippocampus	NA	hippocampus	NA	ERP130901	ERS6681335	0.991	0.737	18.259	0.839	0.796	0.953	1096.59	51186	8771.71	3588
ERX6020556	Hippocampus	NA	hippocampus	NA	ERP130901	ERS6681336	0.991	0.732	26.850	0.831	0.691	0.959	1087.4	63748	10139.15	3242
ERX6020557	Hippocampus	NA	hippocampus	NA	ERP130901	ERS6681337	0.988	0.749	24.323	0.841	0.782	0.957	1071.4	43537	9915.19	3487
ERX6020558	Hippocampus	NA	hippocampus	NA	ERP130901	ERS6681338	0.990	0.732	21.129	0.838	0.780	0.954	1075.75	52323	9627.95	2983
ERX6020559	Hippocampus	NA	hippocampus	NA	ERP130901	ERS6681339	0.990	0.725	19.459	0.832	0.779	0.954	1070.28	41917	9488.08	3181
ERX6020560	Hippocampus	NA	hippocampus	NA	ERP130901	ERS6681340	0.994	0.715	20.623	0.833	0.769	0.955	1100.99	64523	9861.87	3324
ERX6020561	Hippocampus	NA	hippocampus	NA	ERP130901	ERS6681341	0.993	0.714	20.594	0.831	0.776	0.954	1085.59	56396	9323.39	3368
ERX6020562	Hippocampus	NA	hippocampus	NA	ERP130901	ERS6681342	0.993	0.718	22.308	0.838	0.771	0.956	1098.71	65706	10128.23	3360
ERX6020563	Hippocampus	NA	hippocampus	NA	ERP130901	ERS6681343	0.992	0.729	19.394	0.831	0.775	0.956	1086.8	51914	9403.96	3146
ERX6020564	Hippocampus	NA	hippocampus	NA	ERP130901	ERS6681344	0.991	0.722	20.738	0.833	0.782	0.956	1086.52	55750	9917.9	3184
ERX6020565	Hippocampus	NA	hippocampus	NA	ERP130901	ERS6681345	0.993	0.712	21.038	0.831	0.730	0.957	1114.27	68254	10525.64	3191
ERX6020566	Hippocampus	NA	hippocampus	NA	ERP130901	ERS6681346	0.989	0.719	21.545	0.829	0.738	0.958	1065.67	52255	9213.87	3408
ERX6020567	Hippocampus	NA	hippocampus	NA	ERP130901	ERS6681347	0.993	0.712	20.074	0.836	0.743	0.956	1096.14	56924	9449.89	3196
ERX6020568	Hippocampus	NA	hippocampus	NA	ERP130901	ERS6681348	0.992	0.717	21.473	0.833	0.729	0.958	1070.22	56405	9062.85	3469
ERX622633	MEF	NA	NA	NA	ERP003907	ERS500923	0.998	0.195	1.506	0.859	0.890	0.722	631824.0	1	109669217.0	1
ERX622635	MEF	NA	NA	NA	ERP003907	ERS500925	0.997	0.554	1.551	0.863	0.880	0.724	2953.68	22734	102173.34	441
ERX622636	ESC	NA	NA	NA	ERP003907	ERS500926	0.998	0.443	1.439	0.858	0.903	0.703	0.0	0	198054.46	241
ERX622637	ESC	NA	NA	NA	ERP003907	ERS500927	0.996	0.562	1.462	0.863	0.912	0.705	2275.66	23406	110536.4	200
ERX622638	ESC	NA	NA	NA	ERP003907	ERS500928	1.000	0.277	1.505	0.876	0.919	0.718	0.0	0	1648693.76	745
ERX625586	MEF	NA	NA	NA	ERP003907	ERS500929	0.998	0.188	1.458	0.858	0.862	0.709	714527.0	1	0.0	0
ERX625587	MEF	NA	NA	NA	ERP003907	ERS500930	0.998	0.267	1.603	0.858	0.860	0.740	838820.0	1	18725852.8	5
ERX625588	MEF	NA	NA	NA	ERP003907	ERS500934	0.997	0.540	1.548	0.860	0.844	0.722	3127.15	23884	118367.93	475
ERX625589	ESC	NA	NA	NA	ERP003907	ERS500931	0.998	0.424	1.481	0.857	0.872	0.711	642479.5	2	190628.74	467
ERX625590	ESC	NA	NA	NA	ERP003907	ERS500932	0.996	0.552	1.470	0.862	0.900	0.706	2398.18	23915	111413.55	299
ERX625591	ESC	NA	NA	NA	ERP003907	ERS500933	1.000	0.276	1.623	0.876	0.892	0.740	0.0	0	1550549.9	803
ERX634528	MEF	NA	NA	NA	ERP003907	ERS500923	0.998	0.190	2.402	0.853	0.856	0.844	877087.0	2	0.0	0
ERX634529	MEF	NA	NA	NA	ERP003907	ERS500924	0.998	0.274	2.176	0.852	0.886	0.822	857164.5	2	12285332.5	6
ERX634530	MEF	NA	NA	NA	ERP003907	ERS500925	0.997	0.547	2.452	0.856	0.842	0.841	3147.0	22331	53685.58	494
ERX634531	ESC	NA	NA	NA	ERP003907	ERS500926	0.998	0.436	2.292	0.852	0.880	0.830	16184.44	1671	74616.97	576
ERX634532	ESC	NA	NA	NA	ERP003907	ERS500927	0.996	0.554	2.310	0.856	0.894	0.828	2775.33	21739	41219.62	450
ERX634533	ESC	NA	NA	NA	ERP003907	ERS500928	0.999	0.266	2.404	0.869	0.889	0.836	0.0	0	1321603.54	977
ERX634534	MEF	NA	NA	NA	ERP003907	ERS500929	0.998	0.183	2.131	0.853	0.824	0.814	915240.0	1	0.0	0
ERX634535	MEF	NA	NA	NA	ERP003907	ERS500930	0.998	0.261	2.332	0.854	0.822	0.837	965308.5	2	7710416.08	12
ERX634536	MEF	NA	NA	NA	ERP003907	ERS500934	0.997	0.531	2.221	0.855	0.802	0.818	3544.23	22657	81681.91	388
ERX634537	ESC	NA	NA	NA	ERP003907	ERS500931	0.998	0.416	2.135	0.853	0.843	0.813	0.0	0	115631.07	442
ERX634538	ESC	NA	NA	NA	ERP003907	ERS500932	0.996	0.543	2.142	0.857	0.881	0.810	2927.15	22294	54450.5	464
ERX634539	ESC	NA	NA	NA	ERP003907	ERS500933	0.999	0.267	2.370	0.871	0.858	0.833	0.0	0	1313523.36	978
ERX646729	EpiSC	NA	NA	NA	ERP004476	ERS534739	0.992	0.839	1.804	0.849	0.902	0.752	1408.33	18461	136228.21	666
ERX646735	EpiSC	NA	NA	NA	ERP004476	ERS534739	0.992	0.840	1.781	0.849	0.903	0.749	1414.16	18276	138269.61	662
ERX653201	EpiSC	NA	NA	NA	ERP004476	ERS534739	0.993	0.828	1.590	0.845	0.905	0.717	1414.35	18356	139444.79	559
ERX653207	EpiSC	NA	NA	NA	ERP004476	ERS534739	0.993	0.829	1.595	0.846	0.905	0.718	1446.8	17667	126230.32	594
ERX910723	BS treated DNA PBAT library	NA	NA	NA	ERP008742	ERS609429	0.981	0.647	1.923	0.740	0.969	0.737	1751.54	22806	100501.23	96
ERX910725	BS treated DNA PBAT library	NA	NA	NA	ERP008742	ERS609437	0.979	0.723	2.127	0.738	0.949	0.751	1463.37	24882	69545.67	208
ERX910726	BS treated DNA PBAT library	NA	NA	NA	ERP008742	ERS609438	0.980	0.658	1.749	0.739	0.968	0.713	1709.4	22709	85562.53	165
ERX9474766	Liver	NA	liver	NA	ERP139499	ERS12427023	0.995	0.654	6.560	0.742	0.733	0.823	1380.96	31409	29684.05	248
ERX9474767	Liver	NA	liver	NA	ERP139499	ERS12427024	0.995	0.703	7.511	0.766	0.894	0.943	1316.98	34619	16967.34	701
SRX030375	SRS119071	NA	NA	NA	SRP004162	SRS119071	0.995	0.801	4.107	0.807	0.780	0.818	1622.09	30630	22221.02	589
SRX030376	SRS119075	NA	NA	NA	SRP004162	SRS119075	0.995	0.794	4.547	0.793	0.774	0.843	1565.07	31423	23206.62	732
SRX080191	ESC	Embryonic stem cells	NA	Embryonic stem cells	SRP007354	SRS213260	0.976	0.784	7.490	0.810	0.863	0.905	1253.0	34388	27422.94	1961
SRX080192	ESC	Embryonic stem cells	NA	Embryonic stem cells	SRP007354	SRS213261	0.975	0.800	5.590	0.792	0.856	0.884	1336.7	31678	38421.02	1324
SRX080194	ES-derived neuronal progenitor	ES-derived neuronal progenitor cells	NA	ES-derived neuronal progenitor cells	SRP007354	SRS213262	0.923	0.815	7.997	0.724	0.615	0.929	1226.3	24410	30971.67	885
SRX10056914	Cerebellum	Purkinje cells	Cerebellum	Cerebellum	SRP305480	SRS8219262	0.996	0.714	3.228	0.789	0.929	0.869	1597.3	43570	47667.31	793
SRX10056915	Cerebellum	Purkinje cells	Cerebellum	Cerebellum	SRP305480	SRS8219266	0.995	0.718	4.192	0.704	0.919	0.904	1456.74	49792	36552.56	1214
SRX10056917	Cerebellum	Purkinje cells	Cerebellum	Cerebellum	SRP305480	SRS8219265	0.992	0.688	9.586	0.752	0.924	0.939	1315.78	69623	26291.74	2241
SRX10056918	Cerebellum	Purkinje cells	Cerebellum	Cerebellum	SRP305480	SRS8219267	0.979	0.713	9.631	0.734	0.888	0.945	1355.1	79752	43650.62	2081
SRX10056919	Cerebellum	Purkinje cells	Cerebellum	Cerebellum	SRP305480	SRS8219268	0.984	0.710	9.272	0.739	0.688	0.947	1423.61	62464	40560.01	2020
SRX10056921	Cerebellum	Purkinje cells	Cerebellum	Cerebellum	SRP305480	SRS8219269	0.975	0.719	2.671	0.684	0.211	0.826	1750.19	32804	50955.18	635
SRX10150729	AGM	NA	AGM	arterial endothelial cell	SRP307526	SRS8303042	0.987	0.676	2.884	0.404	0.682	0.814	1458.12	31552	64897.46	232
SRX10150730	AGM	NA	AGM	arterial endothelial cell	SRP307526	SRS8303043	0.986	0.676	2.677	0.408	0.643	0.797	1489.01	31016	68839.68	271
SRX10150731	AGM	NA	AGM	hemogenic endothelial cell	SRP307526	SRS8303044	0.986	0.684	2.494	0.388	0.653	0.784	1513.93	30569	79817.85	246
SRX10150732	AGM	NA	AGM	hemogenic endothelial cell	SRP307526	SRS8303045	0.986	0.680	2.425	0.396	0.667	0.776	1498.26	31106	79254.52	294
SRX10150733	AGM	NA	AGM	hemogenic endothelial cell	SRP307526	SRS8303046	0.986	0.679	2.817	0.404	0.604	0.808	1469.96	31517	62289.26	338
SRX10150734	AGM	NA	AGM	T1_preHSC	SRP307526	SRS8303047	0.977	0.560	4.395	0.285	0.847	0.809	1464.86	31656	44474.43	331
SRX10150735	AGM	NA	AGM	T1_preHSC	SRP307526	SRS8303048	0.977	0.588	4.496	0.312	0.846	0.826	1384.77	34345	47074.73	324
SRX10150736	AGM	NA	AGM	T1_preHSC	SRP307526	SRS8303049	0.978	0.578	4.891	0.324	0.859	0.843	1397.59	32028	36325.49	472
SRX10150737	AGM	NA	AGM	T1_preHSC	SRP307526	SRS8303050	0.982	0.646	7.350	0.423	0.791	0.920	1202.4	38554	27413.72	604
SRX10150738	AGM	NA	AGM	T2_preHSC	SRP307526	SRS8303051	0.984	0.670	5.319	0.430	0.842	0.898	1270.06	35774	41234.55	273
SRX10150740	AGM	NA	AGM	T2_preHSC	SRP307526	SRS8303053	0.984	0.654	5.802	0.417	0.834	0.898	1249.28	35691	29757.2	554
SRX10150741	Fetal Liver	NA	Fetal liver	E14 HSC	SRP307526	SRS8303054	0.975	0.630	4.573	0.478	0.662	0.845	1259.83	35241	34275.37	388
SRX10150742	Fetal Liver	NA	Fetal liver	E14 HSC	SRP307526	SRS8303055	0.975	0.636	4.189	0.455	0.684	0.837	1281.42	34364	33680.37	395
SRX10150743	Fetal Liver	NA	Fetal liver	E14 HSC	SRP307526	SRS8303056	0.974	0.628	4.734	0.483	0.657	0.847	1261.95	34917	34543.02	374
SRX10150744	Fetal Liver	NA	Fetal liver	E14 HSC	SRP307526	SRS8303057	0.975	0.622	4.476	0.468	0.677	0.840	1277.19	34124	34837.53	286
SRX10150745	Bone Marrow	NA	Bone Marrow	Adult BM HSC	SRP307526	SRS8303058	0.976	0.627	4.575	0.333	0.871	0.830	1210.84	35458	35197.73	226
SRX10150746	Bone Marrow	NA	Bone Marrow	Adult BM HSC	SRP307526	SRS8303059	0.977	0.670	4.805	0.307	0.872	0.865	1179.86	36676	27169.27	450
SRX10191077	Primary Murine Hematopoietic Stem Cell	primary murine hematopoietic stem cells	NA	LT-HSC_aged	SRP308565	SRS8337701	0.982	0.747	6.814	0.789	0.151	0.934	1044.89	42099	13659.2	971
SRX10191078	Primary Murine Hematopoietic Stem Cell	primary murine hematopoietic stem cells	NA	LT-HSC_aged	SRP308565	SRS8337703	0.988	0.773	9.457	0.764	0.357	0.940	999.98	47107	10762.32	1787
SRX10191079	Primary Murine Hematopoietic Stem Cell	primary murine hematopoietic stem cells	NA	LT-HSC_aged	SRP308565	SRS8337704	0.982	0.753	9.395	0.731	0.395	0.940	1017.58	45634	10976.76	1568
SRX10191080	Primary Murine Hematopoietic Stem Cell	primary murine hematopoietic stem cells	NA	LT-HSC_aged	SRP308565	SRS8337702	0.976	0.768	6.058	0.751	0.140	0.932	1208.54	39207	17684.96	902
SRX10191081	Primary Murine Hematopoietic Stem Cell	primary murine hematopoietic stem cells	NA	LT-HSC_aged	SRP308565	SRS8337705	0.992	0.768	11.171	0.769	0.536	0.942	931.7	51234	10524.26	1876
SRX10191082	Primary Murine Hematopoietic Stem Cell	primary murine hematopoietic stem cells	NA	LT-HSC_young	SRP308565	SRS8337706	0.982	0.737	7.578	0.788	0.152	0.938	1023.3	42031	13222.0	1039
SRX10191083	Primary Murine Hematopoietic Stem Cell	primary murine hematopoietic stem cells	NA	LT-HSC_young	SRP308565	SRS8337707	0.982	0.746	6.208	0.736	0.162	0.932	1176.25	38154	15452.97	1014
SRX10191084	Primary Murine Hematopoietic Stem Cell	primary murine hematopoietic stem cells	NA	LT-HSC_young	SRP308565	SRS8337708	0.992	0.769	9.199	0.743	0.319	0.940	984.54	45796	10407.14	1691
SRX10191085	Primary Murine Hematopoietic Stem Cell	primary murine hematopoietic stem cells	NA	LT-HSC_young	SRP308565	SRS8337709	0.992	0.758	11.285	0.784	0.568	0.943	927.01	50077	11199.18	1487
SRX10197882	Germinal Vesicle Oocytes	Germinal vesicle oocytes	NA	d21 GV oocytes	SRP308731	SRS8344365	0.962	0.349	3.594	0.567	0.760	0.871	59521.16	7179	262371.66	4610
SRX10197883	Germinal Vesicle Oocytes	Germinal vesicle oocytes	NA	d21 GV oocytes	SRP308731	SRS8344366	0.968	0.370	3.123	0.649	0.871	0.835	113298.21	1188	350282.18	3436
SRX10197884	Germinal Vesicle Oocytes	Germinal vesicle oocytes	NA	d21 GV oocytes	SRP308731	SRS8344367	0.962	0.357	3.493	0.668	0.730	0.856	70755.76	4728	277825.96	4459
SRX10197885	Germinal Vesicle Oocytes	Germinal vesicle oocytes	NA	d21 GV oocytes	SRP308731	SRS8344369	0.974	0.273	3.864	0.562	0.760	0.879	256881.94	82	306390.79	3858
SRX10197886	Germinal Vesicle Oocytes	Germinal vesicle oocytes	NA	d21 GV oocytes	SRP308731	SRS8344368	0.969	0.313	3.580	0.651	0.750	0.862	117907.78	1335	285133.3	4411
SRX10197887	Germinal Vesicle Oocytes	Germinal vesicle oocytes	NA	d21 GV oocytes	SRP308731	SRS8344370	0.972	0.312	4.000	0.638	0.803	0.875	140575.46	893	277170.7	4649
SRX10235070	Lymph Node	Innate lymphoid cells	lymph node	Natural killer cells	SRP309189	SRS8376758	0.990	0.821	10.847	0.833	0.509	0.949	1057.28	50841	12041.64	1588
SRX10235071	Lymph Node	Innate lymphoid cells	lymph node	Innate lymphoid cells 1	SRP309189	SRS8376756	0.991	0.823	9.420	0.832	0.647	0.944	1088.3	48740	12872.97	1592
SRX10235072	Lymph Node	Innate lymphoid cells	lymph node	Innate lymphoid cells 2	SRP309189	SRS8376757	0.989	0.823	9.430	0.808	0.573	0.946	1134.07	46313	12969.56	1659
SRX10235073	Lymph Node	Innate lymphoid cells	lymph node	Innate lymphoid cells 3	SRP309189	SRS8376759	0.988	0.823	8.855	0.824	0.560	0.944	1132.04	45879	13307.67	1448
SRX10235074	Lymph Node	Innate lymphoid cells	lymph node	Lymphoid tissue inducer cells	SRP309189	SRS8376760	0.989	0.829	8.567	0.828	0.565	0.942	1121.17	46986	13392.32	1588
SRX10237477	Germ cells derived from ESCs	Germ cells derived from ESCs	NA	GSC-like cells	SRP309253	SRS8379196	0.983	0.764	17.124	0.705	0.448	0.924	2675.38	73601	89704.91	2998
SRX10237478	Germ cells derived from ESCs	Germ cells derived from ESCs	NA	GSC-like cells	SRP309253	SRS8379194	0.983	0.797	15.140	0.711	0.476	0.923	2001.03	57196	71489.3	2478
SRX10237479	Germ cells derived from ESCs	Germ cells derived from ESCs	NA	GSC-like cells	SRP309253	SRS8379195	0.983	0.755	17.236	0.705	0.447	0.924	2103.93	58425	85182.46	2551
SRX10237480	Germ cells derived from ESCs	Germ cells derived from ESCs	NA	GSC-like cells	SRP309253	SRS8379193	0.983	0.766	16.956	0.704	0.447	0.923	2636.69	73815	92745.22	2805
SRX10254319	ES-E14	ES-E14	NA	Mouse Embryonic Stem Cells	SRP309644	SRS8394833	0.997	0.716	22.436	0.836	0.765	0.946	1608.57	52701	16921.08	5600
SRX10254320	ES-E14	ES-E14	NA	Mouse Embryonic Stem Cells	SRP309644	SRS8394834	0.996	0.745	19.202	0.816	0.733	0.940	1742.18	49278	18993.47	5466
SRX10254321	ES-E14	ES-E14	NA	Mouse Embryonic Stem Cells	SRP309644	SRS8394835	0.998	0.645	24.550	0.778	0.834	0.943	1499.36	62294	15683.69	5577
SRX10254322	ES-E14	ES-E14	NA	Mouse Embryonic Stem Cells	SRP309644	SRS8394836	0.998	0.721	26.549	0.786	0.754	0.944	1434.45	64325	16351.41	6008
SRX10254323	ES-E14 derived EpiSC	ES-E14 derived EpiSC	NA	Mouse Epiblast Stem Cells	SRP309644	SRS8394837	0.995	0.798	20.429	0.824	0.808	0.948	1204.58	39100	16662.62	5623
SRX10254324	ES-E14 derived EpiSC	ES-E14 derived EpiSC	NA	Mouse Epiblast Stem Cells	SRP309644	SRS8394838	0.995	0.813	18.613	0.793	0.726	0.944	1260.67	37618	15872.39	5861
SRX10254325	ES-E14 derived EpiSC	ES-E14 derived EpiSC	NA	Mouse Epiblast Stem Cells	SRP309644	SRS8394839	0.999	0.695	23.990	0.829	0.797	0.942	1179.25	54533	14332.93	3925
SRX10254326	ES-E14 derived EpiSC	ES-E14 derived EpiSC	NA	Mouse Epiblast Stem Cells	SRP309644	SRS8394840	0.999	0.705	25.123	0.821	0.773	0.944	1114.09	55526	13586.76	3780
SRX10265118	ESC	NA	NA	haploid mESCs	SRP309709	SRS8398751	0.988	0.452	2.561	0.667	0.642	0.719	5522.23	13989	360847.74	355
SRX10265119	ESC	NA	NA	haploid mESCs	SRP309709	SRS8398749	0.987	0.398	2.465	0.448	0.675	0.712	782751.0	1	23448348.0	1
SRX10331918	Bone Marrow	donor derived CD45.2 cells	bone marrow	sorted CD45.2 BM cells	SRP310416	SRS8451634	0.985	0.771	24.760	0.862	0.727	0.960	914.81	68548	8123.1	3257
SRX10331919	Bone Marrow	donor derived CD45.2 cells	bone marrow	sorted CD45.2 BM cells	SRP310416	SRS8451633	0.985	0.783	23.713	0.856	0.642	0.963	937.13	66174	8633.98	2754
SRX10331920	Bone Marrow	donor derived CD45.2 cells	bone marrow	sorted CD45.2 BM cells	SRP310416	SRS8451635	0.985	0.772	23.260	0.857	0.671	0.963	943.63	70642	8516.59	3613
SRX10331921	Bone Marrow	donor derived CD45.2 cells	bone marrow	sorted CD45.2 BM cells	SRP310416	SRS8451636	0.984	0.770	26.325	0.857	0.714	0.962	947.2	71001	8904.1	3295
SRX10331922	Bone Marrow	donor derived CD45.2 cells	bone marrow	sorted CD45.2 BM cells	SRP310416	SRS8451638	0.985	0.735	25.135	0.858	0.634	0.962	1052.59	84254	11771.18	4669
SRX10331923	Bone Marrow	donor derived CD45.2 cells	bone marrow	sorted CD45.2 BM cells	SRP310416	SRS8451637	0.985	0.735	26.707	0.857	0.633	0.963	1010.44	86968	11280.24	4814
SRX10405420	mESC cultured in serum/lif medium	mESC cultured in serum/lif medium	NA	mESC	SRP310260	SRS8527786	0.979	0.718	24.355	0.807	0.429	0.958	1847.46	66617	20195.68	7140
SRX10405421	mESC cultured in SLP medium	mESC cultured in SLP medium	NA	mESC	SRP310260	SRS8527787	0.978	0.347	24.037	0.818	0.466	0.957	3448.87	47935	64200.49	4185
SRX10436311	C-Myc-Immortalized Mouse Embryonic Fibroblasts	c-myc-immortalized mouse embryonic fibroblasts	NA	Immortalized mouse embryonic fibroblast line A	SRP311975	SRS8569769	0.979	0.602	3.173	0.854	0.482	0.880	16986.55	21617	1312654.97	973
SRX10436312	C-Myc-Immortalized Mouse Embryonic Fibroblasts	c-myc-immortalized mouse embryonic fibroblasts	NA	Immortalized mouse embryonic fibroblast line A	SRP311975	SRS8569770	0.979	0.660	3.460	0.867	0.505	0.891	11773.03	38251	1305522.21	791
SRX10436313	C-Myc-Immortalized Mouse Embryonic Fibroblasts	c-myc-immortalized mouse embryonic fibroblasts	NA	Immortalized mouse embryonic fibroblast line A	SRP311975	SRS8569771	0.978	0.607	2.655	0.870	0.610	0.850	15632.83	21065	1389358.84	909
SRX10436314	C-Myc-Immortalized Mouse Embryonic Fibroblasts	c-myc-immortalized mouse embryonic fibroblasts	NA	Immortalized mouse embryonic fibroblast line A	SRP311975	SRS8569772	0.979	0.669	3.370	0.872	0.580	0.889	11502.84	38423	1309007.36	776
SRX10438171	Male Germ	Male germ cells	NA	Male germ cells	SRP312013	SRS8571100	0.965	0.685	12.580	0.346	0.598	0.961	1616.44	67404	55816.82	2815
SRX10438172	Male Germ	Male germ cells	NA	Male germ cells	SRP312013	SRS8571104	0.960	0.724	10.663	0.327	0.606	0.959	1644.22	69413	67812.94	2528
SRX10438173	Male Germ	Male germ cells	NA	Male germ cells	SRP312013	SRS8571101	0.964	0.384	11.590	0.334	0.640	0.959	1444.79	38048	16836.21	742
SRX10438174	Male Germ	Male germ cells	NA	Male germ cells	SRP312013	SRS8571102	0.958	0.385	9.890	0.328	0.586	0.957	1513.94	42378	22916.76	557
SRX10463318	Brain	NA	Brain	Brain	SRP312491	SRS8594081	0.986	0.760	6.143	0.887	0.553	0.940	1338.47	45898	21244.08	940
SRX10463319	Brain	NA	Brain	Brain	SRP312491	SRS8594082	0.985	0.754	7.122	0.875	0.549	0.951	1270.12	48888	17660.68	1246
SRX10463320	Brain	NA	Brain	Brain	SRP312491	SRS8594083	0.986	0.760	6.649	0.877	0.546	0.948	1288.6	49402	19201.98	1211
SRX10463321	Brain	NA	Brain	Brain	SRP312491	SRS8594084	0.986	0.756	8.092	0.874	0.512	0.954	1235.01	51597	13886.04	1612
SRX10463322	Brain	NA	Brain	Brain	SRP312491	SRS8594085	0.986	0.757	6.914	0.884	0.507	0.945	1274.24	49857	21099.01	966
SRX10463323	Brain	NA	Brain	Brain	SRP312491	SRS8594086	0.983	0.760	6.370	0.883	0.518	0.944	1324.12	46959	20654.86	984
SRX10463324	Brain	NA	Brain	Brain	SRP312491	SRS8594087	0.983	0.759	5.387	0.885	0.566	0.937	1370.26	45223	19305.76	1141
SRX10463325	Brain	NA	Brain	Brain	SRP312491	SRS8594088	0.983	0.758	6.114	0.875	0.554	0.946	1328.41	47081	18513.57	1135
SRX10463326	Brain	NA	Brain	Brain	SRP312491	SRS8594089	0.983	0.760	7.209	0.883	0.496	0.946	1268.8	49650	19386.72	1275
SRX10463327	Brain	NA	Brain	Brain	SRP312491	SRS8594090	0.983	0.761	5.943	0.876	0.546	0.945	1329.17	47363	17175.99	1297
SRX10463328	Brain	NA	Brain	Brain	SRP312491	SRS8594091	0.983	0.765	5.855	0.874	0.527	0.945	1332.43	47292	18246.53	1114
SRX10463329	Brain	NA	Brain	Brain	SRP312491	SRS8594092	0.983	0.762	6.705	0.886	0.548	0.944	1298.37	48941	20034.79	1120
SRX10463330	Brain	NA	Brain	Brain	SRP312491	SRS8594093	0.983	0.762	6.964	0.875	0.537	0.951	1272.87	49379	19150.04	1274
SRX10463331	Brain	NA	Brain	Brain	SRP312491	SRS8594094	0.983	0.763	6.399	0.873	0.549	0.948	1310.71	47765	18269.54	1410
SRX10463332	Brain	NA	Brain	Brain	SRP312491	SRS8594095	0.983	0.761	6.969	0.881	0.542	0.945	1276.62	49454	21680.01	915
SRX10463333	Brain	NA	Brain	Brain	SRP312491	SRS8594096	0.983	0.759	6.805	0.885	0.517	0.945	1274.85	49567	19786.04	1176
SRX10463334	Brain	NA	Brain	Brain	SRP312491	SRS8594097	0.983	0.768	6.292	0.875	0.539	0.947	1315.02	48377	19628.07	1171
SRX10463335	Brain	NA	Brain	Brain	SRP312491	SRS8594098	0.983	0.770	6.654	0.873	0.509	0.948	1304.04	48469	19374.92	1255
SRX10463336	Brain	NA	Brain	Brain	SRP312491	SRS8594099	0.983	0.766	5.922	0.874	0.547	0.945	1327.91	47413	18957.48	1280
SRX10463337	Brain	NA	Brain	Brain	SRP312491	SRS8594100	0.983	0.757	6.409	0.886	0.548	0.943	1307.95	49552	19911.62	1141
SRX10463338	Brain	NA	Brain	Brain	SRP312491	SRS8594101	0.983	0.754	6.503	0.886	0.537	0.944	1299.86	48881	19684.6	1144
SRX10463339	Brain	NA	Brain	Brain	SRP312491	SRS8594102	0.983	0.757	6.595	0.885	0.528	0.944	1293.61	48514	20230.03	1021
SRX10463340	Brain	NA	Brain	Brain	SRP312491	SRS8594103	0.983	0.759	7.657	0.885	0.486	0.947	1253.82	52350	12953.81	1936
SRX10463341	Brain	NA	Brain	Brain	SRP312491	SRS8594104	0.983	0.752	6.100	0.886	0.542	0.941	1301.26	49085	19219.36	1146
SRX10463342	Brain	NA	Brain	Brain	SRP312491	SRS8594105	0.983	0.755	6.247	0.884	0.541	0.943	1301.39	48706	19574.76	1147
SRX10463343	Brain	NA	Brain	Brain	SRP312491	SRS8594106	0.983	0.756	7.158	0.886	0.534	0.946	1265.25	51322	20543.47	1063
SRX10463344	Brain	NA	Brain	Brain	SRP312491	SRS8594107	0.983	0.752	6.831	0.877	0.539	0.950	1267.43	50751	17443.82	1242
SRX10463345	Brain	NA	Brain	Brain	SRP312491	SRS8594108	0.983	0.754	6.799	0.878	0.535	0.949	1266.51	51048	18144.71	1146
SRX10463346	Brain	NA	Brain	Brain	SRP312491	SRS8594109	0.983	0.753	6.732	0.887	0.539	0.944	1279.97	50200	18366.3	1405
SRX10463347	Brain	NA	Brain	Brain	SRP312491	SRS8594110	0.983	0.754	6.788	0.876	0.520	0.949	1276.75	49673	17624.33	1252
SRX10463348	Brain	NA	Brain	Brain	SRP312491	SRS8594111	0.983	0.757	7.727	0.876	0.473	0.952	1238.67	52036	19331.87	1221
SRX10463349	Brain	NA	Brain	Brain	SRP312491	SRS8594112	0.983	0.754	7.283	0.886	0.529	0.946	1267.58	50732	19554.24	1190
SRX10463350	Brain	NA	Brain	Brain	SRP312491	SRS8594113	0.983	0.753	5.996	0.876	0.564	0.945	1327.8	47813	18784.5	1052
SRX10463351	Brain	NA	Brain	Brain	SRP312491	SRS8594114	0.983	0.755	7.006	0.884	0.550	0.945	1277.87	50176	19809.46	1083
SRX10463352	Brain	NA	Brain	Brain	SRP312491	SRS8594115	0.983	0.751	6.680	0.877	0.526	0.949	1287.47	50106	17923.69	1131
SRX10463353	Brain	NA	Brain	Brain	SRP312491	SRS8594116	0.982	0.750	6.820	0.887	0.543	0.945	1286.05	50651	20088.16	1116
SRX10463354	Brain	NA	Brain	Brain	SRP312491	SRS8594117	0.983	0.755	5.654	0.887	0.546	0.939	1351.87	46543	19192.91	1193
SRX10463355	Brain	NA	Brain	Brain	SRP312491	SRS8594118	0.983	0.757	6.787	0.878	0.501	0.949	1296.74	50306	19956.33	1090
SRX10463356	Brain	NA	Brain	Brain	SRP312491	SRS8594119	0.984	0.758	7.017	0.878	0.518	0.950	1257.44	50247	20293.36	1051
SRX10463357	Brain	NA	Brain	Brain	SRP312491	SRS8594120	0.983	0.757	6.078	0.887	0.551	0.942	1311.16	47460	21894.11	867
SRX10463358	Brain	NA	Brain	Brain	SRP312491	SRS8594121	0.983	0.759	6.865	0.878	0.515	0.949	1263.24	50107	18611.15	1286
SRX10463359	Brain	NA	Brain	Brain	SRP312491	SRS8594122	0.983	0.759	5.879	0.886	0.540	0.940	1329.85	46865	18891.44	1254
SRX10463360	Brain	NA	Brain	Brain	SRP312491	SRS8594123	0.983	0.754	6.094	0.877	0.547	0.945	1306.69	49079	19085.75	1017
SRX10463361	Brain	NA	Brain	Brain	SRP312491	SRS8594124	0.983	0.753	6.196	0.886	0.538	0.940	1312.31	47350	18922.06	1217
SRX10463362	Placenta	NA	Placenta	Placenta	SRP312491	SRS8594125	0.982	0.520	6.908	0.886	0.535	0.944	7732.51	32430	745073.51	1255
SRX10463363	Placenta	NA	Placenta	Placenta	SRP312491	SRS8594126	0.982	0.508	7.702	0.879	0.524	0.952	8199.18	35027	838582.66	1117
SRX10463364	Placenta	NA	Placenta	Placenta	SRP312491	SRS8594127	0.982	0.511	6.997	0.879	0.537	0.950	7763.22	32054	782368.03	1176
SRX10463365	Placenta	NA	Placenta	Placenta	SRP312491	SRS8594128	0.982	0.513	6.293	0.879	0.559	0.947	7148.16	29501	773744.97	1173
SRX10463366	Placenta	NA	Placenta	Placenta	SRP312491	SRS8594129	0.982	0.537	7.461	0.887	0.529	0.946	3252.66	27675	791566.76	1131
SRX10463367	Placenta	NA	Placenta	Placenta	SRP312491	SRS8594130	0.982	0.530	4.922	0.887	0.532	0.932	8430.66	26879	991966.33	957
SRX10463368	Placenta	NA	Placenta	Placenta	SRP312491	SRS8594131	0.982	0.515	6.694	0.886	0.544	0.943	8422.83	32542	752355.45	1256
SRX10463369	Placenta	NA	Placenta	Placenta	SRP312491	SRS8594132	0.982	0.509	6.595	0.877	0.541	0.948	8925.83	33297	810600.74	1132
SRX10463370	Placenta	NA	Placenta	Placenta	SRP312491	SRS8594133	0.983	0.523	6.705	0.885	0.523	0.944	5702.84	28892	854467.0	1116
SRX10463371	Placenta	NA	Placenta	Placenta	SRP312491	SRS8594134	0.982	0.520	6.496	0.879	0.533	0.947	5598.29	27668	780169.07	1143
SRX10463372	Placenta	NA	Placenta	Placenta	SRP312491	SRS8594135	0.982	0.517	6.504	0.878	0.548	0.947	5402.73	28579	771061.32	1122
SRX10463373	Placenta	NA	Placenta	Placenta	SRP312491	SRS8594136	0.982	0.534	6.331	0.886	0.560	0.943	4007.64	26666	834776.14	1088
SRX10463374	Placenta	NA	Placenta	Placenta	SRP312491	SRS8594137	0.982	0.486	7.087	0.878	0.531	0.949	11306.24	29693	743829.3	1269
SRX10463375	Placenta	NA	Placenta	Placenta	SRP312491	SRS8594138	0.982	0.487	6.347	0.879	0.551	0.947	10767.23	27464	843293.29	1100
SRX10463376	Placenta	NA	Placenta	Placenta	SRP312491	SRS8594139	0.982	0.501	6.561	0.885	0.542	0.943	9109.66	31547	778400.03	1238
SRX10463377	Placenta	NA	Placenta	Placenta	SRP312491	SRS8594140	0.983	0.504	6.220	0.883	0.531	0.943	8592.18	29639	784809.04	1217
SRX10463378	Placenta	NA	Placenta	Placenta	SRP312491	SRS8594141	0.982	0.496	6.761	0.878	0.531	0.948	9484.87	30715	788954.57	1181
SRX10463379	Placenta	NA	Placenta	Placenta	SRP312491	SRS8594142	0.983	0.498	6.813	0.878	0.543	0.949	8607.18	30907	804304.88	1171
SRX10463380	Placenta	NA	Placenta	Placenta	SRP312491	SRS8594143	0.982	0.478	6.973	0.878	0.521	0.949	11042.48	28376	717235.29	1314
SRX10463381	Placenta	NA	Placenta	Placenta	SRP312491	SRS8594144	0.982	0.524	5.052	0.885	0.602	0.934	8390.89	26083	950817.38	988
SRX10463382	Placenta	NA	Placenta	Placenta	SRP312491	SRS8594145	0.982	0.509	6.510	0.884	0.501	0.943	9355.56	29886	748585.26	1259
SRX10463383	Placenta	NA	Placenta	Placenta	SRP312491	SRS8594146	0.982	0.526	6.125	0.883	0.543	0.941	7166.7	29792	796216.47	1177
SRX10463384	Placenta	NA	Placenta	Placenta	SRP312491	SRS8594147	0.982	0.509	5.062	0.884	0.555	0.931	9333.49	23802	980442.03	961
SRX10463385	Placenta	NA	Placenta	Placenta	SRP312491	SRS8594148	0.982	0.523	5.851	0.883	0.557	0.940	6949.06	28497	880144.18	1060
SRX10463386	Placenta	NA	Placenta	Placenta	SRP312491	SRS8594149	0.983	0.524	4.773	0.883	0.562	0.931	7921.82	25638	1015993.49	911
SRX10463387	Placenta	NA	Placenta	Placenta	SRP312491	SRS8594150	0.982	0.523	6.270	0.883	0.521	0.942	7414.6	30757	805990.17	1157
SRX10463388	Placenta	NA	Placenta	Placenta	SRP312491	SRS8594151	0.982	0.522	5.938	0.878	0.527	0.944	6604.28	28460	970004.31	911
SRX10463389	Placenta	NA	Placenta	Placenta	SRP312491	SRS8594152	0.982	0.522	7.020	0.880	0.524	0.949	5132.01	30604	756567.12	1190
SRX10463390	Placenta	NA	Placenta	Placenta	SRP312491	SRS8594153	0.982	0.507	5.877	0.883	0.545	0.940	10257.62	27785	810839.65	1193
SRX10463391	Placenta	NA	Placenta	Placenta	SRP312491	SRS8594154	0.982	0.521	6.469	0.877	0.525	0.947	6455.02	29657	807149.18	1127
SRX10463392	Placenta	NA	Placenta	Placenta	SRP312491	SRS8594155	0.983	0.515	6.358	0.877	0.525	0.947	6524.21	29487	800566.74	1124
SRX10463393	Placenta	NA	Placenta	Placenta	SRP312491	SRS8594156	0.982	0.540	7.344	0.887	0.519	0.945	3512.64	27395	795748.76	1144
SRX10463394	Placenta	NA	Placenta	Placenta	SRP312491	SRS8594157	0.983	0.524	6.064	0.875	0.544	0.945	6632.19	28774	1045626.18	876
SRX10463395	Placenta	NA	Placenta	Placenta	SRP312491	SRS8594158	0.982	0.535	6.486	0.886	0.529	0.942	6499.69	30975	819549.68	1135
SRX10463396	Placenta	NA	Placenta	Placenta	SRP312491	SRS8594159	0.982	0.513	5.825	0.880	0.543	0.942	9178.47	29165	971561.62	969
SRX10463397	Placenta	NA	Placenta	Placenta	SRP312491	SRS8594160	0.982	0.538	6.275	0.885	0.532	0.941	5594.91	30663	809164.98	1123
SRX10463398	Placenta	NA	Placenta	Placenta	SRP312491	SRS8594161	0.982	0.525	6.385	0.885	0.541	0.942	8255.4	30207	790102.8	1213
SRX10463399	Placenta	NA	Placenta	Placenta	SRP312491	SRS8594162	0.981	0.513	5.445	0.879	0.542	0.939	10127.79	25231	983052.39	942
SRX10463400	Placenta	NA	Placenta	Placenta	SRP312491	SRS8594163	0.982	0.503	6.549	0.879	0.530	0.946	8590.87	30148	818387.33	1102
SRX10463401	Placenta	NA	Placenta	Placenta	SRP312491	SRS8594164	0.983	0.520	6.661	0.886	0.543	0.943	6020.57	30939	820297.24	1149
SRX10463402	Placenta	NA	Placenta	Placenta	SRP312491	SRS8594165	0.982	0.527	7.078	0.877	0.504	0.949	3673.12	26659	776343.9	1115
SRX10463403	Placenta	NA	Placenta	Placenta	SRP312491	SRS8594166	0.982	0.519	6.670	0.886	0.532	0.943	6130.67	29246	838911.2	1117
SRX10463404	Placenta	NA	Placenta	Placenta	SRP312491	SRS8594168	0.983	0.515	4.917	0.876	0.539	0.935	8243.92	25962	1010173.58	884
SRX10463405	Placenta	NA	Placenta	Placenta	SRP312491	SRS8594167	0.982	0.516	5.857	0.884	0.536	0.939	8795.02	27843	802455.09	1164
SRX10509738	SRS8633808	NA	NA	NA	SRP313361	SRS8633808	0.986	0.734	24.256	0.881	0.605	0.960	1481.73	52742	19590.32	3814
SRX10509739	SRS8633807	NA	NA	NA	SRP313361	SRS8633807	0.986	0.738	29.091	0.901	0.691	0.960	1451.07	54302	18219.88	4222
SRX10510316	Regnase-1-deficient CAR T	Regnase-1-deficient CAR T	NA	CD8 T cells	SRP313387	SRS8634280	0.950	0.755	36.413	0.566	0.939	0.966	1001.75	55971	8536.96	2876
SRX10510319	Wt Car T	WT CAR T	NA	CD8 T cells	SRP313387	SRS8634283	0.942	0.761	28.829	0.649	0.954	0.964	1092.51	50239	8386.81	2648
SRX10510320	Wt Car T	WT CAR T	NA	CD8 T cells	SRP313387	SRS8634284	0.951	0.754	33.559	0.601	0.946	0.965	1019.6	52730	8094.83	2815
SRX10529198	Primary Myoblasts	primary myoblasts	NA	Young myoblast WGBS	SRP313733	SRS8652699	0.994	0.613	21.689	0.856	0.343	0.967	4855.91	53673	380543.6	2216
SRX10529199	Primary Myoblasts	primary myoblasts	NA	Young myoblast WGBS	SRP313733	SRS8652700	0.995	0.596	23.924	0.854	0.343	0.967	5620.34	56761	471875.41	1903
SRX10529200	Primary Myoblasts	primary myoblasts	NA	Young myoblast WGBS	SRP313733	SRS8652701	0.994	0.616	25.438	0.856	0.344	0.967	4472.99	55659	365309.91	2218
SRX10529201	Primary Myoblasts	primary myoblasts	NA	Aged myoblast WGBS	SRP313733	SRS8652702	0.995	0.612	21.245	0.856	0.355	0.965	4768.11	53872	377517.12	2113
SRX10529202	Primary Myoblasts	primary myoblasts	NA	Aged myoblast WGBS	SRP313733	SRS8652703	0.995	0.612	18.634	0.858	0.354	0.964	5444.95	54539	411720.2	2057
SRX10529203	Primary Myoblasts	primary myoblasts	NA	Aged myoblast WGBS	SRP313733	SRS8652704	0.994	0.625	25.997	0.843	0.353	0.966	3889.63	57965	338327.27	2248
SRX1057651	MEF	NA	NA	BS seq MEF 1	SRP059433	SRS960121	0.999	0.615	2.495	0.855	0.835	0.845	2048.17	22799	31682.4	320
SRX1057652	MEF	NA	NA	BS seq MEF 2	SRP059433	SRS960119	0.999	0.633	2.361	0.860	0.860	0.835	1835.29	26442	31181.58	397
SRX1057653	MEF	NA	NA	BS seq MEF 3	SRP059433	SRS960120	0.999	0.619	2.524	0.858	0.831	0.847	1944.95	23558	31971.6	288
SRX1057654	BS seq ESC 1	NA	NA	BS seq ESC 1	SRP059433	SRS960117	0.994	0.635	2.520	0.849	0.793	0.846	1740.71	25075	42920.4	332
SRX1057655	BS seq ESC 2	NA	NA	BS seq ESC 2	SRP059433	SRS960118	0.995	0.665	2.239	0.849	0.816	0.820	1614.65	24151	39788.07	411
SRX1057656	BS seq ESC 3	NA	NA	BS seq ESC 3	SRP059433	SRS960116	0.995	0.661	2.530	0.851	0.837	0.848	1592.88	23757	38643.83	313
SRX1057657	BS seq d6 Thy1 positive 1	NA	NA	BS seq d6 Thy1 positive 1	SRP059433	SRS960115	0.999	0.596	2.202	0.853	0.838	0.815	3077.93	19563	1778265.47	423
SRX1057658	BS seq d6 Thy1 positive 2	NA	NA	BS seq d6 Thy1 positive 2	SRP059433	SRS960114	0.999	0.600	2.278	0.853	0.826	0.823	2625.05	20522	57767.25	159
SRX1057659	BS seq d6 Thy1 positive 3	NA	NA	BS seq d6 Thy1 positive 3	SRP059433	SRS960112	0.999	0.591	2.274	0.853	0.849	0.823	3165.89	19273	1483324.65	517
SRX1057660	iPSC	NA	NA	BS seq d6 SSEA1 positive 1	SRP059433	SRS960113	0.999	0.565	2.159	0.855	0.818	0.811	3621.93	18323	1313851.32	533
SRX1057661	iPSC	NA	NA	BS seq d6 SSEA1 positive 2	SRP059433	SRS960111	0.999	0.578	2.220	0.854	0.793	0.819	3134.22	18937	444272.58	745
SRX1057662	iPSC	NA	NA	BS seq d6 SSEA1 positive 3	SRP059433	SRS960109	0.999	0.569	2.124	0.853	0.806	0.808	3653.74	18568	1390121.85	498
SRX1057669	iPSC	NA	NA	BS seq P29 iPSC Clone1	SRP059433	SRS960103	0.997	0.554	1.551	0.863	0.880	0.724	2941.25	22978	102169.25	441
SRX10579873	Gut-Draining Mesenteric Lymph Node	ex vivo isolated cells non-endothelial stromal cells	gut-draining mesenteric lymph node	gut-draining mesenteric lymph node	SRP314467	SRS8684343	0.985	0.677	8.242	0.747	0.835	0.924	1204.52	48658	20017.0	1348
SRX10579874	Gut-Draining Mesenteric Lymph Node	ex vivo isolated cells non-endothelial stromal cells	gut-draining mesenteric lymph node	gut-draining mesenteric lymph node	SRP314467	SRS8684341	0.989	0.683	8.540	0.744	0.844	0.924	1192.43	50888	18775.89	1555
SRX10579875	Gut-Draining Mesenteric Lymph Node	ex vivo isolated cells non-endothelial stromal cells	gut-draining mesenteric lymph node	gut-draining mesenteric lymph node	SRP314467	SRS8684342	0.990	0.692	8.004	0.756	0.840	0.927	1209.29	45869	17685.35	1387
SRX10579876	Gut-Draining Mesenteric Lymph Node	ex vivo isolated cells non-endothelial stromal cells	gut-draining mesenteric lymph node	gut-draining mesenteric lymph node	SRP314467	SRS8684344	0.975	0.684	7.031	0.755	0.767	0.923	1285.07	45880	19400.32	1473
SRX10579877	Skin-Draining Mesenteric Lymph Node	ex vivo isolated cells non-endothelial stromal cells	skin-draining mesenteric lymph node	skin-draining mesenteric lymph node	SRP314467	SRS8684345	0.982	0.682	6.606	0.756	0.765	0.918	1257.91	44757	29867.22	961
SRX10579878	Skin-Draining Mesenteric Lymph Node	ex vivo isolated cells non-endothelial stromal cells	skin-draining mesenteric lymph node	skin-draining mesenteric lymph node	SRP314467	SRS8684346	0.988	0.680	7.759	0.758	0.830	0.923	1192.4	47652	19588.36	1428
SRX10579879	Skin-Draining Mesenteric Lymph Node	ex vivo isolated cells non-endothelial stromal cells	skin-draining mesenteric lymph node	skin-draining mesenteric lymph node	SRP314467	SRS8684347	0.991	0.675	7.777	0.730	0.798	0.921	1186.27	48437	20294.02	1287
SRX10579880	Skin-Draining Mesenteric Lymph Node	ex vivo isolated cells non-endothelial stromal cells	skin-draining mesenteric lymph node	skin-draining mesenteric lymph node	SRP314467	SRS8684348	0.989	0.682	8.749	0.752	0.842	0.925	1189.68	48337	22503.7	1165
SRX10579881	Skin-Draining Mesenteric Lymph Node	ex vivo isolated cells non-endothelial stromal cells	skin-draining mesenteric lymph node	skin-draining mesenteric lymph node	SRP314467	SRS8684349	0.991	0.679	8.626	0.756	0.868	0.926	1162.75	50457	19269.34	1515
SRX10579882	Gut-Draining Mesenteric Lymph Node	ex vivo isolated cells non-endothelial stromal cells	gut-draining mesenteric lymph node	gut-draining mesenteric lymph node	SRP314467	SRS8684350	0.990	0.676	7.549	0.750	0.859	0.923	1228.02	47815	19547.62	1358
SRX10608310	Whole Bone Marrow	NA	whole_bone_marrow	NA	SRP315002	SRS8709313	0.982	0.705	7.854	0.714	0.970	0.948	1163.24	50791	16829.44	1131
SRX10608311	Whole Bone Marrow	NA	whole_bone_marrow	NA	SRP315002	SRS8709314	0.979	0.775	7.029	0.748	0.970	0.938	1213.34	51555	19484.35	1371
SRX10608312	Whole Bone Marrow	NA	whole_bone_marrow	NA	SRP315002	SRS8709315	0.983	0.727	9.626	0.673	0.968	0.947	1119.21	55508	12517.02	1959
SRX10608313	Whole Bone Marrow	NA	whole_bone_marrow	NA	SRP315002	SRS8709316	0.983	0.727	7.952	0.651	0.964	0.945	1176.32	52224	12465.98	1884
SRX10608314	Whole Bone Marrow	NA	whole_bone_marrow	NA	SRP315002	SRS8709317	0.981	0.704	8.103	0.715	0.970	0.948	1158.46	52236	16677.82	1210
SRX10608315	Whole Bone Marrow	NA	whole_bone_marrow	NA	SRP315002	SRS8709318	0.984	0.763	8.093	0.649	0.965	0.952	1159.04	57064	14312.42	1829
SRX10608316	Whole Bone Marrow	NA	whole_bone_marrow	NA	SRP315002	SRS8709319	0.986	0.742	12.053	0.843	0.885	0.946	1047.21	51616	11169.26	1771
SRX10608317	Whole Bone Marrow	NA	whole_bone_marrow	NA	SRP315002	SRS8709320	0.984	0.738	11.868	0.852	0.928	0.944	1062.75	48426	11181.37	1496
SRX10608318	Whole Bone Marrow	NA	whole_bone_marrow	NA	SRP315002	SRS8709321	0.986	0.735	10.883	0.833	0.908	0.946	1064.32	50726	11335.99	1597
SRX10608319	Whole Bone Marrow	NA	whole_bone_marrow	NA	SRP315002	SRS8709322	0.984	0.712	10.307	0.842	0.918	0.920	1071.29	46112	14411.06	959
SRX10608320	Whole Bone Marrow	NA	whole_bone_marrow	NA	SRP315002	SRS8709323	0.980	0.701	9.954	0.713	0.973	0.947	1141.78	39744	12524.49	871
SRX10608321	Whole Bone Marrow	NA	whole_bone_marrow	NA	SRP315002	SRS8709324	0.982	0.670	11.972	0.723	0.974	0.956	1267.72	52779	15448.37	2131
SRX10608322	Whole Bone Marrow	NA	whole_bone_marrow	NA	SRP315002	SRS8709325	0.982	0.666	13.286	0.739	0.976	0.950	1238.57	56720	10516.25	3631
SRX10608323	Whole Bone Marrow	NA	whole_bone_marrow	NA	SRP315002	SRS8709326	0.981	0.662	9.667	0.701	0.972	0.954	1365.08	48703	15539.56	1828
SRX10608324	Whole Bone Marrow	NA	whole_bone_marrow	NA	SRP315002	SRS8709327	0.982	0.651	10.489	0.723	0.973	0.948	1336.31	50458	15807.0	2137
SRX10608329	Whole Bone Marrow	NA	whole_bone_marrow	NA	SRP315002	SRS8709332	0.979	0.795	9.521	0.724	0.971	0.945	1084.18	47456	11276.67	1653
SRX10608330	Whole Bone Marrow	NA	whole_bone_marrow	NA	SRP315002	SRS8709333	0.983	0.754	8.529	0.660	0.966	0.952	1089.84	44931	11955.23	1141
SRX10608331	Whole Bone Marrow	NA	whole_bone_marrow	NA	SRP315002	SRS8709334	0.983	0.735	6.678	0.661	0.965	0.940	1169.19	43196	16253.35	904
SRX10608332	Whole Bone Marrow	NA	whole_bone_marrow	NA	SRP315002	SRS8709335	0.980	0.761	6.310	0.661	0.964	0.939	1198.0	40590	15088.87	1090
SRX10608333	Whole Bone Marrow	NA	whole_bone_marrow	NA	SRP315002	SRS8709336	0.979	0.762	7.836	0.655	0.964	0.944	1126.15	44931	11541.61	1370
SRX10608334	Whole Bone Marrow	NA	whole_bone_marrow	NA	SRP315002	SRS8709337	0.984	0.793	6.592	0.651	0.964	0.947	1153.45	47082	17332.39	1027
SRX10608335	Whole Bone Marrow	NA	whole_bone_marrow	NA	SRP315002	SRS8709338	0.984	0.725	10.206	0.741	0.950	0.954	1081.03	44954	10754.71	1282
SRX10608336	Whole Bone Marrow	NA	whole_bone_marrow	NA	SRP315002	SRS8709339	0.982	0.679	10.838	0.723	0.974	0.955	1155.41	38029	10866.36	1057
SRX10608337	Whole Bone Marrow	NA	whole_bone_marrow	NA	SRP315002	SRS8709340	0.981	0.708	11.585	0.727	0.975	0.955	1089.47	42500	10508.22	1313
SRX10815445	Primary	NA	NA	Primary osteoblasts	SRP318894	SRS8900392	0.998	0.686	15.159	0.803	0.503	0.936	1169.57	47819	10837.2	1604
SRX10815446	Primary	NA	NA	Primary osteoblasts	SRP318894	SRS8900393	0.998	0.743	13.105	0.791	0.489	0.928	1268.08	31375	54174.2	3957
SRX10825371	Preadipocyte Cell Line	preadipocyte cell line	NA	3T3-L1 preadipocyte cell line	SRP319090	SRS8909784	0.979	0.610	6.875	0.313	0.851	0.936	15286.44	34169	925629.27	1301
SRX10825372	Preadipocyte Cell Line	preadipocyte cell line	NA	3T3-L1 preadipocyte cell line	SRP319090	SRS8909785	0.970	0.619	3.781	0.306	0.844	0.865	12969.23	23440	1201246.64	967
SRX10825373	Preadipocyte Cell Line	preadipocyte cell line	NA	3T3-L1 preadipocyte cell line	SRP319090	SRS8909786	0.978	0.610	3.341	0.312	0.822	0.875	15262.82	22666	1153740.11	1020
SRX10825374	Preadipocyte Cell Line	preadipocyte cell line	NA	3T3-L1 preadipocyte cell line	SRP319090	SRS8909787	0.979	0.602	3.934	0.302	0.786	0.897	16090.47	23364	1145703.64	1022
SRX10825375	Preadipocyte Cell Line	preadipocyte cell line	NA	3T3-L1 preadipocyte cell line	SRP319090	SRS8909788	0.978	0.607	4.486	0.300	0.788	0.895	14859.75	23570	1142605.39	1024
SRX10825376	Preadipocyte Cell Line	preadipocyte cell line	NA	3T3-L1 preadipocyte cell line	SRP319090	SRS8909789	0.983	0.600	6.061	0.310	0.778	0.929	16016.31	28940	900568.59	1326
SRX10825377	Preadipocyte Cell Line	preadipocyte cell line	NA	3T3-L1 preadipocyte cell line	SRP319090	SRS8909790	0.979	0.620	6.033	0.318	0.847	0.928	15338.33	30563	943046.1	1271
SRX10825378	Preadipocyte Cell Line	preadipocyte cell line	NA	3T3-L1 preadipocyte cell line	SRP319090	SRS8909791	0.970	0.628	4.471	0.306	0.844	0.885	13202.81	25881	1151955.34	1016
SRX10825379	Preadipocyte Cell Line	preadipocyte cell line	NA	3T3-L1 preadipocyte cell line	SRP319090	SRS8909792	0.975	0.623	3.840	0.305	0.852	0.888	14544.82	25281	1139124.98	1034
SRX10825380	Preadipocyte Cell Line	preadipocyte cell line	NA	3T3-L1 preadipocyte cell line	SRP319090	SRS8909793	0.986	0.600	6.749	0.304	0.819	0.936	15569.11	32733	903743.85	1319
SRX10825381	Preadipocyte Cell Line	preadipocyte cell line	NA	3T3-L1 preadipocyte cell line	SRP319090	SRS8909794	0.979	0.608	4.694	0.297	0.801	0.898	14550.8	25592	1092150.6	1074
SRX10825382	Preadipocyte Cell Line	preadipocyte cell line	NA	3T3-L1 preadipocyte cell line	SRP319090	SRS8909795	0.985	0.598	9.033	0.310	0.807	0.945	14756.58	37677	764388.9	1565
SRX10825383	Preadipocyte Cell Line	preadipocyte cell line	NA	3T3-L1 preadipocyte cell line	SRP319090	SRS8909796	0.985	0.614	7.668	0.297	0.756	0.940	14958.0	35514	802299.68	1490
SRX10825384	Preadipocyte Cell Line	preadipocyte cell line	NA	3T3-L1 preadipocyte cell line	SRP319090	SRS8909797	0.978	0.620	5.622	0.296	0.765	0.915	14627.29	28869	1033618.14	1152
SRX10825385	Preadipocyte Cell Line	preadipocyte cell line	NA	3T3-L1 preadipocyte cell line	SRP319090	SRS8909798	0.983	0.612	7.388	0.304	0.760	0.939	14925.83	35951	896406.71	1338
SRX10854666	Blastocyst	NA	NA	blastocyst	SRP319425	SRS8950378	0.979	0.128	39.702	0.630	0.225	0.931	33014.2	13200	505816.54	189
SRX1091393	ESC	ES-cells	NA	Embryonic Stem cells	SRP060643	SRS987047	0.994	0.577	5.332	0.729	0.865	0.911	2017.76	44211	47020.98	1495
SRX1091394	ESC	ES-cells	NA	Embryonic Stem cells	SRP060643	SRS987046	0.993	0.611	4.543	0.789	0.845	0.900	2206.16	40009	46186.16	1337
SRX1091395	ESC	ES-cells	NA	Embryonic Stem cells	SRP060643	SRS987045	0.994	0.616	4.082	0.732	0.794	0.890	2137.84	35191	68751.4	841
SRX1091396	ESC	ES-cells	NA	Embryonic Stem cells	SRP060643	SRS987036	0.994	0.627	5.180	0.787	0.809	0.912	1880.75	38305	39888.24	1329
SRX1091397	ESC	ES-cells	NA	Embryonic Stem cells	SRP060643	SRS987035	0.993	0.610	4.523	0.728	0.801	0.899	2045.75	36409	59098.11	874
SRX1091398	ESC	ES-cells	NA	Embryonic Stem cells	SRP060643	SRS987034	0.994	0.514	7.593	0.708	0.664	0.929	1887.47	54058	45873.23	2013
SRX1091423	ESC	ES-cells	NA	Embryonic Stem cells	SRP060646	SRS987054	0.998	0.038	4.939	0.732	0.391	0.912	0.0	0	100719937.5	2
SRX1091424	ESC	ES-cells	NA	Embryonic Stem cells	SRP060646	SRS987053	0.997	0.087	13.145	0.777	0.530	0.943	0.0	0	0.0	0
SRX1091425	ESC	ES-cells	NA	Embryonic Stem cells	SRP060646	SRS987051	0.998	0.043	10.844	0.778	0.395	0.940	0.0	0	82276500.0	1
SRX1091426	ESC	ES-cells	NA	Embryonic Stem cells	SRP060646	SRS987052	0.954	0.125	3.346	0.462	0.185	0.854	948257.0	2	0.0	0
SRX1091427	ESC	ES-cells	NA	Embryonic Stem cells	SRP060646	SRS987050	0.997	0.045	6.684	0.794	0.164	0.931	0.0	0	83898997.0	2
SRX1091428	ESC	ES-cells	NA	Embryonic Stem cells	SRP060646	SRS987049	0.997	0.103	14.526	0.741	0.630	0.947	0.0	0	0.0	0
SRX1091429	ESC	ES-cells	NA	Embryonic Stem cells	SRP060646	SRS987048	0.997	0.043	9.853	0.757	0.429	0.940	0.0	0	0.0	0
SRX1091810	MACS sorted (a-EpCAM G8.8 antibody sc-53532) spermatocytes	MACS sorted (a-EpCAM G8.8 antibody, sc-53532) spermatocytes	NA	miwi2HET_P10_MACSsortedGermCells_BSseq	SRP060660	SRS987434	0.974	0.741	6.121	0.717	0.642	0.912	1474.35	36045	37866.78	1572
SRX1091811	MACS sorted (a-EpCAM G8.8 antibody sc-53532) spermatocytes	MACS sorted (a-EpCAM G8.8 antibody, sc-53532) spermatocytes	NA	miwi2KO_P10_MACSsortedGermCells_BSseq	SRP060660	SRS987433	0.976	0.739	5.640	0.714	0.632	0.909	1504.06	37958	72263.93	1229
SRX11003180	Primary Dermal Fibroblasts	NA	Primary dermal fibroblasts	Primary dermal fibroblasts	SRP321573	SRS9077387	0.982	0.728	13.600	0.877	0.746	0.948	1062.21	53838	8215.21	1677
SRX11003181	Psoas Muscle	NA	Psoas muscle	Psoas muscle	SRP321573	SRS9077389	0.981	0.686	16.803	0.890	0.494	0.949	1061.11	42561	12587.72	910
SRX11070819	Lung	NA	Lung	Scgb1a1 lineage normal	SRP322748	SRS9137290	0.989	0.656	4.203	0.715	0.263	0.911	1589.71	37667	25688.07	556
SRX11070820	Lung	NA	Lung	Scgb1a1 lineage normal	SRP322748	SRS9137291	0.989	0.657	5.421	0.758	0.772	0.931	1413.81	44132	23098.02	718
SRX11070821	Lung	NA	Lung	Scgb1a1 lineage normal	SRP322748	SRS9137292	0.993	0.656	9.866	0.780	0.860	0.938	1264.26	53126	20767.74	1383
SRX11070822	Lung	NA	Lung	Scgb1a1 lineage normal	SRP322748	SRS9137293	0.984	0.625	2.914	0.434	0.302	0.854	2339.64	26677	42311.45	459
SRX11070823	Lung	NA	Lung	Scgb1a1 lineage normal	SRP322748	SRS9137294	0.984	0.619	2.521	0.368	0.353	0.827	2487.03	25951	49927.04	437
SRX11070824	Lung	NA	Lung	Scgb1a1 lineage tumor	SRP322748	SRS9137295	0.989	0.601	4.125	0.632	0.340	0.897	2542.33	26585	30134.6	402
SRX11070825	Lung	NA	Lung	Scgb1a1 lineage tumor	SRP322748	SRS9137296	0.992	0.614	9.261	0.808	0.783	0.943	2001.9	41711	832884.47	1117
SRX11070826	Lung	NA	Lung	Scgb1a1 lineage tumor	SRP322748	SRS9137297	0.991	0.579	7.881	0.777	0.600	0.936	5441.63	36528	852656.83	1172
SRX11070827	Lung	NA	Lung	Scgb1a1 lineage tumor	SRP322748	SRS9137298	0.991	0.628	8.387	0.798	0.795	0.945	1531.06	44029	33656.25	644
SRX11070828	Lung	NA	Lung	Hopx lineage normal	SRP322748	SRS9137299	0.988	0.637	6.665	0.612	0.890	0.926	1369.12	49947	22845.36	1255
SRX11070829	Lung	NA	Lung	Hopx lineage normal	SRP322748	SRS9137300	0.986	0.632	5.837	0.580	0.884	0.921	1508.31	47071	24433.64	1254
SRX11070830	Lung	NA	Lung	Hopx lineage normal	SRP322748	SRS9137301	0.987	0.636	6.682	0.607	0.893	0.925	1356.75	49777	21777.86	1180
SRX11070831	Lung	NA	Lung	Hopx lineage normal	SRP322748	SRS9137302	0.984	0.647	5.273	0.531	0.870	0.913	1610.41	42410	23894.67	996
SRX11070832	Lung	NA	Lung	Hopx lineage tumor	SRP322748	SRS9137303	0.992	0.612	10.201	0.802	0.685	0.945	1560.06	45072	797328.33	1132
SRX11070833	Lung	NA	Lung	Hopx lineage tumor	SRP322748	SRS9137304	0.987	0.601	4.818	0.460	0.851	0.914	2350.07	31785	161607.79	1067
SRX11070834	Lung	NA	Lung	Sftpc lineage normal	SRP322748	SRS9137305	0.991	0.654	6.939	0.804	0.478	0.942	1245.31	54673	25425.01	716
SRX11070835	Lung	NA	Lung	Sftpc lineage normal	SRP322748	SRS9137306	0.989	0.668	9.207	0.790	0.588	0.944	1278.77	41545	13483.18	1358
SRX11070836	Lung	NA	Lung	Sftpc lineage normal	SRP322748	SRS9137307	0.992	0.656	7.686	0.797	0.688	0.937	1276.0	55812	24181.15	1158
SRX11070837	Lung	NA	Lung	Sftpc lineage normal	SRP322748	SRS9137308	0.987	0.632	5.017	0.538	0.755	0.918	1566.44	44468	31715.84	906
SRX11070838	Lung	NA	Lung	Sftpc lineage normal	SRP322748	SRS9137309	0.986	0.649	4.598	0.507	0.740	0.915	1666.75	42975	26557.13	924
SRX11070839	Lung	NA	Lung	Sftpc lineage normal	SRP322748	SRS9137310	0.989	0.656	4.713	0.601	0.515	0.917	1664.69	43183	25399.37	916
SRX11070840	Lung	NA	Lung	Sftpc lineage tumor	SRP322748	SRS9137311	0.991	0.654	8.359	0.777	0.813	0.946	1213.26	54863	17840.15	1088
SRX11070841	Lung	NA	Lung	Sftpc lineage tumor	SRP322748	SRS9137312	0.992	0.630	10.481	0.800	0.733	0.954	1324.15	48196	104406.11	3564
SRX11070842	Lung	NA	Lung	Sftpc lineage tumor	SRP322748	SRS9137313	0.991	0.581	5.691	0.769	0.817	0.930	4618.86	29828	1335625.58	751
SRX11070843	Lung	NA	Lung	Sftpc lineage tumor	SRP322748	SRS9137314	0.990	0.599	6.835	0.782	0.715	0.933	2140.16	37029	1290176.95	737
SRX11094293	Endothelial	Endothelial cell	NA	Endothelial cell	SRP323244	SRS9159404	0.984	0.659	10.946	0.657	0.602	0.919	1148.01	37063	15592.96	1189
SRX11094294	Endothelial	Endothelial cell	NA	Endothelial cell	SRP323244	SRS9159405	0.984	0.736	10.274	0.664	0.618	0.925	1210.14	30352	16417.09	1097
SRX11094295	Hematopoietic Stem And Progenitor	Hematopoietic stem and progenitor cell	NA	Hematopoietic stem and progenitor cell	SRP323244	SRS9159406	0.984	0.667	10.247	0.654	0.674	0.921	1165.43	34938	19365.0	787
SRX11094296	Hematopoietic Stem And Progenitor	Hematopoietic stem and progenitor cell	NA	Hematopoietic stem and progenitor cell	SRP323244	SRS9159407	0.984	0.692	9.785	0.636	0.591	0.924	1222.03	28183	16544.2	853
SRX1113155	Olfactory Epithelium	NA	Olfactory epithelium	Bisulfite_WT	SRP061339	SRS1007541	0.983	0.698	6.444	0.692	0.762	0.879	1442.37	31784	32649.43	635
SRX1113156	Olfactory Epithelium	NA	Olfactory epithelium	Bisulfite_WT	SRP061339	SRS1007540	0.984	0.697	6.359	0.710	0.820	0.874	1438.3	30892	30140.88	650
SRX11208261	Kidney	NA	kidney	NA	SRP321876	SRS9262597	0.980	0.727	10.613	0.845	0.595	0.948	1367.22	39217	21163.27	1802
SRX11208262	Kidney	NA	kidney	NA	SRP321876	SRS9262598	0.979	0.747	9.531	0.840	0.651	0.944	1439.97	40641	23448.29	1924
SRX11208263	Kidney	NA	kidney	NA	SRP321876	SRS9262599	0.975	0.713	12.437	0.844	0.756	0.951	1344.46	42100	21601.5	1852
SRX11208264	Kidney	NA	kidney	NA	SRP321876	SRS9262600	0.978	0.722	10.358	0.846	0.729	0.946	1377.26	39076	21018.48	1819
SRX11208265	Kidney	NA	kidney	NA	SRP321876	SRS9262601	0.979	0.745	17.154	0.877	0.715	0.961	1101.66	47900	8737.93	2614
SRX11208266	Kidney	NA	kidney	NA	SRP321876	SRS9262602	0.979	0.753	16.655	0.871	0.699	0.963	1098.97	46701	8593.05	2609
SRX11208267	Kidney	NA	kidney	NA	SRP321876	SRS9262603	0.979	0.748	15.336	0.859	0.678	0.960	1119.51	48000	8784.83	2454
SRX11208268	Kidney	NA	kidney	NA	SRP321876	SRS9262604	0.980	0.749	15.819	0.864	0.708	0.962	1108.34	46285	8362.58	2501
SRX11208269	Kidney	NA	kidney	NA	SRP321876	SRS9262605	0.980	0.752	15.616	0.864	0.659	0.961	1107.09	47663	8467.33	2716
SRX11208270	Kidney	NA	kidney	NA	SRP321876	SRS9262606	0.980	0.749	15.175	0.860	0.705	0.961	1111.04	45868	8321.33	2533
SRX11208271	Kidney	NA	kidney	NA	SRP321876	SRS9262607	0.981	0.751	16.166	0.860	0.697	0.963	1107.6	48938	8433.06	2714
SRX11208272	Kidney	NA	kidney	NA	SRP321876	SRS9262608	0.979	0.751	13.880	0.861	0.703	0.959	1134.19	47940	9356.52	2386
SRX11208273	Kidney	NA	kidney	NA	SRP321876	SRS9262609	0.980	0.737	11.898	0.834	0.636	0.950	1400.48	44324	24280.22	1829
SRX11208274	Kidney	NA	kidney	NA	SRP321876	SRS9262610	0.979	0.754	14.905	0.862	0.691	0.960	1121.06	48565	8650.07	2738
SRX11208275	Kidney	NA	kidney	NA	SRP321876	SRS9262611	0.980	0.712	11.713	0.836	0.717	0.949	1368.17	42104	21422.96	1603
SRX11208276	Kidney	NA	kidney	NA	SRP321876	SRS9262612	0.980	0.710	10.754	0.839	0.705	0.947	1385.83	41706	21328.93	1664
SRX11208278	Kidney	NA	kidney	NA	SRP321876	SRS9262614	0.980	0.708	11.718	0.838	0.701	0.948	1374.28	43155	21456.55	1632
SRX11208279	Kidney	NA	kidney	NA	SRP321876	SRS9262615	0.980	0.709	13.385	0.837	0.716	0.950	1361.74	43540	14229.6	2582
SRX11208280	Kidney	NA	kidney	NA	SRP321876	SRS9262616	0.979	0.709	11.205	0.844	0.715	0.948	1390.81	41119	19992.5	1835
SRX11208281	Kidney	NA	kidney	NA	SRP321876	SRS9262617	0.977	0.665	12.017	0.791	0.646	0.930	2055.24	29153	17441.87	963
SRX11208282	Kidney	NA	kidney	NA	SRP321876	SRS9262618	0.978	0.664	11.417	0.784	0.631	0.931	2067.25	29015	19709.46	756
SRX11208283	Kidney	NA	kidney	NA	SRP321876	SRS9262619	0.978	0.670	11.570	0.785	0.633	0.930	2053.95	29246	18401.67	858
SRX11208284	Kidney	NA	kidney	NA	SRP321876	SRS9262620	0.979	0.739	11.532	0.840	0.633	0.949	1392.6	44248	22655.54	2140
SRX11208285	Kidney	NA	kidney	NA	SRP321876	SRS9262621	0.978	0.669	11.677	0.779	0.606	0.932	2085.33	28537	17645.28	957
SRX11208286	Kidney	NA	kidney	NA	SRP321876	SRS9262622	0.978	0.666	11.400	0.789	0.630	0.930	2083.41	28144	18685.86	859
SRX11208287	Kidney	NA	kidney	NA	SRP321876	SRS9262623	0.978	0.667	10.724	0.787	0.652	0.928	2076.34	28235	18910.69	798
SRX11208288	Kidney	NA	kidney	NA	SRP321876	SRS9262624	0.979	0.734	10.872	0.838	0.662	0.948	1374.8	42097	21829.76	2051
SRX11208289	Kidney	NA	kidney	NA	SRP321876	SRS9262625	0.979	0.735	12.590	0.836	0.610	0.951	1395.46	42476	22991.56	1916
SRX11208290	Kidney	NA	kidney	NA	SRP321876	SRS9262626	0.980	0.719	11.173	0.848	0.691	0.948	1360.63	42775	22325.78	1732
SRX11208291	Kidney	NA	kidney	NA	SRP321876	SRS9262627	0.980	0.729	15.999	0.842	0.729	0.954	1418.26	44483	14356.45	3057
SRX11208292	Kidney	NA	kidney	NA	SRP321876	SRS9262628	0.979	0.724	11.853	0.847	0.746	0.948	1379.23	42018	22866.93	1827
SRX11208293	Kidney	NA	kidney	NA	SRP321876	SRS9262629	0.979	0.724	11.661	0.844	0.729	0.949	1361.28	40742	22847.28	1661
SRX11217052	ESC	NA	NA	Embryonic stem cells	SRP325428	SRS9271228	0.988	0.041	4.901	0.787	0.582	1.000	56838.73	84	23347797.0	6
SRX11217053	ESC	NA	NA	Embryonic stem cells	SRP325428	SRS9271229	0.981	0.553	4.007	0.681	0.159	1.000	2077.96	16147	2037697.32	133
SRX11217054	ESC	NA	NA	Embryonic stem cells	SRP325428	SRS9271230	0.979	0.069	3.596	0.742	0.138	1.000	21168.11	27	0.0	0
SRX11217055	ESC	NA	NA	Embryonic stem cells	SRP325428	SRS9271231	0.961	0.087	3.247	0.709	0.092	1.000	4715.0	2	173519283.33	3
SRX1126148	J1 WT mouse ES	J1 WT mouse ES cell	NA	ES cell in 2i+vitC	SRP061876	SRS1018051	0.982	0.052	18.997	0.824	0.476	0.938	817459.0	2	3617010.15	40
SRX11359340	Heart	NA	Heart	NA	SRP327113	SRS9405779	0.988	0.701	19.396	0.821	0.755	0.958	1047.4	43690	9543.65	2053
SRX11359341	Heart	NA	Heart	NA	SRP327113	SRS9405780	0.987	0.695	19.130	0.787	0.747	0.958	1066.14	42774	9708.66	1941
SRX11359342	Heart	NA	Heart	NA	SRP327113	SRS9405781	0.988	0.698	19.014	0.815	0.753	0.959	1064.85	42718	9769.99	2017
SRX11359343	Heart	NA	Heart	NA	SRP327113	SRS9405782	0.988	0.697	19.498	0.818	0.749	0.958	1069.83	43358	9898.09	2037
SRX11516576	ESC	ES cells	NA	R1	SRP329327	SRS9554391	0.995	0.535	3.841	0.699	0.863	0.901	5834.45	24996	369476.05	1146
SRX11516577	ESC	ES cells	NA	R1	SRP329327	SRS9554394	0.994	0.584	2.845	0.691	0.878	0.861	5422.13	21949	693360.79	784
SRX11516578	ESC	ES cells	NA	R1	SRP329327	SRS9554392	0.996	0.644	3.607	0.722	0.869	0.892	2779.54	29662	248545.48	1386
SRX11516579	ESC	ES cells	NA	R1	SRP329327	SRS9554393	0.995	0.654	3.539	0.690	0.850	0.890	2775.16	29109	291657.49	1447
SRX11516580	ESC	ES cells	NA	R1	SRP329327	SRS9554395	0.996	0.178	3.088	0.670	0.869	0.872	1354762.0	1	0.0	0
SRX11516581	ESC	ES cells	NA	R1	SRP329327	SRS9554396	0.991	0.541	3.219	0.710	0.865	0.880	6365.29	21020	549535.22	868
SRX11516582	ESC	ES cells	NA	R1	SRP329327	SRS9554397	0.995	0.571	3.108	0.673	0.865	0.875	6042.35	22574	605836.02	924
SRX11516583	ESC	ES cells	NA	R1	SRP329327	SRS9554401	0.996	0.650	3.694	0.727	0.857	0.896	2644.4	29020	224881.63	1446
SRX11516584	ESC	ES cells	NA	R1	SRP329327	SRS9554398	0.995	0.652	3.648	0.731	0.853	0.894	2707.76	28746	325048.4	1328
SRX11516585	ESC	ES cells	NA	R1	SRP329327	SRS9554399	0.996	0.229	3.141	0.698	0.846	0.875	849408.5	2	0.0	0
SRX11516586	ESC	ES cells	NA	R1	SRP329327	SRS9554400	0.995	0.538	3.054	0.668	0.869	0.871	6452.91	21204	619637.47	821
SRX11516587	ESC	ES cells	NA	R1	SRP329327	SRS9554402	0.994	0.565	3.297	0.700	0.848	0.883	6288.49	22967	635770.21	894
SRX11516588	ESC	ES cells	NA	R1	SRP329327	SRS9554403	0.995	0.637	3.208	0.708	0.863	0.876	3065.88	26604	298673.43	1251
SRX11516589	ESC	ES cells	NA	R1	SRP329327	SRS9554405	0.995	0.656	3.830	0.698	0.858	0.899	2620.15	28359	312183.65	1380
SRX11516590	ESC	ES cells	NA	R1	SRP329327	SRS9554404	0.996	0.202	3.501	0.685	0.855	0.890	972553.8	5	0.0	0
SRX11531297	ESC	mESC	NA	J1 mESC	SRP285138	SRS9568545	0.984	0.014	18.289	0.831	0.697	0.952	1247407.0	3	8596909.56	18
SRX11531298	ESC	mESC	NA	J1 mESC	SRP285138	SRS9568546	0.987	0.072	26.646	0.830	0.621	0.958	923752.83	6	12956356.2	5
SRX11531299	ESC	mESC	NA	J1 mESC	SRP285138	SRS9568547	0.984	0.016	25.782	0.835	0.752	0.954	822594.18	28	8119152.77	22
SRX11531300	ESC	mESC	NA	J1 mESC	SRP285138	SRS9568548	0.984	0.015	28.899	0.840	0.756	0.955	1010439.3	10	8155286.2	15
SRX11531336	ESC	mESC	NA	V65 mESC	SRP285138	SRS9568584	0.978	0.735	34.915	0.864	0.667	0.964	1328.4	48701	12042.47	4712
SRX1154233	iNKT cells	iNKT cells	NA	wild type iNKT cells biological replicate (BR) 1	SRP062482	SRS1037019	0.998	0.791	6.408	0.793	0.779	0.915	1276.49	37001	10263.79	1520
SRX1154234	iNKT cells	iNKT cells	NA	wild type iNKT cells BR2	SRP062482	SRS1037018	0.998	0.786	5.912	0.797	0.813	0.921	1288.57	36473	13900.64	1012
SRX1154235	iNKT cells	iNKT cells	NA	Te2/3 DKO iNKT BR1	SRP062482	SRS1037017	0.998	0.771	6.931	0.806	0.831	0.931	1353.26	26430	13918.84	814
SRX1154236	iNKT cells	iNKT cells	NA	Te2/3 DKO iNKT BR2	SRP062482	SRS1037016	0.998	0.783	9.563	0.803	0.828	0.943	1216.86	29214	12921.16	683
SRX11545421	Spleen	not applicable	Spleen	NA	SRP329752	SRS9581926	0.999	0.821	7.307	0.826	0.605	0.910	1180.36	42048	11288.49	1346
SRX11545422	Spleen	not applicable	Spleen	NA	SRP329752	SRS9581927	0.998	0.820	6.545	0.828	0.641	0.910	1159.41	46023	17756.27	950
SRX11545423	Spleen	not applicable	Spleen	NA	SRP329752	SRS9581928	0.998	0.817	7.532	0.830	0.629	0.920	1106.54	48733	11102.68	1552
SRX11551203	Hippocampus	NA	Hippocampus	NA	SRP329853	SRS9586756	0.975	0.770	38.927	0.878	0.693	0.970	1245.97	58452	12324.51	4246
SRX11551204	Substantia Nigra	NA	substantia nigra	NA	SRP329853	SRS9586757	0.975	0.763	35.069	0.882	0.690	0.964	1138.82	52180	14160.89	4283
SRX11551206	Striatum	NA	Striatum	NA	SRP329853	SRS9586759	0.976	0.766	46.200	0.884	0.721	0.970	1176.43	53143	14538.32	4594
SRX11551207	Hippocampus	NA	Hippocampus	NA	SRP329853	SRS9586760	0.979	0.746	35.398	0.875	0.703	0.965	1199.65	67309	12552.94	3295
SRX11551208	Substantia Nigra	NA	substantia nigra	NA	SRP329853	SRS9586761	0.973	0.776	50.964	0.883	0.701	0.970	1211.15	55981	15248.46	4631
SRX11551209	Striatum	NA	Striatum	NA	SRP329853	SRS9586762	0.977	0.758	39.166	0.886	0.666	0.968	1136.66	53982	13670.67	4149
SRX11551210	Hippocampus	NA	Hippocampus	NA	SRP329853	SRS9586763	0.979	0.754	46.479	0.879	0.671	0.969	1203.28	64835	13160.1	3400
SRX11551211	Substantia Nigra	NA	substantia nigra	NA	SRP329853	SRS9586764	0.971	0.759	38.941	0.879	0.720	0.964	1193.65	54079	13627.45	4388
SRX11551212	Striatum	NA	Striatum	NA	SRP329853	SRS9586765	0.974	0.772	43.662	0.877	0.612	0.969	1200.96	53491	14569.38	3838
SRX11551213	Hippocampus	NA	Hippocampus	NA	SRP329853	SRS9586766	0.978	0.746	34.745	0.875	0.643	0.964	1130.19	59373	11966.31	3197
SRX11551214	Substantia Nigra	NA	substantia nigra	NA	SRP329853	SRS9586767	0.972	0.757	36.334	0.869	0.681	0.965	1122.78	49757	12878.79	4197
SRX11551215	Striatum	NA	Striatum	NA	SRP329853	SRS9586768	0.974	0.747	32.180	0.867	0.649	0.963	1142.39	50074	12719.77	3717
SRX11551217	Hippocampus	NA	Hippocampus	NA	SRP329853	SRS9586770	0.977	0.750	36.550	0.872	0.670	0.965	1131.78	58107	11250.69	3581
SRX11551218	Substantia Nigra	NA	substantia nigra	NA	SRP329853	SRS9586771	0.975	0.760	39.412	0.872	0.643	0.965	1134.3	49470	13419.61	4138
SRX11551219	Striatum	NA	Striatum	NA	SRP329853	SRS9586772	0.975	0.758	34.835	0.875	0.684	0.965	1210.07	55611	13141.54	3946
SRX11551223	Hippocampus	NA	Hippocampus	NA	SRP329853	SRS9586776	0.977	0.733	32.532	0.867	0.679	0.963	1158.49	62870	11603.61	3417
SRX11551224	Substantia Nigra	NA	substantia nigra	NA	SRP329853	SRS9586777	0.976	0.764	36.619	0.872	0.706	0.965	1128.35	48008	13694.48	3945
SRX11551225	Striatum	NA	Striatum	NA	SRP329853	SRS9586778	0.975	0.755	33.285	0.875	0.666	0.964	1148.14	50642	12813.28	3710
SRX1156648	Tet2 knockout Hematopoietic stem cell	Tet2 knockout Hematopoietic stem cell	NA	Hematopoietic stem cells (HSC)	SRP062557	SRS1038556	0.993	0.789	3.329	0.774	0.451	0.875	1230.25	34176	30344.79	457
SRX1156649	Tet2 knockout Hematopoietic stem cell	Tet2 knockout Hematopoietic stem cell	NA	Hematopoietic stem cells (HSC)	SRP062557	SRS1038555	0.992	0.785	1.941	0.802	0.463	0.764	1428.17	28421	54156.2	314
SRX1156650	Tet2 and Dnmt3a double knockout Hematopoietic stem cell	Tet2 and Dnmt3a double knockout Hematopoietic stem cell	NA	Hematopoietic stem cells (HSC)	SRP062557	SRS1038554	0.993	0.722	2.797	0.791	0.439	0.833	1646.44	38057	71942.13	660
SRX1156651	Tet2 and Dnmt3a double knockout Hematopoietic stem cell	Tet2 and Dnmt3a double knockout Hematopoietic stem cell	NA	Hematopoietic stem cells (HSC)	SRP062557	SRS1038552	0.989	0.722	2.481	0.752	0.464	0.810	1724.99	36101	81504.96	599
SRX1158321	Liver	NA	NA	Adult Liver	SRP062575	SRS1039406	0.995	0.719	29.631	0.789	0.701	0.951	1061.0	55987	9186.22	3377
SRX1158322	Liver	NA	NA	Adult Liver	SRP062575	SRS1039405	0.998	0.708	31.389	0.775	0.683	0.941	1022.97	53415	9185.28	2879
SRX1158323	Liver	NA	NA	Adult Liver	SRP062575	SRS1039404	0.990	0.721	29.780	0.786	0.696	0.946	1060.96	57610	9790.58	3308
SRX1158324	Liver	NA	NA	Adult Liver	SRP062575	SRS1039403	0.994	0.695	31.678	0.777	0.659	0.937	1062.42	53901	8931.07	3650
SRX1158325	Liver	NA	NA	Adult Liver	SRP062575	SRS1039402	0.997	0.703	29.357	0.773	0.636	0.937	1041.06	55687	9269.21	3196
SRX1161693	Sperm	NA	NA	Sperm	SRP062705	SRS1042582	0.998	0.671	36.813	0.742	0.817	0.909	1443.75	66981	47693.06	2575
SRX1161694	Sperm	NA	NA	Sperm	SRP062705	SRS1042583	0.998	0.718	42.097	0.743	0.753	0.934	1680.4	71835	31686.46	4695
SRX1162703	Whole Embryo	NA	whole embryo	embryo	SRP057505	SRS1043925	0.918	0.708	12.670	0.745	0.392	0.872	1316.63	26238	20009.47	640
SRX1162704	Whole Embryo	NA	whole embryo	embryo	SRP057505	SRS1043926	0.995	0.638	33.262	0.768	0.648	0.923	1093.64	41286	15281.94	2378
SRX11664992	Primordial Germ	Primordial germ cells	NA	Primordial germ cells	SRP227031	SRS9697689	0.972	0.367	2.396	0.576	0.464	0.793	777755.0	2	5345565.9	61
SRX11664993	Primordial Germ	Primordial germ cells	NA	Primordial germ cells	SRP227031	SRS9697690	0.949	0.327	2.834	0.561	0.548	0.811	795055.0	1	5356376.75	59
SRX11664994	Primordial Germ	Primordial germ cells	NA	Primordial germ cells	SRP227031	SRS9697691	0.972	0.360	3.227	0.625	0.488	0.837	813149.33	3	4050067.52	86
SRX11664995	Primordial Germ	Primordial germ cells	NA	Primordial germ cells	SRP227031	SRS9697692	0.968	0.258	3.008	0.432	0.383	0.840	958684.33	3	0.0	0
SRX11704536	Liver	NA	liver	liver tissue	SRP331841	SRS9735463	0.983	0.713	33.992	0.667	0.401	0.948	1048.27	38604	7149.92	2446
SRX11704537	Liver	NA	liver	liver tissue	SRP331841	SRS9735464	0.984	0.698	32.515	0.690	0.329	0.947	1059.1	36524	6773.3	2546
SRX1175767	Retina	WT rod photoreceptors	retina	Rods from WT mouse retina	SRP063015	SRS1050770	0.996	0.797	20.046	0.783	0.777	0.922	1059.55	65261	12742.06	3421
SRX1175768	Retina	WT rod photoreceptors	retina	Rods from WT mouse retina	SRP063015	SRS1050769	0.995	0.803	12.499	0.736	0.827	0.920	1063.8	56790	11048.14	2721
SRX1175769	Retina	rd7 rod photoreceptors	retina	Rods from rd7 mouse retina	SRP063015	SRS1050768	0.994	0.823	13.273	0.816	0.802	0.918	1075.8	53554	9999.61	2915
SRX1175770	Retina	rd7 rod photoreceptors	retina	Rods from rd7 mouse retina	SRP063015	SRS1050767	0.993	0.825	13.689	0.798	0.805	0.920	1069.96	52881	9801.79	2976
SRX1175771	Retina	WT cone photoreceptors	retina	Cones from WT mouse retina	SRP063015	SRS1050766	0.992	0.815	17.582	0.762	0.501	0.923	989.76	60789	11888.44	3680
SRX1175772	Retina	WT cone photoreceptors	retina	Cones from WT mouse retina	SRP063015	SRS1050765	0.992	0.822	14.600	0.721	0.717	0.922	1025.49	56939	11575.62	3921
SRX1177958	LSK	LSK cells	NA	wild type LSK cells biological replicate (BR) 1	SRP063093	SRS1052507	0.995	0.788	2.665	0.785	0.182	0.846	1331.04	33120	47922.25	264
SRX1177959	LSK	LSK cells	NA	wild type LSK cells biological replicate (BR) 2	SRP063093	SRS1052505	0.996	0.784	2.818	0.792	0.233	0.857	1289.91	34062	36509.43	467
SRX1177960	LSK	LSK cells	NA	wild type LSK cells biological replicate (BR) 3	SRP063093	SRS1052506	0.996	0.788	2.672	0.797	0.192	0.849	1322.67	33533	38314.03	464
SRX1177961	LSK	LSK cells	NA	Tet2/Tet3 DKO LSK cells biological replicate (BR) 1	SRP063093	SRS1052504	0.997	0.800	2.998	0.806	0.209	0.874	1309.16	29334	32180.85	331
SRX1177962	LSK	LSK cells	NA	Tet2/Tet3 DKO LSK cells biological replicate (BR) 2	SRP063093	SRS1052503	0.995	0.788	3.677	0.792	0.259	0.895	1242.53	30521	29135.42	342
SRX1177963	LSK	LSK cells	NA	Tet2/Tet3 DKO LSK cells biological replicate (BR) 3	SRP063093	SRS1052502	0.995	0.804	3.176	0.800	0.276	0.881	1257.19	31400	29767.18	417
SRX1179648	Tcf3(E2A) deficient pre-pro-B	Tcf3(E2A) deficient pre-pro-B	NA	multipotent progenitor	SRP063275	SRS1053674	0.995	0.796	10.950	0.764	0.583	0.917	1172.39	26581	11417.27	190
SRX1179649	Rag1 deficient pro-B	Rag1 deficient pro-B	NA	progenitor B	SRP063275	SRS1053673	0.995	0.813	11.889	0.785	0.610	0.920	973.36	54775	15270.96	1619
SRX11967905	ExE (Extraembryonic Ectoderm)	NA	ExE (Extraembryonic Ectoderm)	ExE	SRP312798	SRS9976829	0.983	0.478	24.937	0.853	0.495	0.961	24876.14	14231	549529.91	2124
SRX12031611	Liver	NA	liver	liver	SRP336016	SRS10035701	0.983	0.758	20.331	0.792	0.628	0.965	1185.94	51234	10608.92	2969
SRX12031612	Liver	NA	liver	liver	SRP336016	SRS10035702	0.983	0.764	23.715	0.829	0.448	0.970	1173.1	53105	10848.24	3047
SRX12031613	Liver	NA	liver	liver	SRP336016	SRS10035703	0.982	0.753	21.231	0.809	0.624	0.966	1153.16	52690	9777.01	3337
SRX12031614	Liver	NA	liver	liver	SRP336016	SRS10035704	0.983	0.760	25.616	0.836	0.638	0.971	1102.56	57177	10068.99	3290
SRX12102696	LSK	LSK	NA	LSK cells from bone marrow	SRP336168	SRS10082991	0.997	0.790	12.432	0.859	0.838	0.951	923.07	54261	11238.28	1627
SRX12102697	LSK	LSK	NA	LSK cells from bone marrow	SRP336168	SRS10082992	0.998	0.759	10.864	0.866	0.840	0.944	1008.74	48405	10882.48	1529
SRX12102698	LSK	LSK	NA	LSK cells from bone marrow	SRP336168	SRS10082993	0.997	0.808	9.744	0.856	0.842	0.946	971.09	48695	10630.4	1795
SRX12102699	LSK	LSK	NA	LSK cells from bone marrow	SRP336168	SRS10082994	0.998	0.789	8.568	0.856	0.844	0.946	1007.1	46628	11133.34	1332
SRX12102700	LSK	LSK	NA	LSK cells from bone marrow	SRP336168	SRS10082995	0.997	0.769	13.877	0.867	0.832	0.939	884.64	63826	12641.42	2041
SRX12102701	LSK	LSK	NA	LSK cells from bone marrow	SRP336168	SRS10082996	0.997	0.775	11.444	0.864	0.818	0.937	901.39	57446	11228.1	1746
SRX12120985	Neural Progenitor	NA	NA	Neural progenitor cells	SRP339235	SRS10101187	0.997	0.698	19.654	0.798	0.843	0.949	4728.65	50024	229249.34	2596
SRX12120986	Neural Progenitor	NA	NA	Neural progenitor cells	SRP339235	SRS10101188	0.997	0.699	18.314	0.799	0.850	0.948	4765.26	49495	231630.87	2568
SRX12120987	Neural Progenitor	NA	NA	Neural progenitor cells	SRP339235	SRS10101189	0.997	0.700	19.467	0.801	0.847	0.948	4711.5	50604	231350.0	2584
SRX12120988	Neural Progenitor	NA	NA	Neural progenitor cells	SRP339235	SRS10101190	0.997	0.699	20.822	0.803	0.847	0.949	4694.09	51138	229349.66	2619
SRX12121117	Neural Progenitor	NA	NA	Neural progenitor cells	SRP339235	SRS10102196	0.997	0.674	19.116	0.795	0.843	0.948	6407.25	60904	306315.09	2228
SRX12121118	Neural Progenitor	NA	NA	Neural progenitor cells	SRP339235	SRS10102197	0.997	0.676	18.209	0.798	0.845	0.948	6482.81	60035	306031.98	2231
SRX12121180	Neural Progenitor	NA	NA	Neural progenitor cells	SRP339236	SRS10102259	0.998	0.722	27.785	0.807	0.855	0.960	1600.28	38645	150950.8	3085
SRX12121181	Neural Progenitor	NA	NA	Neural progenitor cells	SRP339236	SRS10102260	0.998	0.719	29.201	0.802	0.852	0.960	1612.03	39366	149568.31	3105
SRX12121182	Neural Progenitor	NA	NA	Neural progenitor cells	SRP339236	SRS10102261	0.998	0.723	34.318	0.803	0.849	0.961	1673.98	43552	150967.94	3171
SRX12121193	Neural Progenitor	NA	NA	Neural progenitor cells	SRP339236	SRS10102272	0.998	0.687	19.829	0.805	0.871	0.957	5996.8	53074	301993.62	2257
SRX12121194	Neural Progenitor	NA	NA	Neural progenitor cells	SRP339236	SRS10102273	0.998	0.687	29.720	0.806	0.862	0.960	5702.15	57775	299586.42	2308
SRX12121195	Neural Progenitor	NA	NA	Neural progenitor cells	SRP339236	SRS10102274	0.998	0.688	33.790	0.806	0.852	0.961	5647.5	58712	297034.66	2342
SRX12121210	Neural Progenitor	NA	NA	Neural progenitor cells	SRP339237	SRS10102289	0.998	0.714	17.851	0.803	0.863	0.956	1756.18	35356	136053.15	3145
SRX12121211	Neural Progenitor	NA	NA	Neural progenitor cells	SRP339237	SRS10102290	0.998	0.717	16.257	0.797	0.866	0.956	1756.67	35189	133266.6	3252
SRX12121212	Neural Progenitor	NA	NA	Neural progenitor cells	SRP339237	SRS10102292	0.998	0.711	20.091	0.798	0.858	0.959	1818.81	35972	136910.69	3194
SRX12121213	Neural Progenitor	NA	NA	Neural progenitor cells	SRP339237	SRS10102291	0.998	0.715	22.902	0.796	0.848	0.960	1919.05	37584	146752.99	3081
SRX12121224	Neural Progenitor	NA	NA	Neural progenitor cells	SRP339237	SRS10102304	0.997	0.667	34.284	0.798	0.849	0.963	6155.29	60724	243039.06	2656
SRX12121225	Neural Progenitor	NA	NA	Neural progenitor cells	SRP339237	SRS10102303	0.998	0.665	29.659	0.800	0.859	0.962	6232.57	59237	242583.4	2649
SRX12150435	Oocyte	NA	NA	Oocyte	SRP336725	SRS10129535	0.960	0.355	5.196	0.623	0.185	0.900	28290.71	30443	183187.82	7086
SRX12150436	Oocyte	NA	NA	Oocyte	SRP336725	SRS10129536	0.959	0.362	2.100	0.293	0.295	0.780	60964.53	4956	357147.5	3269
SRX12150437	Oocyte	NA	NA	Oocyte	SRP336725	SRS10129537	0.965	0.304	5.664	0.627	0.212	0.904	33236.38	28150	199542.59	7540
SRX12150438	Oocyte	NA	NA	Oocyte	SRP336725	SRS10129538	0.963	0.306	2.363	0.341	0.256	0.806	61691.39	6182	352617.88	3768
SRX12150439	Oocyte	NA	NA	Oocyte	SRP336725	SRS10129539	0.986	0.188	4.798	0.557	0.202	0.895	743112.0	1	1024940.4	951
SRX12150440	Oocyte	NA	NA	Oocyte	SRP336725	SRS10129540	0.984	0.080	3.930	0.598	0.168	0.879	0.0	0	5208772.14	29
SRX12150441	Oocyte	NA	NA	Oocyte	SRP336725	SRS10129541	0.984	0.080	4.535	0.620	0.171	0.890	0.0	0	4860914.04	25
SRX12155397	Hippocampus	NA	NA	hippocampus	SRP336812	SRS10133738	0.987	0.588	4.785	0.718	0.333	0.921	2104.16	34310	63609.85	1171
SRX12155398	Hippocampus	NA	NA	hippocampus	SRP336812	SRS10133739	0.988	0.593	5.414	0.750	0.381	0.929	1960.87	37183	52052.84	1891
SRX12155399	Hippocampus	NA	NA	hippocampus	SRP336812	SRS10133742	0.986	0.576	4.096	0.730	0.232	0.904	2725.57	29944	60495.18	1457
SRX12155400	Hippocampus	NA	NA	hippocampus	SRP336812	SRS10133740	0.987	0.591	4.214	0.735	0.288	0.911	2335.52	33544	59969.88	982
SRX12155401	Hippocampus	NA	NA	hippocampus	SRP336812	SRS10133741	0.988	0.594	6.760	0.762	0.344	0.940	1694.61	41980	38769.22	2084
SRX12155402	Hippocampus	NA	NA	hippocampus	SRP336812	SRS10133743	0.988	0.598	5.540	0.772	0.339	0.931	1941.29	37333	53960.19	1853
SRX12155403	Hippocampus	NA	NA	hippocampus	SRP336812	SRS10133744	0.988	0.598	7.050	0.768	0.380	0.938	1632.55	42374	41403.57	2147
SRX12155404	Hippocampus	NA	NA	hippocampus	SRP336812	SRS10133745	0.988	0.575	8.185	0.708	0.410	0.942	1557.77	43421	37270.91	2003
SRX12155405	Hippocampus	NA	NA	hippocampus	SRP336812	SRS10133746	0.988	0.578	7.011	0.759	0.406	0.939	1686.23	41014	48088.16	1518
SRX12155406	Hippocampus	NA	NA	hippocampus	SRP336812	SRS10133747	0.988	0.586	8.863	0.736	0.417	0.944	1477.91	43478	35025.17	1990
SRX12155407	Hippocampus	NA	NA	hippocampus	SRP336812	SRS10133748	0.988	0.589	7.310	0.743	0.392	0.942	1632.54	42637	38830.91	2058
SRX12155408	Hippocampus	NA	NA	hippocampus	SRP336812	SRS10133749	0.988	0.594	8.176	0.762	0.412	0.940	1550.25	44304	29653.67	2750
SRX12188725	ESC	undifferentiated embryonic stem cells	NA	murine embryonic stem cells	SRP337056	SRS10166606	0.977	0.658	3.632	0.774	0.618	0.892	2049.23	30079	59511.12	818
SRX12188733	ESC	undifferentiated embryonic stem cells	NA	murine embryonic stem cells	SRP337056	SRS10166613	0.980	0.179	17.894	0.812	0.606	0.948	27799.96	569	0.0	0
SRX12188734	ESC	undifferentiated embryonic stem cells	NA	murine embryonic stem cells	SRP337056	SRS10166615	0.982	0.184	11.444	0.808	0.634	0.945	16630.09	7669	82275739.0	1
SRX12204088	Dorsal Hippocampus	NA	Mouse dorsal hippocampus	Mouse dorsal hippocampus	SRP337411	SRS10180542	0.975	0.716	3.861	0.853	0.529	0.784	1907.45	28675	34639.16	602
SRX12204090	Dorsal Hippocampus	NA	Mouse dorsal hippocampus	Mouse dorsal hippocampus	SRP337411	SRS10180544	0.974	0.716	2.786	0.720	0.465	0.703	2095.94	24017	51591.57	453
SRX12204106	Dorsal Hippocampus	NA	Mouse dorsal hippocampus	Mouse dorsal hippocampus	SRP337411	SRS10180559	0.974	0.675	2.940	0.786	0.464	0.713	1967.33	25088	48081.95	368
SRX12204110	Dorsal Hippocampus	NA	Mouse dorsal hippocampus	Mouse dorsal hippocampus	SRP337411	SRS10180563	0.975	0.672	3.395	0.796	0.453	0.700	2046.78	25626	46567.13	455
SRX12204111	Dorsal Hippocampus	NA	Mouse dorsal hippocampus	Mouse dorsal hippocampus	SRP337411	SRS10180564	0.976	0.670	3.716	0.838	0.483	0.723	1975.89	27527	49288.82	246
SRX12204112	Dorsal Hippocampus	NA	Mouse dorsal hippocampus	Mouse dorsal hippocampus	SRP337411	SRS10180565	0.975	0.704	3.886	0.805	0.471	0.781	1974.83	28664	36500.31	659
SRX12204113	Dorsal Hippocampus	NA	Mouse dorsal hippocampus	Mouse dorsal hippocampus	SRP337411	SRS10180566	0.976	0.696	3.026	0.844	0.498	0.742	2021.49	27500	40530.93	578
SRX12204114	Dorsal Hippocampus	NA	Mouse dorsal hippocampus	Mouse dorsal hippocampus	SRP337411	SRS10180567	0.975	0.657	3.716	0.750	0.472	0.751	2074.67	27597	43561.62	471
SRX12204115	Dorsal Hippocampus	NA	Mouse dorsal hippocampus	Mouse dorsal hippocampus	SRP337411	SRS10180568	0.972	0.693	3.886	0.827	0.499	0.768	1962.48	27866	36938.0	483
SRX12204117	Dorsal Hippocampus	NA	Mouse dorsal hippocampus	Mouse dorsal hippocampus	SRP337411	SRS10180570	0.974	0.674	4.644	0.811	0.427	0.748	1968.52	27397	34392.69	581
SRX12204118	Dorsal Hippocampus	NA	Mouse dorsal hippocampus	Mouse dorsal hippocampus	SRP337411	SRS10180571	0.975	0.686	4.545	0.823	0.438	0.779	1959.16	29119	37977.15	528
SRX12204119	Dorsal Hippocampus	NA	Mouse dorsal hippocampus	Mouse dorsal hippocampus	SRP337411	SRS10180572	0.974	0.708	2.977	0.736	0.533	0.725	2042.25	25894	42667.4	511
SRX12204121	Dorsal Hippocampus	NA	Mouse dorsal hippocampus	Mouse dorsal hippocampus	SRP337411	SRS10180574	0.973	0.688	3.092	0.798	0.497	0.716	1959.95	26300	53443.46	235
SRX12204122	Dorsal Hippocampus	NA	Mouse dorsal hippocampus	Mouse dorsal hippocampus	SRP337411	SRS10180575	0.974	0.685	3.436	0.828	0.456	0.714	2004.04	27761	44478.87	474
SRX12454610	Whole Bone Marrow	NA	Whole bone marrow	NA	SRP339793	SRS10420637	0.985	0.672	18.765	0.872	0.922	0.948	1175.84	68085	11271.99	4399
SRX12454611	Whole Bone Marrow	NA	Whole bone marrow	NA	SRP339793	SRS10420638	0.986	0.686	12.177	0.876	0.917	0.946	1237.83	62844	18939.77	2753
SRX12454612	Whole Bone Marrow	NA	Whole bone marrow	NA	SRP339793	SRS10420639	0.985	0.691	11.143	0.819	0.864	0.928	1176.32	44962	16599.61	1132
SRX12454613	Whole Bone Marrow	NA	Whole bone marrow	NA	SRP339793	SRS10420640	0.986	0.686	13.678	0.814	0.843	0.936	1139.95	50375	13636.24	1508
SRX12454614	Whole Bone Marrow	NA	Whole bone marrow	NA	SRP339793	SRS10420641	0.986	0.659	8.702	0.846	0.905	0.939	1292.96	41107	12465.03	1235
SRX12454615	Whole Bone Marrow	NA	Whole bone marrow	NA	SRP339793	SRS10420642	0.980	0.701	14.824	0.793	0.852	0.936	1101.57	50292	13982.46	1300
SRX12454616	Whole Bone Marrow	NA	Whole bone marrow	NA	SRP339793	SRS10420643	0.986	0.690	4.093	0.856	0.915	0.909	1576.68	33864	27661.99	480
SRX12454617	Whole Bone Marrow	NA	Whole bone marrow	NA	SRP339793	SRS10420644	0.983	0.686	15.931	0.818	0.868	0.936	1059.32	47667	12047.79	1229
SRX12454618	Whole Bone Marrow	NA	Whole bone marrow	NA	SRP339793	SRS10420646	0.984	0.678	13.015	0.880	0.952	0.942	1084.36	46757	12484.57	1089
SRX12454619	Whole Bone Marrow	NA	Whole bone marrow	NA	SRP339793	SRS10420645	0.984	0.720	14.682	0.799	0.760	0.936	1029.3	47187	11241.9	1318
SRX12454620	Whole Bone Marrow	NA	Whole bone marrow	NA	SRP339793	SRS10420647	0.985	0.739	9.893	0.845	0.892	0.942	1103.11	48271	12139.88	1555
SRX12454621	Whole Bone Marrow	NA	Whole bone marrow	NA	SRP339793	SRS10420648	0.983	0.725	5.877	0.764	0.904	0.922	1308.83	41806	21585.88	815
SRX12454622	Whole Bone Marrow	NA	Whole bone marrow	NA	SRP339793	SRS10420649	0.986	0.666	14.872	0.811	0.840	0.935	1198.48	62153	18255.94	2470
SRX12454623	Whole Bone Marrow	NA	Whole bone marrow	NA	SRP339793	SRS10420650	0.984	0.740	11.123	0.843	0.905	0.942	1081.42	55559	13717.03	1786
SRX12454624	Whole Bone Marrow	NA	Whole bone marrow	NA	SRP339793	SRS10420651	0.983	0.725	11.854	0.868	0.951	0.944	1078.06	54506	13635.62	1701
SRX12454625	Whole Bone Marrow	NA	Whole bone marrow	NA	SRP339793	SRS10420652	0.986	0.691	7.225	0.874	0.867	0.938	1302.83	44106	16163.33	1222
SRX12454626	Whole Bone Marrow	NA	Whole bone marrow	NA	SRP339793	SRS10420653	0.983	0.671	16.723	0.871	0.902	0.951	1035.7	57141	8338.27	2869
SRX12454627	Whole Bone Marrow	NA	Whole bone marrow	NA	SRP339793	SRS10420654	0.985	0.692	26.728	0.781	0.859	0.957	937.91	67597	9352.94	2789
SRX12454628	Whole Bone Marrow	NA	Whole bone marrow	NA	SRP339793	SRS10420655	0.985	0.737	10.443	0.846	0.907	0.943	1075.06	44910	11215.53	1253
SRX12454629	Whole Bone Marrow	NA	Whole bone marrow	NA	SRP339793	SRS10420656	0.985	0.764	6.641	0.828	0.901	0.931	1169.74	41895	14085.97	1047
SRX12454630	Whole Bone Marrow	NA	Whole bone marrow	NA	SRP339793	SRS10420657	0.986	0.749	10.992	0.854	0.906	0.946	1059.7	46647	12138.27	1240
SRX12454631	Whole Bone Marrow	NA	Whole bone marrow	NA	SRP339793	SRS10420661	0.984	0.760	10.302	0.831	0.930	0.941	1083.93	45726	11570.56	1312
SRX12454632	Whole Bone Marrow	NA	Whole bone marrow	NA	SRP339793	SRS10420658	0.984	0.733	11.761	0.876	0.960	0.946	1054.53	45977	11587.15	1210
SRX12454633	Whole Bone Marrow	NA	Whole bone marrow	NA	SRP339793	SRS10420660	0.984	0.656	17.444	0.817	0.843	0.937	1157.63	63572	17317.45	2684
SRX12454634	Whole Bone Marrow	NA	Whole bone marrow	NA	SRP339793	SRS10420659	0.986	0.760	9.782	0.876	0.856	0.944	1061.15	51089	11781.2	1560
SRX12454635	Lineage negative Kit positive Sca1 positive	NA	Lineage negative Kit positive Sca1 positive	NA	SRP339793	SRS10420663	0.985	0.790	13.082	0.849	0.871	0.943	1031.55	48618	6707.7	3402
SRX12454636	MEP	NA	MEP	NA	SRP339793	SRS10420662	0.985	0.751	12.422	0.846	0.896	0.942	1042.69	49972	12100.04	1256
SRX12454637	CMP	NA	CMP	NA	SRP339793	SRS10420664	0.985	0.822	13.846	0.853	0.887	0.944	959.35	58166	7299.61	3630
SRX12454638	GMP	NA	GMP	NA	SRP339793	SRS10420665	0.985	0.807	13.786	0.844	0.894	0.944	938.54	62939	8164.42	3589
SRX12454639	T-cells	NA	T-cells	NA	SRP339793	SRS10420666	0.984	0.789	12.588	0.825	0.913	0.945	1085.11	47655	8658.83	2507
SRX12454640	T-cells	NA	T-cells	NA	SRP339793	SRS10420667	0.984	0.788	14.967	0.820	0.903	0.947	1037.23	51107	8113.18	2817
SRX12454641	B-cells	NA	B-cells	NA	SRP339793	SRS10420669	0.984	0.807	14.954	0.823	0.913	0.947	971.32	56729	7466.57	3214
SRX12454642	B-cells	NA	B-cells	NA	SRP339793	SRS10420668	0.984	0.803	13.579	0.818	0.904	0.946	982.46	55620	7903.32	2775
SRX12454643	B-cells	NA	B-cells	NA	SRP339793	SRS10420670	0.985	0.799	6.443	0.822	0.946	0.934	1148.86	44178	16129.13	1044
SRX12454644	Whole Bone Marrow	NA	Whole bone marrow	NA	SRP339793	SRS10420671	0.986	0.629	3.253	0.847	0.910	0.887	2441.53	32620	47346.74	910
SRX12454645	B-cells	NA	B-cells	NA	SRP339793	SRS10420672	0.985	0.796	6.811	0.810	0.944	0.940	1122.12	44699	15099.47	999
SRX12454646	Myeloid	NA	Myeloid cells	NA	SRP339793	SRS10420674	0.984	0.780	14.525	0.827	0.917	0.946	931.66	64707	7887.23	3362
SRX12454647	Myeloid	NA	Myeloid cells	NA	SRP339793	SRS10420673	0.984	0.778	14.034	0.830	0.917	0.946	933.53	63648	7763.97	3287
SRX12454648	Whole Bone Marrow	NA	Whole bone marrow	NA	SRP339793	SRS10420675	0.984	0.729	14.391	0.814	0.884	0.947	1024.08	48641	7617.13	2450
SRX12454649	Whole Bone Marrow	NA	Whole bone marrow	NA	SRP339793	SRS10420676	0.984	0.715	16.360	0.824	0.917	0.948	995.86	50600	7692.43	2338
SRX12454650	Myeloid	NA	Myeloid cells	NA	SRP339793	SRS10420677	0.984	0.722	12.710	0.788	0.898	0.944	1260.99	71000	13409.99	5263
SRX12454651	Lineage negative Kit positive Sca1 positive	NA	Lineage negative Kit positive Sca1 positive	NA	SRP339793	SRS10420679	0.983	0.741	10.838	0.780	0.857	0.943	1284.11	65609	23020.91	3703
SRX12454652	Lineage negative Kit positive Sca1 positive	NA	Lineage negative Kit positive Sca1 positive	NA	SRP339793	SRS10420681	0.986	0.731	13.829	0.851	0.874	0.944	1234.13	66401	12995.54	5052
SRX12454653	CMP	NA	CMP	NA	SRP339793	SRS10420678	0.985	0.748	12.909	0.848	0.893	0.943	1235.18	68420	13317.32	5344
SRX12454654	GMP	NA	GMP	NA	SRP339793	SRS10420680	0.985	0.745	13.283	0.855	0.883	0.943	1223.34	71911	15015.06	5373
SRX12454655	Whole Bone Marrow	NA	Whole bone marrow	NA	SRP339793	SRS10420682	0.982	0.650	17.242	0.798	0.835	0.939	1149.47	65164	18068.29	2591
SRX12454656	MEP	NA	MEP	NA	SRP339793	SRS10420683	0.985	0.700	13.826	0.852	0.884	0.943	1217.98	67733	12358.66	4644
SRX12454657	B-cells	NA	B-cells	NA	SRP339793	SRS10420684	0.985	0.708	6.398	0.828	0.946	0.935	1655.55	50989	31293.73	2326
SRX12454658	B-cells	NA	B-cells	NA	SRP339793	SRS10420685	0.985	0.732	6.180	0.812	0.943	0.934	1538.71	54590	33604.62	2382
SRX12454659	B-cells	NA	B-cells	NA	SRP339793	SRS10420686	0.984	0.744	12.303	0.799	0.898	0.943	1278.32	67531	14033.1	4892
SRX12454660	Whole Bone Marrow	NA	Whole bone marrow	NA	SRP339793	SRS10420687	0.984	0.673	11.878	0.875	0.957	0.940	1267.76	63394	18712.61	2957
SRX12454661	Whole Bone Marrow	NA	Whole bone marrow	NA	SRP339793	SRS10420688	0.984	0.661	11.007	0.750	0.799	0.933	1286.09	55891	21664.93	1894
SRX12454662	Whole Bone Marrow	NA	Whole bone marrow	NA	SRP339793	SRS10420689	0.985	0.708	14.272	0.878	0.914	0.944	1182.8	54226	9754.8	2936
SRX12454663	Whole Bone Marrow	NA	Whole bone marrow	NA	SRP339793	SRS10420690	0.985	0.718	12.624	0.877	0.907	0.944	1184.6	53456	15692.62	1609
SRX12557483	Embryo	NA	Embryo	NA	SRP282002	SRS10515172	0.989	0.251	6.797	0.553	0.473	0.922	73611.73	952	302771.32	591
SRX12557484	Embryo	NA	Embryo	NA	SRP282002	SRS10515173	0.979	0.694	6.587	0.483	0.705	0.920	1432.85	27674	29478.41	469
SRX12557485	Embryo	NA	Embryo	NA	SRP282002	SRS10515174	0.979	0.711	6.888	0.442	0.730	0.927	1438.34	28360	26848.54	530
SRX12557486	Embryo	NA	Embryo	NA	SRP282002	SRS10515175	0.988	0.060	6.704	0.479	0.792	0.931	822159.5	2	2130103.19	137
SRX12557487	Oocyte	NA	Oocyte	NA	SRP282002	SRS10515176	0.968	0.482	7.792	0.527	0.625	0.935	64807.05	5842	359682.05	2727
SRX12557488	Embryo	NA	Embryo	NA	SRP282002	SRS10515177	0.991	0.161	5.709	0.420	0.762	0.919	0.0	0	0.0	0
SRX12557489	Embryo	NA	Embryo	NA	SRP282002	SRS10515178	0.986	0.177	6.889	0.489	0.800	0.931	0.0	0	93093748.0	3
SRX12557490	Embryo	NA	Embryo	NA	SRP282002	SRS10515179	0.986	0.690	6.363	0.453	0.747	0.920	1470.94	27135	24986.47	701
SRX12557491	Embryo	NA	Embryo	NA	SRP282002	SRS10515180	0.990	0.156	7.186	0.393	0.705	0.939	0.0	0	0.0	0
SRX12557492	Embryo	NA	Embryo	NA	SRP282002	SRS10515181	0.977	0.183	7.651	0.557	0.680	0.934	355127.0	1	2047850.02	210
SRX12557493	Embryo	NA	Embryo	NA	SRP282002	SRS10515182	0.983	0.692	6.324	0.449	0.754	0.918	1421.0	27597	25605.06	510
SRX12557494	Embryo	NA	Embryo	NA	SRP282002	SRS10515183	0.990	0.156	6.096	0.420	0.756	0.924	0.0	0	0.0	0
SRX12557495	Embryo	NA	Embryo	NA	SRP282002	SRS10515184	0.987	0.182	5.565	0.471	0.782	0.915	0.0	0	5178658.0	15
SRX12566134	Lung	NA	lung	Pre-malignant lung epithelial cells	SRP340739	SRS10523487	0.985	0.525	2.828	0.446	0.794	0.759	2258.88	26906	68891.7	147
SRX12566135	Lung	NA	lung	Pre-malignant lung epithelial cells	SRP340739	SRS10523488	0.985	0.522	2.478	0.454	0.813	0.727	2405.29	24833	82829.6	131
SRX12566136	Lung	NA	lung	Pre-malignant lung epithelial cells	SRP340739	SRS10523491	0.985	0.549	2.253	0.452	0.826	0.719	2274.96	26188	124416.07	69
SRX12566137	Lung	NA	lung	Pre-malignant lung epithelial cells	SRP340739	SRS10523489	0.985	0.531	2.646	0.505	0.805	0.743	2299.66	25604	72382.77	154
SRX12566138	Lung	NA	lung	Pre-malignant lung epithelial cells	SRP340739	SRS10523490	0.985	0.574	3.164	0.421	0.828	0.806	1957.07	31265	62496.61	194
SRX12566139	Lung	NA	lung	Pre-malignant lung epithelial cells	SRP340739	SRS10523493	0.985	0.544	2.252	0.456	0.824	0.710	2210.97	26711	120429.33	98
SRX12566140	Lung	NA	lung	Pre-malignant lung epithelial cells	SRP340739	SRS10523492	0.984	0.537	2.602	0.454	0.828	0.744	2233.98	25997	76398.36	145
SRX12566141	Lung	NA	lung	Pre-malignant lung epithelial cells	SRP340739	SRS10523494	0.985	0.557	2.992	0.425	0.810	0.783	1992.99	29478	69688.45	109
SRX12580877	Limb	NA	NA	limb	SRP341070	SRS10536634	0.984	0.760	24.859	0.867	0.572	0.960	1031.52	59541	8586.93	3613
SRX12580878	Limb	NA	NA	limb	SRP341070	SRS10536635	0.965	0.763	18.519	0.885	0.725	0.950	1086.97	57345	9023.42	3774
SRX12580879	ESC	NA	NA	ESC	SRP341070	SRS10536636	0.984	0.730	21.293	0.861	0.685	0.961	1261.83	45169	10412.29	4079
SRX12580880	ESC	NA	NA	ESC	SRP341070	SRS10536637	0.983	0.741	26.320	0.855	0.646	0.961	1192.13	38989	10996.07	3553
SRX12580881	Limb	NA	NA	limb	SRP341070	SRS10536638	0.984	0.663	20.846	0.860	0.624	0.961	1210.94	70192	13739.89	3782
SRX12580882	Limb	NA	NA	limb	SRP341070	SRS10536639	0.984	0.674	23.470	0.860	0.590	0.964	1198.52	70742	12542.71	4121
SRX12707997	Vascular	NA	vascular	Vascular tissue	SRP342398	SRS10657764	0.985	0.738	21.103	0.858	0.520	0.958	1089.78	45075	8155.06	2395
SRX12707998	Vascular	NA	vascular	Vascular tissue	SRP342398	SRS10657767	0.985	0.739	22.045	0.856	0.526	0.957	1088.04	43261	8891.89	1974
SRX12707999	Vascular	NA	vascular	Vascular tissue	SRP342398	SRS10657766	0.984	0.719	23.311	0.856	0.614	0.959	1065.5	47308	8328.41	2231
SRX12708000	Vascular	NA	vascular	Vascular tissue	SRP342398	SRS10657765	0.984	0.712	23.573	0.856	0.603	0.958	1056.83	46314	8600.56	2048
SRX12708001	Vascular	NA	vascular	Vascular tissue	SRP342398	SRS10657768	0.985	0.732	23.982	0.863	0.640	0.959	1059.6	49277	7987.61	2345
SRX12708002	Vascular	NA	vascular	Vascular tissue	SRP342398	SRS10657770	0.984	0.738	22.728	0.858	0.598	0.958	1081.92	45612	7808.53	2356
SRX12708003	Vascular	NA	vascular	Vascular tissue	SRP342398	SRS10657769	0.985	0.825	20.941	0.851	0.475	0.958	988.89	60217	8395.46	3358
SRX12708004	Vascular	NA	vascular	Vascular tissue	SRP342398	SRS10657771	0.984	0.734	22.203	0.855	0.570	0.958	1086.3	45916	8250.22	2355
SRX12708005	Vascular	NA	vascular	Vascular tissue	SRP342398	SRS10657772	0.986	0.775	22.730	0.859	0.538	0.958	1030.76	49402	7718.01	2951
SRX12723643	Embryo	NA	embryo	E2.75 embryo	SRP342541	SRS10672812	0.987	0.202	2.073	0.653	0.527	0.763	0.0	0	1035506.24	153
SRX12723644	Embryo	NA	embryo	E2.75 embryo	SRP342541	SRS10672813	0.986	0.204	1.744	0.675	0.412	0.701	0.0	0	624715.39	423
SRX12723648	Embryo	NA	embryo	E2.75 embryo	SRP342541	SRS10672817	0.986	0.209	1.774	0.655	0.565	0.722	0.0	0	1267066.68	50
SRX12727945	Embryo	NA	Embryo	Adipocyte	SRP342588	SRS10676879	0.999	0.598	42.531	0.822	0.791	0.941	8907.93	76270	521185.93	2280
SRX12727946	Embryo	NA	Embryo	Adipocyte	SRP342588	SRS10676880	0.999	0.584	42.466	0.819	0.779	0.942	9307.57	75052	513899.12	2327
SRX12757163	Epiblast	epiblast	NA	epiblast	SRP342917	SRS10704531	0.985	0.700	17.472	0.511	0.833	0.939	1199.37	29636	12582.68	1112
SRX12757164	Epiblast	epiblast	NA	epiblast	SRP342917	SRS10704533	0.985	0.695	21.308	0.544	0.851	0.945	1170.8	30804	11620.67	1515
SRX12757165	Epiblast	epiblast	NA	epiblast	SRP342917	SRS10704534	0.976	0.713	17.636	0.769	0.250	0.929	1260.35	28087	13967.41	950
SRX12757166	EPC	EPC	NA	EPC	SRP342917	SRS10704535	0.990	0.305	9.946	0.517	0.852	0.923	56068.78	1732	943806.54	1211
SRX12757167	EPC	EPC	NA	EPC	SRP342917	SRS10704536	0.990	0.350	7.909	0.529	0.821	0.913	34149.45	3075	1111319.79	931
SRX12757168	EPC	EPC	NA	EPC	SRP342917	SRS10704537	0.982	0.414	16.035	0.757	0.219	0.920	12925.33	15614	973809.98	847
SRX12764416	C57BL/6 x 129S4/SvJae F1 embryo-derived ESCs	C57BL/6 x 129S4/SvJae F1 embryo-derived embryonic stem cells	NA	Mouse embryonic stem cells	SRP342995	SRS10711496	0.989	0.772	22.688	0.750	0.719	0.967	1228.53	42564	9591.16	4642
SRX12764417	C57BL/6 x 129S4/SvJae F1 embryo-derived ESCs	C57BL/6 x 129S4/SvJae F1 embryo-derived embryonic stem cells	NA	Mouse embryonic stem cells	SRP342995	SRS10711497	0.991	0.608	23.407	0.766	0.706	0.964	1566.82	53894	10787.9	4245
SRX1280454	ESC	NA	NA	embryonic stem cells	SRP057157	SRS1084422	0.965	0.031	2.581	0.734	0.725	0.744	822085.0	1	47008095.75	4
SRX1280455	ESC	NA	NA	embryonic stem cells	SRP057157	SRS1084421	0.949	0.224	8.009	0.713	0.640	0.924	0.0	0	0.0	0
SRX1280456	ESC	NA	NA	embryonic stem cells	SRP057157	SRS1084420	0.975	0.669	9.108	0.808	0.605	0.927	1670.19	37515	19933.41	2605
SRX13005559	Small Intestine	NA	small intestine	NA	SRP013703	SRS10945230	0.995	0.754	23.618	0.850	0.821	0.934	1148.89	53932	8672.14	2606
SRX13005560	Small Intestine	NA	small intestine	NA	SRP013703	SRS10945232	0.994	0.754	14.389	0.839	0.870	0.930	1176.47	46994	8339.95	2643
SRX13005561	Small Intestine	NA	small intestine	NA	SRP013703	SRS10945232	0.995	0.753	21.674	0.838	0.814	0.933	1143.37	50965	8553.96	2670
SRX13005562	Small Intestine	NA	small intestine	NA	SRP013703	SRS10945230	0.995	0.753	15.589	0.849	0.883	0.931	1182.37	49262	8948.8	2323
SRX13005573	Thymus	NA	thymus	NA	SRP013703	SRS10945241	0.996	0.836	12.470	0.828	0.769	0.930	984.15	54534	7483.71	3387
SRX13005575	Thymus	NA	thymus	NA	SRP013703	SRS10945242	0.996	0.839	12.211	0.836	0.774	0.926	988.82	55285	7924.55	3110
SRX13005577	Thymus	NA	thymus	NA	SRP013703	SRS10945242	0.996	0.841	21.235	0.843	0.816	0.930	963.61	60103	7589.48	3756
SRX13005579	Thymus	NA	thymus	NA	SRP013703	SRS10945241	0.996	0.842	22.496	0.836	0.806	0.933	955.09	59863	7992.54	3245
SRX13006537	Olfactory Bulb	NA	olfactory bulb	NA	SRP013703	SRS10946054	0.988	0.804	20.982	0.831	0.802	0.933	1137.25	57586	9765.88	3515
SRX13006539	Olfactory Bulb	NA	olfactory bulb	NA	SRP013703	SRS10946056	0.988	0.802	13.155	0.833	0.777	0.930	1164.27	50727	9609.0	3193
SRX13006541	Olfactory Bulb	NA	olfactory bulb	NA	SRP013703	SRS10946054	0.988	0.800	12.558	0.826	0.761	0.930	1166.37	50175	10039.54	2844
SRX13006543	Olfactory Bulb	NA	olfactory bulb	NA	SRP013703	SRS10946056	0.988	0.806	22.411	0.837	0.812	0.933	1140.14	57823	9750.95	3510
SRX13006776	Cerebral Cortex	NA	cerebral cortex	NA	SRP013703	SRS10946166	0.983	0.793	15.031	0.831	0.849	0.931	1196.73	42869	10242.59	3277
SRX13006777	Cerebral Cortex	NA	cerebral cortex	NA	SRP013703	SRS10946168	0.983	0.793	12.431	0.824	0.758	0.929	1206.14	40693	9394.91	3333
SRX13006778	Cerebral Cortex	NA	cerebral cortex	NA	SRP013703	SRS10946168	0.983	0.799	22.142	0.830	0.802	0.933	1170.25	45666	10045.35	3510
SRX13006779	Cerebral Cortex	NA	cerebral cortex	NA	SRP013703	SRS10946166	0.983	0.793	21.350	0.830	0.801	0.933	1172.32	47007	10921.06	3263
SRX13008367	Bone Marrow	NA	bone marrow	NA	SRP013703	SRS10947345	0.996	0.726	21.752	0.835	0.809	0.933	932.28	54233	7320.64	2476
SRX13008368	Bone Marrow	NA	bone marrow	NA	SRP013703	SRS10947346	0.994	0.724	20.480	0.823	0.872	0.933	950.36	52026	7110.27	2560
SRX13008369	Bone Marrow	NA	bone marrow	NA	SRP013703	SRS10947345	0.996	0.722	12.636	0.832	0.772	0.929	1024.09	46497	7428.59	2195
SRX13008370	Bone Marrow	NA	bone marrow	NA	SRP013703	SRS10947346	0.996	0.726	13.670	0.838	0.774	0.930	1011.17	46663	7011.92	2446
SRX13008993	Lung	NA	lung	NA	SRP013703	SRS10947676	0.994	0.745	14.068	0.828	0.837	0.930	1111.84	40215	8315.15	2271
SRX13008994	Lung	NA	lung	NA	SRP013703	SRS10947677	0.994	0.746	15.276	0.838	0.841	0.927	1110.23	40908	8290.77	2240
SRX13008995	Lung	NA	lung	NA	SRP013703	SRS10947677	0.994	0.743	20.085	0.835	0.763	0.929	1082.09	42614	8644.81	2223
SRX13008996	Lung	NA	lung	NA	SRP013703	SRS10947676	0.994	0.745	15.576	0.818	0.767	0.931	1100.62	40852	8592.37	2220
SRX13009026	Cerebellum	NA	cerebellum	NA	SRP013703	SRS10947689	0.989	0.789	14.986	0.839	0.861	0.930	1042.32	66071	13140.2	3178
SRX13009027	Cerebellum	NA	cerebellum	NA	SRP013703	SRS10947690	0.989	0.785	22.715	0.855	0.817	0.930	1013.12	73409	12316.51	3108
SRX13009028	Cerebellum	NA	cerebellum	NA	SRP013703	SRS10947689	0.989	0.790	22.850	0.841	0.802	0.933	1006.3	73972	13466.01	3888
SRX13009029	Cerebellum	NA	cerebellum	NA	SRP013703	SRS10947690	0.989	0.786	15.646	0.855	0.872	0.928	1044.9	66190	11732.9	3004
SRX13009037	Spleen	NA	spleen	NA	SRP013703	SRS10947691	0.995	0.803	14.623	0.843	0.839	0.926	1046.87	47283	7240.95	3040
SRX13009038	Spleen	NA	spleen	NA	SRP013703	SRS10947692	0.995	0.800	21.778	0.834	0.801	0.933	991.14	51718	7281.6	2983
SRX13009039	Spleen	NA	spleen	NA	SRP013703	SRS10947692	0.995	0.801	14.932	0.839	0.837	0.929	1046.53	46684	7518.6	2613
SRX13009040	Spleen	NA	spleen	NA	SRP013703	SRS10947691	0.995	0.803	21.585	0.839	0.803	0.928	990.94	52556	7389.69	3124
SRX13009050	Large Intestine	NA	large intestine	NA	SRP013703	SRS10947695	0.994	0.751	22.697	0.844	0.826	0.933	1143.62	53437	8715.87	2688
SRX13009051	Large Intestine	NA	large intestine	NA	SRP013703	SRS10947696	0.994	0.748	21.994	0.835	0.824	0.933	1125.56	53312	9147.4	2405
SRX13009052	Large Intestine	NA	large intestine	NA	SRP013703	SRS10947695	0.994	0.752	15.253	0.844	0.882	0.931	1169.39	48890	8791.67	2466
SRX13009053	Large Intestine	NA	large intestine	NA	SRP013703	SRS10947696	0.994	0.751	15.402	0.838	0.874	0.931	1156.66	48913	8970.48	2339
SRX13009092	Liver	NA	liver	NA	SRP013703	SRS10947716	0.995	0.769	14.571	0.839	0.841	0.926	1185.49	43763	8762.77	2637
SRX13009093	Liver	NA	liver	NA	SRP013703	SRS10947717	0.995	0.774	14.931	0.833	0.843	0.931	1170.57	46394	9550.14	2530
SRX13009094	Liver	NA	liver	NA	SRP013703	SRS10947716	0.995	0.769	17.889	0.836	0.760	0.928	1155.96	45862	9181.07	2479
SRX13009095	Liver	NA	liver	NA	SRP013703	SRS10947717	0.995	0.772	19.451	0.827	0.754	0.933	1128.02	49370	9813.22	2684
SRX13009171	Heart	NA	heart	NA	SRP013703	SRS10947751	0.994	0.739	19.101	0.835	0.758	0.932	1053.05	42886	10742.94	1842
SRX13009172	Heart	NA	heart	NA	SRP013703	SRS10947752	0.993	0.738	13.767	0.827	0.847	0.930	1096.25	40253	9850.06	2136
SRX13009173	Heart	NA	heart	NA	SRP013703	SRS10947751	0.994	0.742	14.981	0.842	0.837	0.930	1078.14	41569	10075.99	1846
SRX13009174	Heart	NA	heart	NA	SRP013703	SRS10947752	0.994	0.737	20.322	0.830	0.770	0.933	1049.42	42776	10388.75	2372
SRX13009780	Kidney	NA	kidney	NA	SRP013703	SRS10948254	0.994	0.774	14.396	0.826	0.841	0.930	1083.24	45729	8344.43	2654
SRX13009781	Kidney	NA	kidney	NA	SRP013703	SRS10948255	0.994	0.774	14.791	0.829	0.839	0.931	1097.09	45383	8622.05	2471
SRX13009782	Kidney	NA	kidney	NA	SRP013703	SRS10948254	0.994	0.775	22.081	0.828	0.798	0.933	1052.92	50030	8676.65	2704
SRX13009783	Kidney	NA	kidney	NA	SRP013703	SRS10948255	0.994	0.773	22.287	0.828	0.800	0.933	1052.4	50598	8506.44	2866
SRX13085668	Cortical Neuron Nuclei	NA	Cortical neuron nuclei	Cortical neuron nuclei	SRP300442	SRS11022527	0.985	0.653	11.146	0.847	0.570	0.965	1200.79	38869	12337.12	1786
SRX13085669	Cortical Neuron Nuclei	NA	Cortical neuron nuclei	Cortical neuron nuclei	SRP300442	SRS11022528	0.985	0.654	9.133	0.857	0.613	0.955	1261.2	36795	12342.75	1864
SRX13085670	Cortical Neuron Nuclei	NA	Cortical neuron nuclei	Cortical neuron nuclei	SRP300442	SRS11022529	0.992	0.580	9.519	0.843	0.594	0.963	1367.35	63893	16534.6	1932
SRX13085671	Cortical Neuron Nuclei	NA	Cortical neuron nuclei	Cortical neuron nuclei	SRP300442	SRS11022531	0.992	0.583	9.764	0.860	0.591	0.955	1322.18	65188	18483.17	1826
SRX13085672	Cortical Neuron Nuclei	NA	Cortical neuron nuclei	Cortical neuron nuclei	SRP300442	SRS11022530	0.984	0.657	10.269	0.842	0.577	0.964	1235.72	38638	12210.45	1877
SRX13085673	Cortical Neuron Nuclei	NA	Cortical neuron nuclei	Cortical neuron nuclei	SRP300442	SRS11022532	0.986	0.654	8.838	0.853	0.602	0.954	1258.2	38799	12762.35	1878
SRX13085674	Cortical Neuron Nuclei	NA	Cortical neuron nuclei	Cortical neuron nuclei	SRP300442	SRS11022533	0.990	0.634	9.365	0.849	0.591	0.963	1239.82	43753	12083.61	1699
SRX13085675	Cortical Neuron Nuclei	NA	Cortical neuron nuclei	Cortical neuron nuclei	SRP300442	SRS11022534	0.989	0.631	8.253	0.858	0.604	0.952	1290.87	40640	11999.94	1764
SRX13103256	Epiblast	NA	NA	Mouse IVC Epiblast	SRP342595	SRS11039549	0.983	0.768	4.801	0.530	0.091	0.903	1362.8	24457	23697.85	402
SRX13103257	Epiblast	NA	NA	Mouse IVC Epiblast	SRP342595	SRS11039552	0.982	0.765	4.930	0.529	0.103	0.916	1332.8	24975	22203.22	488
SRX1314874	Epiblast Stem Cell	epiblast stem cells	NA	EpiSC	SRP059940	SRS1107306	0.966	0.831	2.746	0.726	0.703	0.808	1526.35	21102	176532.04	934
SRX1314875	Epiblast Stem Cell	epiblast stem cells	NA	EpiSC	SRP059940	SRS1107305	0.966	0.831	2.746	0.726	0.703	0.808	1474.69	22447	174679.52	949
SRX1314876	Epiblast Stem Cell	epiblast stem cells	NA	EpiSC	SRP059940	SRS1107304	0.966	0.831	2.740	0.725	0.707	0.806	1486.09	22106	119049.89	1111
SRX1314877	Epiblast Stem Cell	epiblast stem cells	NA	EpiSC	SRP059940	SRS1107303	0.966	0.831	2.740	0.725	0.707	0.806	1486.11	22110	120418.07	1091
SRX1314878	Epiblast Stem Cell	epiblast stem cells	NA	EpiSC	SRP059940	SRS1107302	0.966	0.832	2.650	0.722	0.712	0.798	1464.38	22506	190015.63	906
SRX1314879	Epiblast Stem Cell	epiblast stem cells	NA	EpiSC	SRP059940	SRS1107301	0.966	0.832	2.650	0.722	0.712	0.798	1474.27	22200	190792.56	900
SRX1314880	Epiblast-Like	epiblast-like cells	NA	EpiLC	SRP059940	SRS1107300	0.926	0.729	2.500	0.697	0.631	0.762	1756.08	21421	96074.31	471
SRX1314881	Epiblast-Like	epiblast-like cells	NA	EpiLC	SRP059940	SRS1107299	0.926	0.729	2.500	0.697	0.631	0.762	1766.22	21098	96143.63	470
SRX1314882	Epiblast-Like	epiblast-like cells	NA	EpiLC	SRP059940	SRS1107298	0.926	0.729	2.487	0.697	0.636	0.759	1779.07	21134	120585.93	332
SRX1314883	Epiblast-Like	epiblast-like cells	NA	EpiLC	SRP059940	SRS1107297	0.926	0.729	2.487	0.697	0.636	0.759	1751.21	21974	120484.74	330
SRX1314884	Epiblast-Like	epiblast-like cells	NA	EpiLC	SRP059940	SRS1107296	0.927	0.729	2.403	0.695	0.641	0.749	1783.89	21419	144294.86	345
SRX1314885	Epiblast-Like	epiblast-like cells	NA	EpiLC	SRP059940	SRS1107295	0.927	0.730	2.403	0.695	0.641	0.749	1784.73	21393	143323.76	349
SRX131671	ESC	NA	NA	mouse embryonic stem cells	SRP011945	SRS304591	0.994	0.034	21.925	0.650	0.222	0.948	0.0	0	0.0	0
SRX13273469	Glia	glia	NA	Microdissected ARH	SRP348783	SRS11193182	0.988	0.702	20.476	0.721	0.269	0.955	979.75	57209	7963.56	2354
SRX13273470	Glia	glia	NA	Microdissected ARH	SRP348783	SRS11193183	0.985	0.677	16.271	0.574	0.363	0.946	997.17	52031	7819.59	2194
SRX13273471	Glia	glia	NA	Microdissected ARH	SRP348783	SRS11193184	0.989	0.705	17.922	0.728	0.277	0.955	995.87	56553	8081.83	2241
SRX13273472	Glia	glia	NA	Microdissected ARH	SRP348783	SRS11193185	0.986	0.694	18.144	0.635	0.423	0.951	986.4	55635	8408.62	2029
SRX13273473	Glia	glia	NA	Microdissected ARH	SRP348783	SRS11193186	0.989	0.709	15.961	0.696	0.372	0.954	997.22	55126	8710.65	1810
SRX13273474	Glia	glia	NA	Microdissected ARH	SRP348783	SRS11193187	0.982	0.684	2.888	0.461	0.358	0.843	1614.26	28330	30448.0	349
SRX13273475	Glia	glia	NA	Microdissected ARH	SRP348783	SRS11193188	0.986	0.701	17.745	0.658	0.381	0.955	975.71	55667	7643.62	2473
SRX13273476	Glia	glia	NA	Microdissected ARH	SRP348783	SRS11193189	0.987	0.717	16.833	0.690	0.326	0.956	988.58	56411	7929.19	2434
SRX13273477	Glia	glia	NA	Microdissected ARH	SRP348783	SRS11193190	0.985	0.703	16.698	0.590	0.428	0.954	987.48	54574	8413.25	2151
SRX13273478	Neuron	neuron	NA	Microdissected ARH	SRP348783	SRS11193191	0.988	0.716	19.031	0.676	0.243	0.962	967.94	57075	8397.08	2156
SRX13273479	Neuron	neuron	NA	Microdissected ARH	SRP348783	SRS11193192	0.986	0.705	14.776	0.618	0.347	0.956	990.85	53931	8190.64	2147
SRX13273480	Neuron	neuron	NA	Microdissected ARH	SRP348783	SRS11193193	0.988	0.711	19.785	0.699	0.364	0.959	936.18	59841	8090.59	2319
SRX13273481	Neuron	neuron	NA	Microdissected ARH	SRP348783	SRS11193194	0.978	0.737	15.311	0.591	0.368	0.946	1062.77	38126	11309.83	1107
SRX13273482	Neuron	neuron	NA	Microdissected ARH	SRP348783	SRS11193195	0.980	0.755	16.356	0.660	0.343	0.952	1057.74	40786	6424.95	3152
SRX13273483	Neuron	neuron	NA	Microdissected ARH	SRP348783	SRS11193196	0.980	0.740	18.028	0.700	0.254	0.951	1036.26	41603	6715.64	2752
SRX13273484	Neuron	neuron	NA	Microdissected ARH	SRP348783	SRS11193197	0.979	0.738	18.453	0.581	0.443	0.949	1032.41	42383	6805.18	2778
SRX13273493	Glia	glia	NA	Microdissected ARH	SRP348783	SRS11193206	0.986	0.695	19.738	0.671	0.378	0.953	951.06	58719	7959.38	2335
SRX13273494	Glia	glia	NA	Microdissected ARH	SRP348783	SRS11193207	0.988	0.719	16.582	0.659	0.418	0.954	987.2	54218	8286.44	2139
SRX13273495	Glia	glia	NA	Microdissected ARH	SRP348783	SRS11193208	0.984	0.679	4.457	0.491	0.441	0.912	1419.06	32840	18988.78	554
SRX13273496	Glia	glia	NA	Microdissected ARH	SRP348783	SRS11193209	0.985	0.685	13.196	0.581	0.249	0.952	1026.0	50059	8276.85	1986
SRX13273497	Glia	glia	NA	Microdissected ARH	SRP348783	SRS11193210	0.985	0.686	16.288	0.569	0.293	0.954	1002.52	52995	8136.43	2206
SRX13273498	Glia	glia	NA	Microdissected ARH	SRP348783	SRS11193211	0.987	0.687	18.094	0.639	0.271	0.957	997.09	52849	8223.89	2185
SRX13273499	Glia	glia	NA	Microdissected ARH	SRP348783	SRS11193212	0.987	0.693	15.975	0.614	0.404	0.956	997.81	52733	8299.24	2094
SRX13273500	Glia	glia	NA	Microdissected ARH	SRP348783	SRS11193213	0.983	0.698	5.699	0.534	0.530	0.932	1224.47	39523	19448.64	588
SRX13273516	Neuron	neuron	NA	Microdissected ARH	SRP348783	SRS11193229	0.980	0.772	15.515	0.673	0.460	0.953	1067.18	40221	6609.7	2918
SRX13273517	Neuron	neuron	NA	Microdissected ARH	SRP348783	SRS11193230	0.976	0.759	16.596	0.616	0.417	0.950	1068.35	37134	10504.37	1303
SRX13273518	Neuron	neuron	NA	Microdissected ARH	SRP348783	SRS11193231	0.977	0.749	15.287	0.644	0.300	0.947	1085.92	35120	14923.01	707
SRX13273519	Neuron	neuron	NA	Microdissected ARH	SRP348783	SRS11193232	0.979	0.776	19.024	0.688	0.243	0.960	1048.63	40829	6644.4	3025
SRX13273520	Neuron	neuron	NA	Microdissected ARH	SRP348783	SRS11193233	0.977	0.773	19.189	0.669	0.308	0.957	1034.37	41952	6815.93	2978
SRX13273521	Neuron	neuron	NA	Microdissected ARH	SRP348783	SRS11193234	0.976	0.768	16.162	0.666	0.337	0.953	1068.13	39285	6723.37	3024
SRX13273522	Neuron	neuron	NA	Microdissected ARH	SRP348783	SRS11193235	0.974	0.724	8.190	0.459	0.093	0.937	1242.45	31909	13483.5	761
SRX13273523	Neuron	neuron	NA	Microdissected ARH	SRP348783	SRS11193236	0.976	0.687	3.854	0.418	0.374	0.861	1401.43	28017	34961.23	191
SRX13273532	Neuron	neuron	NA	Microdissected ARH	SRP348783	SRS11193245	0.977	0.734	17.939	0.570	0.294	0.955	1041.24	40676	6488.89	2871
SRX13273533	Neuron	neuron	NA	Microdissected ARH	SRP348783	SRS11193246	0.906	0.735	14.643	0.458	0.189	0.948	1103.48	37322	10785.92	1219
SRX13273534	Neuron	neuron	NA	Microdissected ARH	SRP348783	SRS11193247	0.978	0.721	16.967	0.616	0.234	0.951	1066.85	37074	11175.86	1024
SRX13273535	Neuron	neuron	NA	Microdissected ARH	SRP348783	SRS11193248	0.972	0.696	12.288	0.476	0.309	0.936	1129.51	32203	18097.85	451
SRX13273536	Neuron	neuron	NA	Microdissected ARH	SRP348783	SRS11193249	0.973	0.729	11.480	0.502	0.259	0.941	1122.68	33890	13630.89	813
SRX13273537	Neuron	neuron	NA	Microdissected ARH	SRP348783	SRS11193250	0.976	0.767	19.062	0.654	0.292	0.959	1066.11	37551	10091.43	1552
SRX13273538	Neuron	neuron	NA	Microdissected ARH	SRP348783	SRS11193251	0.974	0.647	6.515	0.399	0.081	0.917	1332.75	27507	16329.3	466
SRX13287711	Liver	NA	NA	Liver	SRP292755	SRS11200452	0.993	0.556	30.132	0.839	0.475	0.959	5233.15	108742	238964.24	3158
SRX13287712	Liver	NA	NA	Liver	SRP292755	SRS11200453	0.993	0.557	25.089	0.838	0.516	0.958	5531.14	101937	246521.97	3059
SRX13343934	ESC	Embryonic stem cells	NA	E14 (129/Ola)	SRP349681	SRS11248770	0.995	0.616	3.087	0.577	0.759	0.860	2592.81	31757	77368.47	666
SRX13343935	ESC	Embryonic stem cells	NA	E14 (129/Ola)	SRP349681	SRS11248771	0.994	0.675	2.443	0.751	0.760	0.834	2523.72	32152	102889.88	936
SRX13343936	ESC	Embryonic stem cells	NA	E14 (129/Ola)	SRP349681	SRS11248774	0.996	0.414	2.963	0.768	0.769	0.868	14375.51	7383	317929.36	769
SRX13343937	ESC	Embryonic stem cells	NA	E14 (129/Ola)	SRP349681	SRS11248773	0.996	0.429	4.042	0.770	0.736	0.906	6321.93	22829	185735.51	1172
SRX13343938	ESC	Embryonic stem cells	NA	E14 (129/Ola)	SRP349681	SRS11248775	0.994	0.661	3.811	0.636	0.678	0.901	2201.96	40056	71460.68	1468
SRX13343939	ESC	Embryonic stem cells	NA	E14 (129/Ola)	SRP349681	SRS11248772	0.995	0.638	3.823	0.720	0.694	0.901	2178.99	37518	60996.91	1445
SRX13343940	ESC	Embryonic stem cells	NA	E14 (129/Ola)	SRP349681	SRS11248776	0.991	0.706	2.115	0.709	0.755	0.801	2224.65	27926	122046.09	708
SRX13343941	ESC	Embryonic stem cells	NA	E14 (129/Ola)	SRP349681	SRS11248778	0.991	0.719	2.011	0.632	0.696	0.785	2126.89	26999	113764.58	715
SRX13343942	ESC	Embryonic stem cells	NA	E14 (129/Ola)	SRP349681	SRS11248777	0.994	0.623	3.278	0.558	0.660	0.878	2233.68	30967	55438.4	784
SRX13343943	ESC	Embryonic stem cells	NA	E14 (129/Ola)	SRP349681	SRS11248779	0.994	0.631	2.224	0.719	0.762	0.814	2829.21	25513	123707.54	556
SRX13343944	ESC	Embryonic stem cells	NA	E14 (129/Ola)	SRP349681	SRS11248780	0.995	0.559	2.337	0.725	0.724	0.826	4045.78	24832	150971.74	792
SRX13343945	ESC	Embryonic stem cells	NA	E14 (129/Ola)	SRP349681	SRS11248782	0.995	0.566	2.233	0.738	0.765	0.813	4075.35	24675	161346.13	791
SRX13343946	ESC	Embryonic stem cells	NA	E14 (129/Ola)	SRP349681	SRS11248781	0.995	0.488	2.345	0.726	0.733	0.826	5206.24	22670	227422.59	741
SRX13343947	ESC	Embryonic stem cells	NA	E14 (129/Ola)	SRP349681	SRS11248783	0.995	0.491	2.651	0.777	0.758	0.850	5355.01	23500	214553.29	792
SRX13343948	ESC	Embryonic stem cells	NA	E14 (129/Ola)	SRP349681	SRS11248784	0.990	0.624	2.120	0.563	0.682	0.798	3378.49	25344	180729.51	684
SRX13343949	ESC	Embryonic stem cells	NA	E14 (129/Ola)	SRP349681	SRS11248785	0.991	0.642	2.357	0.611	0.691	0.823	2892.13	26610	128700.02	852
SRX13343950	ESC	Embryonic stem cells	NA	E14 (129/Ola)	SRP349681	SRS11248786	0.993	0.525	2.192	0.572	0.702	0.807	4336.92	25776	202660.76	754
SRX13343951	ESC	Embryonic stem cells	NA	E14 (129/Ola)	SRP349681	SRS11248787	0.994	0.551	2.030	0.633	0.741	0.789	4227.99	25465	217132.75	681
SRX13343952	ESC	Embryonic stem cells	NA	E14 (129/Ola)	SRP349681	SRS11248788	0.995	0.450	1.611	0.495	0.705	0.719	333946.0	1	549913.2	410
SRX13343953	ESC	Embryonic stem cells	NA	E14 (129/Ola)	SRP349681	SRS11248790	0.995	0.437	2.667	0.630	0.674	0.849	14708.45	7501	277774.03	816
SRX13343954	ESC	Embryonic stem cells	NA	E14 (129/Ola)	SRP349681	SRS11248789	0.995	0.389	2.346	0.633	0.727	0.823	882394.0	3	12234786.67	3
SRX13343955	ESC	Embryonic stem cells	NA	E14 (129/Ola)	SRP349681	SRS11248791	0.995	0.393	3.092	0.620	0.699	0.874	162664.33	9	6393500.27	30
SRX13343956	ESC	Embryonic stem cells	NA	E14 (129/Ola)	SRP349681	SRS11248792	0.995	0.392	3.142	0.629	0.690	0.877	159983.5	22	6995123.65	20
SRX13343957	ESC	Embryonic stem cells	NA	E14 (129/Ola)	SRP349681	SRS11248793	0.995	0.423	3.598	0.636	0.699	0.895	8143.96	18336	203321.29	1054
SRX13347461	Spleen	not applicable	Spleen	NA	SRP329752	SRS9581926	0.999	0.832	6.442	0.956	0.993	0.896	1195.18	41101	16585.36	932
SRX13347462	Spleen	not applicable	Spleen	NA	SRP329752	SRS9581927	0.998	0.829	5.789	0.943	0.994	0.896	1165.02	45769	18099.89	891
SRX13365391	Kidney	NA	kidney	kidney	SRP350023	SRS11270179	0.997	0.745	6.246	0.863	0.649	0.934	1252.76	33068	12965.38	812
SRX13365392	Kidney	NA	kidney	kidney	SRP350023	SRS11270178	0.997	0.757	6.401	0.859	0.654	0.934	1224.05	34009	11711.31	1002
SRX13365393	Kidney	NA	kidney	kidney	SRP350023	SRS11270180	0.997	0.754	6.578	0.864	0.653	0.936	1228.36	39336	12347.65	1224
SRX13365394	Kidney	NA	kidney	kidney	SRP350023	SRS11270181	0.998	0.724	6.581	0.835	0.679	0.947	1212.43	41775	19752.95	1003
SRX13423595	Oocyte	oocyte	NA	oocyte	SRP350997	SRS11324837	0.954	0.306	1.997	0.644	0.840	0.705	49059.68	4730	355486.8	2633
SRX13423598	Oocyte	oocyte	NA	oocyte	SRP350997	SRS11324839	0.951	0.284	1.881	0.654	0.823	0.701	81556.7	1129	469514.63	2138
SRX13425840	Nucleus Accumbens	D2-MSN	nucleus accumbens	NA	SRP351062	SRS11326926	0.966	0.797	17.697	0.780	0.660	0.960	1018.16	73136	12283.34	3971
SRX13425842	Nucleus Accumbens	D2-MSN	nucleus accumbens	NA	SRP351062	SRS11326927	0.967	0.798	18.881	0.851	0.651	0.960	1006.05	76448	12290.68	4135
SRX13437648	Primordial Germ	Primordial germ cells	NA	Primordial germ cells	SRP227031	SRS11337070	0.963	0.105	6.501	0.590	0.412	0.907	0.0	0	2466820.14	133
SRX13437650	Primordial Germ	Primordial germ cells	NA	Primordial germ cells	SRP227031	SRS11337072	0.967	0.141	6.520	0.586	0.341	0.910	0.0	0	4488760.2	20
SRX13448762	Cortex	GABAergic neurons	cortex	GABAergic neurons MeCP2 KO	SRP351503	SRS11347929	0.964	0.781	17.373	0.835	0.739	0.953	1153.14	46497	10491.81	3882
SRX13448766	Cortex	GABAergic neurons	cortex	GABAergic neurons MeCP2 KO	SRP351503	SRS11347933	0.966	0.780	18.869	0.843	0.761	0.956	1140.8	48789	10147.79	4280
SRX13448767	Cortex	GABAergic neurons	cortex	GABAergic neurons WT	SRP351503	SRS11347934	0.965	0.779	13.809	0.839	0.680	0.950	1222.19	42864	10435.14	4050
SRX13448768	Cortex	GABAergic neurons	cortex	GABAergic neurons WT	SRP351503	SRS11347935	0.970	0.765	21.943	0.864	0.704	0.959	1137.89	52438	10600.59	4153
SRX13448769	Cortex	Glutamatergic neurons	cortex	Glutamatergic neurons MeCP2 KO	SRP351503	SRS11347936	0.961	0.750	15.958	0.809	0.760	0.952	1227.48	69053	15003.72	4233
SRX13448770	Cortex	Glutamatergic neurons	cortex	Glutamatergic neurons MeCP2 KO	SRP351503	SRS11347937	0.966	0.772	16.620	0.863	0.677	0.959	1270.12	77733	16640.67	4708
SRX13448771	Cortex	Glutamatergic neurons	cortex	Glutamatergic neurons WT	SRP351503	SRS11347938	0.964	0.769	19.979	0.851	0.712	0.960	1319.65	82342	18111.5	4810
SRX13448772	Cortex	Glutamatergic neurons	cortex	Glutamatergic neurons WT	SRP351503	SRS11347939	0.961	0.757	16.809	0.799	0.794	0.954	1247.18	70882	14814.04	4396
SRX13448773	Cerebellum	Purkinje neurons	cerebellum	Purkinje neurons WT	SRP351503	SRS11347940	0.976	0.750	9.843	0.853	0.498	0.955	1344.91	51198	25569.87	2100
SRX13448774	Cerebellum	Purkinje neurons	cerebellum	Purkinje neurons WT	SRP351503	SRS11347941	0.975	0.757	14.492	0.858	0.607	0.957	1192.61	51705	13844.29	3558
SRX13569516	Cell Line	NA	NA	CT26 cells	SRP353039	SRS11461976	0.997	0.562	18.176	0.785	0.731	0.939	9734.43	59384	419803.33	2770
SRX13569517	Cell Line	NA	NA	CT26 cells	SRP353039	SRS11461977	0.996	0.355	16.587	0.786	0.633	0.938	11360.27	37868	240207.23	3491
SRX1357313	Testis	NA	testis	NA	SRP065034	SRS1123055	0.994	0.681	3.768	0.785	0.916	0.850	1781.13	45168	145877.97	651
SRX1357546	Testis	NA	testis	NA	SRP065034	SRS1123180	0.993	0.691	3.208	0.785	0.915	0.839	1685.08	44253	155094.07	565
SRX1357548	Testis	NA	testis	NA	SRP065034	SRS1123182	0.993	0.675	3.756	0.780	0.917	0.851	1879.78	40392	179564.9	599
SRX1357549	Testis	NA	testis	NA	SRP065034	SRS1123183	0.993	0.673	3.292	0.748	0.908	0.841	1906.29	38936	161126.24	602
SRX13580775	SRS11472555	NA	not applicable	NA	SRP353283	SRS11472555	0.989	0.715	27.312	0.845	0.632	0.963	2963.51	78575	180628.66	3191
SRX13580776	SRS11472556	NA	not applicable	NA	SRP353283	SRS11472556	0.988	0.722	26.253	0.851	0.641	0.962	2958.87	78495	188593.45	3095
SRX13580777	SRS11472557	NA	not applicable	NA	SRP353283	SRS11472557	0.989	0.719	22.932	0.843	0.651	0.962	2834.44	69842	174853.46	3166
SRX13580778	SRS11472558	NA	not applicable	NA	SRP353283	SRS11472558	0.989	0.726	21.008	0.841	0.652	0.961	2960.87	77431	183499.78	3015
SRX13580780	SRS11472560	NA	not applicable	NA	SRP353283	SRS11472560	0.988	0.718	21.579	0.845	0.628	0.961	4355.34	65716	215327.77	2930
SRX13580781	SRS11472561	NA	not applicable	NA	SRP353283	SRS11472561	0.987	0.769	20.805	0.824	0.662	0.966	2117.04	49764	257205.34	2720
SRX13580782	SRS11472562	NA	not applicable	NA	SRP353283	SRS11472562	0.989	0.765	23.648	0.812	0.643	0.967	2123.56	50829	234542.7	2969
SRX13580783	SRS11472563	NA	not applicable	NA	SRP353283	SRS11472563	0.986	0.775	21.715	0.832	0.640	0.966	2089.19	50544	289754.13	2516
SRX13580784	SRS11472564	NA	not applicable	NA	SRP353283	SRS11472564	0.991	0.671	26.969	0.842	0.636	0.964	4542.36	65700	222680.43	2823
SRX13580785	SRS11472565	NA	not applicable	NA	SRP353283	SRS11472565	0.987	0.673	24.625	0.839	0.653	0.963	4615.19	65013	231797.97	2710
SRX13747607	Breast Tumor	Non-immune stromal cells	Breast tumor	PDPN+ CAFs	SRP354658	SRS11628026	0.991	0.638	6.771	0.738	0.499	0.926	1372.9	40000	24462.72	785
SRX13747608	Breast Tumor	Non-immune stromal cells	Breast tumor	PDPN+ CAFs	SRP354658	SRS11628027	0.987	0.619	6.340	0.673	0.309	0.925	1401.5	41337	22664.14	795
SRX13747609	Breast Tumor	Non-immune stromal cells	Breast tumor	PDPN+ CAFs	SRP354658	SRS11628028	0.992	0.646	8.811	0.813	0.790	0.936	1221.57	49975	17916.82	1240
SRX13747610	Normal Mammary Fat Pad	Non-immune stromal cells	Normal mammary fat pad	Normal mammary fat pad	SRP354658	SRS11628029	0.993	0.658	10.810	0.780	0.844	0.938	1209.8	42063	17552.08	1479
SRX13747611	Normal Mammary Fat Pad	Non-immune stromal cells	Normal mammary fat pad	Normal mammary fat pad	SRP354658	SRS11628030	0.992	0.658	8.096	0.801	0.822	0.934	1235.41	43212	22062.76	1023
SRX13747612	Normal Mammary Fat Pad	Non-immune stromal cells	Normal mammary fat pad	Normal mammary fat pad	SRP354658	SRS11628031	0.990	0.667	8.036	0.795	0.638	0.934	1243.63	42849	22285.36	1036
SRX13830750	WBM	NA	WBM	NA	SRP355808	SRS11709405	0.984	0.662	11.000	0.750	0.799	0.933	1286.29	55888	22879.31	1652
SRX13830751	WBM	NA	WBM	NA	SRP355808	SRS11709406	0.985	0.708	14.264	0.878	0.914	0.944	1178.84	54474	9934.03	2822
SRX13830752	WBM	NA	WBM	NA	SRP355808	SRS11709407	0.985	0.718	12.618	0.877	0.907	0.944	1185.36	53416	15383.21	1702
SRX13830753	WBM	NA	WBM	NA	SRP355808	SRS11709408	0.985	0.691	11.136	0.819	0.864	0.928	1177.52	44879	17340.59	1010
SRX13830754	WBM	NA	WBM	NA	SRP355808	SRS11709409	0.986	0.687	13.669	0.813	0.843	0.936	1141.75	50274	13228.87	1642
SRX13830755	WBM	NA	WBM	NA	SRP355808	SRS11709410	0.986	0.659	8.697	0.846	0.904	0.939	1298.49	40814	13783.01	980
SRX13830756	WBM	NA	WBM	NA	SRP355808	SRS11709411	0.981	0.701	14.810	0.792	0.851	0.936	1093.22	50873	13721.7	1375
SRX13830757	WBM	NA	WBM	NA	SRP355808	SRS11709412	0.986	0.691	4.090	0.856	0.915	0.909	1612.52	32612	25152.26	627
SRX13830758	WBM	NA	WBM	NA	SRP355808	SRS11709413	0.983	0.687	15.918	0.817	0.867	0.936	1058.16	47703	12189.63	1202
SRX13830759	WBM	NA	WBM	NA	SRP355808	SRS11709414	0.984	0.678	13.008	0.880	0.952	0.942	1095.46	46011	12527.96	1089
SRX13830761	WBM	NA	WBM	NA	SRP355808	SRS11709416	0.984	0.721	14.664	0.799	0.758	0.936	1033.2	46925	11530.55	1227
SRX13830762	WBM	NA	WBM	NA	SRP355808	SRS11709417	0.985	0.739	9.887	0.845	0.891	0.942	1105.97	48079	11851.69	1658
SRX13830763	WBM	NA	WBM	NA	SRP355808	SRS11709418	0.983	0.725	5.874	0.763	0.904	0.922	1302.47	42137	21450.96	833
SRX13830764	B-cells	NA	B-cells	NA	SRP355808	SRS11709419	0.984	0.803	13.572	0.818	0.904	0.946	982.52	55625	7181.39	3425
SRX13830765	Myeloid	NA	Myeloid	NA	SRP355808	SRS11709420	0.984	0.778	14.027	0.830	0.916	0.946	939.72	63035	8039.16	3032
SRX13830766	WBM	NA	WBM	NA	SRP355808	SRS11709421	0.986	0.686	12.170	0.875	0.916	0.946	1242.8	62463	19078.88	2701
SRX13830767	T-cells	NA	T-cells	NA	SRP355808	SRS11709422	0.984	0.788	14.960	0.820	0.902	0.947	1037.12	51125	8163.97	2777
SRX13830768	WBM	NA	WBM	NA	SRP355808	SRS11709423	0.984	0.716	16.351	0.824	0.917	0.948	999.68	50323	7573.33	2421
SRX13830769	CMP	NA	CMP	NA	SRP355808	SRS11709424	0.985	0.822	13.838	0.853	0.887	0.944	960.08	58088	7533.36	3387
SRX13830770	GMP	NA	GMP	NA	SRP355808	SRS11709425	0.985	0.808	13.778	0.843	0.894	0.944	938.71	62932	8048.81	3732
SRX13830771	KLS	NA	KLS	NA	SRP355808	SRS11709426	0.985	0.790	13.074	0.849	0.870	0.943	1026.69	48958	7766.87	2479
SRX13830772	MEP	NA	MEP	NA	SRP355808	SRS11709427	0.985	0.752	12.414	0.846	0.895	0.942	1039.77	50189	10965.8	1593
SRX13830773	B-cells	NA	B-cells	NA	SRP355808	SRS11709428	0.985	0.799	6.440	0.822	0.945	0.934	1148.03	44232	15855.09	1102
SRX13830774	B-cells	NA	B-cells	NA	SRP355808	SRS11709429	0.985	0.796	6.807	0.809	0.943	0.940	1116.07	45046	14865.76	1040
SRX13830775	WBM	NA	WBM	NA	SRP355808	SRS11709430	0.986	0.667	14.861	0.811	0.840	0.935	1197.64	62198	17469.58	2752
SRX13830776	WBM	NA	WBM	NA	SRP355808	SRS11709431	0.984	0.657	17.425	0.816	0.842	0.937	1150.26	64189	17896.91	2486
SRX13830777	WBM	NA	WBM	NA	SRP355808	SRS11709432	0.986	0.629	3.250	0.847	0.910	0.887	2421.12	33147	53625.73	641
SRX13830778	WBM	NA	WBM	NA	SRP355808	SRS11709433	0.982	0.651	17.223	0.798	0.834	0.939	1147.4	65271	18543.17	2419
SRX13830779	WBM	NA	WBM	NA	SRP355808	SRS11709434	0.984	0.673	11.871	0.875	0.957	0.940	1271.49	63108	19730.03	2586
SRX13830780	WBM	NA	WBM	NA	SRP355808	SRS11709435	0.984	0.741	11.117	0.843	0.905	0.942	1082.61	55460	13221.81	1960
SRX13830781	WBM	NA	WBM	NA	SRP355808	SRS11709436	0.983	0.725	11.848	0.868	0.950	0.944	1075.66	54679	13461.67	1749
SRX13830782	WBM	NA	WBM	NA	SRP355808	SRS11709437	0.986	0.691	7.219	0.874	0.867	0.938	1279.9	45287	17840.23	952
SRX13830783	WBM	NA	WBM	NA	SRP355808	SRS11709438	0.983	0.672	16.711	0.871	0.901	0.951	1036.16	57078	8875.63	2469
SRX13830784	WBM	NA	WBM	NA	SRP355808	SRS11709439	0.985	0.692	26.714	0.781	0.859	0.957	936.55	67708	8837.52	3215
SRX13830785	WBM	NA	WBM	NA	SRP355808	SRS11709440	0.985	0.738	10.437	0.846	0.906	0.943	1080.63	44578	11299.59	1235
SRX13830786	WBM	NA	WBM	NA	SRP355808	SRS11709441	0.985	0.764	6.637	0.828	0.901	0.930	1169.85	41898	14123.92	1046
SRX13830787	WBM	NA	WBM	NA	SRP355808	SRS11709442	0.985	0.673	18.753	0.872	0.922	0.948	1183.35	67432	11529.07	4163
SRX13830788	WBM	NA	WBM	NA	SRP355808	SRS11709443	0.986	0.750	10.985	0.854	0.905	0.946	1056.1	46875	11449.6	1427
SRX13830789	WBM	NA	WBM	NA	SRP355808	SRS11709444	0.984	0.760	10.297	0.831	0.930	0.941	1083.3	45760	11577.19	1308
SRX13830790	WBM	NA	WBM	NA	SRP355808	SRS11709445	0.983	0.733	11.755	0.876	0.960	0.946	1057.08	45829	11395.26	1257
SRX13830791	WBM	NA	WBM	NA	SRP355808	SRS11709446	0.986	0.760	9.776	0.875	0.856	0.944	1060.56	51131	12300.04	1417
SRX13830792	B-cells	NA	B-cells	NA	SRP355808	SRS11709447	0.984	0.808	14.947	0.823	0.912	0.946	967.98	57003	7259.86	3426
SRX13830793	Myeloid	NA	Myeloid	NA	SRP355808	SRS11709448	0.984	0.780	14.519	0.827	0.917	0.946	932.4	64629	7986.88	3254
SRX13830794	T-cells	NA	T-cells	NA	SRP355808	SRS11709449	0.984	0.789	12.582	0.825	0.913	0.945	1087.35	47524	7986.24	2960
SRX13830795	WBM	NA	WBM	NA	SRP355808	SRS11709450	0.984	0.730	14.383	0.814	0.884	0.947	1023.66	48677	7614.85	2451
SRX13837392	Breast Tumor	NA	breast tumor	NA	SRP355886	SRS11715302	0.993	0.647	23.152	0.787	0.531	0.949	6341.14	42955	652089.84	1642
SRX13837393	Breast Tumor	NA	breast tumor	NA	SRP355886	SRS11715303	0.993	0.629	24.377	0.781	0.562	0.950	5440.03	41051	770281.48	1379
SRX13837394	Breast Tumor	NA	breast tumor	NA	SRP355886	SRS11715304	0.993	0.654	24.760	0.776	0.491	0.950	2348.35	37823	222849.75	3286
SRX13837395	Breast Tumor	NA	breast tumor	NA	SRP355886	SRS11715305	0.993	0.598	25.178	0.796	0.557	0.949	8000.76	42571	627259.05	1779
SRX13837396	Breast Tumor	NA	breast tumor	NA	SRP355886	SRS11715306	0.993	0.627	30.758	0.785	0.483	0.951	6778.55	40464	714861.02	1503
SRX13837397	Breast Tumor	NA	breast tumor	NA	SRP355886	SRS11715307	0.993	0.631	29.916	0.777	0.467	0.952	4203.92	39995	869511.29	1198
SRX13858015	Bone Marrow	cKit+ Lymph-Ery-HSPC	bone marrow	URE+/+;Tet2+/+	SRP356163	SRS11732945	0.995	0.760	2.754	0.811	0.467	0.866	1432.18	33969	39013.28	416
SRX13858016	Bone Marrow	cKit+ Lymph-Ery-HSPC	bone marrow	URE/+;Tet2+/+	SRP356163	SRS11732944	0.995	0.766	3.208	0.796	0.463	0.889	1377.55	35745	36446.97	387
SRX13858017	Bone Marrow	cKit+ Lymph-Ery-HSPC	bone marrow	URE+/+;Tet2+/-	SRP356163	SRS11732946	0.995	0.771	2.351	0.817	0.418	0.833	1455.0	32552	44706.89	314
SRX13858018	Bone Marrow	cKit+ Lymph-Ery-HSPC	bone marrow	URE+/+;Tet2-/-	SRP356163	SRS11732947	0.994	0.767	2.601	0.809	0.412	0.849	1395.16	31705	39915.32	353
SRX13858019	Bone Marrow	cKit+ Lymph-Ery-HSPC	bone marrow	URE/+;Tet2+/-	SRP356163	SRS11732949	0.995	0.664	3.125	0.793	0.458	0.876	2475.08	27232	64400.96	235
SRX13858020	Bone Marrow	cKit+ Lymph-Ery-HSPC	bone marrow	URE/+;Tet2+/-	SRP356163	SRS11732948	0.995	0.777	3.274	0.830	0.468	0.894	1288.14	36138	31351.97	434
SRX13858021	Bone Marrow	cKit+ Lymph-Ery-HSPC	bone marrow	URE/+;Tet2-/-	SRP356163	SRS11732950	0.995	0.755	2.732	0.801	0.454	0.862	1433.53	30059	32067.47	339
SRX13858022	Bone Marrow	cKit+ Lymph-Ery-HSPC	bone marrow	URE/+;Tet2-/-	SRP356163	SRS11732951	0.995	0.691	3.257	0.813	0.421	0.884	2041.63	27560	53271.42	144
SRX13980639	Bone Marrow	Bone marrow-derived monocytes	Bone marrow	Bone marrow of tumor bearing mice	SRP357383	SRS11817962	0.984	0.649	22.640	0.496	0.271	0.955	1014.87	60881	16835.87	2027
SRX13980640	Bone Marrow	Bone marrow-derived monocytes	Bone marrow	Bone marrow of tumor bearing mice	SRP357383	SRS11817963	0.984	0.660	26.980	0.418	0.641	0.956	1022.33	62479	12277.55	3009
SRX13980641	Bone Marrow	Bone marrow-derived monocytes	Bone marrow	Bone marrow of tumor bearing mice	SRP357383	SRS11817964	0.985	0.653	25.976	0.443	0.530	0.956	1008.56	63159	11950.51	3068
SRX13980642	Bone Marrow	Bone marrow-derived monocytes	Bone marrow	Bone marrow of tumor bearing mice	SRP357383	SRS11817965	0.986	0.660	25.667	0.425	0.629	0.956	1017.99	62456	12437.68	2854
SRX13980643	Bone Marrow	Bone marrow-derived monocytes	Bone marrow	Bone marrow of healthy mice	SRP357383	SRS11817966	0.985	0.655	29.126	0.412	0.580	0.957	1009.14	63010	12328.16	3129
SRX13980644	Bone Marrow	Bone marrow-derived monocytes	Bone marrow	Bone marrow of healthy mice	SRP357383	SRS11817967	0.985	0.654	27.555	0.449	0.477	0.957	1009.68	63183	11908.25	3216
SRX13980645	Bone Marrow	Bone marrow-derived monocytes	Bone marrow	Bone marrow of healthy mice	SRP357383	SRS11817968	0.985	0.651	26.201	0.475	0.379	0.957	1016.34	62620	12705.5	2766
SRX13980646	Bone Marrow	Bone marrow-derived monocytes	Bone marrow	Bone marrow of healthy mice	SRP357383	SRS11817969	0.984	0.652	20.573	0.503	0.220	0.955	1016.09	61018	17459.96	2086
SRX13980647	Breast Cancer	Tumor-associated macrophages	Breast cancer	Tumor microenvironment of breast cancer	SRP357383	SRS11817970	0.984	0.627	18.219	0.511	0.182	0.952	1081.88	53687	16782.4	1818
SRX13980648	Breast Cancer	Tumor-associated macrophages	Breast cancer	Tumor microenvironment of breast cancer	SRP357383	SRS11817971	0.984	0.645	25.305	0.471	0.382	0.957	1017.7	64207	13058.33	2679
SRX13980649	Normal Mammary Fat Pad	Mammary gland macrophages	Normal mammary fat pad	Normal mammary fat pad	SRP357383	SRS11817972	0.983	0.658	25.391	0.489	0.336	0.957	1075.49	61444	19842.26	2050
SRX13980650	Normal Mammary Fat Pad	Mammary gland macrophages	Normal mammary fat pad	Normal mammary fat pad	SRP357383	SRS11817973	0.983	0.661	26.261	0.490	0.345	0.958	1064.55	61665	13953.41	2906
SRX13980651	Normal Mammary Fat Pad	Mammary gland macrophages	Normal mammary fat pad	Normal mammary fat pad	SRP357383	SRS11817974	0.982	0.655	13.597	0.531	0.115	0.947	1154.66	47960	25022.31	1148
SRX1399189	Whole cerebral hemispheres (with meninges removed)	NA	Whole cerebral hemispheres (with meninges removed)	Bisulfite DNA from whole cerebral hemisphere	SRP065509	SRS1140731	0.980	0.722	36.078	0.716	0.407	0.953	1033.02	69242	8908.7	3352
SRX1399190	Whole cerebral hemispheres (with meninges removed)	NA	Whole cerebral hemispheres (with meninges removed)	Bisulfite DNA from whole cerebral hemisphere	SRP065509	SRS1140730	0.980	0.722	35.198	0.705	0.341	0.949	1055.26	67788	8849.39	3340
SRX1399191	Whole cerebral hemispheres (with meninges removed)	NA	Whole cerebral hemispheres (with meninges removed)	Bisulfite DNA from whole cerebral hemisphere	SRP065509	SRS1140729	0.980	0.714	38.914	0.701	0.268	0.946	1043.88	68802	9035.57	3276
SRX1404264	Oocytes	NA	NA	Oocyte	SRP065556	SRS1142521	0.936	0.422	2.704	0.580	0.695	0.799	54775.5	5822	320839.36	3577
SRX1404265	Oocytes	NA	NA	Oocyte	SRP065556	SRS1142522	0.943	0.429	4.264	0.591	0.712	0.877	59532.11	6839	242847.17	5129
SRX1404266	Oocytes	NA	NA	Oocyte	SRP065556	SRS1142520	0.946	0.449	2.719	0.638	0.785	0.804	60664.15	4620	319144.17	3534
SRX1404267	Oocytes	NA	NA	Oocyte	SRP065556	SRS1142519	0.958	0.454	2.746	0.636	0.712	0.806	77212.92	1670	626890.89	971
SRX1404268	Oocytes	NA	NA	Oocyte	SRP065556	SRS1142517	0.958	0.365	2.190	0.651	0.712	0.741	147932.44	146	511680.74	1308
SRX1404269	Oocytes	NA	NA	Oocyte	SRP065556	SRS1142518	0.956	0.317	2.582	0.644	0.554	0.765	262806.0	3	440093.33	1366
SRX1404270	Oocytes	NA	NA	Oocyte	SRP065556	SRS1142516	0.943	0.397	2.241	0.586	0.756	0.754	46822.7	6797	381445.76	2950
SRX1404271	Oocytes	NA	NA	Oocyte	SRP065556	SRS1142515	0.947	0.401	2.713	0.592	0.811	0.801	46567.32	8233	334854.24	3445
SRX1404272	Oocytes	NA	NA	Oocyte	SRP065556	SRS1142513	0.948	0.401	2.712	0.583	0.759	0.803	57740.36	5459	326285.75	3528
SRX1404273	Oocytes	NA	NA	Oocyte	SRP065556	SRS1142514	0.941	0.410	3.593	0.604	0.737	0.835	50651.43	8116	318102.46	3631
SRX1404274	Oocytes	NA	NA	Oocyte	SRP065556	SRS1142512	0.945	0.412	3.021	0.579	0.836	0.831	76425.59	3424	350349.41	3189
SRX1404275	Oocytes	NA	NA	Oocyte	SRP065556	SRS1142511	0.952	0.402	4.634	0.591	0.799	0.885	53800.39	9091	268257.88	4475
SRX14134867	Primary	sorted splenic donor T-cells	primary	sorted splenic donor T-cells	SRP359332	SRS11961033	0.997	0.717	11.029	0.963	0.996	0.913	1105.49	54784	9846.49	3152
SRX14134868	Primary	sorted splenic donor T-cells	primary	sorted splenic donor T-cells	SRP359332	SRS11961034	0.997	0.702	11.521	0.964	0.996	0.913	1151.54	53429	10509.72	2994
SRX14134869	Primary	sorted splenic donor T-cells	primary	sorted splenic donor T-cells	SRP359332	SRS11961035	0.997	0.699	11.656	0.964	0.996	0.913	1154.34	53249	10609.82	2879
SRX14134870	Primary	sorted splenic donor T-cells	primary	sorted splenic donor T-cells	SRP359332	SRS11961036	0.997	0.716	13.173	0.962	0.996	0.915	1087.47	44336	8685.58	2095
SRX14134871	Primary	sorted splenic donor T-cells	primary	sorted splenic donor T-cells	SRP359332	SRS11961037	0.997	0.692	12.026	0.963	0.996	0.914	1131.44	41651	8719.67	1938
SRX14204996	murine Hematpoietic stem cell	murine Hematpoietic stem cells	NA	Hematopoietic stem cells LK CD150+ CD48-	SRP360183	SRS12027137	0.998	0.794	11.562	0.776	0.299	0.951	953.87	51387	6977.02	3396
SRX14204997	murine Hematpoietic stem cell	murine Hematpoietic stem cells	NA	Hematopoietic stem cells LK CD150+ CD48-	SRP360183	SRS12027138	0.998	0.785	13.798	0.782	0.321	0.953	919.4	58282	8281.23	3838
SRX14204998	murine Hematpoietic stem cell	murine Hematpoietic stem cells	NA	Hematopoietic stem cells LK CD150+ CD48-	SRP360183	SRS12027139	0.980	0.755	19.070	0.821	0.686	0.964	919.01	66743	9003.08	3826
SRX14204999	murine Hematpoietic stem cell	murine Hematpoietic stem cells	NA	Hematopoietic stem cells LK CD150+ CD48-	SRP360183	SRS12027140	0.980	0.768	20.039	0.825	0.678	0.965	1005.78	76443	11148.23	4899
SRX14214727	Blast	NA	NA	Trophoblast stem cells	SRP363476	SRS12036726	0.981	0.669	29.333	0.839	0.658	0.956	2859.27	45551	110145.22	3658
SRX14214728	Blast	NA	NA	Trophoblast stem cells	SRP363476	SRS12036725	0.978	0.677	26.430	0.842	0.667	0.954	4584.27	45745	413168.34	2146
SRX14214729	Blast	NA	NA	Trophoblast stem cells	SRP363476	SRS12036724	0.982	0.228	20.363	0.834	0.576	0.952	14099.25	40613	259826.45	3482
SRX14214730	Blast	NA	NA	Trophoblast stem cells	SRP363476	SRS12036728	0.983	0.444	21.660	0.835	0.538	0.952	9957.5	51183	241227.17	3336
SRX14214731	Blast	NA	NA	Trophoblast stem cells	SRP363476	SRS12036727	0.984	0.537	26.369	0.841	0.633	0.954	9345.57	53815	273546.34	3053
SRX14214732	Blast	NA	NA	Trophoblast stem cells	SRP363476	SRS12036729	0.985	0.294	16.536	0.838	0.725	0.947	10441.94	58783	135928.61	5735
SRX14214733	Blast	NA	NA	Trophoblast stem cells	SRP363476	SRS12036732	0.984	0.539	27.005	0.839	0.622	0.952	8199.12	57863	220506.16	3359
SRX14214734	Blast	NA	NA	Trophoblast stem cells	SRP363476	SRS12036731	0.982	0.746	22.393	0.822	0.753	0.956	4948.8	46934	291746.05	1910
SRX14214735	Blast	NA	NA	Trophoblast stem cells	SRP363476	SRS12036730	0.983	0.464	18.780	0.821	0.748	0.954	10058.26	50497	276314.46	3042
SRX14214736	Blast	NA	NA	Trophoblast stem cells	SRP363476	SRS12036733	0.981	0.463	25.638	0.845	0.646	0.948	9712.85	54910	204116.71	3968
SRX14215088	Germ	NA	NA	primordial germ cell (PGC)	SRP360425	SRS12036988	0.977	0.094	3.938	0.536	0.035	0.870	0.0	0	1650510.55	255
SRX14215089	Germ	NA	NA	primordial germ cell (PGC)	SRP360425	SRS12036989	0.976	0.163	1.903	0.203	0.056	0.738	743112.0	1	6190572.62	34
SRX14215090	Germ	NA	NA	primordial germ cell (PGC)	SRP360425	SRS12036990	0.975	0.150	1.723	0.242	0.038	0.700	622736.0	1	5473087.88	52
SRX14215091	Germ	NA	NA	primordial germ cell (PGC)	SRP360425	SRS12036991	0.984	0.033	7.353	0.519	0.113	0.911	210794.85	1486	699044.82	781
SRX14215092	Germ	NA	NA	primordial germ cell (PGC)	SRP360425	SRS12036992	0.971	0.043	2.423	0.460	0.029	0.774	0.0	0	2084555.83	103
SRX14215093	Germ	NA	NA	primordial germ cell (PGC)	SRP360425	SRS12036993	0.985	0.049	9.441	0.548	0.159	0.916	140931.63	3027	413248.91	1911
SRX14215094	Germ	NA	NA	primordial germ cell (PGC)	SRP360425	SRS12036994	0.975	0.057	2.885	0.464	0.033	0.820	0.0	0	1107197.5	497
SRX14215095	Germ	NA	NA	primordial germ cell (PGC)	SRP360425	SRS12036995	0.989	0.025	5.273	0.468	0.101	0.898	311361.96	448	689416.54	887
SRX14215096	Germ	NA	NA	primordial germ cell (PGC)	SRP360425	SRS12036996	0.985	0.042	5.499	0.506	0.083	0.900	233330.27	823	531434.57	1319
SRX14266182	Colon	NA	Colon	NA	SRP361168	SRS12085176	0.990	0.689	5.916	0.772	0.814	0.939	1313.32	48906	23064.47	500
SRX14266183	Colon	NA	Colon	NA	SRP361168	SRS12085177	0.990	0.689	6.205	0.763	0.814	0.941	1304.01	49718	17971.94	829
SRX14266184	Colon	NA	Colon	NA	SRP361168	SRS12085178	0.991	0.684	5.525	0.759	0.824	0.936	1348.3	47226	20293.96	683
SRX14266185	Colon	NA	Colon	NA	SRP361168	SRS12085179	0.991	0.684	5.589	0.760	0.821	0.936	1346.49	47290	20793.16	700
SRX14266186	Colon	NA	Colon	NA	SRP361168	SRS12085180	0.991	0.690	5.769	0.780	0.820	0.939	1320.13	49664	21433.24	774
SRX14266187	Colon	NA	Colon	NA	SRP361168	SRS12085181	0.991	0.690	5.822	0.780	0.817	0.939	1323.17	49574	21072.58	812
SRX14266188	Colon	NA	Colon	NA	SRP361168	SRS12085182	0.990	0.689	5.970	0.773	0.812	0.939	1311.12	49068	21035.67	694
SRX14266189	Colon	NA	Colon	NA	SRP361168	SRS12085183	0.992	0.695	5.877	0.792	0.836	0.938	1286.46	51130	21030.28	843
SRX14266190	Colon	NA	Colon	NA	SRP361168	SRS12085184	0.992	0.696	5.931	0.793	0.833	0.939	1279.63	51397	22078.86	769
SRX14266191	Colon	NA	Colon	NA	SRP361168	SRS12085185	0.990	0.694	5.568	0.773	0.813	0.937	1382.63	45559	20705.53	766
SRX14266192	Colon	NA	Colon	NA	SRP361168	SRS12085186	0.991	0.696	5.827	0.777	0.819	0.940	1333.17	48320	19902.49	890
SRX14266193	Colon	NA	Colon	NA	SRP361168	SRS12085187	0.990	0.694	5.628	0.773	0.810	0.938	1361.55	46625	21041.66	743
SRX14266194	Colon	NA	Colon	NA	SRP361168	SRS12085188	0.991	0.697	5.883	0.778	0.816	0.940	1334.7	48100	17691.22	903
SRX14266195	Colon	NA	Colon	NA	SRP361168	SRS12085189	0.990	0.703	5.698	0.767	0.824	0.938	1303.35	49040	20321.95	828
SRX14266196	Colon	NA	Colon	NA	SRP361168	SRS12085190	0.990	0.703	5.793	0.768	0.821	0.939	1288.26	49811	22080.56	640
SRX14266197	Colon	NA	Colon	NA	SRP361168	SRS12085191	0.991	0.697	5.651	0.773	0.827	0.938	1307.8	50629	22683.54	638
SRX14266198	Colon	NA	Colon	NA	SRP361168	SRS12085192	0.991	0.697	5.705	0.774	0.824	0.939	1307.97	50422	20033.54	917
SRX14266199	Colon	NA	Colon	NA	SRP361168	SRS12085193	0.990	0.689	5.568	0.773	0.825	0.937	1370.79	46881	24676.49	470
SRX14266200	Colon	NA	Colon	NA	SRP361168	SRS12085194	0.992	0.695	6.278	0.781	0.808	0.942	1305.47	50489	18407.46	893
SRX14266201	Colon	NA	Colon	NA	SRP361168	SRS12085195	0.992	0.695	6.357	0.781	0.805	0.942	1298.77	50814	16698.99	1089
SRX14266202	Colon	NA	Colon	NA	SRP361168	SRS12085196	0.992	0.691	5.895	0.776	0.823	0.940	1328.56	49220	24338.58	551
SRX14266203	Colon	NA	Colon	NA	SRP361168	SRS12085197	0.992	0.691	5.958	0.777	0.820	0.940	1334.04	48696	22261.04	746
SRX14266204	Colon	NA	Colon	NA	SRP361168	SRS12085198	0.990	0.689	5.629	0.773	0.822	0.937	1348.09	48064	22353.38	614
SRX14266205	Colon	NA	Colon	NA	SRP361168	SRS12085199	0.990	0.689	6.141	0.763	0.817	0.941	1298.32	50175	16383.79	1029
SRX14374846	muscle stem cell-1	NA	muscle stem cell-1	NA	SRP362573	SRS12186544	0.993	0.571	12.954	0.544	0.000	0.952	1825.5	42585	351030.59	1843
SRX14374847	muscle stem cell-2	NA	muscle stem cell-2	NA	SRP362573	SRS12186545	0.992	0.537	14.283	0.512	0.030	0.954	1406.3	44424	75525.49	2479
SRX14391555	Hippocampus	NA	hippocampus	hippocampus	SRP362787	SRS12201827	0.985	0.729	25.288	0.825	0.874	0.956	1081.93	47688	8189.14	2970
SRX14391556	Hippocampus	NA	hippocampus	hippocampus	SRP362787	SRS12201829	0.987	0.706	27.101	0.834	0.860	0.955	1058.5	52175	8017.92	3086
SRX14391557	Hippocampus	NA	hippocampus	hippocampus	SRP362787	SRS12201828	0.986	0.710	26.937	0.818	0.846	0.953	1084.62	52333	8991.79	2733
SRX14391558	Hippocampus	NA	hippocampus	hippocampus	SRP362787	SRS12201830	0.985	0.724	26.036	0.818	0.844	0.953	1074.01	47105	8320.88	2985
SRX14391559	Hippocampus	NA	hippocampus	hippocampus	SRP362787	SRS12201831	0.985	0.717	23.999	0.801	0.857	0.954	1077.25	44647	7953.2	2829
SRX14391560	Hippocampus	NA	hippocampus	hippocampus	SRP362787	SRS12201832	0.984	0.721	26.689	0.809	0.855	0.954	1072.8	48023	7902.98	3061
SRX14391561	Hippocampus	NA	hippocampus	hippocampus	SRP362787	SRS12201833	0.985	0.717	26.422	0.805	0.859	0.956	1084.98	48843	8082.22	3175
SRX14391562	Hippocampus	NA	hippocampus	hippocampus	SRP362787	SRS12201835	0.985	0.720	28.047	0.826	0.856	0.955	1081.65	50925	8697.84	2833
SRX14439773	ESC	mESC	NA	mouse embryonic stem cells (mESC)	SRP363630	SRS12246857	0.993	0.537	4.536	0.757	0.362	0.891	2143.9	28212	47447.06	1056
SRX14439774	ESC	mESC	NA	mouse embryonic stem cells (mESC)	SRP363630	SRS12246859	0.993	0.538	4.091	0.753	0.301	0.882	2341.17	26277	43953.42	1099
SRX14462283	Lung	type II airway epithelial cells	lung	lung	SRP364004	SRS12265831	0.992	0.654	12.692	0.760	0.395	0.950	1039.63	68974	9697.54	2521
SRX14462284	Lung	type II airway epithelial cells	lung	lung	SRP364004	SRS12265832	0.993	0.648	15.743	0.711	0.619	0.951	986.25	74843	9842.37	2569
SRX14462285	Lung	type II airway epithelial cells	lung	lung	SRP364004	SRS12265833	0.987	0.670	8.400	0.821	0.596	0.947	1178.32	60452	13794.08	1747
SRX14462286	Thymus	thymus epithelial cell type 1	thymus	thymus	SRP364004	SRS12265834	0.992	0.685	8.964	0.825	0.709	0.946	1074.85	67182	13455.74	1317
SRX14462287	Thymus	thymus epithelial cell type 1	thymus	thymus	SRP364004	SRS12265835	0.992	0.685	9.591	0.823	0.681	0.947	1067.06	70166	12907.22	1590
SRX14462288	Thymus	thymus epithelial cell type 2	thymus	thymus	SRP364004	SRS12265836	0.992	0.673	9.773	0.814	0.746	0.947	1103.94	65337	13641.76	1236
SRX14462289	Thymus	thymus epithelial cell type 2	thymus	thymus	SRP364004	SRS12265837	0.991	0.678	8.390	0.799	0.514	0.945	1174.73	58949	13176.83	1339
SRX14462290	Thymus	thymus epithelial cell type 3	thymus	thymus	SRP364004	SRS12265838	0.992	0.721	9.003	0.825	0.694	0.945	1170.63	34889	11615.32	1380
SRX14462291	Thymus	thymus epithelial cell type 3	thymus	thymus	SRP364004	SRS12265839	0.991	0.717	7.996	0.830	0.407	0.944	1211.01	37951	12089.08	1448
SRX14462292	Thymus	thymus epithelial cell type 4	thymus	thymus	SRP364004	SRS12265840	0.990	0.676	8.512	0.811	0.765	0.944	1244.39	60261	15643.98	1744
SRX14462293	Thymus	thymus epithelial cell type 4	thymus	thymus	SRP364004	SRS12265841	0.990	0.690	9.145	0.822	0.561	0.946	1230.73	62613	16851.22	1578
SRX1452264	Cultured MEF	Cultured MEF cells	NA	Cultured MEF cells	SRP066668	SRS1179995	0.995	0.576	10.671	0.808	0.868	0.925	12304.85	42612	633992.1	1643
SRX1452265	Cultured MEF	Cultured MEF cells	NA	Cultured MEF cells	SRP066668	SRS1179994	0.996	0.582	9.860	0.790	0.838	0.924	12519.35	40560	628543.95	1661
SRX1452266	Cultured MEF	Cultured MEF cells	NA	Cultured MEF cells	SRP066668	SRS1179993	0.996	0.622	10.214	0.821	0.887	0.927	10904.81	40048	780252.08	1360
SRX1452267	Cultured MEF	Cultured MEF cells	NA	Cultured MEF cells	SRP066668	SRS1179992	0.995	0.624	9.472	0.816	0.863	0.922	10766.4	39783	770884.51	1381
SRX14689915	Cortex	NA	Cortex	Mouse cortex	SRP366957	SRS12453358	0.985	0.761	28.639	0.842	0.743	0.966	1109.09	47986	10103.84	3667
SRX14689916	Cortex	NA	Cortex	Mouse cortex	SRP366957	SRS12453359	0.986	0.758	27.335	0.834	0.691	0.966	1164.27	45014	9966.83	2890
SRX14689917	Cortex	NA	Cortex	Mouse cortex	SRP366957	SRS12453360	0.984	0.763	29.359	0.844	0.750	0.966	1136.9	56710	10563.34	3905
SRX14689918	Cortex	NA	Cortex	Mouse cortex	SRP366957	SRS12453361	0.986	0.758	28.569	0.841	0.757	0.966	1151.8	47735	9723.16	3153
SRX1469926	E14 ESC	NA	NA	E14 embryonic stem cell	SRP067094	SRS1196303	0.979	0.452	3.244	0.603	0.163	0.826	4668.95	17042	83255.77	285
SRX1469927	E14 ESC	NA	NA	E14 embryonic stem cell	SRP067094	SRS1196302	0.979	0.494	3.475	0.607	0.183	0.840	3821.83	21527	81665.1	368
SRX1469928	E14 ESC	NA	NA	E14 embryonic stem cell	SRP067094	SRS1196301	0.978	0.492	3.460	0.604	0.105	0.832	4053.68	20171	79626.92	366
SRX1469929	E14 ESC	NA	NA	E14 embryonic stem cell	SRP067094	SRS1196300	0.978	0.689	4.121	0.615	0.271	0.868	1518.17	29497	64202.37	454
SRX1469930	E14 ESC	NA	NA	E14 embryonic stem cell	SRP067094	SRS1196299	0.978	0.689	2.776	0.611	0.155	0.793	1599.64	28116	103959.63	261
SRX1469931	E14 ESC	NA	NA	E14 embryonic stem cell	SRP067094	SRS1196298	0.976	0.673	2.668	0.614	0.129	0.777	1676.7	27634	115585.94	233
SRX14708487	iMEFs	iMEFs	NA	#55	SRP367185	SRS12471188	0.983	0.557	1.668	0.817	0.435	0.707	27260.29	3847	1046615.18	1118
SRX14737077	ESC	embryonic stem cells	NA	Dnmt1/3a/3b triple knockout embryonic stem cells	SRP367537	SRS12498974	0.990	0.010	18.833	0.693	0.740	0.965	1354762.0	1	48866050.0	7
SRX14737078	ESC	embryonic stem cells	NA	Dnmt1/3a/3b triple knockout embryonic stem cells	SRP367537	SRS12498975	0.990	0.058	18.186	0.696	0.766	0.966	746304.29	17	6426948.0	1
SRX14737079	ESC	embryonic stem cells	NA	Dnmt1/3a/3b triple knockout embryonic stem cells	SRP367537	SRS12498976	0.990	0.042	17.210	0.693	0.735	0.964	220756.44	860	1614381.62	219
SRX14737080	ESC	embryonic stem cells	NA	Dnmt1/3a/3b triple knockout embryonic stem cells	SRP367537	SRS12498981	0.990	0.028	18.710	0.693	0.745	0.965	293049.38	654	1403049.14	436
SRX14737081	ESC	embryonic stem cells	NA	Dnmt1/3a/3b triple knockout embryonic stem cells	SRP367537	SRS12498978	0.990	0.021	16.823	0.692	0.749	0.963	1354762.0	1	75437576.67	3
SRX14737082	ESC	embryonic stem cells	NA	Dnmt1/3a/3b triple knockout embryonic stem cells	SRP367537	SRS12498977	0.990	0.035	19.918	0.702	0.734	0.965	0.0	0	82275739.0	1
SRX14737083	ESC	embryonic stem cells	NA	Dnmt1/3a/3b triple knockout embryonic stem cells	SRP367537	SRS12498979	0.990	0.023	17.491	0.701	0.743	0.963	1354762.0	1	83802311.5	2
SRX14748883	Small Intestine	NA	Small intestine	Small Intestine	SRP367683	SRS12510284	0.989	0.715	13.422	0.799	0.777	0.960	1037.37	62694	12754.28	1722
SRX14748884	Small Intestine	NA	Small intestine	Small Intestine	SRP367683	SRS12510285	0.989	0.715	15.062	0.806	0.745	0.961	1051.68	62180	8500.72	2891
SRX14748885	Small Intestine	NA	Small intestine	Small Intestine	SRP367683	SRS12510286	0.989	0.716	14.740	0.796	0.734	0.961	1042.8	62868	8228.13	3119
SRX14748886	Small Intestine	NA	Small intestine	Small Intestine	SRP367683	SRS12510287	0.989	0.744	14.736	0.828	0.772	0.962	999.64	41053	7353.01	1779
SRX14748887	Small Intestine	NA	Small intestine	Small Intestine	SRP367683	SRS12510288	0.989	0.751	14.602	0.816	0.757	0.961	1013.62	40783	6736.2	2274
SRX14748888	Small Intestine	NA	Small intestine	Small Intestine	SRP367683	SRS12510289	0.989	0.748	15.638	0.823	0.756	0.962	977.9	44405	7088.98	2022
SRX14753682	Brain Hippocampus	NA	Brain hippocampus	Brain hippocampus	SRP367742	SRS12515016	0.978	0.706	14.097	0.535	0.207	0.957	1145.71	43808	15008.04	1414
SRX14753683	Brain Hippocampus	NA	Brain hippocampus	Brain hippocampus	SRP367742	SRS12515017	0.982	0.729	1.883	0.365	0.578	0.759	1852.67	27387	74291.23	191
SRX14753684	Brain Hippocampus	NA	Brain hippocampus	Brain hippocampus	SRP367742	SRS12515015	0.980	0.719	17.168	0.530	0.354	0.958	1131.0	46771	10640.88	2607
SRX14753685	Brain Hippocampus	NA	Brain hippocampus	Brain hippocampus	SRP367742	SRS12515018	0.981	0.707	4.035	0.413	0.110	0.859	1662.06	30870	33931.22	464
SRX14753686	Brain Hippocampus	NA	Brain hippocampus	Brain hippocampus	SRP367742	SRS12515019	0.978	0.707	9.934	0.503	0.202	0.950	1189.48	41105	19476.57	1004
SRX14753687	Brain Hippocampus	NA	Brain hippocampus	Brain hippocampus	SRP367742	SRS12515020	0.981	0.734	3.923	0.404	0.113	0.852	1627.39	32260	32051.32	525
SRX14753688	Brain Hippocampus	NA	Brain hippocampus	Brain hippocampus	SRP367742	SRS12515022	0.982	0.729	9.710	0.348	0.208	0.947	1200.18	42212	13973.43	1656
SRX14753689	Brain Hippocampus	NA	Brain hippocampus	Brain hippocampus	SRP367742	SRS12515021	0.981	0.726	8.396	0.379	0.208	0.942	1227.54	39314	13164.76	1676
SRX14753690	Brain Hippocampus	NA	Brain hippocampus	Brain hippocampus	SRP367742	SRS12515023	0.980	0.728	4.301	0.444	0.141	0.866	1587.54	32758	27055.62	681
SRX14753691	Brain Hippocampus	NA	Brain hippocampus	Brain hippocampus	SRP367742	SRS12515025	0.982	0.727	11.117	0.340	0.300	0.950	1166.49	40686	14164.86	1539
SRX14753692	Brain Hippocampus	NA	Brain hippocampus	Brain hippocampus	SRP367742	SRS12515024	0.981	0.723	8.805	0.344	0.204	0.945	1224.73	40628	14499.32	1513
SRX14753693	Brain Hippocampus	NA	Brain hippocampus	Brain hippocampus	SRP367742	SRS12515026	0.979	0.726	12.819	0.521	0.336	0.947	1168.3	43406	15341.83	1686
SRX14753694	Brain Hippocampus	NA	Brain hippocampus	Brain hippocampus	SRP367742	SRS12515028	0.981	0.710	2.248	0.361	0.183	0.772	1757.75	28745	59612.62	176
SRX14753695	Brain Hippocampus	NA	Brain hippocampus	Brain hippocampus	SRP367742	SRS12515027	0.980	0.707	19.015	0.558	0.345	0.959	1104.42	46937	9218.44	2786
SRX14753696	Brain Hippocampus	NA	Brain hippocampus	Brain hippocampus	SRP367742	SRS12515029	0.981	0.736	4.737	0.339	0.169	0.907	1441.24	34650	20636.67	760
SRX14753697	Brain Hippocampus	NA	Brain hippocampus	Brain hippocampus	SRP367742	SRS12515030	0.979	0.704	7.551	0.459	0.177	0.941	1256.96	39906	16710.02	1078
SRX14753698	Brain Hippocampus	NA	Brain hippocampus	Brain hippocampus	SRP367742	SRS12515031	0.981	0.716	11.271	0.473	0.228	0.954	1151.84	40614	13688.34	1333
SRX14753699	Brain Hippocampus	NA	Brain hippocampus	Brain hippocampus	SRP367742	SRS12515033	0.980	0.719	15.670	0.513	0.348	0.959	1118.12	44733	13488.08	1544
SRX14753700	Brain Hippocampus	NA	Brain hippocampus	Brain hippocampus	SRP367742	SRS12515032	0.980	0.723	15.938	0.390	0.158	0.956	1119.86	44258	8920.02	2768
SRX14753701	Brain Hippocampus	NA	Brain hippocampus	Brain hippocampus	SRP367742	SRS12515034	0.982	0.715	9.786	0.479	0.210	0.942	1196.78	39278	13119.36	1503
SRX14753702	Brain Hippocampus	NA	Brain hippocampus	Brain hippocampus	SRP367742	SRS12515036	0.980	0.712	15.188	0.524	0.386	0.951	1136.67	45582	13833.0	1533
SRX14753703	Brain Hippocampus	NA	Brain hippocampus	Brain hippocampus	SRP367742	SRS12515035	0.982	0.728	11.058	0.370	0.244	0.950	1157.86	43680	14047.65	1390
SRX14753704	Brain Hippocampus	NA	Brain hippocampus	Brain hippocampus	SRP367742	SRS12515038	0.981	0.721	4.006	0.300	0.057	0.836	1644.86	30890	28968.98	375
SRX14753705	Brain Hippocampus	NA	Brain hippocampus	Brain hippocampus	SRP367742	SRS12515037	0.982	0.715	14.029	0.548	0.406	0.950	1125.34	44062	13882.74	1359
SRX14766795	Lin(-) c-kit(+) sca-1(+) CD150(+) CD48(-) CD34(-)	Lin(-) c-kit(+) sca-1(+) CD150(+) CD48(-) CD34(-)	NA	LT-HSC	SRP367910	SRS12527025	0.994	0.800	19.079	0.824	0.719	0.953	875.67	60229	6982.54	3652
SRX14766796	Lin(-) c-kit(+) sca-1(+) CD150(+) CD48(-) CD34(-)	Lin(-) c-kit(+) sca-1(+) CD150(+) CD48(-) CD34(-)	NA	LT-HSC	SRP367910	SRS12527026	0.993	0.784	14.771	0.790	0.715	0.948	878.55	58288	6744.39	3768
SRX14766797	Lin(-) c-kit(+) sca-1(+) CD150(+) CD48(-) CD34(-)	Lin(-) c-kit(+) sca-1(+) CD150(+) CD48(-) CD34(-)	NA	LT-HSC	SRP367910	SRS12527027	0.995	0.797	19.361	0.831	0.796	0.953	868.11	59665	6749.91	3819
SRX14766798	Lin(-) c-kit(+) sca-1(+) CD150(+) CD48(-) CD34(-)	Lin(-) c-kit(+) sca-1(+) CD150(+) CD48(-) CD34(-)	NA	LT-HSC	SRP367910	SRS12527029	0.989	0.820	10.595	0.799	0.463	0.942	1047.52	46996	6217.01	3961
SRX14766799	Lin(-) c-kit(+) sca-1(+) CD150(+) CD48(-) CD34(-)	Lin(-) c-kit(+) sca-1(+) CD150(+) CD48(-) CD34(-)	NA	LT-HSC	SRP367910	SRS12527028	0.995	0.793	20.487	0.831	0.817	0.954	857.18	60980	6882.6	3614
SRX14766800	Lin(-) c-kit(+) sca-1(+) CD150(+) CD48(-) CD34(-)	Lin(-) c-kit(+) sca-1(+) CD150(+) CD48(-) CD34(-)	NA	LT-HSC	SRP367910	SRS12527030	0.994	0.791	15.580	0.714	0.383	0.953	858.96	59277	6834.19	3490
SRX14766801	Lin(-) c-kit(+) sca-1(+) CD150(+) CD48(-) CD34(-)	Lin(-) c-kit(+) sca-1(+) CD150(+) CD48(-) CD34(-)	NA	LT-HSC	SRP367910	SRS12527031	0.994	0.798	25.177	0.820	0.418	0.958	853.33	64416	7115.16	3781
SRX14766802	Lin(-) c-kit(+) sca-1(+) CD150(+) CD48(-) CD34(-)	Lin(-) c-kit(+) sca-1(+) CD150(+) CD48(-) CD34(-)	NA	LT-HSC	SRP367910	SRS12527033	0.993	0.809	21.212	0.809	0.361	0.956	879.97	60871	6870.9	4035
SRX14766803	Lin(-) c-kit(+) sca-1(+) CD150(+) CD48(-) CD34(-)	Lin(-) c-kit(+) sca-1(+) CD150(+) CD48(-) CD34(-)	NA	LT-HSC	SRP367910	SRS12527032	0.987	0.774	11.870	0.808	0.340	0.948	927.66	52284	10384.22	1962
SRX14766804	Lin(-) c-kit(+) sca-1(+) CD150(+) CD48(-) CD34(-)	Lin(-) c-kit(+) sca-1(+) CD150(+) CD48(-) CD34(-)	NA	LT-HSC	SRP367910	SRS12527034	0.991	0.768	8.843	0.806	0.133	0.944	968.74	47109	15206.45	940
SRX14766805	Lin(-) c-kit(+) sca-1(+) CD150(+) CD48(-) CD34(-)	Lin(-) c-kit(+) sca-1(+) CD150(+) CD48(-) CD34(-)	NA	LT-HSC	SRP367910	SRS12527035	0.991	0.763	8.134	0.792	0.125	0.941	994.81	46209	13995.51	1094
SRX14788484	Spleen Lymph Node	CD4+ memory T cell	spleen, lymph node	spleen, lymph node	SRP368317	SRS16650902	0.979	0.748	8.569	0.787	0.516	0.943	1288.99	36658	12457.13	1079
SRX14788485	Spleen Lymph Node	CD4+ memory T cell	spleen, lymph node	spleen, lymph node	SRP368317	SRS16650912	0.977	0.763	7.933	0.784	0.403	0.943	1318.87	35443	13836.46	891
SRX14788486	Spleen Lymph Node	CD4+ memory T cell	spleen, lymph node	spleen, lymph node	SRP368317	SRS16650913	0.978	0.758	8.884	0.790	0.528	0.943	1297.16	36866	12898.89	1012
SRX1480510	E14 ESC	NA	NA	mouse embryonic stem cell	SRP067341	SRS1205903	0.986	0.140	1.650	0.561	0.914	0.706	710810.0	1	0.0	0
SRX14841006	Plasma Leukocyte	NA	Plasma leukocyte	NA	SRP370019	SRS12596051	0.997	0.767	10.917	0.776	0.668	0.951	1032.44	46275	23647.67	2070
SRX14841007	Plasma Leukocyte	NA	Plasma leukocyte	NA	SRP370019	SRS12596052	0.997	0.753	10.760	0.771	0.672	0.950	1024.27	45420	14456.75	1421
SRX14841012	Plasma Leukocyte	NA	Plasma leukocyte	NA	SRP370019	SRS12596049	0.997	0.749	9.745	0.783	0.605	0.951	1039.07	45155	14346.98	1925
SRX14841013	Plasma Leukocyte	NA	Plasma leukocyte	NA	SRP370019	SRS12596050	0.997	0.760	10.345	0.777	0.611	0.949	1032.01	45511	21094.32	2200
SRX14841014	Plasma Leukocyte	NA	Plasma leukocyte	NA	SRP370019	SRS12596053	0.997	0.748	9.527	0.761	0.622	0.949	1036.42	45206	20296.01	2106
SRX14841015	Plasma Leukocyte	NA	Plasma leukocyte	NA	SRP370019	SRS12596054	0.997	0.758	10.345	0.775	0.666	0.949	1034.12	45939	22560.0	2010
SRX1485695	Cauda Epididymis And Vas Deferens	Spermatozoa	Cauda epididymis and vas deferens	Spermatozoa_WGBS_10weeks_control	SRP067447	SRS1208878	0.998	0.654	54.838	0.633	0.636	0.949	1260.08	66033	26093.69	3915
SRX1485696	Cauda Epididymis And Vas Deferens	Spermatozoa	Cauda epididymis and vas deferens	Spermatozoa_WGBS_10weeks_control	SRP067447	SRS1208877	0.998	0.681	53.241	0.654	0.656	0.955	1432.9	74117	34373.92	3915
SRX1485697	Cauda Epididymis And Vas Deferens	Spermatozoa	Cauda epididymis and vas deferens	Spermatozoa_WGBS_10weeks_low protein	SRP067447	SRS1208876	0.998	0.690	71.883	0.671	0.681	0.957	1485.05	74648	33347.36	4286
SRX1485698	Cauda Epididymis And Vas Deferens	Spermatozoa	Cauda epididymis and vas deferens	Spermatozoa_WGBS_10weeks_high fat	SRP067447	SRS1208874	0.998	0.675	53.859	0.627	0.231	0.956	1302.84	70542	28534.49	4039
SRX1485699	Cauda Epididymis And Vas Deferens	Spermatozoa	Cauda epididymis and vas deferens	Spermatozoa_WGBS_13.5weeks_control	SRP067447	SRS1208873	0.984	0.730	3.689	0.692	0.158	0.703	1559.86	45317	262637.4	472
SRX1485700	Cauda Epididymis And Vas Deferens	Spermatozoa	Cauda epididymis and vas deferens	Spermatozoa_WGBS_12weeks_control	SRP067447	SRS1208875	0.986	0.737	4.103	0.720	0.153	0.734	1534.06	47128	231927.82	521
SRX1485706	Cauda Epididymis And Vas Deferens	Spermatozoa	Cauda epididymis and vas deferens	Spermatozoa_WGBS_12weeks_low protein	SRP067447	SRS1208867	0.988	0.756	5.041	0.692	0.418	0.772	1533.91	48810	190412.05	811
SRX1485708	Cauda Epididymis And Vas Deferens	Spermatozoa	Cauda epididymis and vas deferens	Spermatozoa_WGBS_12weeks_high fat	SRP067447	SRS1208864	0.986	0.742	5.540	0.710	0.156	0.776	1508.49	48936	179066.04	689
SRX14967078	intestinal stem cell (ISC)	intestinal stem cell (ISC)	NA	intestinal stem cell (ISC)	SRP371705	SRS12717185	0.995	0.776	4.718	0.832	0.889	0.890	1342.27	48551	17007.06	1193
SRX14967081	intestinal stem cell (ISC)	intestinal stem cell (ISC)	NA	intestinal stem cell (ISC)	SRP371705	SRS12717188	0.995	0.774	5.086	0.826	0.885	0.896	1296.32	50448	17754.81	1092
SRX14967082	intestinal stem cell (ISC)	intestinal stem cell (ISC)	NA	intestinal stem cell (ISC)	SRP371705	SRS12717189	0.995	0.776	4.271	0.823	0.893	0.884	1361.92	48058	24902.27	841
SRX14967083	intestinal stem cell (ISC)	intestinal stem cell (ISC)	NA	intestinal stem cell (ISC)	SRP371705	SRS12717190	0.995	0.776	4.394	0.826	0.893	0.885	1353.52	48458	27860.08	577
SRX14967084	intestinal stem cell (ISC)	intestinal stem cell (ISC)	NA	intestinal stem cell (ISC)	SRP371705	SRS12717191	0.996	0.765	5.243	0.826	0.875	0.892	1370.66	53287	20188.04	990
SRX14967085	intestinal stem cell (ISC)	intestinal stem cell (ISC)	NA	intestinal stem cell (ISC)	SRP371705	SRS12717192	0.996	0.761	4.270	0.810	0.880	0.887	1432.9	50154	27811.78	749
SRX14967086	intestinal stem cell (ISC)	intestinal stem cell (ISC)	NA	intestinal stem cell (ISC)	SRP371705	SRS12717193	0.996	0.763	5.020	0.818	0.877	0.893	1365.6	53651	21789.95	754
SRX14967087	intestinal stem cell (ISC)	intestinal stem cell (ISC)	NA	intestinal stem cell (ISC)	SRP371705	SRS12717194	0.996	0.762	5.000	0.816	0.877	0.893	1382.37	52336	21727.31	804
SRX14978860	Sperm	NA	sperm	NA	SRP371845	SRS12728985	0.989	0.691	5.252	0.460	0.680	0.916	1530.5	62081	172225.52	1050
SRX14978861	Oocyte	NA	oocyte	NA	SRP371845	SRS12728987	0.929	0.390	2.195	0.514	0.181	0.713	40952.04	6043	393258.68	2745
SRX14978862	Zygotes From The Control	NA	zygotes from the control	NA	SRP371845	SRS12728986	0.963	0.451	4.518	0.516	0.435	0.903	39849.07	6308	1047487.71	135
SRX14978863	zygotes from the Tet1	NA	zygotes from the Tet1	NA	SRP371845	SRS12728988	0.968	0.424	4.665	0.483	0.384	0.905	17002.5	10786	413827.67	620
SRX14978864	zygotes from the Tet2	NA	zygotes from the Tet2	NA	SRP371845	SRS12728989	0.969	0.259	4.004	0.508	0.262	0.880	0.0	0	95620500.0	1
SRX15037005	Totipotent Potential Stem Cell	totipotent potential stem cells	NA	2-cell mouse embryo derived mouse totipotent potential stem cells	SRP372616	SRS12783875	0.984	0.318	20.307	0.796	0.495	0.957	7198.08	30761	163963.55	2538
SRX15037006	Totipotent Potential Stem Cell	totipotent potential stem cells	NA	2-cell mouse embryo derived mouse totipotent potential stem cells	SRP372616	SRS12783876	0.983	0.317	18.678	0.801	0.532	0.955	7360.44	29065	159235.92	2603
SRX15037007	Totipotent Potential Stem Cell	totipotent potential stem cells	NA	mouse EPS cell derived mouse totipotent potential stem cells	SRP372616	SRS12783877	0.983	0.389	9.927	0.459	0.481	0.957	4337.0	37888	124621.14	2801
SRX15037008	Totipotent Potential Stem Cell	totipotent potential stem cells	NA	mouse EPS cell derived mouse totipotent potential stem cells	SRP372616	SRS12783878	0.984	0.386	10.851	0.516	0.474	0.958	4176.86	39411	124313.55	2829
SRX15037009	Extended Pluripotent Stem Cell	extended pluripotent stem cells	NA	mouse extended pluripotent stem cells 1#	SRP372616	SRS12783879	0.983	0.703	19.047	0.819	0.498	0.956	1441.06	59110	9870.82	6297
SRX15037010	Extended Pluripotent Stem Cell	extended pluripotent stem cells	NA	mouse extended pluripotent stem cells 1#	SRP372616	SRS12783880	0.983	0.698	18.860	0.822	0.532	0.956	1434.46	59059	9853.0	6303
SRX15037011	Extended Pluripotent Stem Cell	extended pluripotent stem cells	NA	mouse extended pluripotent stem cells 2#	SRP372616	SRS12783881	0.982	0.718	19.432	0.813	0.513	0.963	1391.52	60964	10589.5	6260
SRX15037012	Extended Pluripotent Stem Cell	extended pluripotent stem cells	NA	mouse extended pluripotent stem cells 2#	SRP372616	SRS12783882	0.982	0.725	19.175	0.809	0.531	0.963	1403.15	60307	10620.6	6346
SRX15037013	ESC	embryonic stem cells	NA	mouse embryonic stem cells	SRP372616	SRS12783883	0.983	0.530	19.009	0.834	0.545	0.963	1709.0	60626	21295.71	4523
SRX15037014	ESC	embryonic stem cells	NA	mouse embryonic stem cells	SRP372616	SRS12783884	0.983	0.526	19.078	0.832	0.528	0.963	1708.53	60587	21157.17	4250
SRX15110391	Rib Caritilage	Rib caritilage cells	NA	E17.5 rib caritilage	SRP373182	SRS12855581	0.985	0.697	16.169	0.733	0.651	0.954	1098.86	60941	9901.69	1735
SRX15110392	Rib Caritilage	Rib caritilage cells	NA	E17.5 rib caritilage	SRP373182	SRS12855582	0.985	0.705	14.074	0.728	0.689	0.941	1130.58	54616	9299.03	1832
SRX15110393	Rib Caritilage	Rib caritilage cells	NA	E17.5 rib caritilage	SRP373182	SRS12855583	0.984	0.707	13.149	0.712	0.540	0.949	1186.84	51783	9890.86	1670
SRX15110394	Rib Caritilage	Rib caritilage cells	NA	E17.5 rib caritilage	SRP373182	SRS12855584	0.984	0.712	12.428	0.702	0.504	0.939	1215.41	53079	9640.28	1697
SRX1515392	Inner Cell Mass	NA	Inner cell mass	Preimplantation embryo_E3.5 Inner cell mass	SRP068043	SRS1234100	0.972	0.255	2.112	0.419	0.495	0.742	615023.33	3	118818382.0	1
SRX1515393	Trophectoderm	NA	Trophectoderm	Preimplantation embryo_E3.5 Trophectoderm	SRP068043	SRS1234099	0.971	0.181	4.009	0.582	0.483	0.881	968228.75	4	69154779.75	4
SRX1515394	Trophectoderm	NA	Trophectoderm	Preimplantation embryo_E3.5 Trophectoderm	SRP068043	SRS1234098	0.956	0.221	2.211	0.372	0.463	0.764	807316.0	1	0.0	0
SRX1515395	Inner Cell Mass	NA	Inner cell mass	Periimplantation embryo_E4.0 Inner cell mass	SRP068043	SRS1234097	0.973	0.219	2.871	0.430	0.135	0.744	838820.0	1	0.0	0
SRX1515397	Epiblast	NA	Epiblast	Postimplantation embryo_E5.5 Epiblast	SRP068043	SRS1234095	0.973	0.633	6.399	0.413	0.489	0.918	1669.95	27039	20304.08	693
SRX1515398	Epiblast	NA	Epiblast	Postimplantation embryo_E5.5 Epiblast	SRP068043	SRS1234094	0.967	0.698	4.628	0.530	0.361	0.873	1753.87	29425	27324.04	694
SRX1515399	Visceral Endoderm	NA	Visceral endoderm	Postimplantation embryo_E5.5 Visceral endoderm	SRP068043	SRS1234093	0.970	0.454	3.578	0.511	0.193	0.844	28947.37	3135	1302578.96	744
SRX1515400	Visceral Endoderm	NA	Visceral endoderm	Postimplantation embryo_E5.5 Visceral endoderm	SRP068043	SRS1234092	0.961	0.432	4.082	0.313	0.181	0.857	33598.73	2031	1273283.47	751
SRX1515401	Epiblast	NA	Epiblast	Postimplantation embryo_E6.5 Epiblast	SRP068043	SRS1234091	0.961	0.720	8.158	0.665	0.337	0.922	1335.93	30713	19479.65	954
SRX1515402	Epiblast	NA	Epiblast	Postimplantation embryo_E6.5 Epiblast	SRP068043	SRS1234090	0.969	0.765	5.441	0.327	0.726	0.924	1424.25	31258	18356.3	1278
SRX1515403	Visceral Endoderm	NA	Visceral endoderm	Postimplantation embryo_E6.5 Visceral endoderm	SRP068043	SRS1234089	0.964	0.509	3.562	0.515	0.136	0.780	8365.33	11560	1351250.49	660
SRX1515404	Visceral Endoderm	NA	Visceral endoderm	Postimplantation embryo_E6.5 Visceral endoderm	SRP068043	SRS1234088	0.977	0.512	7.140	0.410	0.327	0.929	13395.54	27288	655301.21	1398
SRX1515405	Ectoderm	NA	Ectoderm	postimplantation embryo_E7.5 Ectoderm	SRP068043	SRS1234087	0.967	0.593	4.629	0.714	0.221	0.730	1420.89	27402	43313.6	327
SRX1515406	Ectoderm	NA	Ectoderm	postimplantation embryo_E7.5 Ectoderm	SRP068043	SRS1234086	0.971	0.758	9.555	0.649	0.619	0.945	1254.11	34236	16340.38	1320
SRX1515407	Primitive Streak	NA	Primitive streak	postimplantation embryo_E7.5 Primitive streak	SRP068043	SRS1234085	0.965	0.712	3.022	0.660	0.159	0.726	1515.39	25817	62048.87	217
SRX1515408	Primitive Streak	NA	Primitive streak	postimplantation embryo_E7.5 Primitive streak	SRP068043	SRS1234084	0.975	0.809	6.650	0.339	0.702	0.926	1374.99	31437	18968.91	1313
SRX1515410	Mesoderm	NA	Mesoderm	postimplantation embryo_E7.5 Mesoderm	SRP068043	SRS1234082	0.973	0.803	7.845	0.497	0.469	0.939	1339.74	33786	13247.93	1977
SRX1515412	Endoderm	NA	Endoderm	postimplantation embryo_E7.5 Endoderm	SRP068043	SRS1234080	0.976	0.665	10.872	0.598	0.626	0.948	1349.64	29382	15530.43	947
SRX15279791	Brain	NA	brain	NA	SRP375292	SRS13011268	0.986	0.727	22.087	0.741	0.643	0.952	1093.73	42214	8367.93	3157
SRX15279792	Brain	NA	brain	NA	SRP375292	SRS13011269	0.987	0.721	24.711	0.740	0.626	0.952	1073.07	45426	8844.64	2976
SRX15279793	Brain	NA	brain	NA	SRP375292	SRS13011270	0.986	0.713	22.882	0.702	0.672	0.951	1074.29	46254	9007.16	2761
SRX15279794	Brain	NA	brain	NA	SRP375292	SRS13011271	0.988	0.730	28.111	0.746	0.671	0.952	1081.22	41243	8468.62	3011
SRX15279795	Brain	NA	brain	NA	SRP375292	SRS13011272	0.988	0.724	29.120	0.742	0.655	0.953	1064.13	44095	8211.47	3334
SRX15279796	Brain	NA	brain	NA	SRP375292	SRS13011273	0.987	0.739	25.352	0.775	0.688	0.952	1104.09	38202	8501.41	2782
SRX15314550	Oocyte	NA	NA	fully grown oocyte (FGO)	SRP375715	SRS13039717	0.962	0.376	7.691	0.628	0.229	0.914	28127.46	33019	137974.47	9916
SRX15314551	Oocyte	NA	NA	fully grown oocyte (FGO)	SRP375715	SRS13039715	0.962	0.611	8.845	0.650	0.164	0.917	7910.86	49631	119224.57	3169
SRX15314552	Oocyte	NA	NA	fully grown oocyte (FGO)	SRP375715	SRS13039716	0.961	0.378	3.646	0.651	0.450	0.878	37786.84	17762	208618.76	6216
SRX15314553	Oocyte	NA	NA	fully grown oocyte (FGO)	SRP375715	SRS13039718	0.965	0.609	3.392	0.653	0.480	0.869	8648.69	37705	309631.57	624
SRX153154	Lung	NA	NA	healthy lung tissue	SRP013702	SRS345475	0.977	0.675	6.304	0.799	0.560	0.925	1442.05	33889	20775.9	909
SRX153155	Tumor	NA	NA	lung tumors	SRP013702	SRS345476	0.975	0.564	5.394	0.769	0.186	0.908	3148.22	36827	56096.67	1000
SRX153156	Tumor	NA	NA	lung tumors	SRP013702	SRS345477	0.975	0.597	5.415	0.770	0.165	0.911	2378.34	34388	35073.13	828
SRX153157	Tumor	NA	NA	lung tumors	SRP013702	SRS345478	0.961	0.600	3.307	0.707	0.112	0.829	2831.2	23353	48782.73	202
SRX153158	Tumor	NA	NA	lung tumors	SRP013702	SRS345479	0.939	0.547	2.966	0.646	0.076	0.765	2936.86	23976	83984.43	65
SRX1534653	PGC	PGC	NA	E10.5 PGC	SRP068730	SRS1251670	0.964	0.193	8.920	0.664	0.278	0.934	838820.0	1	5543729.22	9
SRX1534654	PGC	PGC	NA	E11.5 PGC	SRP068730	SRS1251668	0.958	0.093	13.290	0.664	0.522	0.938	650884.09	23	1981756.41	158
SRX1534655	PGC	PGC	NA	E11.5 PGC	SRP068730	SRS1251669	0.958	0.105	4.224	0.788	0.250	0.891	0.0	0	7430760.14	7
SRX1534656	PGC	PGC	NA	E12.5 female PGC	SRP068730	SRS1251667	0.945	0.065	10.820	0.651	0.434	0.930	785125.29	7	1923960.51	169
SRX1534657	PGC	PGC	NA	E12.5 female PGC	SRP068730	SRS1251666	0.943	0.093	2.722	0.781	0.136	0.819	794050.0	1	12166017.75	4
SRX1534658	PGC	PGC	NA	E12.5 male PGC	SRP068730	SRS1251665	0.952	0.069	11.889	0.652	0.484	0.935	873583.5	6	3137909.58	64
SRX1534659	PGC	PGC	NA	E12.5 male PGC	SRP068730	SRS1251664	0.963	0.093	5.399	0.789	0.284	0.907	0.0	0	6698850.0	9
SRX15385831	ESC	embryonic stem cells	NA	Mouse Embryonic Stem Cells	SRP376172	SRS13114855	0.989	0.684	10.006	0.716	0.633	0.904	1422.76	38144	17577.42	2182
SRX15385832	ESC	embryonic stem cells	NA	Mouse Embryonic Stem Cells	SRP376172	SRS13114856	0.990	0.671	8.756	0.709	0.587	0.903	1509.99	36006	24636.15	1506
SRX15446302	Cell Line	NA	Cell Line	NA	SRP376931	SRS13168740	0.993	0.494	19.562	0.729	0.498	0.946	9284.56	113109	227531.0	5917
SRX15446303	Cell Line	NA	Cell Line	NA	SRP376931	SRS13168741	0.995	0.490	24.063	0.774	0.531	0.948	8587.81	125646	233130.41	5832
SRX15446304	Cell Line	NA	Cell Line	NA	SRP376931	SRS13168742	0.995	0.492	15.566	0.779	0.497	0.945	9721.52	106667	240222.8	5623
SRX15446305	Cell Line	NA	Cell Line	NA	SRP376931	SRS13168743	0.992	0.495	18.448	0.693	0.506	0.945	10016.19	103059	228027.57	5855
SRX15446306	Cell Line	NA	Cell Line	NA	SRP376931	SRS13168744	0.995	0.501	19.067	0.788	0.498	0.946	9289.78	115277	237580.21	5719
SRX15446307	Cell Line	NA	Cell Line	NA	SRP376931	SRS13168745	0.995	0.505	20.946	0.761	0.574	0.947	9163.95	117441	236568.33	5745
SRX15446308	Cell Line	NA	Cell Line	NA	SRP376931	SRS13168746	0.995	0.519	24.732	0.800	0.567	0.949	8682.8	126019	237442.03	5716
SRX15446309	Cell Line	NA	Cell Line	NA	SRP376931	SRS13168747	0.996	0.479	27.075	0.755	0.552	0.950	8489.18	129630	237463.24	5764
SRX15446310	Cell Line	NA	Cell Line	NA	SRP376931	SRS13168748	0.995	0.486	17.167	0.752	0.555	0.946	9548.48	110573	247154.59	5497
SRX15446628	Somatosensory Cortex And Motor Cortex	NA	somatosensory cortex and motor cortex	somatosensory cortex and motor cortex	SRP376940	SRS13169065	0.978	0.722	4.252	0.481	0.770	0.901	1435.11	49063	30750.69	436
SRX15446629	Somatosensory Cortex And Motor Cortex	NA	somatosensory cortex and motor cortex	somatosensory cortex and motor cortex	SRP376940	SRS13169066	0.986	0.719	2.072	0.583	0.883	0.783	1758.55	37208	57909.03	296
SRX15446630	Somatosensory Cortex And Motor Cortex	NA	somatosensory cortex and motor cortex	somatosensory cortex and motor cortex	SRP376940	SRS13169067	0.973	0.736	3.076	0.645	0.895	0.858	1731.76	47780	82548.08	741
SRX15446631	Somatosensory Cortex And Motor Cortex	NA	somatosensory cortex and motor cortex	somatosensory cortex and motor cortex	SRP376940	SRS13169068	0.973	0.743	2.020	0.655	0.949	0.779	1909.19	41022	124945.72	655
SRX15446632	Somatosensory Cortex And Motor Cortex	NA	somatosensory cortex and motor cortex	somatosensory cortex and motor cortex	SRP376940	SRS13169069	0.964	0.751	2.890	0.538	0.873	0.850	1736.6	47221	85106.47	832
SRX15446634	Somatosensory Cortex And Motor Cortex	NA	somatosensory cortex and motor cortex	somatosensory cortex and motor cortex	SRP376940	SRS13169071	0.990	0.717	3.999	0.630	0.874	0.881	1479.58	53015	45821.68	333
SRX15446635	Somatosensory Cortex And Motor Cortex	NA	somatosensory cortex and motor cortex	somatosensory cortex and motor cortex	SRP376940	SRS13169072	0.988	0.713	1.665	0.501	0.770	0.714	1904.5	36978	93869.11	296
SRX15446636	Somatosensory Cortex And Motor Cortex	NA	somatosensory cortex and motor cortex	somatosensory cortex and motor cortex	SRP376940	SRS13169073	0.977	0.766	6.993	0.696	0.926	0.923	1334.65	54587	32680.37	1295
SRX15446637	Somatosensory Cortex And Motor Cortex	NA	somatosensory cortex and motor cortex	somatosensory cortex and motor cortex	SRP376940	SRS13169074	0.977	0.765	1.822	0.674	0.917	0.742	1814.79	33952	127241.71	393
SRX15446638	Somatosensory Cortex And Motor Cortex	NA	somatosensory cortex and motor cortex	somatosensory cortex and motor cortex	SRP376940	SRS13169075	0.973	0.765	3.769	0.611	0.884	0.878	1498.91	43733	57300.67	789
SRX15499591	Blastocyst	NA	mouse blastocyst	mouse blastocyst	SRP377658	SRS13214462	0.986	0.156	2.795	0.796	0.609	0.794	743112.0	1	109670753.0	1
SRX15499592	Blastocyst	NA	mouse blastocyst	mouse blastocyst	SRP377658	SRS13214463	0.982	0.152	1.995	0.784	0.709	0.740	710810.0	1	118813487.0	1
SRX15499595	Blastocyst	NA	mouse blastocyst	mouse blastocyst	SRP377658	SRS13214466	0.981	0.140	2.327	0.785	0.648	0.761	838820.0	1	114249918.0	2
SRX15499598	Blastocyst	NA	mouse blastocyst	mouse blastocyst	SRP377658	SRS13214469	0.983	0.145	1.913	0.766	0.698	0.728	663781.0	1	114251324.0	2
SRX15499599	Blastocyst	NA	mouse blastocyst	mouse blastocyst	SRP377658	SRS13214470	0.982	0.152	1.809	0.771	0.651	0.716	743112.0	1	114241050.5	2
SRX15499600	Blastocyst	NA	mouse blastocyst	mouse blastocyst	SRP377658	SRS13214471	0.982	0.120	2.576	0.782	0.579	0.786	0.0	0	118812595.0	1
SRX15499601	Blastocyst	NA	mouse blastocyst	mouse blastocyst	SRP377658	SRS13214472	0.983	0.123	2.308	0.792	0.594	0.762	838635.0	1	109674356.0	1
SRX1553553	ESC	NA	Embryonic stem cell	Embryonic stem cell	SRP068043	SRS1269471	0.991	0.672	2.044	0.755	0.629	0.731	2503.96	28411	232039.18	323
SRX1553555	ESC	NA	Embryonic stem cell	Embryonic stem cell	SRP068043	SRS1269469	0.966	0.614	4.353	0.577	0.824	0.906	1864.03	26490	41937.92	291
SRX1553557	ESC	NA	Embryonic stem cell	Embryonic stem cell	SRP068043	SRS1269467	0.988	0.601	6.193	0.736	0.737	0.925	1419.88	30951	28915.99	529
SRX1555181	MEFs in culture	NA	MEFs in culture	NA	SRP069120	SRS1270917	0.991	0.656	2.257	0.940	0.999	0.744	1645.14	27632	73960.9	153
SRX1555182	Liver	NA	Liver	NA	SRP069120	SRS1270918	0.991	0.693	6.291	0.929	0.997	0.850	1235.31	45348	26592.88	538
SRX1555185	Liver	NA	Liver	NA	SRP069120	SRS1270921	0.991	0.636	7.636	0.929	0.997	0.862	1639.79	27975	33131.21	131
SRX1555614	ESC	Embryonic stem cells	NA	A3	SRP069139	SRS1271364	0.984	0.486	1.755	0.818	0.077	0.702	7581.82	15231	470632.38	447
SRX1555616	ESC	Embryonic stem cells	NA	A3	SRP069139	SRS1271366	0.985	0.573	2.273	0.809	0.093	0.784	4644.46	21231	158218.07	680
SRX1556196	ESC	mESCs	NA	mESCs	SRP069154	SRS1271695	0.988	0.595	2.361	0.602	0.877	0.762	2531.78	22911	144105.54	59
SRX1556197	ESC	mESCs	NA	mESCs	SRP069154	SRS1271694	0.988	0.769	2.537	0.695	0.869	0.773	1719.15	27249	117236.12	229
SRX1556198	ESC	mESCs	NA	mESCs	SRP069154	SRS1271693	0.981	0.641	2.511	0.601	0.824	0.759	2009.12	24961	87586.63	207
SRX15588952	Brain-Nucleus Accumbens	NA	brain-nucleus accumbens	NA	SRP378380	SRS13291249	0.983	0.785	13.930	0.829	0.549	0.957	1160.46	42300	9721.71	3655
SRX15588953	Brain-Nucleus Accumbens	NA	brain-nucleus accumbens	NA	SRP378380	SRS13291250	0.983	0.793	12.341	0.833	0.489	0.956	1177.14	40660	9462.01	3725
SRX15588954	Brain-Nucleus Accumbens	NA	brain-nucleus accumbens	NA	SRP378380	SRS13291251	0.977	0.795	15.486	0.839	0.609	0.958	1184.82	44122	9991.67	3966
SRX15588955	Brain-Nucleus Accumbens	NA	brain-nucleus accumbens	NA	SRP378380	SRS13291252	0.980	0.800	15.320	0.833	0.640	0.958	1174.06	41253	9814.4	3487
SRX15588956	Brain-Nucleus Accumbens	NA	brain-nucleus accumbens	NA	SRP378380	SRS13291253	0.983	0.763	12.650	0.798	0.344	0.957	1151.07	43868	13363.16	2169
SRX15588957	Brain-Nucleus Accumbens	NA	brain-nucleus accumbens	NA	SRP378380	SRS13291254	0.983	0.786	13.894	0.822	0.507	0.958	1177.38	40435	9000.69	3652
SRX15588958	Brain-Nucleus Accumbens	NA	brain-nucleus accumbens	NA	SRP378380	SRS13291255	0.983	0.793	13.287	0.818	0.488	0.958	1161.14	42343	9180.58	3800
SRX15588959	Brain-Nucleus Accumbens	NA	brain-nucleus accumbens	NA	SRP378380	SRS13291256	0.985	0.785	12.940	0.828	0.512	0.957	1170.44	39977	8809.22	3553
SRX15588960	Brain-Nucleus Accumbens	NA	brain-nucleus accumbens	NA	SRP378380	SRS13291257	0.970	0.800	15.952	0.824	0.634	0.959	1211.48	41259	10385.46	3654
SRX15588961	Brain-Nucleus Accumbens	NA	brain-nucleus accumbens	NA	SRP378380	SRS13291258	0.973	0.796	15.121	0.826	0.625	0.959	1203.14	43979	10756.51	3788
SRX15588962	Brain-Nucleus Accumbens	NA	brain-nucleus accumbens	NA	SRP378380	SRS13291259	0.971	0.799	16.139	0.833	0.611	0.959	1201.8	42610	10177.04	3886
SRX15588963	Brain-Nucleus Accumbens	NA	brain-nucleus accumbens	NA	SRP378380	SRS13291260	0.973	0.792	15.909	0.829	0.649	0.959	1196.78	42096	9796.36	3550
SRX15682174	Sorted Ctrl1 cells from E8.5 mixed chimeras	NA	Sorted Ctrl1 cells from E8.5 mixed chimeras	Sorted Ctrl1 cells from E8.5 mixed chimeras	SRP379742	SRS13380012	0.980	0.767	3.624	0.412	0.833	0.876	1530.92	26765	37936.4	570
SRX15682175	Sorted Ctrl2 cells from E8.5 mixed chimeras	NA	Sorted Ctrl2 cells from E8.5 mixed chimeras	Sorted Ctrl2 cells from E8.5 mixed chimeras	SRP379742	SRS13380013	0.990	0.744	13.031	0.463	0.828	0.953	1235.79	33640	11237.47	2022
SRX15682176	Sorted TKO1 cells from E8.5 mixed chimeras	NA	Sorted TKO1 cells from E8.5 mixed chimeras	Sorted TKO1 cells from E8.5 mixed chimeras	SRP379742	SRS13380014	0.982	0.806	14.159	0.434	0.755	0.953	1147.79	27582	19608.8	1760
SRX15682177	Sorted TKO2 cells from E8.5 mixed chimeras	NA	Sorted TKO2 cells from E8.5 mixed chimeras	Sorted TKO2 cells from E8.5 mixed chimeras	SRP379742	SRS13380015	0.987	0.789	16.224	0.451	0.792	0.954	1119.02	29555	18624.66	1772
SRX15712502	Colon Epithelial	NA	Colon epithelial cells	Colon	SRP381882	SRS13406637	0.989	0.683	14.559	0.764	0.796	0.963	1042.95	70587	8836.96	2788
SRX15712503	Colon Epithelial	NA	Colon epithelial cells	Colon	SRP381882	SRS13406638	0.990	0.687	14.320	0.789	0.805	0.963	1049.73	70160	8823.91	2790
SRX15712504	Colon Epithelial	NA	Colon epithelial cells	Colon	SRP381882	SRS13406639	0.990	0.682	13.750	0.773	0.786	0.963	1068.82	67789	8821.52	2767
SRX15712505	Colon Epithelial	NA	Colon epithelial cells	Colon	SRP381882	SRS13406640	0.990	0.722	14.109	0.782	0.791	0.963	1026.96	46203	9718.16	1347
SRX15712506	Colon Epithelial	NA	Colon epithelial cells	Colon	SRP381882	SRS13406641	0.989	0.725	12.657	0.773	0.789	0.962	1036.17	44971	14350.43	711
SRX15712507	Colon Epithelial	NA	Colon epithelial cells	Colon	SRP381882	SRS13406642	0.990	0.726	14.340	0.769	0.768	0.963	1023.44	46102	9363.14	1411
SRX15950637	Ngn2 neurons	Ngn2_neurons	NA	neurons	SRP384348	SRS13637296	0.989	0.802	15.770	0.792	0.574	0.948	1535.78	34476	31044.31	4407
SRX15950638	Ngn2 neurons	Ngn2_neurons	NA	neurons	SRP384348	SRS13637297	0.990	0.794	14.267	0.806	0.662	0.946	1561.17	32761	29668.5	4364
SRX15950639	Ngn2 neurons	Ngn2_neurons	NA	neurons	SRP384348	SRS13637298	0.990	0.812	29.611	0.807	0.592	0.949	1520.58	40712	30267.27	5270
SRX15950640	Ebryonic Stem Cell	ebryonic stem cells	NA	esc	SRP384348	SRS13637299	0.992	0.693	26.394	0.805	0.596	0.955	1414.94	43486	20648.5	4365
SRX15950641	Ebryonic Stem Cell	ebryonic stem cells	NA	esc	SRP384348	SRS13637300	0.991	0.714	22.735	0.805	0.598	0.945	1369.0	43933	18771.53	4433
SRX1595775	Spleen	NA	NA	spleen	SRP070642	SRS1305894	0.995	0.797	18.750	0.764	0.842	0.936	1331.08	49398	14572.47	4161
SRX1595776	Spleen	NA	NA	spleen	SRP070642	SRS1305893	0.995	0.749	16.561	0.682	0.825	0.925	1671.78	49631	12368.12	3656
SRX1595777	Spleen	NA	NA	spleen	SRP070642	SRS1305892	0.995	0.649	10.999	0.674	0.535	0.910	2787.71	33056	31073.66	1640
SRX1595778	Spleen	NA	NA	spleen	SRP070642	SRS1305891	0.995	0.763	14.116	0.625	0.625	0.932	1300.82	44934	12820.29	3373
SRX1595779	Spleen	NA	NA	spleen	SRP070642	SRS1305890	0.995	0.729	13.280	0.709	0.643	0.931	1697.24	43687	15324.19	3323
SRX16085493	EpiLC-derived ME	EpiLC-derived ME	NA	Mouse Meso-Endoderm Cells	SRP309644	SRS13751400	0.983	0.723	6.440	0.706	0.535	0.879	2321.99	33179	55197.88	1727
SRX16085494	EpiLC-derived ME	EpiLC-derived ME	NA	Mouse Meso-Endoderm Cells	SRP309644	SRS13751401	0.992	0.743	7.491	0.700	0.396	0.891	1436.53	36180	30733.45	1562
SRX16085495	EpiLC-derived ME	EpiLC-derived ME	NA	Mouse Meso-Endoderm Cells	SRP309644	SRS13751402	0.996	0.816	8.157	0.715	0.508	0.896	1407.89	27796	24446.03	3018
SRX16085496	EpiLC-derived ME	EpiLC-derived ME	NA	Mouse Meso-Endoderm Cells	SRP309644	SRS13751403	0.949	0.852	8.388	0.777	0.598	0.895	1678.22	39517	43213.12	3332
SRX16085497	EpiLC-derived ME	EpiLC-derived ME	NA	Mouse Meso-Endoderm Cells	SRP309644	SRS13751404	0.968	0.736	4.617	0.710	0.294	0.859	2028.51	33393	80908.32	1139
SRX16085498	EpiLC-derived ME	EpiLC-derived ME	NA	Mouse Meso-Endoderm Cells	SRP309644	SRS13751405	0.954	0.738	6.159	0.730	0.200	0.876	2211.39	32388	69717.16	1103
SRX16085499	EpiLC-derived ME	EpiLC-derived ME	NA	Mouse Meso-Endoderm Cells	SRP309644	SRS13751406	0.989	0.809	8.497	0.767	0.640	0.903	1768.43	30016	28288.51	2902
SRX16085500	EpiLC-derived ME	EpiLC-derived ME	NA	Mouse Meso-Endoderm Cells	SRP309644	SRS13751407	0.993	0.806	6.775	0.749	0.370	0.891	1439.09	26813	34837.87	2097
SRX1617560	erthroblast (WT)	erthroblast (WT)	NA	erthroblast	SRP071233	SRS1326946	0.983	0.499	5.207	0.738	0.549	0.898	1905.92	24333	13976489.3	10
SRX1617561	erthroblast (WT)	erthroblast (WT)	NA	erthroblast	SRP071233	SRS1326947	0.982	0.495	5.257	0.736	0.539	0.899	1900.04	23744	13596530.0	6
SRX1617562	erthroblast (Bach1 KO)	erthroblast (Bach1 KO)	NA	erthroblast	SRP071233	SRS1326945	0.984	0.497	5.385	0.739	0.551	0.900	1849.62	23982	12032344.07	14
SRX1617563	erthroblast (Bach1 KO)	erthroblast (Bach1 KO)	NA	erthroblast	SRP071233	SRS1326944	0.982	0.541	5.521	0.738	0.542	0.901	1566.74	26963	185830.02	732
SRX1631873	Sperm	NA	NA	Sperm	SRP071782	SRS1343060	0.993	0.790	6.346	0.649	0.905	0.912	1407.76	52403	53010.2	1992
SRX1631874	Sperm	NA	NA	Sperm	SRP071782	SRS1343059	0.992	0.778	2.946	0.566	0.913	0.854	1523.38	48090	126861.26	817
SRX1631875	Sperm	NA	NA	Sperm	SRP071782	SRS1343058	0.991	0.782	3.977	0.509	0.922	0.888	1477.66	49823	88580.21	1187
SRX16322852	Brain (Frontal Cortex)	excitatory pyramidal neurons	brain (frontal cortex)	Excitatory pyramidal neurons from frontal cortex of control mice	SRP234989	SRS13962384	0.975	0.819	64.429	0.847	0.593	0.971	1552.65	75696	18593.02	5387
SRX16322853	Brain (Frontal Cortex)	excitatory pyramidal neurons	brain (frontal cortex)	Excitatory pyramidal neurons from frontal cortex of control mice	SRP234989	SRS13962386	0.977	0.805	67.034	0.849	0.687	0.972	1586.1	77828	18415.26	5837
SRX16322854	Brain (Frontal Cortex)	excitatory pyramidal neurons	brain (frontal cortex)	Excitatory pyramidal neurons from frontal cortex of Dnmt3a cKO mice	SRP234989	SRS13962387	0.995	0.718	46.836	0.820	0.494	0.968	1488.47	115684	19557.61	4939
SRX16322855	Brain (Frontal Cortex)	excitatory pyramidal neurons	brain (frontal cortex)	Excitatory pyramidal neurons from frontal cortex of Dnmt3a cKO mice	SRP234989	SRS13962388	0.996	0.720	48.458	0.834	0.540	0.968	1445.43	117597	18577.06	4907
SRX16358598	Liver	NA	liver	liver	SRP387245	SRS13996283	0.984	0.710	3.897	0.686	0.069	0.835	1621.02	27207	38714.78	392
SRX16358599	Liver	NA	liver	liver	SRP387245	SRS13996285	0.984	0.713	3.989	0.688	0.065	0.838	1635.73	28378	39656.61	413
SRX16358600	Liver	NA	liver	liver	SRP387245	SRS13996284	0.983	0.717	4.422	0.687	0.084	0.856	1588.15	28981	41204.59	433
SRX16358602	Liver	NA	liver	liver	SRP387245	SRS13996287	0.983	0.715	4.867	0.671	0.072	0.860	1547.67	29195	33769.2	506
SRX16358603	Liver	NA	liver	liver	SRP387245	SRS13996288	0.982	0.714	5.482	0.684	0.085	0.883	1516.35	29702	29809.36	516
SRX16358604	Liver	NA	liver	liver	SRP387245	SRS13996289	0.984	0.707	3.430	0.673	0.065	0.816	1710.57	27076	44190.6	323
SRX16358605	Liver	NA	liver	liver	SRP387245	SRS13996291	0.983	0.715	4.889	0.681	0.079	0.876	1590.92	29400	37834.41	492
SRX16358606	Liver	NA	liver	liver	SRP387245	SRS13996290	0.983	0.712	6.794	0.691	0.131	0.909	1482.08	32437	28997.69	663
SRX16358607	Liver	NA	liver	liver	SRP387245	SRS13996292	0.983	0.711	4.548	0.692	0.067	0.858	1591.23	28879	41811.1	357
SRX16358608	Liver	NA	liver	liver	SRP387245	SRS13996293	0.981	0.715	4.733	0.676	0.096	0.874	1586.26	29387	34678.66	585
SRX16358609	Liver	NA	liver	liver	SRP387245	SRS13996294	0.984	0.719	2.842	0.695	0.045	0.725	1708.01	25750	55320.3	199
SRX16716052	Spleen	CD8+ T cells	spleen	spleen	SRP388596	SRS14346004	0.992	0.846	12.726	0.756	0.348	0.949	1151.27	44213	7374.36	3312
SRX16716053	Spleen	CD8+ T cells	spleen	spleen	SRP388596	SRS14346005	0.992	0.843	13.653	0.812	0.502	0.955	1111.18	47484	7840.08	3236
SRX16729601	Bone Marrow	LSK progenitor cell	Bone Marrow	Bone Marrow	SRP388748	SRS14358220	0.972	0.568	15.037	0.516	0.756	0.903	928.21	50303	20954.61	733
SRX16729602	Bone Marrow	LSK progenitor cell	Bone Marrow	Bone Marrow	SRP388748	SRS14358221	0.972	0.606	15.053	0.490	0.790	0.912	906.57	51175	20850.2	595
SRX16729603	Bone Marrow	LSK progenitor cell	Bone Marrow	Bone Marrow	SRP388748	SRS14358222	0.973	0.605	13.914	0.476	0.786	0.911	923.2	50648	22164.77	535
SRX16729604	Bone Marrow	LSK progenitor cell	Bone Marrow	Bone Marrow	SRP388748	SRS14358223	0.973	0.605	15.883	0.485	0.783	0.920	894.58	52405	20896.5	584
SRX16729605	Bone Marrow	LSK progenitor cell	Bone Marrow	Bone Marrow	SRP388748	SRS14358224	0.973	0.608	20.674	0.492	0.765	0.931	852.62	56032	17628.8	889
SRX16729606	Bone Marrow	LSK progenitor cell	Bone Marrow	Bone Marrow	SRP388748	SRS14358225	0.973	0.579	11.721	0.504	0.774	0.901	972.04	48697	25255.99	415
SRX16729607	Bone Marrow	LSK progenitor cell	Bone Marrow	Bone Marrow	SRP388748	SRS14358226	0.974	0.616	18.782	0.485	0.791	0.930	872.72	54802	18290.91	794
SRX16729608	Bone Marrow	LSK progenitor cell	Bone Marrow	Bone Marrow	SRP388748	SRS14358227	0.974	0.615	13.177	0.482	0.796	0.911	942.22	49794	20624.83	795
SRX16729609	Bone Marrow	LSK progenitor cell	Bone Marrow	Bone Marrow	SRP388748	SRS14358228	0.971	0.604	13.493	0.508	0.787	0.905	947.01	47701	22493.53	567
SRX16729610	Bone Marrow	LSK progenitor cell	Bone Marrow	Bone Marrow	SRP388748	SRS14358229	0.974	0.591	21.055	0.508	0.755	0.933	883.19	52551	15192.94	1048
SRX16729611	Bone Marrow	LSK progenitor cell	Bone Marrow	Bone Marrow	SRP388748	SRS14358230	0.973	0.598	12.740	0.496	0.776	0.905	942.49	47063	22187.36	456
SRX16729612	Bone Marrow	LSK progenitor cell	Bone Marrow	Bone Marrow	SRP388748	SRS14358231	0.973	0.597	25.278	0.502	0.756	0.938	839.09	55016	14559.52	1060
SRX16729613	Bone Marrow	LSK progenitor cell	Bone Marrow	Bone Marrow	SRP388748	SRS14358232	0.972	0.621	14.979	0.489	0.788	0.915	909.85	48867	20060.93	604
SRX16729614	Bone Marrow	LSK progenitor cell	Bone Marrow	Bone Marrow	SRP388748	SRS14358233	0.973	0.626	36.244	0.492	0.750	0.952	819.75	57892	11922.92	1431
SRX16729623	Bone Marrow	Granulocyte-Macrophage Progenitor	Bone Marrow	Bone Marrow	SRP388748	SRS14358242	0.971	0.683	2.266	0.444	0.820	0.703	1364.78	31068	61660.39	198
SRX16729624	Bone Marrow	Granulocyte-Macrophage Progenitor	Bone Marrow	Bone Marrow	SRP388748	SRS14358243	0.972	0.677	9.379	0.444	0.803	0.905	1023.38	44723	21745.73	615
SRX16729625	Bone Marrow	LSK progenitor cell	Bone Marrow	Bone Marrow	SRP388748	SRS14358244	0.974	0.605	17.850	0.505	0.793	0.924	905.74	50973	18042.62	779
SRX16729626	Bone Marrow	LSK progenitor cell	Bone Marrow	Bone Marrow	SRP388748	SRS14358245	0.974	0.607	12.650	0.490	0.792	0.904	952.22	46930	23659.37	431
SRX16729627	Bone Marrow	Common Myeloid Progenitor	Bone Marrow	Bone Marrow	SRP388748	SRS14358246	0.973	0.639	2.827	0.477	0.823	0.730	1404.8	31478	57256.99	224
SRX16729635	Bone Marrow	Common Myeloid Progenitor	Bone Marrow	Bone Marrow	SRP388748	SRS14358254	0.974	0.640	19.697	0.466	0.770	0.935	894.94	51073	14928.01	949
SRX1681454	P12 oocyte	P12 oocyte	NA	P12 oocyte	SRP063453	SRS1376714	0.977	0.124	2.389	0.491	0.104	0.769	0.0	0	432945.65	2114
SRX1681456	P12 oocyte	P12 oocyte	NA	P12 oocyte	SRP063453	SRS1376745	0.982	0.195	6.777	0.623	0.666	0.928	44756.72	16808	177073.13	7555
SRX1681462	P15 oocyte	P15 oocyte	NA	P15 oocyte	SRP063453	SRS1376739	0.977	0.249	4.239	0.555	0.308	0.889	67078.32	6653	233979.84	5157
SRX1681463	P15 oocyte	P15 oocyte	NA	P15 oocyte	SRP063453	SRS1376738	0.981	0.215	6.071	0.675	0.663	0.929	47235.2	16100	172623.98	8154
SRX17171790	A20 B cell lymphoma cell line	NA	A20 B cell lymphoma cell line	A20 B cell lymphoma cell line	SRP393350	SRS14741977	0.991	0.685	6.004	0.836	0.610	0.915	5380.66	36505	1298168.16	780
SRX17171791	A20 B cell lymphoma cell line	NA	A20 B cell lymphoma cell line	A20 B cell lymphoma cell line	SRP393350	SRS14741978	0.987	0.683	7.544	0.836	0.646	0.921	5289.83	38579	1235137.65	803
SRX17171792	A20 B cell lymphoma cell line	NA	A20 B cell lymphoma cell line	A20 B cell lymphoma cell line	SRP393350	SRS14741980	0.994	0.640	5.962	0.832	0.649	0.914	7680.95	34886	1124417.4	808
SRX17171793	A20 B cell lymphoma cell line	NA	A20 B cell lymphoma cell line	A20 B cell lymphoma cell line	SRP393350	SRS14741979	0.993	0.644	5.023	0.830	0.649	0.907	7920.48	33457	1206367.35	719
SRX17171794	A20 B cell lymphoma cell line	NA	A20 B cell lymphoma cell line	A20 B cell lymphoma cell line	SRP393350	SRS14741981	0.993	0.644	6.894	0.827	0.615	0.919	7343.74	37196	965523.55	942
SRX17171795	A20 B cell lymphoma cell line	NA	A20 B cell lymphoma cell line	A20 B cell lymphoma cell line	SRP393350	SRS14741982	0.995	0.668	5.091	0.830	0.654	0.908	7770.65	36526	827438.4	1165
SRX17173512	Ventricular-Subventricular Zone	Adult neural stem cells and astrocytes	ventricular-subventricular zone	ventricular-subventricular zone	SRP393405	SRS14743645	0.915	0.962	9.028	0.710	0.410	0.943	399.26	2693	28182.59	95
SRX17173513	Ventricular-Subventricular Zone	Adult neural stem cells and astrocytes	ventricular-subventricular zone	ventricular-subventricular zone	SRP393405	SRS14743646	0.915	0.961	11.628	0.788	0.284	0.948	582.18	3495	24350.27	181
SRX17173514	Ventricular-Subventricular Zone	neuroblasts	ventricular-subventricular zone	ventricular-subventricular zone	SRP393405	SRS14743647	0.925	0.962	18.731	0.810	0.727	0.956	628.2	2773	17151.47	213
SRX17173515	Ventricular-Subventricular Zone	neuroblasts	ventricular-subventricular zone	ventricular-subventricular zone	SRP393405	SRS14743648	0.929	0.961	15.223	0.816	0.632	0.955	571.59	2526	14946.84	243
SRX17173516	Ventricular-Subventricular Zone	oligodendrocytes	ventricular-subventricular zone	ventricular-subventricular zone	SRP393405	SRS14743649	0.918	0.955	14.430	0.810	0.678	0.953	430.8	5481	17053.28	219
SRX17173517	Ventricular-Subventricular Zone	oligodendrocytes	ventricular-subventricular zone	ventricular-subventricular zone	SRP393405	SRS14743650	0.912	0.954	14.441	0.801	0.677	0.950	428.91	4645	23859.18	103
SRX17180745	ESC	ESC	NA	WT_mESC	SRP291181	SRS14750425	0.977	0.596	13.046	0.833	0.616	0.958	1451.22	60925	24627.0	3820
SRX17180746	ESC	ESC	NA	LdlrHR1ex	SRP291181	SRS14750426	0.976	0.702	14.002	0.810	0.523	0.959	1441.38	53181	14872.43	5944
SRX17180747	ESC	ESC	NA	AnkrdHR1ex	SRP291181	SRS14750427	0.977	0.711	13.446	0.812	0.564	0.959	1427.19	54680	14188.6	5691
SRX17207558	Spleen	NA	Spleen	Spleen	SRP393949	SRS14775856	0.994	0.474	10.998	0.766	0.670	0.939	9440.1	48300	782945.96	1342
SRX17207559	Spleen	NA	Spleen	Spleen	SRP393949	SRS14775857	0.994	0.629	11.523	0.723	0.774	0.939	1180.83	35682	17936.67	1084
SRX17207560	Spleen	NA	Spleen	Spleen	SRP393949	SRS14775858	0.994	0.646	12.639	0.787	0.690	0.941	1174.86	37572	17807.38	1461
SRX17207561	Spleen	NA	Spleen	Spleen	SRP393949	SRS14775859	0.994	0.470	10.696	0.755	0.679	0.932	10595.16	46044	800080.32	1330
SRX17219954	urothelial stem cells (USCs)	urothelial stem cells (USCs)	NA	Adult Naive C3H/HeN USCs	SRP309373	SRS14786844	0.983	0.551	16.263	0.836	0.737	0.943	9732.16	38457	638629.54	1761
SRX17219955	urothelial stem cells (USCs)	urothelial stem cells (USCs)	NA	Adult Naive C3H/HeN USCs	SRP309373	SRS14786845	0.984	0.647	24.178	0.838	0.582	0.948	3345.68	41126	608604.43	1560
SRX17219956	urothelial stem cells (USCs)	urothelial stem cells (USCs)	NA	Resolved C3H/HeN USCs	SRP309373	SRS14786846	0.984	0.578	22.792	0.827	0.698	0.947	6183.69	43495	646356.59	1632
SRX17219957	urothelial stem cells (USCs)	urothelial stem cells (USCs)	NA	Resolved C3H/HeN USCs	SRP309373	SRS14786847	0.984	0.603	18.693	0.836	0.683	0.944	5501.23	39249	599084.44	1698
SRX17219958	urothelial stem cells (USCs)	urothelial stem cells (USCs)	NA	Sensitized C3H/HeN USCs	SRP309373	SRS14786848	0.985	0.566	24.654	0.832	0.669	0.948	8268.11	43234	619794.42	1769
SRX17219959	urothelial stem cells (USCs)	urothelial stem cells (USCs)	NA	Sensitized C3H/HeN USCs	SRP309373	SRS14786849	0.984	0.574	18.153	0.837	0.655	0.945	5740.81	40162	646062.03	1529
SRX1733614	Leukemic	Leukemic cells	NA	Bone marrow	SRP074072	SRS1414848	0.995	0.763	5.840	0.737	0.579	0.884	1509.38	41043	37285.92	1016
SRX1733615	Leukemic	Leukemic cells	NA	Thymus	SRP074072	SRS1414849	0.995	0.760	6.703	0.737	0.707	0.890	1215.97	35620	25019.73	431
SRX1733616	Leukemic	Leukemic cells	NA	Bone marrow	SRP074072	SRS1414850	0.988	0.693	8.756	0.777	0.840	0.892	1251.03	35524	32176.77	252
SRX1733617	Leukemic	Leukemic cells	NA	Thymus	SRP074072	SRS1414851	0.988	0.675	5.488	0.784	0.825	0.876	1885.56	34830	48126.35	575
SRX1733618	Murine thymus derived CD4/CD8 double positive T cells	Murine thymus derived CD4/CD8 double positive T cells	NA	Thymus	SRP074072	SRS1414852	0.990	0.760	7.108	0.786	0.772	0.885	1151.04	42585	24475.69	612
SRX1733619	Murine thymus derived CD4/CD8 double positive T cells	Murine thymus derived CD4/CD8 double positive T cells	NA	Thymus	SRP074072	SRS1414853	0.991	0.782	8.315	0.799	0.671	0.901	1152.75	44722	21747.95	684
SRX17429795	Nephron Progenitor	Nephron progenitor	NA	Nephron progenitor	SRP395725	SRS14984635	0.983	0.749	26.201	0.862	0.713	0.964	950.66	92506	10305.27	3104
SRX17429796	Nephron Progenitor	Nephron progenitor	NA	Nephron progenitor	SRP395725	SRS14984636	0.983	0.798	26.534	0.862	0.678	0.963	1003.65	64560	10048.68	3339
SRX1743033	Fetal Liver	Ebf1-/-c-Kit+ fetal liver cells	fetal liver	Ebf1/ c-Kit+ fetal liver cells, pmys-Empty-IRES-GFP	SRP074379	SRS1422279	0.970	0.859	13.075	0.646	0.461	0.952	1142.87	30848	14138.08	708
SRX1743034	Fetal Liver	Ebf1-/-c-Kit+ fetal liver cells	fetal liver	Ebf1/ c-Kit+ fetal liver cells, pmys-EBF1wt-IRES-GFP	SRP074379	SRS1422280	0.972	0.807	14.739	0.709	0.530	0.955	1153.7	31644	11707.6	871
SRX1743035	Fetal Liver	Ebf1-/-c-Kit+ fetal liver cells	fetal liver	Ebf1/ c-Kit+ fetal liver cells, pmys-EBF1C-IRES-GFP	SRP074379	SRS1422281	0.964	0.819	13.401	0.716	0.539	0.957	1171.16	30837	12339.98	829
SRX17453790	Hair Matrix Keratinocytes	hair matrix keratinocytes	NA	primary cells	SRP395892	SRS15005939	0.984	0.672	11.478	0.861	0.403	0.953	1236.68	63130	16649.35	1384
SRX17453791	Hair Matrix Keratinocytes	hair matrix keratinocytes	NA	primary cells	SRP395892	SRS15005940	0.984	0.673	20.326	0.863	0.420	0.958	1123.89	77324	11078.28	2818
SRX17453792	Hair Matrix Keratinocytes	hair matrix keratinocytes	NA	primary cells	SRP395892	SRS15005941	0.984	0.727	19.917	0.861	0.425	0.959	1026.83	46430	8367.62	2360
SRX17453793	Hair Matrix Keratinocytes	hair matrix keratinocytes	NA	primary cells	SRP395892	SRS15005942	0.984	0.729	15.581	0.862	0.394	0.958	1080.73	42985	8007.03	2406
SRX17477280	Cultured Cortical Neurons	cultured cortical neurons	NA	C57BL/6J	SRP396119	SRS15030482	0.982	0.825	2.500	0.855	0.594	0.837	1566.77	29355	47080.85	429
SRX17477281	Cultured Cortical Neurons	cultured cortical neurons	NA	C57BL/6J	SRP396119	SRS15030483	0.982	0.826	2.757	0.859	0.582	0.857	1559.1	30702	40111.78	507
SRX17477282	Cultured Cortical Neurons	cultured cortical neurons	NA	C57BL/6J	SRP396119	SRS15030484	0.977	0.850	3.760	0.875	0.577	0.909	1376.86	26697	30151.58	717
SRX17477283	Cultured Cortical Neurons	cultured cortical neurons	NA	C57BL/6J	SRP396119	SRS15030486	0.981	0.833	2.079	0.836	0.509	0.765	1648.16	26716	52188.59	374
SRX17477284	Cultured Cortical Neurons	cultured cortical neurons	NA	C57BL/6J	SRP396119	SRS15030485	0.977	0.842	3.522	0.879	0.608	0.880	1439.28	30158	31431.35	476
SRX17477285	Cultured Cortical Neurons	cultured cortical neurons	NA	C57BL/6J	SRP396119	SRS15030487	0.983	0.822	2.535	0.845	0.539	0.832	1552.45	34474	47609.34	413
SRX17477286	Cultured Cortical Neurons	cultured cortical neurons	NA	C57BL/6J	SRP396119	SRS15030488	0.982	0.825	4.034	0.878	0.585	0.919	1375.86	33968	29723.01	624
SRX17477825	Cerebral Cortex	NA	cerebral cortex	cerebral cortex	SRP396130	SRS15031027	0.977	0.773	5.589	0.850	0.586	0.936	1386.95	35415	20237.29	926
SRX17477826	Cerebral Cortex	NA	cerebral cortex	cerebral cortex	SRP396130	SRS15031028	0.979	0.761	7.013	0.842	0.524	0.949	1355.4	39520	17643.51	930
SRX17477827	Cerebral Cortex	NA	cerebral cortex	cerebral cortex	SRP396130	SRS15031029	0.978	0.757	6.096	0.860	0.585	0.941	1378.87	39821	18544.43	995
SRX17477828	Cerebral Cortex	NA	cerebral cortex	cerebral cortex	SRP396130	SRS15031030	0.977	0.761	6.464	0.863	0.561	0.942	1369.85	40736	17280.99	1324
SRX17477829	Cerebral Cortex	NA	cerebral cortex	cerebral cortex	SRP396130	SRS15031031	0.978	0.771	7.215	0.853	0.590	0.950	1290.76	37562	18271.56	1092
SRX17477830	Cerebral Cortex	NA	cerebral cortex	cerebral cortex	SRP396130	SRS15031032	0.977	0.764	7.950	0.859	0.542	0.949	1277.81	38889	13207.64	1551
SRX17578078	Embryo	NA	Embryo	Embryo	SRP397149	SRS15117794	0.975	0.679	9.143	0.808	0.595	0.941	1437.76	31940	17580.63	1497
SRX17578081	Embryo	NA	Embryo	Embryo	SRP397149	SRS15117797	0.982	0.442	10.706	0.794	0.469	0.945	21000.16	15219	876383.4	968
SRX17578092	Embryo	Mouse pluripotent stem cells	Embryo	Embryo	SRP397149	SRS15117808	0.982	0.831	13.262	0.826	0.784	0.947	1272.0	30057	34826.61	3675
SRX17578094	Embryo	Mouse pluripotent stem cells	Embryo	Embryo	SRP397149	SRS15117810	0.981	0.829	13.088	0.821	0.801	0.947	1302.98	32918	40592.83	3707
SRX17578096	Embryo	Mouse pluripotent stem cells	Embryo	Embryo	SRP397149	SRS15117812	0.981	0.834	13.995	0.830	0.772	0.949	1251.91	33472	24280.13	5322
SRX17578098	Embryo	Mouse pluripotent stem cells	Embryo	Embryo	SRP397149	SRS15117814	0.982	0.827	13.024	0.828	0.797	0.946	1279.32	30006	34767.11	3424
SRX17588017	ESC	Embryonic stem cells	NA	Mouse ESCs	SRP397538	SRS15126350	0.987	0.644	33.277	0.763	0.823	0.957	1284.97	47569	10074.68	4358
SRX17588018	ESC	Embryonic stem cells	NA	Mouse ESCs	SRP397538	SRS15126351	0.987	0.661	31.609	0.738	0.880	0.951	1117.39	38180	7783.05	3184
SRX17588019	ESC	Embryonic stem cells	NA	Mouse ESCs	SRP397538	SRS15126352	0.986	0.694	28.498	0.827	0.834	0.956	1139.71	34879	8135.01	3313
SRX17617326	ESCs (mESCs)	mouse embryonic stem cells (mESCs)	NA	mouse embryonic stem cells (mESCs)	SRP336573	SRS15153482	0.982	0.724	11.169	0.847	0.467	0.943	1595.11	44580	27302.04	3792
SRX17617327	ESCs (mESCs)	mouse embryonic stem cells (mESCs)	NA	mouse embryonic stem cells (mESCs)	SRP336573	SRS15153483	0.984	0.614	13.524	0.838	0.448	0.946	1737.3	44000	26571.79	2945
SRX17658702	AML blasts from bone marrow	AML blasts from bone marrow	NA	AML blasts	SRP398423	SRS15190978	0.968	0.643	8.165	0.660	0.719	0.897	1356.21	45593	26812.72	330
SRX17658703	AML blasts from bone marrow	AML blasts from bone marrow	NA	AML blasts	SRP398423	SRS15190979	0.970	0.600	7.909	0.687	0.750	0.891	2007.16	36817	579630.71	1038
SRX17658704	AML blasts from bone marrow	AML blasts from bone marrow	NA	AML blasts	SRP398423	SRS15190980	0.974	0.682	9.754	0.741	0.551	0.898	1110.33	45912	15878.86	658
SRX17658705	AML blasts from bone marrow	AML blasts from bone marrow	NA	AML blasts	SRP398423	SRS15190981	0.972	0.723	9.556	0.754	0.526	0.888	1053.31	43369	21817.58	520
SRX17658706	AML blasts from bone marrow	AML blasts from bone marrow	NA	AML blasts	SRP398423	SRS15190982	0.972	0.657	6.389	0.689	0.829	0.876	1387.9	34426	28457.16	195
SRX17664606	Lens	embryonic lens epithelium	lens	lens	SRP398560	SRS15196656	0.937	0.773	23.346	0.680	0.799	0.960	1264.99	62994	16357.33	4082
SRX17664607	Lens	embryonic lens epithelium	lens	lens	SRP398560	SRS15196657	0.934	0.751	27.394	0.686	0.675	0.961	1188.15	68858	16798.53	3929
SRX17664608	Lens	embryonic lens epithelium	lens	lens	SRP398560	SRS15196658	0.933	0.766	16.094	0.521	0.845	0.952	1262.98	55627	14494.39	3500
SRX17664609	Lens	embryonic lens fiber	lens	lens	SRP398560	SRS15196659	0.928	0.785	14.954	0.535	0.861	0.951	1239.24	57374	16435.17	3495
SRX17664610	Lens	embryonic lens fiber	lens	lens	SRP398560	SRS15196660	0.937	0.797	25.140	0.676	0.758	0.961	1237.86	65972	18657.02	4836
SRX17664611	Lens	embryonic lens fiber	lens	lens	SRP398560	SRS15196661	0.928	0.782	13.451	0.465	0.853	0.949	1251.5	55473	24985.04	2239
SRX17664612	Lens	embryonic lens epithelium	lens	lens	SRP398560	SRS15196662	0.926	0.746	13.007	0.480	0.855	0.949	1334.84	55533	24548.35	2129
SRX17664613	Lens	embryonic lens epithelium	lens	lens	SRP398560	SRS15196663	0.939	0.744	17.668	0.549	0.848	0.955	1315.66	59465	16047.82	3328
SRX17664614	Lens	embryonic lens epithelium	lens	lens	SRP398560	SRS15196664	0.933	0.746	15.418	0.535	0.856	0.952	1337.64	58122	16313.06	3162
SRX17664615	Lens	embryonic lens fiber	lens	lens	SRP398560	SRS15196665	0.933	0.769	23.822	0.675	0.688	0.961	1203.56	73576	18836.89	4054
SRX17664616	Lens	embryonic lens fiber	lens	lens	SRP398560	SRS15196666	0.939	0.778	23.683	0.684	0.727	0.961	1234.89	72707	18794.42	4616
SRX17664617	Lens	embryonic lens fiber	lens	lens	SRP398560	SRS15196667	0.940	0.771	19.107	0.585	0.829	0.956	1231.21	67587	16933.15	3894
SRX17674828	Embryonic Gonad	primordial germ cell	embryonic gonad	embryonic gonad	SRP398698	SRS15206719	0.984	0.036	9.861	0.525	0.360	0.942	239349.37	1302	606647.52	1029
SRX17674829	Embryonic Gonad	primordial germ cell	embryonic gonad	embryonic gonad	SRP398698	SRS15206720	0.973	0.039	3.649	0.646	0.164	0.836	564796.12	17	1420209.2	326
SRX17674832	Embryonic Gonad	primordial germ cell	embryonic gonad	embryonic gonad	SRP398698	SRS15206723	0.981	0.070	2.007	0.611	0.066	0.718	0.0	0	7060316.87	15
SRX17675164	Embryonic Gonad	primordial germ cell	embryonic gonad	embryonic gonad	SRP398703	SRS15207055	0.985	0.052	12.975	0.675	0.478	0.932	237438.16	1298	793098.04	817
SRX17675165	Embryonic Gonad	primordial germ cell	embryonic gonad	embryonic gonad	SRP398703	SRS15207056	0.983	0.047	9.710	0.595	0.301	0.935	420566.76	172	1019644.39	573
SRX17675166	Embryonic Gonad	primordial germ cell	embryonic gonad	embryonic gonad	SRP398703	SRS15207057	0.985	0.032	11.275	0.481	0.521	0.945	195532.51	2445	600318.02	1134
SRX17675167	Embryonic Gonad	primordial germ cell	embryonic gonad	embryonic gonad	SRP398703	SRS15207058	0.979	0.058	4.954	0.685	0.296	0.865	0.0	0	2795779.9	132
SRX17675168	Embryonic Gonad	primordial germ cell	embryonic gonad	embryonic gonad	SRP398703	SRS15207059	0.986	0.096	7.281	0.560	0.272	0.936	0.0	0	4536515.52	25
SRX17675169	Embryonic Gonad	primordial germ cell	embryonic gonad	embryonic gonad	SRP398703	SRS15207060	0.981	0.034	5.209	0.698	0.235	0.884	473288.55	83	1089148.86	395
SRX17682179	Embryonic Fibroblast	Mouse embryonic fibroblast	NA	Mouse embryonic fibroblast	SRP399252	SRS15213811	0.995	0.751	18.574	0.862	0.435	0.946	1050.31	40716	8102.85	2290
SRX17682180	Embryonic Fibroblast	Mouse embryonic fibroblast	NA	Mouse embryonic fibroblast	SRP399252	SRS15213812	0.994	0.643	14.688	0.862	0.440	0.944	8146.04	52201	449340.03	2176
SRX1770840	ES	ES	ES cell	NA	SRP075309	SRS1443185	0.974	0.681	14.458	0.513	0.627	0.948	1262.84	48009	18475.71	3031
SRX1770842	ES	ES	ES cell	NA	SRP075309	SRS1443186	0.974	0.687	15.294	0.512	0.739	0.948	1259.24	48423	17468.02	3296
SRX1770843	ES	ES	ES cell	NA	SRP075309	SRS1443187	0.973	0.719	15.599	0.508	0.707	0.948	1226.15	48205	16037.25	2879
SRX1770844	ES	ES	ES cell	NA	SRP075309	SRS1443188	0.975	0.708	15.311	0.503	0.725	0.948	1208.85	48392	15464.71	3064
SRX17712204	Whole Embryo	NA	Whole Embryo	Whole Embryo	SRP399723	SRS15242809	0.963	0.779	1.978	0.826	0.814	0.792	1782.66	22804	52163.82	325
SRX17712205	Whole Embryo	NA	Whole Embryo	Whole Embryo	SRP399723	SRS15242810	0.965	0.778	3.488	0.862	0.612	0.904	1606.0	25846	29462.17	599
SRX17712206	Whole Embryo	NA	Whole Embryo	Whole Embryo	SRP399723	SRS15242811	0.978	0.748	7.430	0.851	0.622	0.944	1333.41	30696	16216.13	1119
SRX17712207	Whole Embryo	NA	Whole Embryo	Whole Embryo	SRP399723	SRS15242812	0.977	0.801	9.563	0.854	0.565	0.948	1292.34	34130	12108.46	2087
SRX17712208	Whole Embryo	NA	Whole Embryo	Whole Embryo	SRP399723	SRS15242813	0.978	0.795	9.642	0.856	0.553	0.948	1285.46	33741	12139.03	1869
SRX17712209	Whole Embryo	NA	Whole Embryo	Whole Embryo	SRP399723	SRS15242814	0.953	0.694	5.986	0.809	0.774	0.941	1601.14	24315	20473.7	636
SRX17712210	Whole Embryo	NA	Whole Embryo	Whole Embryo	SRP399723	SRS15242815	0.955	0.690	5.601	0.824	0.590	0.939	1631.76	23825	24178.37	419
SRX17712211	Whole Embryo	NA	Whole Embryo	Whole Embryo	SRP399723	SRS15242816	0.972	0.800	2.436	0.827	0.803	0.840	1592.07	26853	47254.24	531
SRX17712212	Whole Embryo	NA	Whole Embryo	Whole Embryo	SRP399723	SRS15242817	0.973	0.797	4.064	0.858	0.593	0.919	1450.62	30049	31395.96	820
SRX17712213	Whole Embryo	NA	Whole Embryo	Whole Embryo	SRP399723	SRS15242818	0.964	0.797	2.874	0.815	0.810	0.873	1615.31	26294	41927.63	577
SRX17712214	Whole Embryo	NA	Whole Embryo	Whole Embryo	SRP399723	SRS15242819	0.965	0.795	6.142	0.848	0.614	0.944	1375.66	31948	23421.53	925
SRX17712215	Whole Embryo	NA	Whole Embryo	Whole Embryo	SRP399723	SRS15242820	0.979	0.792	8.537	0.850	0.610	0.950	1273.53	33652	16599.37	1436
SRX17712216	Whole Embryo	NA	Whole Embryo	Whole Embryo	SRP399723	SRS15242821	0.974	0.694	5.569	0.813	0.786	0.937	1457.93	28308	16690.43	1003
SRX17712217	Whole Embryo	NA	Whole Embryo	Whole Embryo	SRP399723	SRS15242822	0.975	0.692	3.856	0.848	0.589	0.915	1622.18	25936	25933.74	647
SRX17712218	Whole Embryo	NA	Whole Embryo	Whole Embryo	SRP399723	SRS15242823	0.975	0.807	4.309	0.822	0.801	0.923	1395.79	33414	28101.49	800
SRX17712219	Whole Embryo	NA	Whole Embryo	Whole Embryo	SRP399723	SRS15242824	0.976	0.805	6.680	0.860	0.595	0.943	1286.14	37585	17962.17	1341
SRX17712220	Whole Embryo	NA	Whole Embryo	Whole Embryo	SRP399723	SRS15242825	0.982	0.795	6.571	0.857	0.588	0.942	1304.31	35866	17245.63	1295
SRX17712221	Whole Embryo	NA	Whole Embryo	Whole Embryo	SRP399723	SRS15242826	0.978	0.789	6.764	0.851	0.608	0.943	1291.53	35910	17279.33	1274
SRX17712222	Whole Embryo	NA	Whole Embryo	Whole Embryo	SRP399723	SRS15242827	0.955	0.733	3.802	0.812	0.763	0.913	1618.81	26432	31403.72	417
SRX17712223	Whole Embryo	NA	Whole Embryo	Whole Embryo	SRP399723	SRS15242828	0.957	0.730	4.171	0.828	0.559	0.922	1614.14	26247	25833.11	511
SRX17712224	Whole Embryo	NA	Whole Embryo	Whole Embryo	SRP399723	SRS15242829	0.978	0.789	7.077	0.845	0.606	0.947	1270.99	36606	15710.56	1266
SRX17712225	Whole Embryo	NA	Whole Embryo	Whole Embryo	SRP399723	SRS15242830	0.977	0.811	7.167	0.840	0.628	0.947	1268.14	37973	17569.74	1536
SRX17712226	Whole Embryo	NA	Whole Embryo	Whole Embryo	SRP399723	SRS15242831	0.978	0.767	7.454	0.844	0.631	0.948	1286.86	35411	17473.44	1150
SRX17750869	ESCs (murine)	Embryonic stem cells (murine)	NA	ES-J1	SRP400264	SRS15279122	0.954	0.656	19.793	0.783	0.391	0.936	2318.62	36442	179006.42	2973
SRX17754458	iWAT	preadipocytes (CD45-, CD31-, TER119-, PDGFRa+)	iWAT	iWAT	SRP400320	SRS15282505	0.986	0.706	19.487	0.862	0.793	0.960	956.47	82892	9043.01	2566
SRX17754459	iWAT	preadipocytes (CD45-, CD31-, TER119-, PDGFRa+)	iWAT	iWAT	SRP400320	SRS15282506	0.985	0.740	20.921	0.865	0.756	0.961	889.1	67962	8386.72	2198
SRX17757619	Lung	CD4+ T cell	lung	lung	SRP400331	SRS15285665	0.975	0.710	2.810	0.760	0.564	0.789	1615.24	28354	34384.15	336
SRX17757621	Lung	CD4+ T cell	lung	lung	SRP400331	SRS15285666	0.976	0.714	2.483	0.766	0.483	0.772	1664.91	27488	47011.81	134
SRX17757625	Lung	CD4+ T cell	lung	lung	SRP400331	SRS15285671	0.979	0.743	2.547	0.778	0.496	0.767	1591.18	29027	42004.21	297
SRX17757626	Lung	CD4+ T cell	lung	lung	SRP400331	SRS15285672	0.978	0.748	1.826	0.772	0.529	0.705	1692.64	27101	63852.53	176
SRX17803019	mESC B6129S6F1 Tet1<tm1Koh> CRISPR HDR	CM59	mESC B6129S6F1 Tet1<tm1Koh>; CRISPR HDR	mESC B6129S6F1 Tet1<tm1Koh>; CRISPR HDR	SRP401089	SRS15327300	0.979	0.702	8.204	0.776	0.565	0.938	1133.25	25431	18052.41	520
SRX17803020	mESC B6129S6F1 Tet1<tm1Koh>	KO1	mESC B6129S6F1 Tet1<tm1Koh>	mESC B6129S6F1 Tet1<tm1Koh>	SRP401089	SRS15327301	0.979	0.811	8.038	0.795	0.768	0.948	1173.13	27936	16885.4	837
SRX17803021	mESC B6129S6F1 Tet1<tm1Koh>	WT70	mESC B6129S6F1 Tet1<tm1Koh>	mESC B6129S6F1 Tet1<tm1Koh>	SRP401089	SRS15327302	0.980	0.806	8.082	0.793	0.781	0.948	1197.39	27582	14699.75	924
SRX17803022	mESC B6129S6F1 Tet1<tm1Koh>	KO15	mESC B6129S6F1 Tet1<tm1Koh>	mESC B6129S6F1 Tet1<tm1Koh>	SRP401089	SRS15327303	0.984	0.807	8.915	0.789	0.744	0.945	1131.89	24717	15589.67	778
SRX17803023	mESC B6129S6F1 Tet1<tm1Koh>	WT7	mESC B6129S6F1 Tet1<tm1Koh>	mESC B6129S6F1 Tet1<tm1Koh>	SRP401089	SRS15327304	0.987	0.787	7.838	0.785	0.781	0.945	1155.34	29465	14002.33	929
SRX17803024	mESC B6129S6F1 Tet1<tm1Koh> CRISPR HDR	CM69	mESC B6129S6F1 Tet1<tm1Koh>; CRISPR HDR	mESC B6129S6F1 Tet1<tm1Koh>; CRISPR HDR	SRP401089	SRS15327305	0.980	0.816	7.832	0.799	0.781	0.941	1168.59	25579	13752.22	1155
SRX17803025	mESC B6129S6F1 Tet1<tm1Koh>	KO15	mESC B6129S6F1 Tet1<tm1Koh>	mESC B6129S6F1 Tet1<tm1Koh>	SRP401089	SRS15327306	0.978	0.698	7.116	0.768	0.443	0.939	1153.6	27373	16252.54	734
SRX17803026	mESC B6129S6F1 Tet1<tm1Koh>	WT34	mESC B6129S6F1 Tet1<tm1Koh>	mESC B6129S6F1 Tet1<tm1Koh>	SRP401089	SRS15327307	0.986	0.794	6.864	0.791	0.757	0.940	1193.02	28525	14075.81	901
SRX17803027	mESC B6129S6F1 Tet1<tm1Koh>	WT70	mESC B6129S6F1 Tet1<tm1Koh>	mESC B6129S6F1 Tet1<tm1Koh>	SRP401089	SRS15327308	0.980	0.786	7.081	0.795	0.767	0.941	1202.42	27830	14136.29	1009
SRX17803028	mESC B6129S6F1 Tet1<tm1Koh> CRISPR HDR	CM59	mESC B6129S6F1 Tet1<tm1Koh>; CRISPR HDR	mESC B6129S6F1 Tet1<tm1Koh>; CRISPR HDR	SRP401089	SRS15327309	0.980	0.702	6.530	0.773	0.368	0.923	1150.62	24654	21071.54	389
SRX17803029	mESC B6129S6F1 Tet1<tm1Koh>	WT72	mESC B6129S6F1 Tet1<tm1Koh>	mESC B6129S6F1 Tet1<tm1Koh>	SRP401089	SRS15327310	0.979	0.744	4.733	0.771	0.218	0.911	1267.0	25088	20521.3	481
SRX17803030	mESC B6129S6F1 Tet1<tm1Koh>	WT72	mESC B6129S6F1 Tet1<tm1Koh>	mESC B6129S6F1 Tet1<tm1Koh>	SRP401089	SRS15327311	0.982	0.523	12.122	0.759	0.573	0.939	1112.02	27721	17378.15	739
SRX17803031	mESC B6129S6F1 Tet1<tm1Koh> CRISPR HDR	CM69	mESC B6129S6F1 Tet1<tm1Koh>; CRISPR HDR	mESC B6129S6F1 Tet1<tm1Koh>; CRISPR HDR	SRP401089	SRS15327312	0.980	0.808	7.000	0.800	0.767	0.936	1167.8	25339	15334.82	810
SRX17803032	mESC B6129S6F1 Tet1<tm1Koh>	KO1	mESC B6129S6F1 Tet1<tm1Koh>	mESC B6129S6F1 Tet1<tm1Koh>	SRP401089	SRS15327313	0.979	0.798	8.593	0.798	0.718	0.946	1163.85	28200	15657.3	1051
SRX17803033	mESC B6129S6F1 Tet1<tm1Koh>	KO1	mESC B6129S6F1 Tet1<tm1Koh>	mESC B6129S6F1 Tet1<tm1Koh>	SRP401089	SRS15327314	0.984	0.810	7.295	0.788	0.773	0.943	1154.34	23968	13738.49	759
SRX17803034	mESC B6129S6F1 Tet1<tm1Koh>	KO15	mESC B6129S6F1 Tet1<tm1Koh>	mESC B6129S6F1 Tet1<tm1Koh>	SRP401089	SRS15327315	0.978	0.714	6.548	0.774	0.391	0.934	1166.85	27013	17128.28	668
SRX17921408	Liver	NA	liver	liver	SRP403116	SRS15439338	0.996	0.746	8.674	0.739	0.888	0.947	1299.19	39890	13042.59	1411
SRX17921409	Liver	NA	liver	liver	SRP403116	SRS15439339	0.996	0.742	8.627	0.749	0.892	0.948	1298.53	39380	12398.33	1630
SRX17921410	Liver	NA	liver	liver	SRP403116	SRS15439340	0.995	0.735	14.747	0.804	0.879	0.961	1173.39	47150	9350.9	2662
SRX17921411	Liver	NA	liver	liver	SRP403116	SRS15439341	0.996	0.744	9.956	0.744	0.888	0.951	1252.66	39916	13400.02	1284
SRX17921412	Liver	NA	liver	liver	SRP403116	SRS15439342	0.995	0.744	14.300	0.747	0.876	0.959	1178.59	46078	8708.62	3135
SRX17921413	Liver	NA	liver	liver	SRP403116	SRS15439343	0.996	0.741	10.238	0.737	0.889	0.951	1263.14	42031	13191.5	1619
SRX17921414	Liver	NA	liver	liver	SRP403116	SRS15439344	0.996	0.731	9.770	0.733	0.888	0.950	1257.33	32825	11082.36	1480
SRX17921415	Liver	NA	liver	liver	SRP403116	SRS15439345	0.994	0.739	14.280	0.789	0.907	0.951	1410.67	43556	13839.18	3548
SRX17921416	Liver	NA	liver	liver	SRP403116	SRS15439346	0.993	0.733	14.245	0.785	0.887	0.951	1401.6	44026	14349.68	3164
SRX17921417	Liver	NA	liver	liver	SRP403116	SRS15439347	0.994	0.733	9.660	0.727	0.893	0.939	1450.97	36428	22707.9	1647
SRX17921418	Liver	NA	liver	liver	SRP403116	SRS15439348	0.995	0.732	10.298	0.722	0.896	0.940	1468.36	36381	22018.31	1845
SRX17921419	Liver	NA	liver	liver	SRP403116	SRS15439349	0.995	0.729	14.609	0.805	0.878	0.961	1156.26	38696	8863.25	2607
SRX17921420	Liver	NA	liver	liver	SRP403116	SRS15439350	0.996	0.737	7.878	0.738	0.895	0.943	1340.2	37903	13172.02	1364
SRX17921421	Liver	NA	liver	liver	SRP403116	SRS15439351	0.995	0.734	14.544	0.803	0.874	0.961	1155.05	37878	8626.85	2505
SRX17921422	Liver	NA	liver	liver	SRP403116	SRS15439352	0.994	0.722	8.704	0.722	0.901	0.934	1480.48	35019	21089.88	1752
SRX17921423	Liver	NA	liver	liver	SRP403116	SRS15439353	0.995	0.728	14.299	0.786	0.885	0.951	1410.77	41725	14342.67	3034
SRX17921424	Liver	NA	liver	liver	SRP403116	SRS15439354	0.995	0.727	9.596	0.733	0.897	0.939	1444.83	35412	22254.55	1620
SRX17921425	Liver	NA	liver	liver	SRP403116	SRS15439355	0.995	0.732	9.800	0.726	0.892	0.939	1451.02	36269	24786.99	1345
SRX17921426	Liver	NA	liver	liver	SRP403116	SRS15439356	0.994	0.731	9.744	0.725	0.897	0.939	1461.4	36327	23415.07	1556
SRX17921427	Liver	NA	liver	liver	SRP403116	SRS15439357	0.995	0.725	14.527	0.784	0.885	0.951	1419.74	41816	13681.92	3315
SRX17921428	Liver	NA	liver	liver	SRP403116	SRS15439358	0.993	0.731	13.263	0.726	0.867	0.943	1517.03	42878	19141.45	3469
SRX17921429	Liver	NA	liver	liver	SRP403116	SRS15439359	0.993	0.732	13.683	0.720	0.877	0.944	1516.35	44457	18245.94	3462
SRX17921430	Liver	NA	liver	liver	SRP403116	SRS15439360	0.993	0.726	14.076	0.722	0.873	0.944	1518.04	43773	18039.97	3629
SRX17921431	Liver	NA	liver	liver	SRP403116	SRS15439361	0.994	0.720	13.958	0.725	0.875	0.944	1543.75	42745	17894.49	3575
SRX17921432	Liver	NA	liver	liver	SRP403116	SRS15439362	0.994	0.723	14.755	0.713	0.873	0.945	1550.1	43353	18538.87	3710
SRX17921433	Liver	NA	liver	liver	SRP403116	SRS15439363	0.993	0.719	14.211	0.728	0.877	0.944	1573.08	40930	18911.77	3639
SRX17921477	Liver	NA	liver	liver	SRP403116	SRS15439407	0.993	0.727	29.124	0.865	0.568	0.968	1015.59	61261	9781.58	2977
SRX17921478	Liver	NA	liver	liver	SRP403116	SRS15439408	0.992	0.729	31.768	0.876	0.555	0.969	1020.81	61768	9783.05	2900
SRX17921479	Liver	NA	liver	liver	SRP403116	SRS15439409	0.996	0.735	25.857	0.880	0.592	0.970	1038.18	61989	9594.46	3471
SRX17921480	Liver	NA	liver	liver	SRP403116	SRS15439410	0.996	0.721	29.829	0.868	0.600	0.970	1064.16	53110	9376.15	2734
SRX17921481	Liver	NA	liver	liver	SRP403116	SRS15439411	0.993	0.723	24.952	0.878	0.586	0.969	1069.24	57472	9522.45	3137
SRX17921482	Liver	NA	liver	liver	SRP403116	SRS15439412	0.992	0.708	29.379	0.850	0.575	0.963	1083.48	54981	15928.86	1608
SRX17921484	Liver	NA	liver	liver	SRP403116	SRS15439414	0.994	0.710	28.115	0.832	0.582	0.954	1499.02	52051	17238.07	3303
SRX17921485	Liver	NA	liver	liver	SRP403116	SRS15439415	0.992	0.694	31.189	0.824	0.574	0.949	1708.16	47385	26370.56	2142
SRX17921486	Liver	NA	liver	liver	SRP403116	SRS15439416	0.991	0.711	24.773	0.839	0.552	0.958	1467.72	53465	20320.96	3636
SRX17921487	Liver	NA	liver	liver	SRP403116	SRS15439417	0.993	0.679	29.823	0.822	0.564	0.951	1869.02	44456	28035.14	2308
SRX17921488	Liver	NA	liver	liver	SRP403116	SRS15439418	0.991	0.701	26.982	0.837	0.582	0.955	1535.81	50239	17334.22	3360
SRX17921493	Liver	NA	liver	liver	SRP403116	SRS15439423	0.991	0.715	23.681	0.848	0.616	0.958	1430.61	55161	19515.34	4118
SRX18091490	Reprogramming Intermediate	reprogramming intermediate	NA	reprogramming intermediate	SRP376633	SRS15595421	0.984	0.668	28.837	0.848	0.693	0.961	991.78	52341	9373.52	1999
SRX18091491	Reprogramming Intermediate	reprogramming intermediate	NA	reprogramming intermediate	SRP376633	SRS15595422	0.984	0.668	28.809	0.851	0.680	0.962	994.3	52383	10385.52	1632
SRX18091492	Reprogramming Intermediate	reprogramming intermediate	NA	reprogramming intermediate	SRP376633	SRS15595423	0.984	0.606	29.909	0.852	0.635	0.961	1032.33	56824	10686.8	1308
SRX18091493	Reprogramming Intermediate	reprogramming intermediate	NA	reprogramming intermediate	SRP376633	SRS15595424	0.984	0.604	27.847	0.851	0.648	0.960	1043.16	55758	10158.64	1456
SRX18091494	Reprogramming Intermediate	reprogramming intermediate	NA	reprogramming intermediate	SRP376633	SRS15595425	0.985	0.638	25.016	0.848	0.660	0.961	1039.65	48435	10054.17	1361
SRX18091495	Reprogramming Intermediate	reprogramming intermediate	NA	reprogramming intermediate	SRP376633	SRS15595426	0.984	0.636	30.778	0.848	0.669	0.962	1024.98	49525	9635.26	1593
SRX18115391	Skeletal Muscle	NA	skeleton muscle	NA	SRP405758	SRS15617726	0.998	0.695	14.663	0.858	0.500	0.964	1062.83	38513	8803.12	1697
SRX18120927	Trophoblast Stem Cell	Trophoblast stem cells	NA	Trophoblast stem cells	SRP363476	SRS15622924	0.982	0.436	32.724	0.839	0.639	0.956	9656.21	55797	192860.76	4226
SRX18122814	Melanoma	melanoma cell	NA	melanoma cell	SRP405928	SRS15624783	0.993	0.672	11.916	0.700	0.622	1.000	9146.95	51380	527302.08	1876
SRX18122815	Brain	mouse brain	NA	mouse brain	SRP405928	SRS15624784	0.991	0.682	3.857	0.641	0.758	1.000	2012.47	22147	62921.23	227
SRX18122816	Lung Adenocarcinoma	lung adenocarcinoma cell	NA	lung adenocarcinoma cell	SRP405928	SRS15624785	0.996	0.616	13.009	0.805	0.611	1.000	7751.66	49320	588958.28	1683
SRX18122817	ESC	embryonic stem cell	NA	embryonic stem cell	SRP405928	SRS15624786	0.992	0.595	4.272	0.472	0.729	1.000	1850.06	29318	85584.26	353
SRX18122818	ESC	embryonic stem cell	NA	embryonic stem cell	SRP405928	SRS15624787	0.994	0.530	3.344	0.357	0.708	1.000	1694.99	15103	53673.74	19
SRX18122819	Neuroblastoma	neuroblastoma cell	NA	neuroblastoma cell	SRP405928	SRS15624788	0.995	0.360	4.213	0.328	0.724	1.000	15363.14	10875	933533.34	1356
SRX18122820	Neuroblastoma	neuroblastoma cell	NA	neuroblastoma cell	SRP405928	SRS15624789	0.994	0.417	3.496	0.592	0.596	1.000	42887.74	2489	1064903.76	1233
SRX1815157	ESC	Embryonic stem cells	NA	Embryonic stem cells	SRP075981	SRS1478061	0.972	0.738	36.316	0.559	0.426	0.961	1365.72	44663	13718.07	4547
SRX1815158	ES-derived neural progenitor	ES-derived neural progenitor cells	NA	Neural progenitor cells	SRP075981	SRS1478062	0.972	0.774	32.088	0.589	0.318	0.959	1152.55	35984	16124.92	4163
SRX1815159	ESC	Embryonic stem cells	NA	Embryonic stem cells	SRP075981	SRS1478063	0.980	0.311	34.363	0.571	0.392	0.963	7849.51	40833	206390.86	2424
SRX1815160	ES-derived neural progenitor	ES-derived neural progenitor cells	NA	Neural progenitor cells	SRP075981	SRS1478064	0.979	0.288	30.502	0.579	0.304	0.959	5136.83	61511	124899.62	3387
SRX18227479	Liver	NA	Liver	Liver	SRP407097	SRS15723826	0.984	0.733	27.482	0.773	0.728	0.955	1100.21	44436	9663.75	3661
SRX18227480	Liver	NA	Liver	Liver	SRP407097	SRS15723827	0.987	0.733	26.192	0.760	0.796	0.956	1039.07	58207	10097.19	3524
SRX18227481	Liver	NA	Liver	Liver	SRP407097	SRS15723828	0.986	0.741	22.647	0.727	0.781	0.955	1064.15	54083	10410.13	3349
SRX18227482	Liver	NA	Liver	Liver	SRP407097	SRS15723829	0.984	0.740	26.419	0.760	0.782	0.956	1124.13	44121	9147.91	3316
SRX18227483	Liver	NA	Liver	Liver	SRP407097	SRS15723830	0.984	0.737	25.942	0.747	0.798	0.956	1126.11	46994	8962.26	3526
SRX18227484	Liver	NA	Liver	Liver	SRP407097	SRS15723831	0.983	0.748	21.576	0.744	0.749	0.954	1157.27	44017	8885.14	3621
SRX18227485	Liver	NA	Liver	Liver	SRP407097	SRS15723832	0.984	0.731	27.032	0.755	0.771	0.956	1108.22	45740	8388.26	3715
SRX18227486	Liver	NA	Liver	Liver	SRP407097	SRS15723833	0.984	0.738	23.878	0.738	0.799	0.955	1121.47	45570	8625.73	3612
SRX18227487	Liver	NA	Liver	Liver	SRP407097	SRS15723834	0.984	0.740	26.822	0.741	0.770	0.962	1140.88	46978	14939.36	3893
SRX18227488	Liver	NA	Liver	Liver	SRP407097	SRS15723835	0.983	0.741	22.732	0.717	0.804	0.960	1167.52	42810	15268.3	3427
SRX18227489	Liver	NA	Liver	Liver	SRP407097	SRS15723836	0.983	0.740	22.689	0.713	0.799	0.960	1165.92	43406	14443.74	3698
SRX18227490	Liver	NA	Liver	Liver	SRP407097	SRS15723837	0.984	0.740	27.503	0.769	0.781	0.961	1144.11	48298	15030.65	3892
SRX18227491	Liver	NA	Liver	Liver	SRP407097	SRS15723838	0.985	0.732	28.682	0.768	0.769	0.962	1122.3	50757	14436.02	4158
SRX18227492	Liver	NA	Liver	Liver	SRP407097	SRS15723839	0.983	0.748	22.701	0.724	0.779	0.960	1168.49	42554	14697.06	3667
SRX1832747	Forebrain	NA	forebrain	NA	SRP013703	SRS1493816	0.996	0.797	16.202	0.837	0.817	0.932	1094.73	52833	8042.15	3712
SRX1832748	Forebrain	NA	forebrain	NA	SRP013703	SRS1493815	0.996	0.802	13.190	0.835	0.836	0.930	1128.12	50224	7951.95	3664
SRX1832749	Forebrain	NA	forebrain	NA	SRP013703	SRS1493816	0.996	0.797	12.589	0.832	0.835	0.930	1134.53	48837	7766.93	3749
SRX1832750	Forebrain	NA	forebrain	NA	SRP013703	SRS1493815	0.996	0.801	16.469	0.838	0.819	0.932	1083.61	54370	7961.49	3769
SRX1832759	Stomach	NA	stomach	NA	SRP013703	SRS1313202	0.996	0.750	20.294	0.828	0.866	0.933	1086.27	45094	7982.58	2743
SRX1832760	Stomach	NA	stomach	NA	SRP013703	SRS1313201	0.996	0.752	13.528	0.812	0.888	0.930	1121.92	41832	7992.44	2597
SRX1832761	Stomach	NA	stomach	NA	SRP013703	SRS1313201	0.996	0.753	19.897	0.822	0.864	0.933	1095.74	44742	8216.94	2642
SRX1832762	Stomach	NA	stomach	NA	SRP013703	SRS1313202	0.996	0.749	13.924	0.819	0.891	0.931	1119.25	41853	8045.61	2476
SRX1832769	Forebrain	NA	forebrain	NA	SRP013703	SRS1313146	0.996	0.790	13.589	0.834	0.911	0.931	1127.77	59105	8676.48	3485
SRX1832770	Forebrain	NA	forebrain	NA	SRP013703	SRS1313146	0.996	0.786	25.652	0.815	0.909	0.938	1061.03	67289	9365.17	3056
SRX1832771	Forebrain	NA	forebrain	NA	SRP013703	SRS1313147	0.996	0.787	25.786	0.811	0.903	0.938	1056.09	67674	8831.01	3457
SRX1832772	Forebrain	NA	forebrain	NA	SRP013703	SRS1313147	0.996	0.792	14.098	0.837	0.903	0.932	1129.27	59380	9022.8	3175
SRX1832773	Forebrain	NA	forebrain	NA	SRP013703	SRS1313427	0.994	0.786	16.133	0.813	0.820	0.922	1164.38	61487	9373.69	3089
SRX1832774	Forebrain	NA	forebrain	NA	SRP013703	SRS1313426	0.995	0.785	20.177	0.782	0.775	0.924	1141.84	63121	9490.15	3002
SRX1832775	Forebrain	NA	forebrain	NA	SRP013703	SRS1313426	0.995	0.786	15.328	0.802	0.815	0.922	1162.5	59647	8774.51	3438
SRX1832776	Forebrain	NA	forebrain	NA	SRP013703	SRS1313427	0.994	0.786	20.602	0.798	0.778	0.924	1155.7	64411	9389.46	3188
SRX1832791	Lung	NA	lung	NA	SRP013703	SRS1313048	0.996	0.726	11.928	0.806	0.902	0.927	1137.61	44087	8482.88	2229
SRX1832792	Lung	NA	lung	NA	SRP013703	SRS1313047	0.996	0.727	17.602	0.800	0.899	0.933	1085.68	47020	8249.27	2518
SRX1832793	Lung	NA	lung	NA	SRP013703	SRS1313048	0.996	0.726	18.108	0.801	0.905	0.933	1084.75	48063	8591.29	2337
SRX1832794	Lung	NA	lung	NA	SRP013703	SRS1313047	0.996	0.728	11.544	0.804	0.897	0.926	1147.9	42939	7942.62	2508
SRX1832797	Liver	NA	liver	NA	SRP013703	SRS1313004	0.996	0.748	15.128	0.778	0.338	0.919	1143.54	35723	7725.26	2604
SRX1832798	Liver	NA	liver	NA	SRP013703	SRS1313004	0.996	0.745	15.112	0.844	0.823	0.921	1145.56	35599	7942.39	2441
SRX1832799	Liver	NA	liver	NA	SRP013703	SRS1313005	0.996	0.746	15.942	0.823	0.813	0.921	1139.12	35994	7858.94	2538
SRX1832800	Liver	NA	liver	NA	SRP013703	SRS1313005	0.996	0.747	14.734	0.844	0.820	0.920	1156.67	35302	7421.61	2839
SRX1832809	Hindbrain	NA	hindbrain	NA	SRP013703	SRS1313010	0.995	0.794	14.047	0.843	0.829	0.920	1147.04	53705	9735.2	3152
SRX1832810	Hindbrain	NA	hindbrain	NA	SRP013703	SRS1313011	0.996	0.805	13.898	0.830	0.796	0.919	1157.28	51733	9060.62	3581
SRX1832811	Hindbrain	NA	hindbrain	NA	SRP013703	SRS1313010	0.995	0.794	14.081	0.842	0.829	0.920	1145.94	53840	9182.21	3584
SRX1832812	Hindbrain	NA	hindbrain	NA	SRP013703	SRS1313011	0.996	0.804	13.454	0.827	0.751	0.919	1162.48	51261	8941.24	3706
SRX1832825	Heart	NA	heart	NA	SRP013703	SRS1312938	0.996	0.734	16.658	0.787	0.237	0.921	1046.51	42539	7908.05	2404
SRX1832826	Heart	NA	heart	NA	SRP013703	SRS1312933	0.996	0.742	15.688	0.781	0.233	0.919	1063.86	40862	8368.19	2040
SRX1832827	Heart	NA	heart	NA	SRP013703	SRS1312933	0.996	0.738	12.328	0.833	0.391	0.919	1095.02	39032	8411.53	1922
SRX1832828	Heart	NA	heart	NA	SRP013703	SRS1312938	0.996	0.731	13.349	0.833	0.395	0.920	1073.24	40888	8236.1	2090
SRX1832907	Intestine	NA	intestine	NA	SRP013703	SRS1493821	0.996	0.777	13.373	0.832	0.817	0.919	1127.1	46990	8246.11	3091
SRX1832908	Intestine	NA	intestine	NA	SRP013703	SRS1493822	0.996	0.772	14.275	0.803	0.812	0.921	1115.86	46867	8627.49	2749
SRX1832909	Intestine	NA	intestine	NA	SRP013703	SRS1493821	0.996	0.774	15.228	0.818	0.759	0.921	1113.46	48572	8961.16	2633
SRX1832910	Intestine	NA	intestine	NA	SRP013703	SRS1493822	0.996	0.772	15.078	0.796	0.806	0.921	1104.32	47712	8115.19	3201
SRX1832913	Midbrain	NA	midbrain	NA	SRP013703	SRS1313006	0.996	0.805	13.319	0.844	0.834	0.919	1124.21	45945	7626.61	3774
SRX1832914	Midbrain	NA	midbrain	NA	SRP013703	SRS1313007	0.996	0.808	14.537	0.846	0.821	0.920	1114.53	46670	7680.01	3840
SRX1832915	Midbrain	NA	midbrain	NA	SRP013703	SRS1313007	0.996	0.803	14.721	0.788	0.790	0.922	1105.2	46848	7708.71	3777
SRX1832916	Midbrain	NA	midbrain	NA	SRP013703	SRS1313006	0.996	0.804	15.639	0.802	0.811	0.922	1107.02	47328	7839.47	3659
SRX1832933	Limb	NA	limb	NA	SRP013703	SRS1493823	0.995	0.765	13.771	0.804	0.781	0.920	1141.48	52631	8798.87	2852
SRX1832934	Limb	NA	limb	NA	SRP013703	SRS1493824	0.995	0.771	14.642	0.803	0.707	0.919	1145.08	52991	9352.26	2511
SRX1832935	Limb	NA	limb	NA	SRP013703	SRS1493823	0.995	0.765	14.385	0.801	0.773	0.920	1131.45	53442	8973.79	2761
SRX1832936	Limb	NA	limb	NA	SRP013703	SRS1493824	0.995	0.770	13.749	0.791	0.758	0.918	1149.42	52203	9089.2	2678
SRX1832965	Kidney	NA	kidney	NA	SRP013703	SRS1493855	0.996	0.764	14.335	0.799	0.806	0.921	1082.13	54228	9096.23	2433
SRX1832966	Kidney	NA	kidney	NA	SRP013703	SRS1493856	0.996	0.764	15.674	0.800	0.794	0.921	1087.05	53473	8979.05	2499
SRX1832967	Kidney	NA	kidney	NA	SRP013703	SRS1493856	0.996	0.764	14.382	0.802	0.804	0.920	1086.92	53084	9493.88	2175
SRX1832968	Kidney	NA	kidney	NA	SRP013703	SRS1493855	0.996	0.764	14.577	0.792	0.802	0.921	1083.07	54164	9165.49	2398
SRX1832983	Liver	NA	liver	NA	SRP013703	SRS1313175	0.997	0.605	15.474	0.849	0.747	0.920	1137.22	33442	8532.45	1284
SRX1832984	Liver	NA	liver	NA	SRP013703	SRS1313175	0.997	0.606	12.363	0.847	0.794	0.918	1189.43	31781	7896.47	1455
SRX1832985	Liver	NA	liver	NA	SRP013703	SRS1313174	0.997	0.602	17.291	0.850	0.778	0.921	1119.98	33330	8444.32	1381
SRX1832986	Liver	NA	liver	NA	SRP013703	SRS1313174	0.997	0.603	13.016	0.849	0.790	0.919	1173.51	31656	8267.54	1363
SRX1833001	Forebrain	NA	forebrain	NA	SRP013703	SRS1313223	0.996	0.803	18.788	0.832	0.815	0.932	1078.71	60825	8448.58	3795
SRX1833002	Forebrain	NA	forebrain	NA	SRP013703	SRS1313222	0.996	0.800	11.971	0.826	0.865	0.928	1132.01	54032	8544.48	3348
SRX1833003	Forebrain	NA	forebrain	NA	SRP013703	SRS1313223	0.996	0.803	12.130	0.831	0.855	0.928	1139.3	53672	8828.76	3062
SRX1833004	Forebrain	NA	forebrain	NA	SRP013703	SRS1313222	0.996	0.801	18.215	0.827	0.830	0.932	1077.0	61256	8578.18	3648
SRX1833007	Heart	NA	heart	NA	SRP013703	SRS1313001	0.995	0.712	19.120	0.795	0.850	0.933	1031.85	44093	7845.65	2358
SRX1833008	Heart	NA	heart	NA	SRP013703	SRS1313001	0.995	0.715	13.557	0.815	0.858	0.931	1074.6	41314	7585.03	2388
SRX1833009	Heart	NA	heart	NA	SRP013703	SRS1313000	0.996	0.703	19.581	0.803	0.849	0.934	1015.1	44475	8201.4	2205
SRX1833010	Heart	NA	heart	NA	SRP013703	SRS1313000	0.996	0.706	13.627	0.821	0.254	0.931	1076.04	40899	7732.46	2231
SRX1833013	Neural Tube	NA	neural tube	NA	SRP013703	SRS1493840	0.996	0.800	12.195	0.827	0.840	0.929	1127.7	48029	8181.27	3520
SRX1833014	Neural Tube	NA	neural tube	NA	SRP013703	SRS1493839	0.996	0.799	18.960	0.838	0.805	0.933	1076.02	53307	8350.65	3780
SRX1833015	Neural Tube	NA	neural tube	NA	SRP013703	SRS1493840	0.996	0.801	25.068	0.834	0.778	0.934	1066.53	57579	8891.66	3498
SRX1833016	Neural Tube	NA	neural tube	NA	SRP013703	SRS1493839	0.996	0.799	12.492	0.828	0.837	0.929	1140.16	46384	7919.97	3742
SRX1833039	Hindbrain	NA	hindbrain	NA	SRP013703	SRS1313403	0.995	0.789	14.403	0.791	0.796	0.920	1158.79	53392	9749.02	2943
SRX1833040	Hindbrain	NA	hindbrain	NA	SRP013703	SRS1313403	0.995	0.788	18.188	0.768	0.765	0.923	1141.79	55918	9584.92	3180
SRX1833041	Hindbrain	NA	hindbrain	NA	SRP013703	SRS1313402	0.995	0.789	13.755	0.795	0.783	0.921	1164.93	49574	9056.35	3263
SRX1833042	Hindbrain	NA	hindbrain	NA	SRP013703	SRS1313402	0.995	0.787	13.742	0.787	0.790	0.921	1159.53	49749	9282.19	3071
SRX1833067	Lung	NA	lung	NA	SRP013703	SRS1493850	0.996	0.735	13.995	0.843	0.817	0.919	1107.34	47456	8228.42	2724
SRX1833068	Lung	NA	lung	NA	SRP013703	SRS1493849	0.996	0.727	15.833	0.807	0.758	0.922	1094.93	49066	9131.82	2246
SRX1833069	Lung	NA	lung	NA	SRP013703	SRS1493849	0.996	0.727	15.777	0.805	0.761	0.922	1086.36	49460	8534.25	2607
SRX1833070	Lung	NA	lung	NA	SRP013703	SRS1493850	0.996	0.736	14.017	0.842	0.816	0.919	1106.95	47406	8691.43	2435
SRX1833091	Midbrain	NA	midbrain	NA	SRP013703	SRS1313275	0.996	0.800	19.628	0.830	0.904	0.932	1096.13	59497	8833.54	3735
SRX1833092	Midbrain	NA	midbrain	NA	SRP013703	SRS1313274	0.996	0.797	14.175	0.835	0.916	0.932	1140.95	53415	8647.66	3600
SRX1833093	Midbrain	NA	midbrain	NA	SRP013703	SRS1313275	0.996	0.799	13.963	0.838	0.900	0.930	1138.03	54070	8982.02	3301
SRX1833094	Midbrain	NA	midbrain	NA	SRP013703	SRS1313274	0.996	0.794	27.187	0.819	0.912	0.938	1071.4	60956	8833.81	3614
SRX1833095	Intestine	NA	intestine	NA	SRP013703	SRS1313196	0.996	0.767	12.778	0.844	0.394	0.919	1121.4	41256	8566.97	2430
SRX1833096	Intestine	NA	intestine	NA	SRP013703	SRS1313196	0.996	0.776	19.133	0.797	0.293	0.921	1094.86	43717	8618.82	2749
SRX1833097	Intestine	NA	intestine	NA	SRP013703	SRS1313195	0.996	0.770	12.804	0.860	0.406	0.919	1126.56	40645	8222.51	2618
SRX1833098	Intestine	NA	intestine	NA	SRP013703	SRS1313195	0.996	0.768	15.678	0.862	0.786	0.920	1098.76	42711	8658.87	2469
SRX1833105	Hindbrain	NA	hindbrain	NA	SRP013703	SRS1313041	0.996	0.804	18.759	0.821	0.894	0.931	1124.39	58289	9225.81	3799
SRX1833106	Hindbrain	NA	hindbrain	NA	SRP013703	SRS1313042	0.996	0.805	19.503	0.831	0.894	0.931	1128.3	58112	9246.89	3793
SRX1833107	Hindbrain	NA	hindbrain	NA	SRP013703	SRS1313042	0.996	0.805	13.984	0.838	0.878	0.930	1155.57	53703	9177.71	3574
SRX1833108	Hindbrain	NA	hindbrain	NA	SRP013703	SRS1313041	0.996	0.805	13.245	0.830	0.879	0.930	1154.05	53403	9282.59	3504
SRX1833171	Limb	NA	limb	NA	SRP013703	SRS1493862	0.995	0.774	17.759	0.835	0.809	0.932	1051.8	58296	8848.78	3201
SRX1833172	Limb	NA	limb	NA	SRP013703	SRS1493862	0.995	0.779	13.613	0.829	0.820	0.930	1101.75	52819	8644.23	3150
SRX1833173	Limb	NA	limb	NA	SRP013703	SRS1493861	0.995	0.776	18.866	0.838	0.807	0.933	1055.84	57530	8585.61	3508
SRX1833174	Limb	NA	limb	NA	SRP013703	SRS1493861	0.995	0.776	12.593	0.829	0.837	0.930	1110.79	50630	8655.76	3159
SRX1833181	Heart	NA	heart	NA	SRP013703	SRS1493853	0.997	0.731	22.136	0.846	0.827	0.933	1005.15	48128	8354.79	2285
SRX1833182	Heart	NA	heart	NA	SRP013703	SRS1493853	0.997	0.729	14.044	0.845	0.818	0.930	1059.43	43406	8208.74	2172
SRX1833183	Heart	NA	heart	NA	SRP013703	SRS1493854	0.997	0.726	14.666	0.843	0.828	0.931	1052.09	43951	7045.62	2942
SRX1833184	Heart	NA	heart	NA	SRP013703	SRS1493854	0.997	0.727	14.757	0.843	0.814	0.931	1053.14	44096	7754.18	2455
SRX1833209	Heart	NA	heart	NA	SRP013703	SRS1313070	0.996	0.732	16.341	0.800	0.899	0.933	1045.92	43061	7785.82	2535
SRX1833210	Heart	NA	heart	NA	SRP013703	SRS1313070	0.996	0.730	16.452	0.810	0.898	0.930	1036.74	43469	8231.59	2325
SRX1833211	Heart	NA	heart	NA	SRP013703	SRS1313071	0.996	0.732	17.684	0.807	0.891	0.931	1038.5	43421	8205.87	2220
SRX1833212	Heart	NA	heart	NA	SRP013703	SRS1313071	0.996	0.730	16.682	0.808	0.891	0.933	1052.23	42445	8404.29	2064
SRX1833217	Forebrain	NA	forebrain	NA	SRP013703	SRS1312943	0.996	0.809	14.445	0.849	0.820	0.920	1111.72	49048	7497.53	4078
SRX1833218	Forebrain	NA	forebrain	NA	SRP013703	SRS1312943	0.996	0.807	14.069	0.850	0.825	0.920	1111.41	48895	7637.69	3926
SRX1833219	Forebrain	NA	forebrain	NA	SRP013703	SRS1312941	0.996	0.809	14.800	0.847	0.815	0.920	1113.66	48852	7673.53	3919
SRX1833220	Forebrain	NA	forebrain	NA	SRP013703	SRS1312941	0.996	0.809	14.725	0.847	0.817	0.920	1113.45	48712	7976.45	3550
SRX1833235	Stomach	NA	stomach	NA	SRP013703	SRS1493831	0.995	0.744	14.594	0.790	0.771	0.922	1106.4	42686	8750.87	2027
SRX1833236	Stomach	NA	stomach	NA	SRP013703	SRS1493831	0.995	0.748	14.129	0.819	0.163	0.921	1113.32	42464	8254.51	2280
SRX1833237	Stomach	NA	stomach	NA	SRP013703	SRS1493832	0.995	0.745	12.586	0.794	0.753	0.920	1124.27	41815	8601.82	2044
SRX1833238	Stomach	NA	stomach	NA	SRP013703	SRS1493832	0.995	0.745	13.786	0.793	0.742	0.920	1109.09	43006	8862.41	1993
SRX1833297	Liver	NA	liver	NA	SRP013703	SRS1313083	0.996	0.601	21.971	0.768	0.895	0.935	1075.89	35454	8478.86	1349
SRX1833298	Liver	NA	liver	NA	SRP013703	SRS1313082	0.996	0.593	19.945	0.748	0.850	0.935	1102.56	34372	8523.24	1339
SRX1833299	Liver	NA	liver	NA	SRP013703	SRS1313082	0.996	0.594	21.200	0.766	0.849	0.935	1088.44	34905	8728.43	1310
SRX1833300	Liver	NA	liver	NA	SRP013703	SRS1313083	0.996	0.599	21.963	0.772	0.896	0.935	1077.42	35286	8774.69	1270
SRX1833323	Liver	NA	liver	NA	SRP013703	SRS1493851	0.996	0.641	18.738	0.841	0.819	0.932	1109.24	35222	7792.82	1789
SRX1833324	Liver	NA	liver	NA	SRP013703	SRS1493851	0.996	0.638	9.826	0.832	0.862	0.927	1244.6	30594	12043.95	875
SRX1833325	Liver	NA	liver	NA	SRP013703	SRS1493852	0.995	0.645	19.892	0.841	0.804	0.933	1109.76	35682	8278.92	1637
SRX1833326	Liver	NA	liver	NA	SRP013703	SRS1493852	0.995	0.641	9.081	0.826	0.856	0.926	1270.16	30038	12127.14	838
SRX1833343	Midbrain	NA	midbrain	NA	SRP013703	SRS1493829	0.996	0.806	13.393	0.833	0.815	0.919	1127.78	53166	9206.51	3189
SRX1833344	Midbrain	NA	midbrain	NA	SRP013703	SRS1493829	0.996	0.810	13.298	0.832	0.808	0.918	1141.89	52478	8847.46	3510
SRX1833346	Midbrain	NA	midbrain	NA	SRP013703	SRS1493830	0.996	0.802	18.363	0.756	0.778	0.924	1073.81	59612	9057.41	3702
SRX1833347	Midbrain	NA	midbrain	NA	SRP013703	SRS1493830	0.996	0.804	18.950	0.763	0.770	0.924	1069.65	60573	9103.03	3717
SRX1833370	Intestine	NA	intestine	NA	SRP013703	SRS1493860	0.996	0.763	19.066	0.750	0.782	0.924	1097.91	44993	8828.22	2570
SRX1833371	Intestine	NA	intestine	NA	SRP013703	SRS1493859	0.996	0.765	15.479	0.799	0.811	0.922	1116.23	42945	8355.47	2819
SRX1833372	Intestine	NA	intestine	NA	SRP013703	SRS1493860	0.996	0.763	14.208	0.783	0.803	0.921	1122.13	42541	8399.64	2729
SRX1833373	Intestine	NA	intestine	NA	SRP013703	SRS1493859	0.996	0.765	15.783	0.792	0.812	0.922	1118.15	42848	9001.95	2425
SRX1833424	Heart	NA	heart	NA	SRP013703	SRS1313342	0.995	0.715	15.594	0.788	0.791	0.922	1041.89	42833	9323.41	1859
SRX1833425	Heart	NA	heart	NA	SRP013703	SRS1313341	0.995	0.716	14.081	0.790	0.801	0.921	1046.06	42653	9181.5	1875
SRX1833426	Heart	NA	heart	NA	SRP013703	SRS1313341	0.995	0.716	13.668	0.758	0.793	0.921	1063.39	42237	8837.78	2118
SRX1833427	Heart	NA	heart	NA	SRP013703	SRS1313342	0.995	0.715	14.270	0.786	0.804	0.921	1048.85	42272	9325.78	1849
SRX1833438	Hindbrain	NA	hindbrain	NA	SRP013703	SRS1313143	0.996	0.814	13.976	0.841	0.820	0.920	1134.9	44285	7917.38	3853
SRX1833439	Hindbrain	NA	hindbrain	NA	SRP013703	SRS1313143	0.996	0.810	12.934	0.839	0.825	0.918	1139.58	43831	8152.82	3580
SRX1833440	Hindbrain	NA	hindbrain	NA	SRP013703	SRS1313144	0.996	0.814	12.905	0.836	0.817	0.919	1146.81	43977	7731.68	3865
SRX1833441	Hindbrain	NA	hindbrain	NA	SRP013703	SRS1313144	0.996	0.810	11.956	0.836	0.836	0.918	1153.66	43199	7946.86	3668
SRX1833450	Lung	NA	lung	NA	SRP013703	SRS1493828	0.995	0.727	13.777	0.791	0.808	0.921	1129.02	43711	8171.12	2388
SRX1833451	Lung	NA	lung	NA	SRP013703	SRS1493827	0.995	0.729	14.566	0.730	0.803	0.922	1141.42	43013	8700.09	2149
SRX1833452	Lung	NA	lung	NA	SRP013703	SRS1493827	0.995	0.728	14.478	0.736	0.801	0.921	1138.82	42976	8711.4	2105
SRX1833453	Lung	NA	lung	NA	SRP013703	SRS1493828	0.995	0.729	15.465	0.744	0.788	0.922	1127.4	43749	8504.77	2274
SRX1833461	Forebrain	NA	forebrain	NA	SRP013703	SRS1493857	0.996	0.799	15.744	0.810	0.821	0.920	1092.4	60453	8756.6	3376
SRX1833462	Forebrain	NA	forebrain	NA	SRP013703	SRS1493858	0.996	0.795	14.847	0.837	0.842	0.921	1089.17	59709	8716.17	3404
SRX1833463	Forebrain	NA	forebrain	NA	SRP013703	SRS1493858	0.996	0.791	15.506	0.813	0.840	0.922	1085.9	59801	8468.4	3619
SRX1833464	Forebrain	NA	forebrain	NA	SRP013703	SRS1493857	0.996	0.799	15.708	0.819	0.822	0.920	1087.5	60848	8748.91	3357
SRX1833487	Kidney	NA	kidney	NA	SRP013703	SRS1313054	0.997	0.769	15.338	0.837	0.515	0.921	1073.94	55779	9004.66	2933
SRX1833488	Kidney	NA	kidney	NA	SRP013703	SRS1313055	0.997	0.766	12.138	0.834	0.444	0.919	1088.68	51758	9144.37	2506
SRX1833489	Kidney	NA	kidney	NA	SRP013703	SRS1313055	0.997	0.766	16.186	0.832	0.448	0.921	1067.52	55482	9210.48	2694
SRX1833490	Kidney	NA	kidney	NA	SRP013703	SRS1313054	0.997	0.771	14.078	0.837	0.839	0.920	1083.73	54174	8757.69	2965
SRX1833503	Forebrain	NA	forebrain	NA	SRP013703	SRS1312962	0.997	0.790	14.389	0.842	0.838	0.921	1116.53	61753	9318.31	3104
SRX1833504	Forebrain	NA	forebrain	NA	SRP013703	SRS1312960	0.997	0.789	14.489	0.847	0.837	0.920	1110.84	62649	9261.86	3061
SRX1833505	Forebrain	NA	forebrain	NA	SRP013703	SRS1312960	0.997	0.788	13.572	0.848	0.811	0.920	1116.32	61654	9013.92	3248
SRX1833506	Forebrain	NA	forebrain	NA	SRP013703	SRS1312962	0.997	0.789	14.409	0.842	0.839	0.921	1112.35	62024	8884.49	3445
SRX1833529	Neural Tube	NA	neural tube	NA	SRP013703	SRS1493843	0.996	0.800	13.897	0.839	0.817	0.919	1125.82	57633	9390.91	3320
SRX1833530	Neural Tube	NA	neural tube	NA	SRP013703	SRS1493844	0.996	0.805	11.661	0.834	0.784	0.918	1145.14	54775	9394.04	3349
SRX1833531	Neural Tube	NA	neural tube	NA	SRP013703	SRS1493843	0.996	0.800	13.983	0.839	0.819	0.920	1121.88	57895	9316.06	3380
SRX1833532	Neural Tube	NA	neural tube	NA	SRP013703	SRS1493844	0.996	0.802	18.113	0.820	0.546	0.922	1104.03	60360	9263.08	3680
SRX1833571	Embryonic Facial Prominence	NA	embryonic facial prominence	NA	SRP013703	SRS1493837	0.996	0.774	14.579	0.792	0.773	0.917	1164.33	45907	8707.95	2655
SRX1833572	Embryonic Facial Prominence	NA	embryonic facial prominence	NA	SRP013703	SRS1493838	0.996	0.761	15.549	0.801	0.826	0.921	1126.29	49150	8670.57	2832
SRX1833573	Embryonic Facial Prominence	NA	embryonic facial prominence	NA	SRP013703	SRS1493837	0.996	0.775	14.489	0.793	0.769	0.916	1156.93	46177	8467.58	2779
SRX1833574	Embryonic Facial Prominence	NA	embryonic facial prominence	NA	SRP013703	SRS1493838	0.996	0.762	14.749	0.817	0.827	0.921	1134.0	48577	8242.03	3089
SRX1833577	Neural Tube	NA	neural tube	NA	SRP013703	SRS1312945	0.996	0.799	13.088	0.826	0.905	0.927	1153.67	56771	9641.62	3218
SRX1833578	Neural Tube	NA	neural tube	NA	SRP013703	SRS1312945	0.996	0.799	20.106	0.826	0.905	0.932	1125.06	63185	9585.9	3573
SRX1833579	Neural Tube	NA	neural tube	NA	SRP013703	SRS1312944	0.996	0.798	19.391	0.814	0.896	0.932	1113.97	63120	9235.42	3812
SRX1833580	Neural Tube	NA	neural tube	NA	SRP013703	SRS1312944	0.996	0.798	12.189	0.812	0.900	0.927	1157.31	55870	9071.74	3624
SRX1833659	Lung	NA	lung	NA	SRP013703	SRS1313238	0.997	0.720	12.828	0.842	0.845	0.919	1112.72	43850	8525.15	2142
SRX1833660	Lung	NA	lung	NA	SRP013703	SRS1313238	0.997	0.717	15.463	0.841	0.785	0.921	1081.97	45419	8144.06	2456
SRX1833661	Lung	NA	lung	NA	SRP013703	SRS1313237	0.997	0.724	12.880	0.843	0.846	0.919	1123.4	43821	8646.67	2093
SRX1833662	Lung	NA	lung	NA	SRP013703	SRS1313237	0.997	0.724	16.155	0.842	0.805	0.921	1091.11	45989	8512.51	2332
SRX1833697	Stomach	NA	stomach	NA	SRP013703	SRS1493825	0.995	0.764	15.926	0.811	0.758	0.922	1099.7	47997	8583.64	2677
SRX1833698	Stomach	NA	stomach	NA	SRP013703	SRS1493826	0.996	0.764	13.178	0.830	0.828	0.920	1113.39	45290	8258.01	2756
SRX1833699	Stomach	NA	stomach	NA	SRP013703	SRS1493826	0.996	0.765	14.289	0.830	0.823	0.920	1108.86	45761	8893.4	2341
SRX1833700	Stomach	NA	stomach	NA	SRP013703	SRS1493825	0.995	0.763	15.473	0.803	0.766	0.922	1107.68	47311	8313.63	2837
SRX1833718	Liver	NA	liver	NA	SRP013703	SRS1493863	0.995	0.691	15.496	0.791	0.801	0.922	1146.0	33435	7045.25	2234
SRX1833719	Liver	NA	liver	NA	SRP013703	SRS1493864	0.995	0.704	16.078	0.773	0.761	0.922	1139.91	34223	7299.26	2250
SRX1833720	Liver	NA	liver	NA	SRP013703	SRS1493864	0.995	0.705	14.819	0.791	0.770	0.921	1156.41	33556	8104.8	1778
SRX1833721	Liver	NA	liver	NA	SRP013703	SRS1493863	0.995	0.692	15.240	0.790	0.801	0.922	1153.9	33155	7901.16	1831
SRX1833808	Embryonic Facial Prominence	NA	embryonic facial prominence	NA	SRP013703	SRS1313080	0.996	0.767	19.467	0.832	0.807	0.932	1098.7	53482	8497.99	3118
SRX1833809	Embryonic Facial Prominence	NA	embryonic facial prominence	NA	SRP013703	SRS1313079	0.996	0.771	19.974	0.834	0.806	0.933	1097.84	54622	9524.64	2522
SRX1833810	Embryonic Facial Prominence	NA	embryonic facial prominence	NA	SRP013703	SRS1313079	0.996	0.767	12.888	0.826	0.879	0.927	1136.84	49312	8536.04	2914
SRX1833811	Embryonic Facial Prominence	NA	embryonic facial prominence	NA	SRP013703	SRS1313080	0.996	0.767	19.078	0.828	0.853	0.931	1101.86	53176	8540.04	3161
SRX1833846	Hindbrain	NA	hindbrain	NA	SRP013703	SRS1493820	0.995	0.796	15.576	0.836	0.820	0.931	1114.54	47406	7975.33	3879
SRX1833847	Hindbrain	NA	hindbrain	NA	SRP013703	SRS1493820	0.995	0.802	13.268	0.831	0.832	0.930	1152.67	44946	8791.26	3106
SRX1833848	Hindbrain	NA	hindbrain	NA	SRP013703	SRS1493819	0.996	0.796	15.943	0.832	0.819	0.932	1105.33	48816	8552.46	3577
SRX1833849	Hindbrain	NA	hindbrain	NA	SRP013703	SRS1493819	0.995	0.803	13.274	0.832	0.832	0.930	1152.42	45117	8274.03	3527
SRX1833857	Neural Tube	NA	neural tube	NA	SRP013703	SRS1313013	0.997	0.803	9.562	0.832	0.709	0.916	1148.92	42939	13399.29	1681
SRX1833858	Neural Tube	NA	neural tube	NA	SRP013703	SRS1313014	0.997	0.803	11.675	0.836	0.741	0.918	1133.8	43672	7869.7	3730
SRX1833859	Neural Tube	NA	neural tube	NA	SRP013703	SRS1313013	0.997	0.815	17.665	0.842	0.782	0.921	1091.94	49075	8402.53	3604
SRX1833860	Neural Tube	NA	neural tube	NA	SRP013703	SRS1313014	0.997	0.813	17.408	0.841	0.785	0.921	1098.48	47886	8282.3	3620
SRX1833873	Embryonic Facial Prominence	NA	embryonic facial prominence	NA	SRP013703	SRS1493847	0.995	0.772	19.796	0.835	0.804	0.933	1079.38	52618	8475.61	3296
SRX1833874	Embryonic Facial Prominence	NA	embryonic facial prominence	NA	SRP013703	SRS1493847	0.995	0.769	12.106	0.832	0.845	0.929	1133.37	46233	8559.66	2876
SRX1833875	Embryonic Facial Prominence	NA	embryonic facial prominence	NA	SRP013703	SRS1493848	0.995	0.772	19.682	0.836	0.803	0.933	1079.69	52180	8658.66	3106
SRX1833876	Embryonic Facial Prominence	NA	embryonic facial prominence	NA	SRP013703	SRS1493848	0.995	0.771	12.825	0.828	0.836	0.930	1135.8	46114	7852.56	3433
SRX1833885	Heart	NA	heart	NA	SRP013703	SRS1313135	0.996	0.733	12.514	0.834	0.789	0.919	1106.12	40649	7989.67	2518
SRX1833886	Heart	NA	heart	NA	SRP013703	SRS1313136	0.996	0.739	18.363	0.841	0.786	0.922	1046.72	44869	8032.29	2600
SRX1833887	Heart	NA	heart	NA	SRP013703	SRS1313136	0.996	0.735	12.256	0.833	0.784	0.919	1102.01	41040	8462.82	2204
SRX1833888	Heart	NA	heart	NA	SRP013703	SRS1313135	0.996	0.737	18.567	0.842	0.782	0.922	1055.82	44201	7742.33	2771
SRX1833896	Midbrain	NA	midbrain	NA	SRP013703	SRS1493846	0.996	0.806	13.501	0.831	0.828	0.930	1134.23	47860	7694.17	3902
SRX1833897	Midbrain	NA	midbrain	NA	SRP013703	SRS1493845	0.996	0.800	13.057	0.833	0.835	0.930	1130.81	47829	7661.27	3980
SRX1833898	Midbrain	NA	midbrain	NA	SRP013703	SRS1493846	0.996	0.801	15.918	0.834	0.819	0.931	1098.33	50453	8206.25	3547
SRX1833899	Midbrain	NA	midbrain	NA	SRP013703	SRS1493845	0.996	0.799	15.271	0.835	0.821	0.931	1095.52	50612	8400.51	3317
SRX1833922	Heart	NA	heart	NA	SRP013703	SRS1493818	0.996	0.732	14.800	0.786	0.797	0.921	1021.7	46922	8801.49	2052
SRX1833923	Heart	NA	heart	NA	SRP013703	SRS1493817	0.996	0.733	12.931	0.829	0.827	0.919	1037.65	44864	8131.24	2260
SRX1833924	Heart	NA	heart	NA	SRP013703	SRS1493818	0.996	0.732	14.820	0.791	0.797	0.921	1023.84	46969	8380.88	2248
SRX1833925	Heart	NA	heart	NA	SRP013703	SRS1493817	0.996	0.735	12.575	0.827	0.823	0.919	1052.56	44286	8070.52	2277
SRX1833960	Neural Tube	NA	neural tube	NA	SRP013703	SRS1312953	0.996	0.797	13.377	0.835	0.849	0.931	1121.98	52129	8886.81	3410
SRX1833961	Neural Tube	NA	neural tube	NA	SRP013703	SRS1312952	0.996	0.795	13.617	0.816	0.862	0.931	1120.44	53659	9507.6	3070
SRX1833962	Neural Tube	NA	neural tube	NA	SRP013703	SRS1312953	0.996	0.794	19.031	0.813	0.841	0.933	1075.16	57614	9193.95	3360
SRX1833963	Neural Tube	NA	neural tube	NA	SRP013703	SRS1312952	0.996	0.792	19.906	0.821	0.853	0.934	1065.37	60031	8849.68	3770
SRX1833985	Liver	NA	liver	NA	SRP013703	SRS1313049	0.996	0.626	13.467	0.837	0.878	0.927	1194.88	32000	8246.02	1437
SRX1833986	Liver	NA	liver	NA	SRP013703	SRS1313049	0.996	0.626	19.227	0.834	0.856	0.931	1106.06	35288	8385.59	1431
SRX1833987	Liver	NA	liver	NA	SRP013703	SRS1313050	0.996	0.629	13.304	0.834	0.877	0.927	1191.55	32416	8169.73	1407
SRX1833988	Liver	NA	liver	NA	SRP013703	SRS1313050	0.996	0.629	18.727	0.829	0.856	0.931	1113.29	35050	7931.01	1607
SRX1834073	Limb	NA	limb	NA	SRP013703	SRS1313185	0.996	0.749	14.198	0.820	0.888	0.931	1123.77	49318	8184.39	2889
SRX1834074	Limb	NA	limb	NA	SRP013703	SRS1313186	0.996	0.751	12.883	0.823	0.849	0.930	1127.02	49495	8541.51	2712
SRX1834075	Limb	NA	limb	NA	SRP013703	SRS1313185	0.996	0.750	20.634	0.830	0.863	0.933	1096.39	53797	8590.32	2813
SRX1834076	Limb	NA	limb	NA	SRP013703	SRS1313186	0.996	0.751	18.213	0.827	0.813	0.932	1103.11	53512	8795.6	2680
SRX1834099	Limb	NA	limb	NA	SRP013703	SRS1313026	0.996	0.766	18.590	0.830	0.806	0.932	1084.76	58121	8990.3	2941
SRX1834100	Limb	NA	limb	NA	SRP013703	SRS1313025	0.996	0.769	20.328	0.837	0.809	0.933	1074.05	59831	9173.41	2920
SRX1834101	Limb	NA	limb	NA	SRP013703	SRS1313026	0.996	0.766	12.484	0.828	0.841	0.928	1129.21	52481	8581.83	2974
SRX1834102	Limb	NA	limb	NA	SRP013703	SRS1313025	0.996	0.765	13.252	0.834	0.853	0.930	1120.34	52600	8847.1	2929
SRX1834129	Hindbrain	NA	hindbrain	NA	SRP013703	SRS1313214	0.996	0.809	18.298	0.827	0.830	0.932	1103.87	55822	9248.09	3596
SRX1834130	Hindbrain	NA	hindbrain	NA	SRP013703	SRS1313214	0.996	0.810	13.233	0.833	0.856	0.930	1142.25	50903	8997.38	3546
SRX1834131	Hindbrain	NA	hindbrain	NA	SRP013703	SRS1313213	0.996	0.811	12.269	0.827	0.859	0.929	1146.93	51229	9115.62	3541
SRX1834132	Hindbrain	NA	hindbrain	NA	SRP013703	SRS1313213	0.996	0.810	16.596	0.817	0.837	0.932	1104.98	56196	9130.91	3791
SRX1834133	Embryonic Facial Prominence	NA	embryonic facial prominence	NA	SRP013703	SRS1313110	0.996	0.753	17.186	0.811	0.896	0.930	1113.03	47715	8668.35	2674
SRX1834134	Embryonic Facial Prominence	NA	embryonic facial prominence	NA	SRP013703	SRS1313110	0.996	0.752	16.115	0.783	0.900	0.932	1117.39	47288	8582.12	2725
SRX1834135	Embryonic Facial Prominence	NA	embryonic facial prominence	NA	SRP013703	SRS1313109	0.996	0.749	16.930	0.797	0.886	0.933	1111.88	47985	8334.89	2901
SRX1834136	Embryonic Facial Prominence	NA	embryonic facial prominence	NA	SRP013703	SRS1313109	0.996	0.748	16.808	0.806	0.887	0.930	1109.36	48121	8242.09	3025
SRX1834211	Liver	NA	liver	NA	SRP013703	SRS1493842	0.996	0.610	10.145	0.764	0.846	0.916	1244.36	30944	12803.7	737
SRX1834212	Liver	NA	liver	NA	SRP013703	SRS1493841	0.996	0.591	2.322	0.826	0.931	0.815	2436.63	21002	47130.69	118
SRX1834213	Liver	NA	liver	NA	SRP013703	SRS1493841	0.996	0.594	18.593	0.790	0.736	0.923	1097.77	35497	10425.32	964
SRX1834214	Liver	NA	liver	NA	SRP013703	SRS1493842	0.996	0.610	10.154	0.767	0.846	0.916	1243.56	30897	12696.79	753
SRX1834215	Liver	NA	liver	NA	SRP013703	SRS1493841	0.996	0.593	9.180	0.778	0.842	0.916	1286.73	29509	15391.51	543
SRX1834216	Liver	NA	liver	NA	SRP013703	SRS1493842	0.996	0.610	9.670	0.804	0.870	0.915	1250.47	30568	12677.74	741
SRX1834231	Hindbrain	NA	hindbrain	NA	SRP013703	SRS1493835	0.996	0.805	15.285	0.792	0.812	0.922	1123.8	54257	9405.04	3481
SRX1834232	Hindbrain	NA	hindbrain	NA	SRP013703	SRS1493836	0.996	0.804	15.499	0.807	0.819	0.922	1129.18	54400	9513.49	3420
SRX1834233	Hindbrain	NA	hindbrain	NA	SRP013703	SRS1493836	0.996	0.805	15.558	0.802	0.818	0.922	1122.37	54796	9353.14	3541
SRX1834234	Hindbrain	NA	hindbrain	NA	SRP013703	SRS1493835	0.996	0.805	15.494	0.787	0.812	0.922	1125.83	54219	9554.59	3337
SRX1834269	Intestine	NA	intestine	NA	SRP013703	SRS1313034	0.996	0.767	17.182	0.791	0.833	0.931	1091.86	45127	8220.56	2848
SRX1834270	Intestine	NA	intestine	NA	SRP013703	SRS1313033	0.996	0.770	20.224	0.834	0.885	0.933	1073.12	47469	8412.79	2856
SRX1834271	Intestine	NA	intestine	NA	SRP013703	SRS1313034	0.996	0.766	17.191	0.783	0.831	0.931	1096.16	45007	8277.09	2805
SRX1834272	Intestine	NA	intestine	NA	SRP013703	SRS1313033	0.996	0.768	10.798	0.769	0.820	0.927	1134.18	41549	12968.23	1356
SRX1834275	Kidney	NA	kidney	NA	SRP013703	SRS1493834	0.996	0.783	14.659	0.804	0.812	0.920	1083.65	55475	9074.29	3215
SRX1834276	Kidney	NA	kidney	NA	SRP013703	SRS1493834	0.996	0.784	14.321	0.795	0.813	0.920	1091.38	54521	9669.48	2734
SRX1834277	Kidney	NA	kidney	NA	SRP013703	SRS1493833	0.996	0.780	12.972	0.829	0.824	0.920	1102.02	51398	8920.73	3139
SRX1834278	Kidney	NA	kidney	NA	SRP013703	SRS1493833	0.996	0.780	12.968	0.830	0.824	0.920	1098.42	51774	9065.42	2968
SRX1834307	Midbrain	NA	midbrain	NA	SRP013703	SRS1313035	0.996	0.801	14.046	0.842	0.836	0.920	1132.82	55405	9057.86	3247
SRX1834308	Midbrain	NA	midbrain	NA	SRP013703	SRS1313036	0.995	0.799	13.561	0.845	0.836	0.920	1157.74	54184	9399.61	3008
SRX1834309	Midbrain	NA	midbrain	NA	SRP013703	SRS1313035	0.996	0.800	14.268	0.842	0.837	0.920	1137.1	55314	9003.21	3336
SRX1834310	Midbrain	NA	midbrain	NA	SRP013703	SRS1313036	0.995	0.800	13.965	0.845	0.832	0.920	1154.5	54549	8797.77	3464
SRX1834315	Midbrain	NA	midbrain	NA	SRP013703	SRS1313382	0.995	0.797	15.513	0.773	0.796	0.922	1157.2	52936	8706.26	3440
SRX1834316	Midbrain	NA	midbrain	NA	SRP013703	SRS1313383	0.994	0.789	15.093	0.770	0.790	0.922	1164.65	48977	9011.12	3101
SRX1834317	Midbrain	NA	midbrain	NA	SRP013703	SRS1313383	0.994	0.789	14.909	0.777	0.791	0.922	1161.83	49114	9209.0	2920
SRX1834318	Midbrain	NA	midbrain	NA	SRP013703	SRS1313382	0.995	0.797	15.548	0.770	0.796	0.922	1159.88	52826	9154.08	3119
SRX1834359	Kidney	NA	kidney	NA	SRP013703	SRS1312950	0.996	0.771	17.852	0.793	0.864	0.932	1070.03	55921	8700.96	3198
SRX1834360	Kidney	NA	kidney	NA	SRP013703	SRS1312950	0.996	0.776	15.879	0.751	0.843	0.932	1087.33	54250	8896.09	3033
SRX1834361	Kidney	NA	kidney	NA	SRP013703	SRS1312949	0.996	0.777	12.027	0.805	0.898	0.927	1104.52	52768	8850.88	2897
SRX1834362	Kidney	NA	kidney	NA	SRP013703	SRS1312949	0.996	0.776	18.398	0.796	0.899	0.933	1067.14	58629	8926.68	3167
SRX1834373	Limb	NA	limb	NA	SRP013703	SRS1313056	0.997	0.795	12.551	0.839	0.785	0.919	1098.85	48982	8786.85	3181
SRX1834374	Limb	NA	limb	NA	SRP013703	SRS1313056	0.997	0.802	17.972	0.844	0.787	0.921	1057.82	54394	8247.89	3917
SRX1834375	Limb	NA	limb	NA	SRP013703	SRS1313057	0.997	0.796	12.386	0.835	0.784	0.919	1108.75	48796	8376.59	3481
SRX1834376	Limb	NA	limb	NA	SRP013703	SRS1313057	0.997	0.799	18.688	0.844	0.787	0.922	1052.45	55442	8806.03	3440
SRX1834423	Embryonic Facial Prominence	NA	embryonic facial prominence	NA	SRP013703	SRS1313194	0.997	0.789	13.759	0.847	0.833	0.919	1127.05	45299	8049.39	3471
SRX1834424	Embryonic Facial Prominence	NA	embryonic facial prominence	NA	SRP013703	SRS1313193	0.997	0.793	13.131	0.841	0.833	0.918	1140.34	44475	7875.71	3526
SRX1834425	Embryonic Facial Prominence	NA	embryonic facial prominence	NA	SRP013703	SRS1313193	0.997	0.793	12.725	0.796	0.093	0.917	1139.64	44380	7971.4	3450
SRX1834426	Embryonic Facial Prominence	NA	embryonic facial prominence	NA	SRP013703	SRS1313194	0.997	0.788	13.076	0.809	0.068	0.918	1130.54	45010	8297.69	3241
SRX1834431	Midbrain	NA	midbrain	NA	SRP013703	SRS1313313	0.996	0.807	13.194	0.835	0.861	0.930	1134.65	51416	8693.07	3317
SRX1834432	Midbrain	NA	midbrain	NA	SRP013703	SRS1313312	0.996	0.808	12.250	0.825	0.853	0.929	1141.14	50684	8727.9	3400
SRX1834433	Midbrain	NA	midbrain	NA	SRP013703	SRS1313312	0.996	0.809	18.471	0.826	0.820	0.932	1086.07	56794	8667.81	3805
SRX1834434	Midbrain	NA	midbrain	NA	SRP013703	SRS1313313	0.996	0.807	18.854	0.828	0.876	0.931	1087.55	56698	8423.18	3986
SRX1834439	Stomach	NA	stomach	NA	SRP013703	SRS1313068	0.996	0.754	17.185	0.796	0.250	0.920	1096.49	43975	8134.97	2536
SRX1834440	Stomach	NA	stomach	NA	SRP013703	SRS1313067	0.996	0.749	16.501	0.835	0.288	0.921	1099.51	43265	7865.17	2827
SRX1834441	Stomach	NA	stomach	NA	SRP013703	SRS1313068	0.996	0.752	14.055	0.843	0.416	0.919	1110.38	42356	7911.68	2552
SRX1834442	Stomach	NA	stomach	NA	SRP013703	SRS1313067	0.996	0.752	15.923	0.795	0.199	0.920	1105.12	42988	7832.17	2820
SRX18419265	Epidermis	NA	epidermis	epidermis	SRP410496	SRS15901569	0.983	0.637	37.240	0.822	0.404	0.950	1375.24	83777	15963.5	2370
SRX18419266	Epidermis	NA	epidermis	epidermis	SRP410496	SRS15901570	0.981	0.637	55.042	0.825	0.603	0.953	1371.05	87411	18037.42	1935
SRX18419267	Epidermis	NA	epidermis	epidermis	SRP410496	SRS15901571	0.983	0.647	49.482	0.849	0.441	0.956	1384.96	86437	17268.43	2187
SRX18419268	Epidermis	NA	epidermis	epidermis	SRP410496	SRS15901572	0.921	0.665	30.068	0.466	0.327	0.927	1320.66	83906	15531.27	2344
SRX18419269	Epidermis	NA	epidermis	epidermis	SRP410496	SRS15901573	0.983	0.650	51.630	0.849	0.405	0.953	1410.0	83529	16382.17	2368
SRX18419270	Epidermis	NA	epidermis	epidermis	SRP410496	SRS15901574	0.981	0.630	61.450	0.849	0.656	0.952	1450.26	82741	18896.45	1804
SRX18419271	Epidermis	NA	epidermis	epidermis	SRP410496	SRS15901575	0.926	0.656	40.114	0.457	0.367	0.929	1303.78	86141	15977.65	2328
SRX18419272	Epidermis	NA	epidermis	epidermis	SRP410496	SRS15901576	0.924	0.642	40.609	0.440	0.572	0.929	1371.62	81136	16815.75	2216
SRX18419273	Epidermis	NA	epidermis	epidermis	SRP410496	SRS15901577	0.984	0.657	103.316	0.818	0.310	0.959	1428.7	85329	0.0	0
SRX18419274	Epidermis	NA	epidermis	epidermis	SRP410496	SRS15901578	0.981	0.632	53.854	0.826	0.715	0.952	1342.76	88621	17182.31	2151
SRX18419275	Epidermis	NA	epidermis	epidermis	SRP410496	SRS15901579	0.982	0.631	54.167	0.831	0.744	0.953	1360.49	88483	17121.31	2214
SRX18419276	Epidermis	NA	epidermis	epidermis	SRP410496	SRS15901580	0.926	0.654	39.519	0.466	0.362	0.928	1310.23	85145	16676.3	2052
SRX1847443	ESC	Embryonic stem cell	NA	Embryonic stem cell	SRP070637	SRS1505737	0.911	0.581	3.087	0.335	0.840	0.791	3134.32	28486	413131.03	206
SRX1847444	ESC	Embryonic stem cell	NA	Embryonic stem cell	SRP070637	SRS1505738	0.912	0.590	5.779	0.306	0.801	0.895	3792.15	26067	140947.1	600
SRX1847445	ESC	Embryonic stem cell	NA	Embryonic stem cell	SRP070637	SRS1505739	0.913	0.588	5.654	0.325	0.827	0.894	3815.32	25834	142168.93	606
SRX1847446	ESC	Embryonic stem cell	NA	Embryonic stem cell	SRP070637	SRS1505740	0.915	0.576	5.244	0.358	0.812	0.875	3983.82	24740	168863.17	532
SRX18629561	Lymph Node	Dendritic cells	Lymph node	NA	SRP412252	SRS16075880	0.984	0.778	23.654	0.825	0.706	0.952	1197.92	54688	15739.58	4087
SRX18629562	Lymph Node	Dendritic cells	Lymph node	NA	SRP412252	SRS16075881	0.983	0.779	16.049	0.811	0.333	0.948	1311.11	49740	15994.69	4164
SRX18629563	Lymph Node	Dendritic cells	Lymph node	NA	SRP412252	SRS16075882	0.984	0.773	22.127	0.827	0.645	0.951	1236.17	54877	16633.54	4032
SRX18629564	Lymph Node	Dendritic cells	Lymph node	NA	SRP412252	SRS16075883	0.983	0.779	21.104	0.833	0.692	0.950	1238.83	54356	16714.52	3926
SRX18629565	Lymph Node	Dendritic cells	Lymph node	NA	SRP412252	SRS16075884	0.983	0.781	25.496	0.843	0.555	0.952	1226.85	55698	17413.78	4268
SRX18629566	Lymph Node	Dendritic cells	Lymph node	NA	SRP412252	SRS16075885	0.983	0.785	23.190	0.841	0.583	0.952	1243.39	54710	17073.22	4313
SRX18629567	Lymph Node	Dendritic cells	Lymph node	NA	SRP412252	SRS16075886	0.982	0.784	22.939	0.843	0.673	0.952	1240.66	54232	17212.21	4120
SRX18629568	Lymph Node	Dendritic cells	Lymph node	NA	SRP412252	SRS16075887	0.982	0.777	24.734	0.839	0.658	0.952	1230.16	55664	16916.72	4331
SRX18629569	Lymph Node	Dendritic cells	Lymph node	NA	SRP412252	SRS16075888	0.983	0.782	21.780	0.832	0.656	0.951	1241.8	53950	17374.86	3954
SRX18629570	Lymph Node	Dendritic cells	Lymph node	NA	SRP412252	SRS16075889	0.982	0.786	22.132	0.832	0.653	0.951	1260.92	53406	17413.04	4134
SRX18629571	Lymph Node	Dendritic cells	Lymph node	NA	SRP412252	SRS16075890	0.982	0.784	23.072	0.837	0.687	0.951	1244.12	54743	17616.33	4028
SRX18629572	Lymph Node	Dendritic cells	Lymph node	NA	SRP412252	SRS16075891	0.982	0.790	25.465	0.836	0.569	0.952	1236.8	56018	17871.84	4424
SRX18629573	Lymph Node	Dendritic cells	Lymph node	NA	SRP412252	SRS16075892	0.982	0.777	26.885	0.836	0.615	0.952	1215.26	56578	17433.63	4129
SRX18629574	Lymph Node	Dendritic cells	Lymph node	NA	SRP412252	SRS16075893	0.983	0.788	25.759	0.843	0.654	0.952	1231.29	56250	17490.12	4375
SRX18629575	Lymph Node	Dendritic cells	Lymph node	NA	SRP412252	SRS16075894	0.982	0.787	26.131	0.842	0.651	0.953	1229.8	55890	17337.77	4485
SRX18629576	Lymph Node	Dendritic cells	Lymph node	NA	SRP412252	SRS16075895	0.982	0.788	24.966	0.842	0.649	0.952	1229.3	56086	17365.43	4414
SRX18629577	Lymph Node	Dendritic cells	Lymph node	NA	SRP412252	SRS16075896	0.983	0.785	24.700	0.844	0.598	0.951	1234.16	55440	17179.69	4578
SRX18629578	Lymph Node	Dendritic cells	Lymph node	NA	SRP412252	SRS16075897	0.983	0.804	23.403	0.854	0.622	0.950	1280.42	53741	17165.19	4540
SRX18629579	Lymph Node	Dendritic cells	Lymph node	NA	SRP412252	SRS16075898	0.981	0.790	27.368	0.843	0.517	0.952	1228.55	56622	18195.04	4186
SRX18629580	Lymph Node	Dendritic cells	Lymph node	NA	SRP412252	SRS16075899	0.981	0.779	22.714	0.833	0.642	0.950	1226.75	54639	17083.92	4038
SRX18629581	Lymph Node	Dendritic cells	Lymph node	NA	SRP412252	SRS16075900	0.980	0.784	22.271	0.830	0.609	0.950	1244.62	54318	17015.31	4268
SRX18629582	Lymph Node	Dendritic cells	Lymph node	NA	SRP412252	SRS16075901	0.982	0.777	21.324	0.825	0.726	0.950	1251.2	53952	16719.08	4211
SRX18629583	Lymph Node	Dendritic cells	Lymph node	NA	SRP412252	SRS16075902	0.984	0.783	20.437	0.829	0.587	0.950	1252.95	53563	16926.77	4161
SRX18629584	Lymph Node	Dendritic cells	Lymph node	NA	SRP412252	SRS16075903	0.983	0.779	21.233	0.828	0.724	0.950	1247.23	54090	16699.87	4037
SRX18629585	Lymph Node	Dendritic cells	Lymph node	NA	SRP412252	SRS16075904	0.982	0.779	26.112	0.834	0.632	0.952	1178.54	56773	16726.9	4574
SRX18629586	Lymph Node	Dendritic cells	Lymph node	NA	SRP412252	SRS16075905	0.983	0.775	24.190	0.816	0.699	0.951	1220.93	55561	16858.61	4218
SRX18707061	Enterocytes	NA	Enterocytes	NA	SRP254510	SRS16148859	0.997	0.678	24.952	0.808	0.679	0.949	1078.2	79915	12366.79	2982
SRX18707062	Enterocytes	NA	Enterocytes	NA	SRP254510	SRS16148860	0.997	0.680	23.968	0.792	0.645	0.950	1148.6	74486	13035.54	2971
SRX18752180	Lung	Breast cancer	Lung	Lung	SRP413488	SRS16187220	0.989	0.596	15.654	0.733	0.559	0.945	10613.74	46761	518405.75	2213
SRX18752181	Lung	Breast cancer	Lung	Lung	SRP413488	SRS16190300	0.988	0.611	13.110	0.696	0.564	0.943	10432.82	40302	730837.13	1587
SRX18752182	Lung	Breast cancer	Lung	Lung	SRP413488	SRS16187221	0.984	0.626	2.134	0.505	0.284	0.780	11162.02	24202	1307370.37	849
SRX18752183	Lung	Breast cancer	Lung	Lung	SRP413488	SRS16187222	0.988	0.596	11.117	0.665	0.493	0.941	11800.69	41158	683385.72	1695
SRX18752184	Lung	Breast cancer	Lung	Lung	SRP413488	SRS16187224	0.988	0.592	13.845	0.710	0.503	0.943	10964.98	45772	655952.6	1771
SRX18752185	Lung	Breast cancer	Lung	Lung	SRP413488	SRS16187223	0.988	0.594	11.305	0.703	0.540	0.941	11601.53	41584	661467.03	1759
SRX18752186	Lung	Breast cancer	Lung	Lung	SRP413488	SRS16187225	0.987	0.598	8.814	0.643	0.502	0.937	12308.36	36995	781625.36	1505
SRX18752187	Lung	Breast cancer	Lung	Lung	SRP413488	SRS16187226	0.987	0.599	6.974	0.592	0.411	0.930	13378.61	33421	836911.05	1375
SRX18798028	ESC	NA	embryonic stem cell	E14 wild-type, 0 hours	SRP414189	SRS16231661	0.983	0.376	26.060	0.834	0.595	0.956	1919.99	43494	25537.75	3057
SRX18798029	ESC	NA	embryonic stem cell	E14 wild-type, 0 hours	SRP414189	SRS16231662	0.982	0.402	26.630	0.838	0.589	0.954	1897.18	41075	25557.49	3210
SRX18798030	ESC	NA	embryonic stem cell	E14 wild-type, 24 hours	SRP414189	SRS16231663	0.983	0.371	23.306	0.836	0.607	0.954	1924.66	40755	31175.4	2413
SRX18798031	ESC	NA	embryonic stem cell	E14 wild-type, 24 hours	SRP414189	SRS16231664	0.981	0.382	28.459	0.842	0.601	0.955	2348.86	39601	52343.73	4331
SRX18798032	ESC	NA	embryonic stem cell	E14 wild-type, 72 hours	SRP414189	SRS16231665	0.981	0.518	23.599	0.839	0.634	0.954	1697.75	47952	20770.11	3724
SRX18798033	ESC	NA	embryonic stem cell	E14 wild-type, 72 hours	SRP414189	SRS16231666	0.981	0.510	24.741	0.842	0.607	0.955	1818.87	45310	29011.24	4997
SRX18798034	ESC	NA	embryonic stem cell	E14 wild-type, 144 hours	SRP414189	SRS16231667	0.979	0.653	23.000	0.842	0.604	0.953	1532.0	55180	14648.38	4453
SRX18798035	ESC	NA	embryonic stem cell	E14 wild-type, 144 hours	SRP414189	SRS16231668	0.980	0.653	22.673	0.842	0.629	0.954	1539.82	52848	14837.19	4462
SRX18798036	ESC	NA	embryonic stem cell	E14 TET1/2 DKO, 0 hours	SRP414189	SRS16231669	0.983	0.264	29.382	0.835	0.594	0.956	6891.62	35469	1003490.63	59
SRX18798037	ESC	NA	embryonic stem cell	E14 TET1/2 DKO, 0 hours	SRP414189	SRS16231670	0.983	0.354	27.871	0.837	0.568	0.955	4166.04	42390	86382.12	4481
SRX18798038	ESC	NA	embryonic stem cell	E14 TET1/2 DKO, 24 hours	SRP414189	SRS16231671	0.983	0.265	23.642	0.834	0.620	0.955	7262.96	33274	1866709.0	1
SRX18798039	ESC	NA	embryonic stem cell	E14 TET1/2 DKO, 24 hours	SRP414189	SRS16231672	0.983	0.338	20.692	0.839	0.636	0.953	5647.63	40288	100260.48	4488
SRX18798040	ESC	NA	embryonic stem cell	E14 TET1/2 DKO, 72 hours	SRP414189	SRS16231673	0.982	0.414	22.402	0.839	0.644	0.953	4316.32	43468	84336.29	4831
SRX18798041	ESC	NA	embryonic stem cell	E14 TET1/2 DKO, 72 hours	SRP414189	SRS16231674	0.983	0.479	25.299	0.840	0.617	0.954	3791.16	45550	92368.52	4595
SRX18916808	Spleen	P14 CD8 T cell	Spleen	Spleen	SRP404930	SRS16343545	0.996	0.801	11.936	0.806	0.449	1.000	984.99	57860	8334.33	3532
SRX18916809	Spleen	P14 CD8 T cell	Spleen	Spleen	SRP404930	SRS16343546	0.996	0.763	7.702	0.766	0.126	1.000	1117.17	45412	17323.63	1446
SRX18916810	Spleen	P14 CD8 T cell	Spleen	Spleen	SRP404930	SRS16343547	0.997	0.757	9.046	0.790	0.209	1.000	1081.12	48897	18174.39	1593
SRX18916811	Spleen	P14 CD8 T cell	Spleen	Spleen	SRP404930	SRS16343548	0.997	0.763	10.526	0.802	0.392	1.000	1063.45	51802	12963.05	2288
SRX18916812	Spleen	P14 CD8 T cell	Spleen	Spleen	SRP404930	SRS16343549	0.995	0.807	16.677	0.740	0.589	1.000	936.11	61323	7887.72	3961
SRX18916813	TDLN	P14 CD8 T cell	TDLN	TDLN	SRP404930	SRS16343550	0.995	0.800	16.682	0.722	0.539	1.000	925.15	61257	8192.86	3527
SRX18916814	TDLN	P14 CD8 T cell	TDLN	TDLN	SRP404930	SRS16343551	0.995	0.794	10.757	0.719	0.464	1.000	1033.87	51063	12557.71	1895
SRX18916815	TDLN	P14 CD8 T cell	TDLN	TDLN	SRP404930	SRS16343552	0.995	0.781	11.859	0.719	0.444	1.000	1014.95	51834	12514.92	1818
SRX18916816	Tumor	Endo CD8 T cell	Tumor	Tumor	SRP404930	SRS16343553	0.996	0.750	8.875	0.694	0.394	1.000	1175.97	39173	12535.71	1076
SRX18916817	Spleen	P14 CD8 T cell	Spleen	Spleen	SRP404930	SRS16343554	0.995	0.835	9.568	0.716	0.220	1.000	1073.57	30120	30817.23	625
SRX18916818	TDLN	P14 CD8 T cell	TDLN	TDLN	SRP404930	SRS16343555	0.994	0.784	10.446	0.696	0.054	1.000	549.52	10630	195332.27	44
SRX18916819	TDLN	P14 CD8 T cell	TDLN	TDLN	SRP404930	SRS16343556	0.994	0.805	9.222	0.704	0.121	1.000	1203.66	29032	30940.92	521
SRX18916820	Tumor	Endo CD8 T cell	Tumor	Tumor	SRP404930	SRS16343557	0.995	0.693	12.728	0.628	0.524	1.000	1120.61	39422	12085.49	917
SRX1896840	Brain (Prefrontal Cortex)	NA	brain (prefrontal cortex)	MethylC-seq_prefrontal_ctx	SRP077875	SRS1539822	0.983	0.699	22.130	0.813	0.694	0.919	1138.71	31119	7984.33	2444
SRX1896841	Brain (Prefrontal Cortex)	NA	brain (prefrontal cortex)	MethylC-seq_prefrontal_ctx	SRP077875	SRS1539823	0.983	0.692	23.125	0.820	0.715	0.920	1123.55	31859	8313.08	2370
SRX1897213	Whole Heart	NA	Whole heart	NA	SRP077894	SRS1540177	0.996	0.613	22.873	0.796	0.844	0.950	989.39	42999	8842.38	1881
SRX1897215	Whole Heart	NA	Whole heart	NA	SRP077894	SRS1540178	0.996	0.617	23.162	0.798	0.834	0.949	1061.19	47762	11888.07	2201
SRX1897223	Whole Heart	NA	Whole heart	NA	SRP077894	SRS1540179	0.996	0.593	24.391	0.793	0.832	0.948	1002.38	43561	9920.85	1791
SRX1897226	Whole Heart	NA	Whole heart	NA	SRP077894	SRS1540180	0.996	0.617	24.695	0.807	0.809	0.952	1006.24	42404	9459.49	1961
SRX1897228	Whole Heart	NA	Whole heart	NA	SRP077894	SRS1540181	0.993	0.618	20.823	0.750	0.843	0.948	1072.48	45804	11806.66	2146
SRX1897231	Whole Heart	NA	Whole heart	NA	SRP077894	SRS1540182	0.996	0.606	22.166	0.786	0.853	0.948	1065.27	48160	10734.08	2233
SRX19005207	Embryo	mouse embryonic fibroblast (MEF)	embryo	embryo	SRP417057	SRS16425119	0.980	0.702	6.873	0.317	0.660	0.949	1202.89	34331	16046.46	701
SRX19005208	Embryo	mouse embryonic fibroblast (MEF)	embryo	embryo	SRP417057	SRS16425120	0.984	0.705	6.122	0.328	0.614	0.946	1235.88	33607	20284.23	532
SRX19005209	Embryo	mouse embryonic fibroblast (MEF)	embryo	embryo	SRP417057	SRS16425121	0.981	0.705	6.215	0.319	0.641	0.945	1218.42	33778	19734.35	566
SRX19005210	Embryo	mouse embryonic fibroblast (MEF)	embryo	embryo	SRP417057	SRS16425122	0.979	0.642	5.818	0.326	0.667	0.942	2758.72	26614	2482490.72	385
SRX19005211	Embryo	mouse embryonic fibroblast (MEF)	embryo	embryo	SRP417057	SRS16425123	0.974	0.616	5.280	0.318	0.692	0.938	5370.21	24784	2158288.63	408
SRX19005212	Embryo	mouse embryonic fibroblast (MEF)	embryo	embryo	SRP417057	SRS16425124	0.972	0.619	5.289	0.320	0.678	0.939	4353.0	23067	2543341.45	337
SRX19005213	Intestinal Crypt	intestinal stem cell (ISC)	intestinal crypt	intestinal crypt	SRP417057	SRS16425125	0.975	0.646	5.148	0.290	0.714	0.940	2480.25	26133	32539.13	126
SRX19005214	Intestinal Crypt	intestinal stem cell (ISC)	intestinal crypt	intestinal crypt	SRP417057	SRS16425126	0.984	0.668	8.025	0.328	0.655	0.958	1353.74	39378	16666.1	478
SRX1901916	Germ	NA	NA	10 dpp total germ cells	SRP078059	SRS1544556	0.992	0.749	10.922	0.798	0.134	0.955	2052.2	84226	73625.5	3209
SRX1901917	Germ	NA	NA	10 dpp total germ cells	SRP078059	SRS1544557	0.991	0.755	8.284	0.794	0.134	0.949	1737.69	66986	79411.77	2472
SRX1901918	Germ	NA	NA	10 dpp total germ cells	SRP078059	SRS1544558	0.994	0.403	12.212	0.763	0.267	0.952	6371.98	68466	158165.85	3735
SRX1901919	Germ	NA	NA	10 dpp total germ cells	SRP078059	SRS1544559	0.992	0.784	12.221	0.787	0.333	0.948	1894.67	71961	48403.34	4056
SRX1903097	ESC	ES cells	NA	ES cells	SRP078072	SRS1545283	0.995	0.052	4.546	0.738	0.630	0.889	1027229.0	1	0.0	0
SRX1903098	ESC	ES cells	NA	ES cells	SRP078072	SRS1545284	0.995	0.410	5.997	0.794	0.751	0.914	7541.9	24432	272179.6	1778
SRX1903099	ESC	ES cells	NA	ES cells	SRP078072	SRS1545285	0.990	0.665	5.625	0.761	0.678	0.907	1690.35	33307	48682.66	1334
SRX1903100	ESC	ES cells	NA	ES cells	SRP078072	SRS1545286	0.993	0.503	4.503	0.767	0.598	0.898	2935.57	24015	52669.82	436
SRX19033871	Bone Marrow	CD11b+	Bone marrow	Bone marrow	SRP417480	SRS16452234	0.996	0.776	4.891	0.831	0.903	1.000	1403.22	20975	32093.9	173
SRX19033872	Bone Marrow	CD11b+	Bone marrow	Bone marrow	SRP417480	SRS16452235	0.996	0.765	11.464	0.778	0.843	1.000	1124.35	31484	11845.17	1344
SRX19033873	Bone Marrow	CD11b+	Bone marrow	Bone marrow	SRP417480	SRS16452236	0.996	0.782	5.051	0.850	0.886	1.000	1461.97	20288	32052.31	192
SRX19033874	Bone Marrow	CD11b+	Bone marrow	Bone marrow	SRP417480	SRS16452237	0.996	0.771	10.520	0.812	0.827	1.000	1175.54	31748	18140.95	759
SRX19033875	Bone Marrow	CD11b+	Bone marrow	Bone marrow	SRP417480	SRS16452238	0.997	0.767	5.104	0.834	0.886	1.000	1384.79	31867	29490.47	502
SRX19033876	Bone Marrow	CD11b+	Bone marrow	Bone marrow	SRP417480	SRS16452239	0.996	0.754	10.357	0.787	0.829	1.000	1039.61	51526	12691.27	1660
SRX19033877	Bone Marrow	CD11b+	Bone marrow	Bone marrow	SRP417480	SRS16452240	0.997	0.761	4.997	0.842	0.900	1.000	1384.76	32672	29912.28	461
SRX19033878	Bone Marrow	CD11b+	Bone marrow	Bone marrow	SRP417480	SRS16452241	0.997	0.747	9.577	0.803	0.844	1.000	1033.48	50988	12480.79	1677
SRX19148650	ESC	ESC	NA	ESC	SRP418871	SRS16561168	0.997	0.268	17.825	0.776	0.637	0.955	9286.8	23619	240717.87	1858
SRX19148651	ESC	ESC	NA	ESC	SRP418871	SRS16561169	0.997	0.276	20.941	0.768	0.577	0.957	8170.16	26614	235282.08	1875
SRX19148652	ESC	ESC	NA	ESC	SRP418871	SRS16561170	0.996	0.275	18.043	0.771	0.649	0.956	8820.68	24898	229254.88	1989
SRX19148653	EpiLC	EpiLC	NA	EpiLC	SRP418871	SRS16561171	0.996	0.357	18.939	0.776	0.553	0.957	5723.84	37690	191941.69	2634
SRX19148654	EpiLC	EpiLC	NA	EpiLC	SRP418871	SRS16561172	0.996	0.327	19.258	0.786	0.636	0.957	7014.88	35166	201206.54	2511
SRX19148655	EpiLC	EpiLC	NA	EpiLC	SRP418871	SRS16561173	0.996	0.358	17.215	0.773	0.368	0.956	6069.09	36509	204383.82	2400
SRX19148656	EpiLC	EpiLC	NA	EpiLC	SRP418871	SRS16561174	0.993	0.527	19.662	0.778	0.638	0.956	4924.31	50786	172871.77	3845
SRX19148657	EpiLC	EpiLC	NA	EpiLC	SRP418871	SRS16561175	0.994	0.564	10.567	0.791	0.639	0.947	3305.07	42073	236246.54	2631
SRX19148658	EpiLC	EpiLC	NA	EpiLC	SRP418871	SRS16561176	0.993	0.514	23.613	0.764	0.660	0.958	4805.85	51051	173705.27	3685
SRX19148659	ESC	ESC	NA	ESC	SRP418871	SRS16561177	0.996	0.037	17.947	0.778	0.629	0.956	478335.5	2	763547.76	257
SRX19148660	ESC	ESC	NA	ESC	SRP418871	SRS16561178	0.996	0.037	17.471	0.782	0.571	0.956	769538.0	1	789818.79	229
SRX19148661	ESC	ESC	NA	ESC	SRP418871	SRS16561179	0.996	0.039	15.625	0.770	0.589	0.955	595848.25	4	850000.62	211
SRX19148662	EpiLC	EpiLC	NA	EpiLC	SRP418871	SRS16561180	0.996	0.141	18.103	0.772	0.492	0.957	28821.68	11020	153807.67	6287
SRX19148663	EpiLC	EpiLC	NA	EpiLC	SRP418871	SRS16561181	0.996	0.144	14.880	0.767	0.460	0.953	38921.76	5426	165528.14	5804
SRX19148664	EpiLC	EpiLC	NA	EpiLC	SRP418871	SRS16561182	0.996	0.146	13.916	0.765	0.432	0.953	40204.74	4843	170493.03	5604
SRX19148665	EpiLC	EpiLC	NA	EpiLC	SRP418871	SRS16561183	0.993	0.502	18.956	0.787	0.616	0.957	6945.77	52257	196878.08	3889
SRX19148666	EpiLC	EpiLC	NA	EpiLC	SRP418871	SRS16561184	0.992	0.493	16.365	0.777	0.427	0.956	7099.21	51221	198777.74	3819
SRX19148667	EpiLC	EpiLC	NA	EpiLC	SRP418871	SRS16561185	0.993	0.501	14.120	0.775	0.449	0.953	7290.0	47695	199365.74	3807
SRX19148668	ESC	ESC	NA	ESC	SRP418871	SRS16561186	0.995	0.514	18.982	0.771	0.649	0.960	1803.08	40188	62990.15	4964
SRX19148669	ESC	ESC	NA	ESC	SRP418871	SRS16561187	0.996	0.508	20.323	0.778	0.670	0.961	1786.08	41260	62014.49	4925
SRX19148670	ESC	ESC	NA	ESC	SRP418871	SRS16561188	0.995	0.532	21.457	0.771	0.663	0.961	1775.56	41951	62658.36	5009
SRX19148671	EpiLC	EpiLC	NA	EpiLC	SRP418871	SRS16561189	0.995	0.588	25.842	0.786	0.656	0.964	1864.16	46087	69763.35	4978
SRX19148672	EpiLC	EpiLC	NA	EpiLC	SRP418871	SRS16561190	0.995	0.587	18.879	0.781	0.639	0.960	1788.2	42109	66608.36	5141
SRX19148673	EpiLC	EpiLC	NA	EpiLC	SRP418871	SRS16561191	0.995	0.601	24.351	0.810	0.435	0.964	1952.9	45289	75038.5	5162
SRX19148674	EpiLC	EpiLC	NA	EpiLC	SRP418871	SRS16561192	0.990	0.715	25.887	0.799	0.677	0.963	1348.93	40850	35922.54	5043
SRX19148675	EpiLC	EpiLC	NA	EpiLC	SRP418871	SRS16561193	0.990	0.719	17.320	0.785	0.526	0.959	1302.85	37080	30847.27	4443
SRX19148676	EpiLC	EpiLC	NA	EpiLC	SRP418871	SRS16561194	0.990	0.696	17.793	0.793	0.653	0.959	1308.58	37985	35485.73	4735
SRX1924428	precompacted 8 cell stage embryos	NA	precompacted 8 cell stage embryos	precompacted 8 cell stage embryos	SRP078328	SRS1553088	0.988	0.408	3.626	0.430	0.786	0.891	45743.61	6064	616130.0	433
SRX1924429	precompacted 8 cell stage embryos	NA	precompacted 8 cell stage embryos	precompacted 8 cell stage embryos	SRP078328	SRS1553090	0.988	0.430	2.428	0.702	0.912	0.818	40255.64	6238	931679.1	181
SRX1924430	Inner Cell Mass	NA	Inner Cell Mass	Inner Cell Mass	SRP078328	SRS1553089	0.992	0.213	6.127	0.676	0.871	0.940	61952.37	5682	186962.04	2399
SRX1924431	Inner Cell Mass	NA	Inner Cell Mass	Inner Cell Mass	SRP078328	SRS1553091	0.992	0.198	5.443	0.676	0.860	0.934	121036.58	641	263487.46	1151
SRX1924432	Trophectoderm	NA	Trophectoderm	Trophectoderm	SRP078328	SRS1553092	0.992	0.177	6.743	0.686	0.858	0.944	73817.64	3792	210162.9	1875
SRX1924433	Trophectoderm	NA	Trophectoderm	Trophectoderm	SRP078328	SRS1553093	0.992	0.183	7.702	0.728	0.883	0.947	40582.06	11084	190084.26	2056
SRX1924434	proximal Epiblast	NA	proximal Epiblast	proximal Epiblast	SRP078328	SRS1553094	0.983	0.801	11.888	0.837	0.943	0.955	1266.16	34611	13906.17	1724
SRX1924435	proximal Epiblast	NA	proximal Epiblast	proximal Epiblast	SRP078328	SRS1553096	0.983	0.802	14.953	0.833	0.941	0.957	1229.35	36881	9776.23	3175
SRX1924436	Extraembryonic Ectoderm	NA	Extraembryonic Ectoderm	Extraembryonic Ectoderm	SRP078328	SRS1553095	0.989	0.538	12.627	0.826	0.933	0.956	12112.52	30202	838703.8	881
SRX1924437	Extraembryonic Ectoderm	NA	Extraembryonic Ectoderm	Extraembryonic Ectoderm	SRP078328	SRS1553097	0.989	0.559	12.409	0.820	0.934	0.955	5813.35	33040	1151784.6	797
SRX19283355	spleen pLN	CD4T naive	spleen, pLN	spleen, pLN	SRP421015	SRS16684997	0.966	0.798	16.810	0.634	0.438	0.961	965.77	59554	8788.79	3621
SRX19283356	spleen pLN	CD4T naive	spleen, pLN	spleen, pLN	SRP421015	SRS16684998	0.967	0.800	19.033	0.608	0.394	0.963	956.94	60934	8824.6	3623
SRX19283357	spleen pLN	CD4T naive	spleen, pLN	spleen, pLN	SRP421015	SRS16684999	0.967	0.811	15.566	0.605	0.403	0.961	980.64	55045	8158.27	3469
SRX19283358	spleen pLN	CD4T naive	spleen, pLN	spleen, pLN	SRP421015	SRS16685000	0.966	0.805	15.178	0.640	0.447	0.960	967.3	55752	8224.15	3245
SRX19283366	spleen pLN	CD4T naive	spleen, pLN	spleen, pLN	SRP421019	SRS16685007	0.973	0.799	30.264	0.606	0.417	0.971	972.39	65324	10363.06	3516
SRX19283367	spleen pLN	CD4T naive	spleen, pLN	spleen, pLN	SRP421019	SRS16685008	0.973	0.798	19.415	0.634	0.365	0.968	975.16	61984	10062.75	3378
SRX19283368	spleen pLN	CD4T naive	spleen, pLN	spleen, pLN	SRP421019	SRS16685010	0.973	0.798	27.134	0.653	0.323	0.971	966.69	63829	10146.55	3479
SRX19283369	spleen pLN	CD4T naive	spleen, pLN	spleen, pLN	SRP421019	SRS16685009	0.973	0.795	26.330	0.641	0.275	0.971	967.93	62641	10124.03	3324
SRX19285915	Inner Ear Cochlea	NA	Inner ear cochlea	Inner ear cochlea	SRP421061	SRS16687452	0.977	0.703	10.628	0.421	0.772	0.927	1149.52	52496	30729.74	706
SRX19285916	Inner Ear Cochlea	NA	Inner ear cochlea	Inner ear cochlea	SRP421061	SRS16687453	0.983	0.701	2.720	0.483	0.490	0.816	1623.97	31051	138686.94	148
SRX19285917	Inner Ear Cochlea	NA	Inner ear cochlea	Inner ear cochlea	SRP421061	SRS16687454	0.983	0.693	10.663	0.453	0.678	0.943	1229.0	70340	29266.54	1714
SRX19285918	Inner Ear Cochlea	NA	Inner ear cochlea	Inner ear cochlea	SRP421061	SRS16687455	0.983	0.695	13.621	0.468	0.518	0.954	1126.21	82223	24717.19	1983
SRX19285919	Inner Ear Cochlea	NA	Inner ear cochlea	Inner ear cochlea	SRP421061	SRS16687456	0.984	0.692	3.127	0.470	0.691	0.850	1672.53	41086	166858.03	375
SRX19285920	Inner Ear Cochlea	NA	Inner ear cochlea	Inner ear cochlea	SRP421061	SRS16687457	0.984	0.699	3.658	0.445	0.408	1.000	1859.7	26520	245052.84	90
SRX19285921	Inner Ear Cochlea	NA	Inner ear cochlea	Inner ear cochlea	SRP421061	SRS16687458	0.980	0.687	11.022	0.479	0.585	0.935	1325.08	61096	27997.23	1064
SRX19285922	Inner Ear Cochlea	NA	Inner ear cochlea	Inner ear cochlea	SRP421061	SRS16687459	0.978	0.683	8.253	0.482	0.815	0.928	1377.2	58591	36045.81	824
SRX19285923	Inner Ear Cochlea	NA	Inner ear cochlea	Inner ear cochlea	SRP421061	SRS16687460	0.966	0.671	8.547	0.431	0.795	0.929	1424.45	65356	49995.93	1635
SRX19285924	Inner Ear Cochlea	NA	Inner ear cochlea	Inner ear cochlea	SRP421061	SRS16687461	0.974	0.671	17.046	0.715	0.601	0.937	1170.75	69430	20864.06	2288
SRX19285953	Inner Ear Cochlea	NA	Inner ear cochlea	Inner ear cochlea	SRP421061	SRS16687490	0.984	0.681	18.009	0.645	0.453	0.953	1054.15	68061	15400.67	1314
SRX19285954	Inner Ear Cochlea	NA	Inner ear cochlea	Inner ear cochlea	SRP421061	SRS16687491	0.983	0.684	22.494	0.563	0.768	0.957	1030.12	65199	9006.99	2712
SRX19285955	Inner Ear Cochlea	NA	Inner ear cochlea	Inner ear cochlea	SRP421061	SRS16687492	0.984	0.693	24.445	0.603	0.740	0.958	1024.81	92282	10778.61	3381
SRX19285956	Inner Ear Cochlea	NA	Inner ear cochlea	Inner ear cochlea	SRP421061	SRS16687493	0.984	0.687	21.725	0.652	0.584	0.952	1015.99	94831	19389.4	1545
SRX19285957	Inner Ear Cochlea	NA	Inner ear cochlea	Inner ear cochlea	SRP421061	SRS16687494	0.907	0.680	7.878	0.342	0.636	0.912	1276.32	60361	29779.49	935
SRX19285958	Inner Ear Cochlea	NA	Inner ear cochlea	Inner ear cochlea	SRP421061	SRS16687495	0.980	0.689	19.966	0.607	0.697	0.950	1028.18	94584	17561.4	2001
SRX19354232	Blood	whole blood depleted of red blood cells	whole blood	whole blood	SRP422554	SRS16751241	0.966	0.618	3.964	0.128	0.436	0.774	1365.31	32229	32345.3	262
SRX19354233	Blood	whole blood depleted of red blood cells	whole blood	whole blood	SRP422554	SRS16751242	0.964	0.611	4.093	0.141	0.466	0.765	1486.3	29126	43254.66	65
SRX19354234	Blood	whole blood depleted of red blood cells	whole blood	whole blood	SRP422554	SRS16751243	0.962	0.574	10.117	0.215	0.311	0.866	1106.75	41493	21893.64	434
SRX19354237	Blood	whole blood depleted of red blood cells	whole blood	whole blood	SRP422554	SRS16751247	0.968	0.620	11.273	0.290	0.416	0.906	1061.22	43918	20001.75	521
SRX19354242	Blood	whole blood depleted of red blood cells	whole blood	whole blood	SRP422554	SRS16751251	0.973	0.619	13.414	0.371	0.240	0.919	1030.06	44124	14153.93	1014
SRX19354244	Blood	whole blood depleted of red blood cells	whole blood	whole blood	SRP422554	SRS16751253	0.963	0.615	3.540	0.131	0.436	0.732	1442.61	29960	33585.94	184
SRX19354245	Blood	whole blood depleted of red blood cells	whole blood	whole blood	SRP422554	SRS16751254	0.968	0.611	12.059	0.271	0.352	0.905	1058.47	43576	17568.83	646
SRX19383779	Cortex	NA	Cortex	Cortex	SRP422816	SRS16779711	0.982	0.736	7.341	0.875	0.765	0.948	1379.68	43169	14602.91	1734
SRX19383780	Cortex	NA	Cortex	Cortex	SRP422816	SRS16779712	0.983	0.731	9.265	0.863	0.742	0.950	1282.89	46414	14443.54	1584
SRX19383781	Cortex	NA	Cortex	Cortex	SRP422816	SRS16779713	0.984	0.737	9.263	0.861	0.713	0.959	1278.9	44988	13896.18	1736
SRX19383782	Cortex	NA	Cortex	Cortex	SRP422816	SRS16779714	0.983	0.729	9.549	0.856	0.714	0.958	1273.41	45989	14426.24	1562
SRX19383783	Cortex	NA	Cortex	Cortex	SRP422816	SRS16779715	0.979	0.760	7.897	0.872	0.745	0.949	1267.52	39484	12672.2	1750
SRX19383784	Cortex	NA	Cortex	Cortex	SRP422816	SRS16779716	0.977	0.759	7.001	0.873	0.740	0.945	1319.66	41146	20234.2	1254
SRX19383785	Cortex	NA	Cortex	Cortex	SRP422816	SRS16779717	0.979	0.756	9.414	0.861	0.706	0.960	1223.11	39794	12732.21	1753
SRX19383786	Cortex	NA	Cortex	Cortex	SRP422816	SRS16779718	0.978	0.756	11.968	0.862	0.678	0.961	1198.93	41757	13268.23	1797
SRX19383787	Cortex	NA	Cortex	Cortex	SRP422816	SRS16779719	0.986	0.726	8.891	0.867	0.711	0.950	1380.62	50554	16543.6	1951
SRX19383788	Cortex	NA	Cortex	Cortex	SRP422816	SRS16779720	0.986	0.708	10.139	0.858	0.735	0.958	1331.73	51632	14991.0	2055
SRX19383789	Cortex	NA	Cortex	Cortex	SRP422816	SRS16779721	0.985	0.721	7.084	0.881	0.797	0.951	1460.76	46508	21523.32	1492
SRX19383790	Cortex	NA	Cortex	Cortex	SRP422816	SRS16779722	0.985	0.710	18.977	0.862	0.704	0.956	1283.07	59597	10830.25	3464
SRX19383791	Cortex	NA	Cortex	Cortex	SRP422816	SRS16779723	0.978	0.776	6.514	0.873	0.751	0.942	1353.57	36764	19019.29	1246
SRX19383792	Cortex	NA	Cortex	Cortex	SRP422816	SRS16779724	0.978	0.754	6.069	0.853	0.734	0.948	1322.28	36306	16847.0	1058
SRX19383793	Cortex	NA	Cortex	Cortex	SRP422816	SRS16779725	0.976	0.761	11.706	0.880	0.774	0.961	1225.54	43175	13792.91	2171
SRX19383794	Cortex	NA	Cortex	Cortex	SRP422816	SRS16779726	0.977	0.769	19.317	0.865	0.666	0.956	1188.85	47633	9402.97	3448
SRX19430718	ESC	mESC	NA	mESC	SRP423445	SRS16824741	0.991	0.189	6.291	0.434	0.323	0.893	838820.0	1	109678624.0	1
SRX19430719	ESC	mESC	NA	mESC	SRP423445	SRS16824742	0.988	0.235	8.166	0.435	0.326	0.921	0.0	0	0.0	0
SRX19430720	ESC	mESC	NA	mESC	SRP423445	SRS16824743	0.990	0.202	8.428	0.423	0.301	0.924	0.0	0	0.0	0
SRX19430721	ESC	mESC	NA	mESC	SRP423445	SRS16824744	0.989	0.236	4.046	0.435	0.302	0.760	597931.0	1	0.0	0
SRX19430722	ESC	mESC	NA	mESC	SRP423445	SRS16824745	0.990	0.186	4.230	0.433	0.309	0.777	519112.0	1	109670014.0	1
SRX19430723	ESC	mESC	NA	mESC	SRP423445	SRS16824746	0.991	0.210	5.867	0.423	0.257	0.814	795055.0	1	0.0	0
SRX19430727	ESC	mESC	NA	mESC	SRP423445	SRS16824750	0.995	0.181	5.784	0.433	0.327	0.833	878717.33	3	0.0	0
SRX19430728	ESC	mESC	NA	mESC	SRP423445	SRS16824751	0.995	0.166	6.045	0.405	0.328	0.839	838820.0	1	118820859.0	1
SRX19430729	ESC	mESC	NA	mESC	SRP423445	SRS16824752	0.995	0.193	5.414	0.417	0.351	0.816	838820.0	1	0.0	0
SRX1943567	Whole Placenta	NA	whole placenta	Whole placenta	SRP078445	SRS1561452	0.995	0.472	14.820	0.791	0.731	0.926	2593.22	25855	23486.0	1340
SRX1943568	Whole Placenta	NA	whole placenta	Whole placenta	SRP078445	SRS1561454	0.995	0.451	16.424	0.786	0.728	0.927	2898.98	24853	48354.73	2605
SRX1943569	Whole Placenta	NA	whole placenta	Whole placenta	SRP078445	SRS1561453	0.995	0.472	14.817	0.791	0.731	0.926	2596.01	25369	24110.6	1258
SRX1943570	Whole Placenta	NA	whole placenta	Whole placenta	SRP078445	SRS1561455	0.995	0.451	16.421	0.786	0.728	0.927	2901.42	24930	49021.25	2512
SRX19518479	Liver	Hepatocyte	Liver	Liver	SRP424820	SRS16905841	0.996	0.710	23.529	0.854	0.531	0.956	5656.07	63141	224571.0	3199
SRX19518480	Liver	Hepatocyte	Liver	Liver	SRP424820	SRS16905846	0.993	0.725	19.132	0.856	0.563	0.955	5874.53	60590	237697.02	3073
SRX19518481	Liver	Hepatocyte	Liver	Liver	SRP424820	SRS16905842	0.998	0.723	19.710	0.853	0.583	0.954	5716.33	60995	226074.52	3126
SRX19518482	Liver	Hepatocyte	Liver	Liver	SRP424820	SRS16905843	0.997	0.713	28.622	0.831	0.566	0.957	5626.06	64479	215030.72	3260
SRX19518483	Liver	Hepatocyte	Liver	Liver	SRP424820	SRS16905844	0.998	0.725	20.856	0.858	0.582	0.955	5669.6	63396	227877.94	3090
SRX19518484	Liver	Hepatocyte	Liver	Liver	SRP424820	SRS16905845	0.997	0.723	25.160	0.854	0.567	0.956	5524.77	65278	218146.27	3264
SRX19518485	Liver	Hepatocyte	Liver	Liver	SRP424820	SRS16905847	0.998	0.721	18.543	0.858	0.565	0.954	5816.29	62018	226724.78	3135
SRX19518486	Liver	Hepatocyte	Liver	Liver	SRP424820	SRS16905848	0.997	0.721	20.196	0.855	0.578	0.955	5644.35	62921	217435.74	3191
SRX19518487	Liver	Hepatocyte	Liver	Liver	SRP424820	SRS16905849	0.998	0.718	18.511	0.854	0.595	0.954	5872.46	61462	223725.51	3209
SRX19518488	Liver	Hepatocyte	Liver	Liver	SRP424820	SRS16905850	0.998	0.721	20.823	0.859	0.584	0.955	5589.92	63796	219405.28	3195
SRX19518489	Liver	Hepatocyte	Liver	Liver	SRP424820	SRS16905851	0.998	0.714	19.133	0.852	0.558	0.954	5790.46	62348	216571.81	3231
SRX19518490	Liver	Hepatocyte	Liver	Liver	SRP424820	SRS16905852	0.998	0.718	19.631	0.856	0.575	0.954	5755.21	61697	218082.73	3246
SRX19518491	Liver	Hepatocyte	Liver	Liver	SRP424820	SRS16905853	0.997	0.716	18.944	0.858	0.589	0.953	5781.13	61143	217456.0	3193
SRX19518492	Liver	Hepatocyte	Liver	Liver	SRP424820	SRS16905854	0.998	0.717	18.494	0.859	0.593	0.954	5813.97	60843	222997.71	3126
SRX19518493	Liver	Hepatocyte	Liver	Liver	SRP424820	SRS16905855	0.998	0.715	19.770	0.844	0.588	0.955	5743.57	61577	210114.25	3274
SRX19533989	Spleen	T regulatory cells	spleen	NA	SRP425083	SRS16920719	0.984	0.768	22.536	0.835	0.577	0.951	1169.1	54672	15215.92	3449
SRX19533990	Spleen	T regulatory cells	spleen	NA	SRP425083	SRS16920720	0.983	0.772	20.422	0.837	0.622	0.950	1234.66	53023	15628.4	3720
SRX19533991	Spleen	T regulatory cells	spleen	NA	SRP425083	SRS16920721	0.983	0.774	21.977	0.824	0.702	0.951	1194.32	56394	16161.59	3813
SRX19533992	Spleen	T regulatory cells	spleen	NA	SRP425083	SRS16920722	0.984	0.772	22.014	0.828	0.720	0.950	1217.84	54148	15454.95	3964
SRX19533993	Spleen	T regulatory cells	spleen	NA	SRP425083	SRS16920723	0.982	0.787	24.325	0.835	0.515	0.952	1212.26	56341	17157.8	4026
SRX19533994	Spleen	T regulatory cells	spleen	NA	SRP425083	SRS16920724	0.982	0.773	25.093	0.841	0.673	0.952	1207.43	55129	16102.44	4005
SRX19533995	Spleen	T regulatory cells	spleen	NA	SRP425083	SRS16920725	0.983	0.763	24.081	0.833	0.490	0.952	1201.85	55367	16485.08	3633
SRX19533996	Spleen	T regulatory cells	spleen	NA	SRP425083	SRS16920726	0.983	0.786	21.317	0.834	0.628	0.951	1238.15	54335	16975.5	3709
SRX19533997	Spleen	T regulatory cells	spleen	NA	SRP425083	SRS16920727	0.982	0.776	22.060	0.835	0.692	0.951	1222.35	54382	15587.89	4025
SRX19533998	Spleen	T regulatory cells	spleen	NA	SRP425083	SRS16920728	0.983	0.781	22.442	0.835	0.666	0.951	1203.75	55642	16505.36	3889
SRX19533999	Spleen	T regulatory cells	spleen	NA	SRP425083	SRS16920729	0.982	0.782	23.298	0.832	0.679	0.951	1215.98	55508	16025.25	4324
SRX19534000	Spleen	T regulatory cells	spleen	NA	SRP425083	SRS16920730	0.982	0.775	23.487	0.836	0.646	0.951	1220.31	54688	16120.27	3942
SRX19534001	Spleen	T regulatory cells	spleen	NA	SRP425083	SRS16920731	0.982	0.783	18.957	0.801	0.617	0.950	1255.35	53366	16173.39	3962
SRX19534002	Spleen	T regulatory cells	spleen	NA	SRP425083	SRS16920732	0.982	0.783	23.117	0.839	0.661	0.951	1205.75	56037	16304.77	4255
SRX19534003	Spleen	T regulatory cells	spleen	NA	SRP425083	SRS16920733	0.982	0.780	22.022	0.835	0.558	0.952	1239.74	53695	16374.16	3824
SRX19534004	Spleen	T regulatory cells	spleen	NA	SRP425083	SRS16920734	0.983	0.782	23.824	0.839	0.529	0.952	1213.42	55643	16725.04	3773
SRX19534005	Spleen	T regulatory cells	spleen	NA	SRP425083	SRS16920735	0.982	0.768	21.923	0.840	0.595	0.951	1220.7	53402	15621.27	3743
SRX19534006	Spleen	T regulatory cells	spleen	NA	SRP425083	SRS16920736	0.983	0.776	23.160	0.846	0.672	0.951	1217.19	54996	16086.12	3850
SRX19534007	Spleen	T regulatory cells	spleen	NA	SRP425083	SRS16920737	0.984	0.783	26.367	0.844	0.649	0.952	1197.87	56343	15874.46	4172
SRX19534008	Spleen	T regulatory cells	spleen	NA	SRP425083	SRS16920738	0.983	0.780	21.958	0.825	0.673	0.950	1221.17	54979	16142.26	4063
SRX19534009	Spleen	T regulatory cells	spleen	NA	SRP425083	SRS16920739	0.983	0.818	10.057	0.783	0.287	0.903	1705.58	35554	28183.81	2235
SRX19534010	Spleen	T regulatory cells	spleen	NA	SRP425083	SRS16920740	0.982	0.772	24.101	0.827	0.605	0.952	1199.38	55920	16057.12	3832
SRX19534011	Spleen	T regulatory cells	spleen	NA	SRP425083	SRS16920741	0.982	0.785	23.068	0.824	0.639	0.951	1201.62	56470	17202.02	3778
SRX19534012	Spleen	T regulatory cells	spleen	NA	SRP425083	SRS16920742	0.982	0.773	23.591	0.829	0.590	0.951	1195.1	55677	16344.79	3739
SRX19534013	Spleen	T regulatory cells	spleen	NA	SRP425083	SRS16920743	0.982	0.780	23.185	0.829	0.628	0.951	1148.39	57361	16441.18	3980
SRX19534014	Spleen	T regulatory cells	spleen	NA	SRP425083	SRS16920744	0.984	0.770	22.093	0.820	0.708	0.951	1205.94	54852	15467.3	3971
SRX19549715	Spleen	Natural killer cells	Spleen	Spleen	SRP425335	SRS16934795	0.982	0.786	22.666	0.838	0.684	0.955	906.72	61313	7448.61	3647
SRX19549716	Spleen	Natural killer cells	Spleen	Spleen	SRP425335	SRS16934796	0.982	0.788	23.400	0.841	0.678	0.955	903.27	62068	8328.51	2949
SRX19549717	Spleen	Natural killer cells	Spleen	Spleen	SRP425335	SRS16934797	0.982	0.786	21.609	0.836	0.636	0.956	911.36	60808	8204.49	2968
SRX19549718	Spleen	Natural killer cells	Spleen	Spleen	SRP425335	SRS16934798	0.982	0.789	24.703	0.838	0.659	0.956	900.83	62437	8192.12	3116
SRX1959109	Brain	NeuN+ neuronal nuclei	brain	bisulfite treated DNA from adult Bl6 mouse FACS sorted NeuN+ neuronal nuclei	SRP078848	SRS1569296	0.982	0.780	4.466	0.849	0.886	0.922	1358.36	35153	22572.47	1232
SRX1959110	Brain	NeuN+ neuronal nuclei	brain	bisulfite treated DNA from adult Bl6 mouse FACS sorted NeuN+ neuronal nuclei	SRP078848	SRS1569295	0.979	0.782	5.330	0.841	0.861	0.932	1329.84	41380	31204.9	1229
SRX1959111	Brain	NeuN+ neuronal nuclei	brain	TAB treated DNA from adult Bl6 mouse FACS sorted NeuN+ neuronal nuclei	SRP078848	SRS1569297	0.997	0.188	4.536	0.824	0.710	0.919	0.0	0	0.0	0
SRX1959112	Brain	NeuN+ neuronal nuclei	brain	TAB treated DNA from adult Bl6 mouse FACS sorted NeuN+ neuronal nuclei	SRP078848	SRS1569298	0.997	0.225	3.829	0.836	0.756	0.898	1038505.0	1	0.0	0
SRX1959247	Hypothalamus Region From Brain	mixed brain cells	hypothalamus region from brain	bisulfite treated genomic DNA from adult hypothamus	SRP078871	SRS1569434	0.971	0.772	7.969	0.801	0.636	0.900	1230.18	30282	19605.96	625
SRX1959248	Hypothalamus Region From Brain	mixed brain cells	hypothalamus region from brain	bisulfite treated genomic DNA from adult hypothamus	SRP078871	SRS1569436	0.970	0.779	8.366	0.818	0.649	0.905	1212.77	30925	18828.68	696
SRX1959249	Hypothalamus Region From Brain	mixed brain cells	hypothalamus region from brain	bisulfite treated genomic DNA from adult hypothamus	SRP078871	SRS1569435	0.963	0.768	6.640	0.721	0.495	0.846	1253.42	28655	26176.29	366
SRX1960923	Cones	NA	Cones	Cones	SRP078942	SRS1570920	0.964	0.822	4.876	0.789	0.873	0.902	1444.98	35481	27264.02	904
SRX1960925	Cones	NA	Cones	Cones	SRP078942	SRS1570921	0.964	0.821	4.893	0.791	0.873	0.902	1412.88	36704	25732.03	1055
SRX1960927	Rods	NA	Rods	Rods	SRP078942	SRS1570925	0.973	0.783	5.194	0.796	0.894	0.921	1356.0	40553	24433.0	950
SRX1960929	Rods	NA	Rods	Rods	SRP078942	SRS1570926	0.973	0.783	5.208	0.799	0.894	0.921	1365.42	40061	25834.59	778
SRX1960933	Horizontal Cells	NA	Horizontal Cells	Horizontal Cells	SRP078942	SRS1570930	0.968	0.746	1.852	0.724	0.410	0.717	1520.92	30712	86747.22	209
SRX1960934	Horizontal Cells	NA	Horizontal Cells	Horizontal Cells	SRP078942	SRS1570931	0.968	0.746	1.824	0.724	0.407	0.715	1531.49	30583	84393.78	247
SRX1960935	Horizontal Cells	NA	Horizontal Cells	Horizontal Cells	SRP078942	SRS1570933	0.983	0.771	2.160	0.748	0.630	0.747	1467.81	31418	73849.4	220
SRX1960936	Horizontal Cells	NA	Horizontal Cells	Horizontal Cells	SRP078942	SRS1570932	0.983	0.770	2.173	0.754	0.626	0.748	1469.13	31500	67854.41	304
SRX1960937	Horizontal Cells	NA	Horizontal Cells	Horizontal Cells	SRP078942	SRS1570934	0.983	0.760	1.817	0.745	0.594	0.713	1529.58	30469	90575.75	158
SRX1960938	Horizontal Cells	NA	Horizontal Cells	Horizontal Cells	SRP078942	SRS1570936	0.983	0.761	1.828	0.750	0.590	0.714	1532.44	30315	88489.46	159
SRX1960939	Starbust Amacrine	NA	Starbust amacrine cells	Starbust amacrine cells	SRP078942	SRS1570935	0.969	0.799	3.026	0.817	0.561	0.814	1425.79	35462	67231.23	706
SRX1960940	Starbust Amacrine	NA	Starbust amacrine cells	Starbust amacrine cells	SRP078942	SRS1570937	0.969	0.799	3.013	0.818	0.561	0.813	1455.82	34336	69900.47	621
SRX1960941	Starbust Amacrine	NA	Starbust amacrine cells	Starbust amacrine cells	SRP078942	SRS1570938	0.968	0.803	2.518	0.820	0.497	0.777	1466.19	33807	83346.48	638
SRX1960942	Starbust Amacrine	NA	Starbust amacrine cells	Starbust amacrine cells	SRP078942	SRS1570939	0.968	0.803	2.507	0.822	0.497	0.777	1475.34	33612	82211.46	660
SRX19635525	Skin	anagen hair follicle cells	skin	skin	SRP426653	SRS17004554	0.985	0.672	20.523	0.874	0.564	0.971	1108.46	90591	12002.49	2718
SRX19635526	Skin	anagen hair follicle cells	skin	skin	SRP426653	SRS17004555	0.984	0.671	18.240	0.832	0.567	0.970	1125.12	88190	12651.29	2418
SRX19635527	Skin	anagen hair follicle cells	skin	skin	SRP426653	SRS17004556	0.983	0.681	20.795	0.872	0.562	0.971	1117.3	94604	12827.74	3247
SRX19635528	Skin	anagen hair follicle cells	skin	skin	SRP426653	SRS17004557	0.984	0.669	18.285	0.867	0.580	0.970	1176.57	91012	13650.82	3138
SRX19750499	Lin Neg	Lin_neg	NA	Lin_neg	SRP428771	SRS17116143	0.992	0.766	30.477	0.816	0.841	0.957	871.1	64087	6882.21	3516
SRX19750500	Lin Neg	Lin_neg	NA	Lin_neg	SRP428771	SRS17116144	0.992	0.775	30.632	0.829	0.832	0.957	843.37	61937	6528.16	3347
SRX19750501	Lin Neg	Lin_neg	NA	Lin_neg	SRP428771	SRS17116145	0.991	0.783	30.541	0.836	0.761	0.957	850.69	61428	6761.31	3266
SRX19750523	LSK	LSK	NA	LSK	SRP428771	SRS17116167	0.992	0.771	27.578	0.831	0.797	0.957	842.45	66218	7074.81	3537
SRX19750524	LSK	LSK	NA	LSK	SRP428771	SRS17116168	0.991	0.777	26.677	0.802	0.841	0.954	854.98	60027	6507.8	3116
SRX19750525	LSK	LSK	NA	LSK	SRP428771	SRS17116169	0.991	0.789	29.990	0.808	0.839	0.957	849.18	61220	6536.56	3541
SRX19886228	Retina	Retinal ganglion cell	Retina	Retina	SRP431160	SRS17240420	0.986	0.784	24.029	0.824	0.482	0.966	949.63	79951	11559.09	3011
SRX19886229	Retina	Retinal ganglion cell	Retina	Retina	SRP431160	SRS17240421	0.985	0.778	22.781	0.827	0.529	0.964	987.6	77859	12031.63	3254
SRX19920467	Somatosensory Cortex	NA	Somatosensory cortex	Somatosensory cortex	SRP431846	SRS17273253	0.978	0.734	18.580	0.833	0.484	0.956	1389.22	63991	11134.23	2968
SRX19920468	Somatosensory Cortex	NA	Somatosensory cortex	Somatosensory cortex	SRP431846	SRS17273252	0.977	0.728	23.584	0.824	0.637	0.966	1362.69	68464	11513.56	2913
SRX19920469	Somatosensory Cortex	NA	Somatosensory cortex	Somatosensory cortex	SRP431846	SRS17273254	0.972	0.753	18.282	0.820	0.430	0.965	1221.93	51815	11781.97	3594
SRX19920470	Somatosensory Cortex	NA	Somatosensory cortex	Somatosensory cortex	SRP431846	SRS17273255	0.973	0.751	23.569	0.826	0.620	0.957	1203.21	56355	11657.42	3616
SRX19948124	Elicited Macrophages	NA	elicited macrophages	elicited macrophages	SRP432324	SRS17296330	0.986	0.822	16.374	0.851	0.569	0.965	1051.24	52986	8203.42	3007
SRX19948125	Elicited Macrophages	NA	elicited macrophages	elicited macrophages	SRP432324	SRS17296331	0.998	0.770	16.963	0.835	0.659	0.962	929.9	59094	7755.05	2954
SRX1997674	Primary Articular Chondrocytes	primary articular chondrocytes	NA	Mouse cartilage tissue, DNMT3b knockout	SRP080866	SRS1599128	0.985	0.692	3.953	0.935	0.808	0.860	1450.61	35871	35203.48	312
SRX1997675	Primary Articular Chondrocytes	primary articular chondrocytes	NA	Mouse cartilage tissue, DNMT3b knockout	SRP080866	SRS1599129	0.986	0.695	4.342	0.936	0.801	0.871	1408.03	37144	27517.43	434
SRX1997676	Primary Articular Chondrocytes	primary articular chondrocytes	NA	Mouse cartilage tissue, DNMT3b knockout	SRP080866	SRS1599130	0.985	0.691	3.314	0.935	0.842	0.839	1509.92	34779	39017.67	307
SRX1997677	Primary Articular Chondrocytes	primary articular chondrocytes	NA	Mouse cartilage tissue, control	SRP080866	SRS1599131	0.986	0.691	4.065	0.939	0.759	0.860	1454.48	35477	34803.23	317
SRX1997678	Primary Articular Chondrocytes	primary articular chondrocytes	NA	Mouse cartilage tissue, control	SRP080866	SRS1599132	0.986	0.697	3.792	0.938	0.774	0.854	1481.95	34729	32237.88	373
SRX1997679	Primary Articular Chondrocytes	primary articular chondrocytes	NA	Mouse cartilage tissue, control	SRP080866	SRS1599133	0.986	0.693	2.997	0.936	0.788	0.821	1557.99	33413	42200.74	274
SRX2002361	ESC	mESCs	NA	mESCs	SRP069154	SRS1602514	0.991	0.614	3.451	0.796	0.852	0.799	1972.85	28396	123236.55	124
SRX2002362	ESC	mESCs	NA	mESCs	SRP069154	SRS1602516	0.991	0.735	2.551	0.750	0.847	0.764	1644.13	26513	100082.7	215
SRX2002363	ESC	mESCs	NA	mESCs	SRP069154	SRS1602517	0.980	0.659	4.351	0.771	0.811	0.768	1542.79	29224	70276.1	178
SRX2004700	Hepatocyte	NA	Hepatocyte	Adult_DKO_Hepatocyte	SRP081004	SRS1604169	0.984	0.720	31.090	0.596	0.823	0.952	948.65	46516	9514.74	2126
SRX2004701	Hepatocyte	NA	Hepatocyte	Adult_WT_Hepatocyte	SRP081004	SRS1604170	0.986	0.715	23.059	0.631	0.795	0.949	945.53	65165	9048.13	3261
SRX2004702	Hepatocyte	NA	Hepatocyte	Newborn_WT_Hepatocyte	SRP081004	SRS1604173	0.986	0.741	24.676	0.691	0.791	0.952	932.41	56709	7871.97	2862
SRX20063655	Embryonic Gonad	primordial germ cell	embryonic gonad	embryonic gonad	SRP433931	SRS17401534	0.977	0.041	11.243	0.648	0.272	0.933	209408.91	1781	678453.88	878
SRX20063656	Embryonic Gonad	primordial germ cell	embryonic gonad	embryonic gonad	SRP433931	SRS17401535	0.976	0.140	13.975	0.643	0.270	0.944	0.0	0	0.0	0
SRX20063657	Embryonic Gonad	primordial germ cell	embryonic gonad	embryonic gonad	SRP433931	SRS17401536	0.972	0.048	6.271	0.627	0.117	0.911	447843.84	55	1684869.5	131
SRX20063658	Embryonic Gonad	primordial germ cell	embryonic gonad	embryonic gonad	SRP433931	SRS17401537	0.971	0.071	5.089	0.616	0.093	0.882	0.0	0	3958854.09	45
SRX20063659	Embryonic Gonad	primordial germ cell	embryonic gonad	embryonic gonad	SRP433931	SRS17401538	0.972	0.075	10.105	0.586	0.297	0.933	887502.67	3	3188983.43	79
SRX20063660	Embryonic Gonad	primordial germ cell	embryonic gonad	embryonic gonad	SRP433931	SRS17401539	0.987	0.041	21.624	0.599	0.473	0.951	135504.65	5359	584050.66	1297
SRX2009298	Inner Cell Mass	NA	inner cell mass	Embryonic Stem Cells	SRP081133	SRS1607378	0.989	0.802	2.815	0.766	0.840	0.813	1557.11	22751	40423.2	513
SRX2009299	Inner Cell Mass	NA	inner cell mass	Embryonic Stem Cells	SRP081133	SRS1607382	0.989	0.803	3.916	0.765	0.835	0.869	1488.17	24124	28195.19	708
SRX2009300	Inner Cell Mass	NA	inner cell mass	Embryonic Stem Cells	SRP081133	SRS1607384	0.989	0.799	3.474	0.772	0.853	0.865	1491.47	24033	32648.9	587
SRX2009301	Inner Cell Mass	NA	inner cell mass	Embryonic Stem Cells	SRP081133	SRS1607385	0.989	0.802	4.562	0.737	0.850	0.900	1427.88	25221	28840.93	656
SRX2009302	Inner Cell Mass	NA	inner cell mass	Embryonic Stem Cells	SRP081133	SRS1607379	0.993	0.632	3.639	0.768	0.834	0.854	4023.82	27638	339993.31	1387
SRX2009303	Inner Cell Mass	NA	inner cell mass	Embryonic Stem Cells	SRP081133	SRS1607380	0.993	0.631	3.392	0.764	0.826	0.844	4176.45	26727	335239.55	1383
SRX2009304	Inner Cell Mass	NA	inner cell mass	Embryonic Stem Cells	SRP081133	SRS1607381	0.993	0.629	3.518	0.761	0.823	0.855	4032.01	26526	337775.89	1306
SRX2009305	Inner Cell Mass	NA	inner cell mass	Embryonic Stem Cells	SRP081133	SRS1607383	0.993	0.631	3.280	0.767	0.836	0.840	4248.8	26355	363329.35	1222
SRX2013782	Blood	Promyelocytes	Whole blood	Promyelocytes	SRP081312	SRS1610657	0.999	0.845	28.541	0.841	0.775	0.941	960.39	61250	8618.87	3512
SRX2013783	Blood	Granulocytes	Whole blood	Granulocytes	SRP081312	SRS1610658	0.999	0.818	29.181	0.826	0.759	0.939	907.58	66960	7604.8	3735
SRX2015345	Brain	NA	NA	whole brain	SRP081475	SRS1611371	0.977	0.757	8.479	0.864	0.941	0.944	1256.46	39233	15102.46	1521
SRX2015346	Brain	NA	NA	whole brain	SRP081475	SRS1611368	0.977	0.757	7.398	0.856	0.943	0.942	1284.39	38579	18869.61	1147
SRX20174651	FACS-sorted microglia	FACS-sorted microglia	NA	Microglia	SRP435424	SRS17496725	0.975	0.658	12.034	0.596	0.724	0.925	1180.33	36792	15752.2	784
SRX20174652	FACS-sorted microglia	FACS-sorted microglia	NA	Microglia	SRP435424	SRS17496727	0.972	0.643	12.079	0.600	0.781	0.924	1129.2	39553	19151.79	465
SRX20174653	FACS-sorted microglia	FACS-sorted microglia	NA	Microglia	SRP435424	SRS17496728	0.973	0.630	12.011	0.594	0.772	0.921	1121.24	40757	16170.27	654
SRX20174654	FACS-sorted microglia	FACS-sorted microglia	NA	Microglia	SRP435424	SRS17496726	0.974	0.639	12.196	0.587	0.789	0.926	1120.62	40493	16424.82	622
SRX20178044	Liver	NA	Liver	Liver	SRP435461	SRS17511341	0.997	0.692	31.574	0.778	0.765	0.962	1062.96	50649	8089.4	2833
SRX20178045	Liver	NA	Liver	Liver	SRP435461	SRS17511345	0.997	0.684	25.812	0.766	0.748	0.961	1036.66	54311	8245.42	2675
SRX20178046	Liver	NA	Liver	Liver	SRP435461	SRS17511343	0.997	0.704	29.821	0.780	0.717	0.962	1048.71	51393	8342.79	2674
SRX20178047	Mammary Gland	NA	Mammary gland	Mammary gland	SRP435461	SRS17511344	0.998	0.723	29.144	0.840	0.758	0.962	1062.49	74547	9189.81	2573
SRX20178048	Mammary Gland	NA	Mammary gland	Mammary gland	SRP435461	SRS17511342	0.998	0.729	29.229	0.852	0.724	0.962	1064.37	67911	8702.23	2620
SRX202086	ESC	ES-cells	NA	Embryonic Stem cells	SRP016893	SRS373582	0.998	0.310	54.884	0.762	0.586	0.937	2901.54	55509	94548.34	2939
SRX202087	ESC	ES-cells	NA	Embryonic Stem cells	SRP016893	SRS373583	0.994	0.672	26.063	0.778	0.739	0.942	1280.23	44119	11250.96	4003
SRX202088	ESC	ES-cells	NA	Embryonic Stem cells	SRP016893	SRS373584	0.999	0.200	23.925	0.751	0.710	0.941	49218.87	3949	2747477.55	11
SRX20229536	Skin	NA	skin	skin	SRP436016	SRS17547611	0.997	0.705	10.023	0.970	0.997	0.952	1173.47	39927	13220.79	1375
SRX20229537	Skin	NA	skin	skin	SRP436016	SRS17547610	0.997	0.708	11.370	0.970	0.997	0.948	1143.16	41116	9029.34	2233
SRX20229538	Skin	NA	skin	skin	SRP436016	SRS17547612	0.997	0.719	11.157	0.971	0.997	0.946	1150.95	40965	8457.6	2574
SRX20229539	Skin	NA	skin	skin	SRP436016	SRS17547613	0.997	0.710	10.689	0.970	0.997	0.947	1168.69	40691	8194.1	2583
SRX20229540	Skin	NA	skin	skin	SRP436016	SRS17547614	0.996	0.686	13.357	0.971	0.997	0.955	1201.99	37508	8797.07	2044
SRX20229541	Skin	NA	skin	skin	SRP436016	SRS17547615	0.997	0.684	10.775	0.969	0.997	0.955	1217.92	36922	13486.36	1026
SRX20229542	Skin	NA	skin	skin	SRP436016	SRS17547617	0.997	0.697	9.584	0.970	0.997	0.952	1206.84	38840	13058.97	1229
SRX20229543	Skin	NA	skin	skin	SRP436016	SRS17547618	0.997	0.697	9.374	0.969	0.997	0.948	1240.88	40115	13802.46	1638
SRX20229544	Skin	NA	skin	skin	SRP436016	SRS17547616	0.997	0.712	10.309	0.969	0.996	0.944	1234.89	42450	9845.18	2600
SRX20229545	Skin	NA	skin	skin	SRP436016	SRS17547620	0.997	0.705	11.036	0.969	0.997	0.945	1206.46	42044	9368.99	2782
SRX20229546	Skin	NA	skin	skin	SRP436016	SRS17547619	0.997	0.716	10.464	0.970	0.997	0.944	1206.79	40953	8838.68	2760
SRX20229547	Skin	NA	skin	skin	SRP436016	SRS17547621	0.997	0.692	10.867	0.970	0.997	0.953	1199.88	39306	13249.17	1327
SRX2033416	Colon	NA	colon	colonic epithelium	SRP082360	SRS1627360	0.996	0.696	5.133	0.805	0.874	0.913	1475.14	47243	18334.48	1075
SRX2033417	Colon	NA	colon	colonic epithelium	SRP082360	SRS1627361	0.996	0.690	5.356	0.808	0.870	0.917	1466.79	48550	20236.91	892
SRX2033418	Colon	NA	colon	colonic epithelium	SRP082360	SRS1627362	0.996	0.694	5.254	0.805	0.870	0.916	1448.97	48306	19691.78	937
SRX2033419	Colon	NA	colon	colonic epithelium	SRP082360	SRS1627363	0.996	0.688	5.113	0.804	0.873	0.915	1515.93	45794	20603.56	817
SRX2033420	Colon	NA	colon	colonic epithelium	SRP082360	SRS1627364	0.996	0.695	5.498	0.807	0.867	0.920	1419.08	49553	19094.61	1012
SRX2033421	Colon	NA	colon	colonic epithelium	SRP082360	SRS1627365	0.996	0.691	6.076	0.808	0.871	0.925	1376.03	51077	20851.12	801
SRX2033422	Colon	NA	colon	colonic epithelium	SRP082360	SRS1627366	0.996	0.692	5.504	0.808	0.870	0.921	1416.84	49932	20746.23	832
SRX2033423	Colon	NA	colon	colonic epithelium	SRP082360	SRS1627367	0.996	0.686	5.794	0.809	0.873	0.923	1415.31	49230	20233.26	824
SRX2033424	Colon	NA	colon	colonic epithelium	SRP082360	SRS1627368	0.996	0.694	5.269	0.808	0.871	0.918	1447.42	48528	19604.92	938
SRX2033425	Colon	NA	colon	colonic epithelium	SRP082360	SRS1627369	0.996	0.694	5.187	0.806	0.870	0.916	1483.06	47256	19068.26	1021
SRX2033426	Colon	NA	colon	colonic epithelium	SRP082360	SRS1627370	0.996	0.696	5.982	0.806	0.864	0.922	1412.09	49383	20122.97	805
SRX2033427	Colon	NA	colon	colonic epithelium	SRP082360	SRS1627374	0.996	0.699	4.838	0.804	0.862	0.908	1501.14	47445	21559.97	733
SRX2033428	Colon	NA	colon	colonic epithelium	SRP082360	SRS1627371	0.996	0.694	5.102	0.804	0.859	0.911	1507.37	46214	21524.8	689
SRX2033429	Colon	NA	colon	colonic epithelium	SRP082360	SRS1627372	0.996	0.696	5.300	0.802	0.863	0.914	1482.1	47023	18655.63	1048
SRX2033430	Colon	NA	colon	colonic epithelium	SRP082360	SRS1627373	0.996	0.692	5.732	0.804	0.865	0.920	1439.28	48933	19611.27	924
SRX204133	ESC	NA	NA	ES cells	SRP017139	SRS375033	0.985	0.018	2.163	0.773	0.768	0.778	0.0	0	59424034.0	1
SRX20545967	Liver	NA	Liver	Liver	SRP440315	SRS17852859	0.985	0.757	16.948	0.821	0.663	0.963	1204.16	51521	10003.0	3436
SRX20545968	Liver	NA	Liver	Liver	SRP440315	SRS17852860	0.985	0.749	7.378	0.823	0.692	0.949	1413.97	39564	15138.67	1346
SRX20545969	Liver	NA	Liver	Liver	SRP440315	SRS17852861	0.984	0.767	16.389	0.817	0.656	0.963	1243.04	49841	10543.25	3122
SRX20545970	Liver	NA	Liver	Liver	SRP440315	SRS17852862	0.981	0.771	17.135	0.821	0.641	0.962	1254.06	50716	10372.99	3440
SRX20545971	Liver	NA	Liver	Liver	SRP440315	SRS17852863	0.986	0.751	18.301	0.817	0.687	0.963	1202.03	39012	9633.68	2388
SRX20545972	Liver	NA	Liver	Liver	SRP440315	SRS17852864	0.985	0.753	16.662	0.822	0.651	0.962	1218.25	39038	9202.66	2720
SRX20545973	Liver	NA	Liver	Liver	SRP440315	SRS17852865	0.985	0.771	15.995	0.828	0.631	0.962	1216.4	40559	9595.73	2600
SRX20545974	Liver	NA	Liver	Liver	SRP440315	SRS17852866	0.985	0.754	13.258	0.823	0.683	0.959	1228.93	37804	8971.85	2550
SRX20594625	Bone Marrow	hematopoietic stem/progenitor cells (LSK)	bone marrow	bone marrow	SRP441169	SRS17894943	0.994	0.764	20.985	0.840	0.676	0.957	886.81	62178	11905.38	1992
SRX20594626	Bone Marrow	hematopoietic stem/progenitor cells (LSK)	bone marrow	bone marrow	SRP441169	SRS17894944	0.994	0.757	18.771	0.841	0.715	0.954	874.56	61391	11342.55	2053
SRX20594627	Bone Marrow	hematopoietic stem/progenitor cells (LSK)	bone marrow	bone marrow	SRP441169	SRS17894945	0.994	0.737	19.035	0.835	0.585	0.949	890.45	63900	12456.78	2210
SRX20594628	Bone Marrow	hematopoietic stem/progenitor cells (LSK)	bone marrow	bone marrow	SRP441169	SRS17894946	0.994	0.686	15.319	0.827	0.582	0.912	920.19	57131	19442.67	1017
SRX2059537	Pancreas	Primary Pancreatic Ductal Epithelial Cells	pancreas	K_primary pancreatic ductal epithelium	SRP083753	SRS1652204	0.982	0.625	17.055	0.704	0.812	0.950	5473.72	49528	371601.22	2298
SRX2059538	Pancreas	Primary Pancreatic Ductal Epithelial Cells	pancreas	K_primary pancreatic ductal epithelium	SRP083753	SRS1652203	0.982	0.645	16.280	0.675	0.823	0.951	5670.37	48832	463061.58	1998
SRX2059539	Pancreas	Primary Pancreatic Ductal Epithelial Cells	pancreas	KL_primary pancreatic ductal epithelium	SRP083753	SRS1652208	0.982	0.664	16.917	0.686	0.819	0.957	3717.03	52817	227889.54	2622
SRX2059540	Pancreas	Primary Pancreatic Ductal Epithelial Cells	pancreas	KL_primary pancreatic ductal epithelium	SRP083753	SRS1652207	0.982	0.666	20.089	0.695	0.813	0.959	3518.67	51424	296679.2	2473
SRX2070158	Oocytes	NA	NA	60-65um oocytes	SRP083895	SRS1660786	0.954	0.213	6.666	0.613	0.141	0.895	152820.62	923	302133.55	4446
SRX207542	Sperm	NA	Sperm	Sperm	SRP017350	SRS377657	0.965	0.733	2.111	0.637	0.749	0.727	1568.84	27970	75853.76	204
SRX20869104	Brain	NA	brain	NA	SRP447137	SRS18149179	0.942	0.666	29.788	0.739	0.349	0.964	1300.18	60796	16009.28	1899
SRX20927808	Cell Line	Melanoma	cell line	cell line	SRP447781	SRS18203224	0.997	0.671	10.451	0.780	0.617	0.936	9119.44	53493	522095.34	1899
SRX20927809	Cell Line	Melanoma	cell line	cell line	SRP447781	SRS18203226	0.997	0.647	12.467	0.771	0.618	0.942	8435.38	52151	375987.88	2512
SRX20927810	Cell Line	Melanoma	cell line	cell line	SRP447781	SRS18203225	0.997	0.634	12.781	0.744	0.638	0.942	8276.76	53636	329022.89	2686
SRX20927811	Cell Line	Melanoma	cell line	cell line	SRP447781	SRS18203230	0.997	0.630	11.456	0.713	0.595	0.940	8735.34	49347	536555.14	1780
SRX20927812	Cell Line	Melanoma	cell line	cell line	SRP447781	SRS18203228	0.997	0.650	11.573	0.713	0.638	0.939	8329.16	51903	491549.35	1893
SRX20927813	Cell Line	Melanoma	cell line	cell line	SRP447781	SRS18203227	0.997	0.652	11.790	0.718	0.644	0.940	7905.8	50082	547729.35	1763
SRX20927814	Cell Line	LUAD	cell line	cell line	SRP447781	SRS18203229	0.996	0.614	11.690	0.805	0.611	0.943	8377.39	49416	595003.33	1675
SRX20927815	Cell Line	LUAD	cell line	cell line	SRP447781	SRS18203231	0.996	0.635	11.441	0.802	0.613	0.942	7594.79	47201	581923.95	1612
SRX209448	Bone Marrow	NA	bone marrow	mouse bone marrow	SRP017503	SRS379237	0.995	0.674	9.294	0.721	0.850	0.911	1086.33	39075	10046.62	1156
SRX209449	Cerebellum	NA	cerebellum	mouse cerebellum	SRP017503	SRS379238	0.987	0.744	11.888	0.740	0.772	0.913	1053.65	62183	16580.41	1755
SRX209450	Colon	NA	colon	mouse colon	SRP017503	SRS379239	0.994	0.742	12.023	0.745	0.865	0.912	1180.1	36649	12465.11	1634
SRX209451	Cortex	NA	cortex	mouse cortex	SRP017503	SRS379240	0.984	0.748	13.098	0.779	0.800	0.915	1178.49	40782	8845.37	3112
SRX209452	Heart	NA	heart	mouse heart	SRP017503	SRS379241	0.994	0.709	9.796	0.762	0.371	0.913	1136.45	36592	13580.6	891
SRX209453	Intestine	NA	intestine	mouse intestine	SRP017503	SRS379242	0.993	0.731	11.920	0.709	0.723	0.914	1180.3	46473	12838.03	1289
SRX209454	Kidney	NA	kidney	mouse kidney	SRP017503	SRS379243	0.992	0.742	8.459	0.717	0.823	0.911	1162.88	38840	12343.28	1252
SRX209455	Liver	NA	liver	mouse liver	SRP017503	SRS379244	0.994	0.734	7.592	0.726	0.477	0.907	1329.5	29416	12592.84	973
SRX209456	Lung	NA	lung	mouse lung	SRP017503	SRS379245	0.994	0.724	10.160	0.732	0.746	0.913	1163.37	37300	13329.82	991
SRX209457	Olfactory Bulb	NA	olfactory bulb	mouse olfactory bulb	SRP017503	SRS379246	0.987	0.771	13.748	0.774	0.836	0.915	1147.27	53160	9103.85	3316
SRX209458	Pancreas	NA	pancreas	mouse pancreas	SRP017503	SRS379247	0.993	0.672	10.593	0.711	0.772	0.913	1254.65	44185	14003.94	1026
SRX209459	Placenta	NA	placenta	mouse placenta	SRP017503	SRS379248	0.994	0.481	12.770	0.734	0.780	0.917	1577.33	24234	804797.81	1163
SRX209460	Skin	NA	skin	mouse skin	SRP017503	SRS379249	0.993	0.714	12.253	0.752	0.860	0.913	1164.76	42218	13402.08	1507
SRX209461	Spleen	NA	spleen	mouse spleen	SRP017503	SRS379250	0.995	0.772	7.984	0.667	0.648	0.912	1099.36	40524	12136.17	1136
SRX209462	Stomach	NA	stomach	mouse stomach	SRP017503	SRS379251	0.992	0.708	10.512	0.716	0.835	0.911	1171.01	38085	12693.19	1032
SRX209463	Thymus	NA	thymus	mouse thymus	SRP017503	SRS379252	0.994	0.811	12.067	0.712	0.789	0.914	988.0	52184	11371.51	1870
SRX209464	Uterus	NA	uterus	mouse uterus	SRP017503	SRS379253	0.994	0.720	9.323	0.724	0.846	0.912	1161.21	41480	11527.02	1170
SRX210598	ESC	NA	NA	ES cells	SRP017572	SRS379858	0.981	0.729	4.633	0.770	0.687	0.787	1214.54	25762	55677.52	475
SRX210599	ESC	NA	NA	ES cells	SRP017572	SRS379859	0.984	0.691	5.025	0.794	0.745	0.837	1384.65	30286	52939.68	694
SRX210600	ESC	NA	NA	ES cells	SRP017572	SRS379860	0.989	0.702	3.827	0.755	0.678	0.790	1407.43	29686	77482.36	479
SRX210601	ESC	NA	NA	ES cells	SRP017572	SRS379861	0.987	0.694	4.524	0.761	0.699	0.811	1398.93	29799	59537.56	612
SRX210602	ESC	NA	NA	ES cells	SRP017572	SRS379862	0.988	0.268	4.280	0.790	0.745	0.816	937350.0	2	0.0	0
SRX210603	ESC	NA	NA	ES cells	SRP017572	SRS379863	0.985	0.271	5.113	0.781	0.705	0.833	0.0	0	0.0	0
SRX210604	ESC	NA	NA	ES cells	SRP017572	SRS379864	0.983	0.266	3.249	0.776	0.760	0.775	838820.0	1	0.0	0
SRX21081746	Neuroectoderm	Neuroectoderm cells	NA	Neuroectoderm cells	SRP450385	SRS18351197	0.992	0.698	30.431	0.814	0.795	0.960	1018.08	31195	6181.89	2653
SRX21081747	Neuroectoderm	Neuroectoderm cells	NA	Neuroectoderm cells	SRP450385	SRS18351198	0.992	0.704	31.815	0.802	0.797	0.960	1067.21	37999	7012.16	3488
SRX21081748	Neuroectoderm	Neuroectoderm cells	NA	Neuroectoderm cells	SRP450385	SRS18351199	0.990	0.703	28.166	0.803	0.808	0.960	1057.39	37302	6933.42	3422
SRX21157954	Fully Grown Oocyte	Fully grown oocyte	NA	Fully grown oocyte	SRP451433	SRS18420207	0.964	0.337	4.904	0.512	0.187	0.885	30081.62	26293	181612.28	7222
SRX21157955	Fully Grown Oocyte	Fully grown oocyte	NA	Fully grown oocyte	SRP451433	SRS18420208	0.953	0.338	2.439	0.597	0.044	0.789	43929.91	10268	278821.04	4248
SRX21157956	Fully Grown Oocyte	Fully grown oocyte	NA	Fully grown oocyte	SRP451433	SRS18420209	0.979	0.268	6.068	0.655	0.207	0.906	43417.76	16552	185229.52	7511
SRX21157957	Fully Grown Oocyte	Fully grown oocyte	NA	Fully grown oocyte	SRP451433	SRS18420210	0.977	0.258	2.588	0.622	0.048	0.809	62660.87	5996	284350.94	4276
SRX21157958	Fully Grown Oocyte	Fully grown oocyte	NA	Fully grown oocyte	SRP451433	SRS18420211	0.985	0.059	2.805	0.643	0.046	0.812	0.0	0	3050083.75	20
SRX21157959	Fully Grown Oocyte	Fully grown oocyte	NA	Fully grown oocyte	SRP451433	SRS18420213	0.986	0.061	3.266	0.650	0.057	0.838	835254.0	2	3014756.52	33
SRX21157960	Sperm	Sperm	NA	Sperm	SRP451433	SRS18420212	0.982	0.748	8.223	0.672	0.386	0.919	1506.19	66162	86110.73	1670
SRX21157962	Sperm	Sperm	NA	Sperm	SRP451433	SRS18420215	0.985	0.712	1.682	0.740	0.496	0.729	2534.5	51395	673042.49	444
SRX21157963	Sperm	Sperm	NA	Sperm	SRP451433	SRS18420216	0.986	0.636	2.210	0.745	0.495	0.788	2997.29	44944	672658.81	491
SRX21157964	Sperm	Sperm	NA	Sperm	SRP451433	SRS18420217	0.985	0.646	1.735	0.791	0.498	0.738	2912.86	42004	814380.76	414
SRX21157965	Sperm	Sperm	NA	Sperm	SRP451433	SRS18420218	0.982	0.490	3.979	0.370	0.285	0.882	6199.71	28061	424546.02	921
SRX21346951	Sperm	NA	Sperm	Sperm	SRP454736	SRS18592012	0.993	0.817	16.653	0.850	0.735	0.963	1911.93	75233	43957.63	4466
SRX21346952	Sperm	NA	Sperm	Sperm	SRP454736	SRS18592011	0.992	0.812	14.980	0.846	0.752	0.962	1851.24	75464	45668.01	4276
SRX21346953	Sperm	NA	Sperm	Sperm	SRP454736	SRS18592013	0.992	0.812	14.602	0.841	0.775	0.960	1822.65	74119	43644.05	4382
SRX21346954	Sperm	NA	Sperm	Sperm	SRP454736	SRS18592014	0.993	0.813	12.620	0.841	0.773	0.960	1706.3	72577	41882.88	4061
SRX21346955	Sperm	NA	Sperm	Sperm	SRP454736	SRS18592015	0.992	0.814	16.104	0.849	0.764	0.960	1791.97	74371	44629.91	4167
SRX21346956	Sperm	NA	Sperm	Sperm	SRP454736	SRS18592016	0.992	0.810	14.838	0.843	0.732	0.960	1834.31	74307	44771.45	4200
SRX21346957	Sperm	NA	Sperm	Sperm	SRP454736	SRS18592017	0.991	0.812	11.169	0.843	0.798	0.957	1726.7	71236	73066.74	2552
SRX21346958	Sperm	NA	Sperm	Sperm	SRP454736	SRS18592018	0.992	0.814	17.577	0.845	0.723	0.961	1762.88	73960	40316.98	4390
SRX21346959	Sperm	NA	Sperm	Sperm	SRP454736	SRS18592019	0.993	0.809	13.662	0.838	0.780	0.960	1803.57	74792	47702.46	4015
SRX21346960	Sperm	NA	Sperm	Sperm	SRP454736	SRS18592020	0.993	0.816	12.702	0.858	0.746	0.958	1767.64	72841	42454.57	4028
SRX21346961	Sperm	NA	Sperm	Sperm	SRP454736	SRS18592021	0.993	0.810	12.650	0.847	0.776	0.958	1768.1	73062	46364.86	3777
SRX21346962	Sperm	NA	Sperm	Sperm	SRP454736	SRS18592022	0.992	0.815	17.749	0.842	0.737	0.964	1994.17	75634	46134.34	4551
SRX21346963	Sperm	NA	Sperm	Sperm	SRP454736	SRS18592023	0.993	0.815	17.575	0.852	0.735	0.963	1918.1	77195	44431.49	4550
SRX21346964	Sperm	NA	Sperm	Sperm	SRP454736	SRS18592024	0.992	0.815	14.126	0.853	0.757	0.960	1744.61	74224	42718.29	4150
SRX21346965	Sperm	NA	Sperm	Sperm	SRP454736	SRS18592025	0.993	0.815	15.041	0.844	0.764	0.960	1817.96	73943	45320.94	3987
SRX21346966	Sperm	NA	Sperm	Sperm	SRP454736	SRS18592027	0.993	0.813	13.041	0.844	0.774	0.958	1742.87	72314	41416.8	4252
SRX21346967	Sperm	NA	Sperm	Sperm	SRP454736	SRS18592026	0.993	0.810	11.585	0.844	0.773	0.957	1762.85	72093	45326.36	4114
SRX21346968	Sperm	NA	Sperm	Sperm	SRP454736	SRS18592028	0.992	0.810	13.501	0.845	0.737	0.959	1762.71	73636	43468.18	4097
SRX21346969	Sperm	NA	Sperm	Sperm	SRP454736	SRS18592029	0.993	0.813	13.378	0.845	0.784	0.959	1762.77	73312	41025.64	4256
SRX21346970	Sperm	NA	Sperm	Sperm	SRP454736	SRS18592030	0.992	0.807	14.351	0.842	0.746	0.960	1764.14	73255	42264.86	4388
SRX21346971	Sperm	NA	Sperm	Sperm	SRP454736	SRS18592031	0.992	0.809	13.179	0.834	0.783	0.961	1788.06	73951	46436.94	4045
SRX21346972	Sperm	NA	Sperm	Sperm	SRP454736	SRS18592032	0.993	0.811	13.621	0.847	0.774	0.958	1732.82	73208	44952.5	4182
SRX21346973	Sperm	NA	Sperm	Sperm	SRP454736	SRS18592033	0.993	0.819	11.290	0.861	0.752	0.957	1692.01	71983	72170.19	2545
SRX21346974	Sperm	NA	Sperm	Sperm	SRP454736	SRS18592034	0.991	0.811	10.381	0.829	0.761	0.958	1715.3	70457	69955.08	2738
SRX21381096	Liver	Hepatocyte	Liver	Liver	SRP455338	SRS18622064	0.995	0.721	17.736	0.843	0.792	0.954	6009.31	57933	232170.46	3046
SRX21381097	Liver	Hepatocyte	Liver	Liver	SRP455338	SRS18622065	0.996	0.720	30.931	0.824	0.814	0.958	5412.56	65405	207695.32	3369
SRX21474919	Bone Marrow	NA	Bone marrow	NA	SRP456835	SRS18708368	0.987	0.753	13.527	0.899	0.740	0.947	1025.06	49538	7450.95	2917
SRX21474920	Bone Marrow	NA	Bone marrow	NA	SRP456835	SRS18708369	0.979	0.731	15.060	0.822	0.748	0.940	988.59	47328	10940.66	1368
SRX21474921	Bone Marrow	NA	Bone marrow	NA	SRP456835	SRS18708370	0.978	0.706	15.310	0.826	0.728	0.938	1026.38	61605	14141.97	2227
SRX21474922	Bone Marrow	NA	Bone marrow	NA	SRP456835	SRS18708371	0.977	0.774	7.962	0.857	0.437	0.953	1176.26	43884	14528.17	909
SRX21474923	Bone Marrow	NA	Bone marrow	NA	SRP456835	SRS18708372	0.977	0.783	7.448	0.855	0.413	0.950	1188.66	37714	14338.82	771
SRX21474924	Bone Marrow	NA	Bone marrow	NA	SRP456835	SRS18708373	0.976	0.788	6.909	0.851	0.441	0.948	1270.51	35233	14883.57	709
SRX21474925	Bone Marrow	NA	Bone marrow	NA	SRP456835	SRS18708374	0.979	0.773	10.340	0.862	0.644	0.957	1094.04	48425	11071.02	1364
SRX21474926	Bone Marrow	NA	Bone marrow	NA	SRP456835	SRS18708375	0.977	0.785	11.902	0.859	0.601	0.958	1098.78	43539	10806.57	1345
SRX21474927	Bone Marrow	NA	Bone marrow	NA	SRP456835	SRS18708376	0.977	0.787	6.754	0.857	0.437	0.948	1276.54	35631	13511.58	958
SRX21474928	Bone Marrow	NA	Bone marrow	NA	SRP456835	SRS18708377	0.981	0.766	14.151	0.875	0.686	0.953	1026.25	57275	7283.05	3210
SRX21474929	Bone Marrow	NA	Bone marrow	NA	SRP456835	SRS18708378	0.983	0.767	8.091	0.909	0.816	0.943	1121.12	48077	18113.19	946
SRX21474930	Bone Marrow	NA	Bone marrow	NA	SRP456835	SRS18708379	0.979	0.784	7.508	0.870	0.526	0.946	1162.8	37544	14240.49	764
SRX21474931	Bone Marrow	NA	Bone marrow	NA	SRP456835	SRS18708380	0.981	0.778	9.772	0.869	0.547	0.950	1153.24	42526	10572.79	1372
SRX21474932	Bone Marrow	NA	Bone marrow	NA	SRP456835	SRS18708381	0.977	0.769	6.785	0.859	0.436	0.948	1246.04	45688	17971.36	1140
SRX21474933	Bone Marrow	NA	Bone marrow	NA	SRP456835	SRS18708382	0.976	0.772	5.801	0.830	0.319	0.936	1330.29	37883	15701.23	911
SRX21474934	Bone Marrow	NA	Bone marrow	NA	SRP456835	SRS18708383	0.979	0.792	6.883	0.857	0.424	0.950	1289.29	40500	19063.56	717
SRX21474935	Bone Marrow	NA	Bone marrow	NA	SRP456835	SRS18708384	0.982	0.799	8.004	0.861	0.636	0.953	1129.53	39430	15992.08	808
SRX21474936	Bone Marrow	NA	Bone marrow	NA	SRP456835	SRS18708385	0.981	0.803	9.297	0.865	0.644	0.955	1094.56	40646	11464.46	1170
SRX21474937	Bone Marrow	NA	Bone marrow	NA	SRP456835	SRS18708386	0.983	0.779	8.242	0.863	0.640	0.954	1132.28	44172	12029.46	1134
SRX21474938	Bone Marrow	NA	Bone marrow	NA	SRP456835	SRS18708387	0.984	0.692	17.179	0.851	0.732	0.938	1030.4	60669	14103.2	2183
SRX21474939	Bone Marrow	NA	Bone marrow	NA	SRP456835	SRS18708388	0.984	0.711	16.146	0.859	0.754	0.938	1026.85	66718	15545.37	2544
SRX21474940	Bone Marrow	NA	Bone marrow	NA	SRP456835	SRS18708389	0.984	0.699	15.305	0.847	0.748	0.937	998.31	54192	12398.95	1601
SRX21474941	Bone Marrow	NA	Bone marrow	NA	SRP456835	SRS18708391	0.980	0.722	13.096	0.839	0.687	0.939	1019.39	53978	12712.01	1506
SRX21474942	Bone Marrow	NA	Bone marrow	NA	SRP456835	SRS18708390	0.982	0.708	13.177	0.861	0.754	0.955	1038.98	56548	12497.98	1873
SRX21474943	Bone Marrow	NA	Bone marrow	NA	SRP456835	SRS18708392	0.982	0.620	7.918	0.868	0.765	0.947	1454.3	48873	21926.92	1413
SRX21474944	Bone Marrow	NA	Bone marrow	NA	SRP456835	SRS18708393	0.982	0.683	7.036	0.864	0.759	0.943	1410.93	53662	24849.21	1887
SRX21474945	Bone Marrow	NA	Bone marrow	NA	SRP456835	SRS18708394	0.983	0.682	10.809	0.868	0.735	0.954	1165.2	61849	16115.83	2522
SRX21474946	Bone Marrow	NA	Bone marrow	NA	SRP456835	SRS18708395	0.983	0.686	7.038	0.906	0.760	0.938	1318.92	40318	15211.91	912
SRX21474947	Bone Marrow	NA	Bone marrow	NA	SRP456835	SRS18708396	0.984	0.701	9.259	0.926	0.738	0.942	1111.66	41982	11014.22	1088
SRX21474948	Bone Marrow	NA	Bone marrow	NA	SRP456835	SRS18708397	0.983	0.695	8.354	0.918	0.789	0.939	1200.94	44834	11944.22	1436
SRX21474949	Bone Marrow	NA	Bone marrow	NA	SRP456835	SRS18708398	0.983	0.699	7.464	0.915	0.768	0.940	1275.12	44156	16217.24	971
SRX21474950	Bone Marrow	NA	Bone marrow	NA	SRP456835	SRS18708399	0.982	0.753	9.142	0.917	0.841	0.946	1111.39	55140	13319.78	1881
SRX21474951	Bone Marrow	NA	Bone marrow	NA	SRP456835	SRS18708400	0.980	0.746	9.470	0.916	0.840	0.946	1114.05	54657	13279.53	1769
SRX21474952	Bone Marrow	NA	Bone marrow	NA	SRP456835	SRS18708401	0.983	0.684	7.775	0.925	0.750	0.939	1238.92	45227	16682.56	1069
SRX21474953	Bone Marrow	NA	Bone marrow	NA	SRP456835	SRS18708402	0.981	0.801	9.936	0.871	0.577	0.945	1127.94	40456	11505.07	1323
SRX21474954	Bone Marrow	NA	Bone marrow	NA	SRP456835	SRS18708403	0.980	0.793	5.489	0.868	0.615	0.931	1408.62	36346	18014.99	862
SRX21474955	Bone Marrow	NA	Bone marrow	NA	SRP456835	SRS18708404	0.981	0.772	8.189	0.871	0.566	0.943	1129.9	53624	12526.22	2077
SRX21474956	Bone Marrow	NA	Bone marrow	NA	SRP456835	SRS18708405	0.982	0.775	6.352	0.874	0.618	0.938	1215.89	47652	17760.5	1348
SRX21474957	Bone Marrow	NA	Bone marrow	NA	SRP456835	SRS18708406	0.981	0.813	7.965	0.868	0.695	0.948	1087.89	37647	12153.36	1248
SRX21474958	Bone Marrow	NA	Bone marrow	NA	SRP456835	SRS18708407	0.979	0.754	7.332	0.847	0.481	0.950	1265.26	34754	15631.17	741
SRX21474959	Bone Marrow	NA	Bone marrow	NA	SRP456835	SRS18708408	0.980	0.786	9.615	0.856	0.606	0.954	1197.71	37595	11964.07	1306
SRX21474965	Bone Marrow	NA	Bone marrow	NA	SRP456835	SRS18708415	0.983	0.766	11.083	0.914	0.803	0.949	1052.27	49537	11290.4	1684
SRX21474966	Bone Marrow	NA	Bone marrow	NA	SRP456835	SRS18708414	0.987	0.713	14.384	0.898	0.734	0.952	1062.19	64102	10317.98	3787
SRX21474967	Bone Marrow	NA	Bone marrow	NA	SRP456835	SRS18708417	0.983	0.773	6.116	0.873	0.601	0.937	1232.27	47831	18142.64	1324
SRX21474968	Bone Marrow	NA	Bone marrow	NA	SRP456835	SRS18708416	0.981	0.766	7.792	0.908	0.820	0.942	1141.73	43806	16735.81	852
SRX21474969	Bone Marrow	NA	Bone marrow	NA	SRP456835	SRS18708418	0.982	0.808	7.645	0.873	0.600	0.943	1207.09	35212	10746.23	1301
SRX21474970	Bone Marrow	NA	Bone marrow	NA	SRP456835	SRS18708420	0.983	0.794	7.388	0.869	0.445	0.942	1147.49	38906	13933.85	1041
SRX21474971	Bone Marrow	NA	Bone marrow	NA	SRP456835	SRS18708419	0.982	0.804	7.578	0.873	0.607	0.942	1141.28	36604	10602.39	1286
SRX21474972	Bone Marrow	NA	Bone marrow	NA	SRP456835	SRS18708421	0.982	0.790	6.968	0.874	0.616	0.941	1137.28	43897	15750.91	1140
SRX21474973	Bone Marrow	NA	Bone marrow	NA	SRP456835	SRS18708422	0.983	0.786	5.924	0.876	0.488	0.937	1190.75	39480	15981.07	789
SRX21474974	Bone Marrow	NA	Bone marrow	NA	SRP456835	SRS18708423	0.979	0.816	5.997	0.865	0.575	0.933	1280.33	34944	16023.71	1091
SRX21474975	Bone Marrow	NA	Bone marrow	NA	SRP456835	SRS18708424	0.981	0.787	10.055	0.870	0.512	0.951	1289.73	45417	13650.83	1978
SRX21474976	Bone Marrow	NA	Bone marrow	NA	SRP456835	SRS18708427	0.983	0.759	8.722	0.874	0.554	0.948	1129.16	58957	14920.38	2188
SRX21474977	Bone Marrow	NA	Bone marrow	NA	SRP456835	SRS18708426	0.982	0.774	7.837	0.875	0.715	0.943	1193.28	54265	14191.59	2147
SRX21474978	Bone Marrow	NA	Bone marrow	NA	SRP456835	SRS18708425	0.981	0.789	7.407	0.869	0.476	0.935	1338.03	49580	14445.96	1846
SRX21474979	Bone Marrow	NA	Bone marrow	NA	SRP456835	SRS18708428	0.987	0.751	13.367	0.897	0.742	0.952	1026.06	48725	11483.07	1521
SRX21474980	Bone Marrow	NA	Bone marrow	NA	SRP456835	SRS18708430	0.984	0.787	11.712	0.854	0.620	0.959	1102.7	45676	12036.68	1505
SRX21474981	Bone Marrow	NA	Bone marrow	NA	SRP456835	SRS18708429	0.984	0.771	10.207	0.856	0.642	0.956	1119.82	55747	14081.81	1737
SRX21474982	Bone Marrow	NA	Bone marrow	NA	SRP456835	SRS18708431	0.984	0.768	10.876	0.853	0.629	0.959	1078.86	58324	13206.18	2030
SRX21474983	Bone Marrow	NA	Bone marrow	NA	SRP456835	SRS18708433	0.983	0.791	7.933	0.850	0.594	0.951	1251.68	39879	12133.79	1293
SRX21474984	Bone Marrow	NA	Bone marrow	NA	SRP456835	SRS18708432	0.982	0.772	6.513	0.857	0.643	0.947	1264.9	42305	19701.88	702
SRX21474985	Bone Marrow	NA	Bone marrow	NA	SRP456835	SRS18708434	0.979	0.743	12.891	0.850	0.736	0.936	1026.01	46670	15202.28	1027
SRX21474986	Bone Marrow	NA	Bone marrow	NA	SRP456835	SRS18708435	0.982	0.785	7.209	0.861	0.639	0.950	1187.93	48166	18486.03	1066
SRX21474987	Bone Marrow	NA	Bone marrow	NA	SRP456835	SRS18708436	0.983	0.772	7.913	0.859	0.615	0.953	1188.3	45530	11771.84	1593
SRX21474988	Bone Marrow	NA	Bone marrow	NA	SRP456835	SRS18708437	0.983	0.799	7.609	0.873	0.635	0.952	1231.23	39469	16032.55	1028
SRX21474989	Bone Marrow	NA	Bone marrow	NA	SRP456835	SRS18708438	0.983	0.779	8.473	0.866	0.653	0.954	1181.18	42195	11390.98	1426
SRX21474990	Bone Marrow	NA	Bone marrow	NA	SRP456835	SRS18708439	0.980	0.789	10.158	0.870	0.489	0.950	1066.93	42806	9892.61	1259
SRX21474991	Bone Marrow	NA	Bone marrow	NA	SRP456835	SRS18708440	0.982	0.789	7.835	0.875	0.463	0.944	1142.8	36219	12832.06	797
SRX21474992	Bone Marrow	NA	Bone marrow	NA	SRP456835	SRS18708441	0.982	0.794	5.887	0.870	0.603	0.934	1232.59	35955	14299.53	900
SRX21474993	Bone Marrow	NA	Bone marrow	NA	SRP456835	SRS18708443	0.981	0.810	10.842	0.877	0.604	0.947	1096.33	40494	11073.57	1256
SRX21474994	Bone Marrow	NA	Bone marrow	NA	SRP456835	SRS18708442	0.983	0.797	8.785	0.870	0.519	0.946	1061.14	39253	10437.25	1076
SRX21474995	Bone Marrow	NA	Bone marrow	NA	SRP456835	SRS18708444	0.981	0.787	9.469	0.862	0.563	0.954	1123.84	43740	11428.59	1581
SRX21474996	Bone Marrow	NA	Bone marrow	NA	SRP456835	SRS18708445	0.984	0.717	17.084	0.849	0.742	0.940	986.36	46398	11799.15	1156
SRX21474997	Bone Marrow	NA	Bone marrow	NA	SRP456835	SRS18708446	0.982	0.696	9.133	0.867	0.673	0.955	1176.46	39967	11601.77	976
SRX21474998	Bone Marrow	NA	Bone marrow	NA	SRP456835	SRS18708447	0.980	0.779	9.794	0.863	0.617	0.955	1116.42	39727	12041.67	1087
SRX21599857	ESC	NA	NA	mouse embryonic stem cells	SRP458075	SRS18773518	0.985	0.070	17.233	0.802	0.534	0.955	688185.5	10	1516039.68	211
SRX21599858	ESC	NA	NA	mouse embryonic stem cells	SRP458075	SRS18773519	0.977	0.738	17.419	0.812	0.533	0.953	1390.54	37781	31314.07	2969
SRX21599859	ESC	NA	NA	mouse embryonic stem cells	SRP458075	SRS18773520	0.984	0.759	15.392	0.804	0.525	0.954	1387.18	36473	36334.15	3309
SRX2162655	iPs WT t=0	iPs WT t=0	NA	Mouse cell line	SRP089825	SRS1690695	0.997	0.590	2.882	0.753	0.954	0.824	2547.54	30935	89183.85	964
SRX2162656	iPs WT t=0	iPs WT t=0	NA	Mouse cell line	SRP089825	SRS1690696	0.997	0.594	5.084	0.763	0.926	0.904	1759.48	37116	43802.01	1631
SRX2162657	iPs WT short after DOX	iPs WT short after DOX	NA	Mouse cell line	SRP089825	SRS1690697	0.997	0.596	2.932	0.749	0.950	0.829	2493.47	30818	76695.49	987
SRX2162658	iPs WT short after DOX	iPs WT short after DOX	NA	Mouse cell line	SRP089825	SRS1690698	0.997	0.601	4.995	0.758	0.923	0.904	1744.6	36379	45577.97	1365
SRX2162659	iPs WT long after DOX	iPs WT long after DOX	NA	Mouse cell line	SRP089825	SRS1690699	0.997	0.594	2.303	0.747	0.957	0.780	2927.9	27460	106090.41	759
SRX2162660	iPs WT long after DOX	iPs WT long after DOX	NA	Mouse cell line	SRP089825	SRS1690700	0.997	0.598	3.885	0.758	0.933	0.876	2040.75	33813	55271.72	1175
SRX2162661	Ebs from iPs WT (10 days of differentiation)	Ebs from iPs WT (10 days of differentiation)	NA	Mouse cell line	SRP089825	SRS1690701	0.995	0.674	3.100	0.777	0.949	0.841	1955.05	32878	54975.9	1014
SRX2162662	Ebs from iPs WT (10 days of differentiation)	Ebs from iPs WT (10 days of differentiation)	NA	Mouse cell line	SRP089825	SRS1690702	0.995	0.679	5.110	0.784	0.923	0.908	1697.44	35620	34874.02	1494
SRX2162663	iPs miR-203 KI-N5 (t=0)	iPs miR-203 KI-N5 (t=0)	NA	Mouse cell line	SRP089825	SRS1690703	0.996	0.639	3.588	0.814	0.929	0.863	1812.16	34175	49198.59	903
SRX2162664	iPs miR-203 KI-N5 (t=0)	iPs miR-203 KI-N5 (t=0)	NA	Mouse cell line	SRP089825	SRS1690704	0.996	0.638	3.482	0.816	0.931	0.859	1829.5	33939	53261.84	737
SRX2162665	iPs miR-203 KI-N9 (t=0)	iPs miR-203 KI-N9 (t=0)	NA	Mouse cell line	SRP089825	SRS1690705	0.996	0.628	2.816	0.735	0.952	0.820	2070.36	31994	69592.46	625
SRX2162666	iPs miR-203 KI-N9 (t=0)	iPs miR-203 KI-N9 (t=0)	NA	Mouse cell line	SRP089825	SRS1690706	0.996	0.633	4.982	0.746	0.924	0.904	1575.02	37717	34839.92	1042
SRX2162667	iPs miR-203 KI-N5 short after DOX	iPs miR-203 KI-N5 short after DOX	NA	Mouse cell line	SRP089825	SRS1690707	0.997	0.584	2.637	0.776	0.950	0.812	3065.73	30691	117568.27	931
SRX2162668	iPs miR-203 KI-N5 short after DOX	iPs miR-203 KI-N5 short after DOX	NA	Mouse cell line	SRP089825	SRS1690708	0.997	0.587	4.824	0.781	0.920	0.903	1975.84	42429	55067.54	1634
SRX2162669	iPs miR-203 KI-N9 short after DOX	iPs miR-203 KI-N9 short after DOX	NA	Mouse cell line	SRP089825	SRS1690709	0.995	0.589	2.848	0.737	0.953	0.822	2461.98	31957	74616.48	681
SRX2162670	iPs miR-203 KI-N9 short after DOX	iPs miR-203 KI-N9 short after DOX	NA	Mouse cell line	SRP089825	SRS1690710	0.995	0.593	4.940	0.746	0.926	0.902	1752.12	38937	43009.24	1044
SRX2162671	iPs miR-203 KI-N5 long after DOX	iPs miR-203 KI-N5 long after DOX	NA	Mouse cell line	SRP089825	SRS1690711	0.997	0.479	5.677	0.831	0.942	0.904	2170.61	40786	57202.93	1337
SRX2162672	iPs miR-203 KI-N5 long after DOX	iPs miR-203 KI-N5 long after DOX	NA	Mouse cell line	SRP089825	SRS1690712	0.997	0.479	5.514	0.832	0.944	0.901	2273.72	38757	56781.04	1404
SRX2162673	iPs miR-203 KI-N9 long after DOX	iPs miR-203 KI-N9 long after DOX	NA	Mouse cell line	SRP089825	SRS1690713	0.997	0.461	2.752	0.732	0.949	0.813	5483.79	19894	146184.73	750
SRX2162674	iPs miR-203 KI-N9 long after DOX	iPs miR-203 KI-N9 long after DOX	NA	Mouse cell line	SRP089825	SRS1690714	0.997	0.466	4.661	0.744	0.922	0.894	2861.67	35301	74396.57	1124
SRX2162675	Ebs from iPs miR-203 KI-N5 + DOX	Ebs from iPs miR-203 KI-N5 + DOX	NA	Mouse cell line	SRP089825	SRS1690715	0.995	0.702	3.824	0.797	0.949	0.870	1610.37	31471	46003.52	883
SRX2162676	Ebs from iPs miR-203 KI-N5 + DOX	Ebs from iPs miR-203 KI-N5 + DOX	NA	Mouse cell line	SRP089825	SRS1690716	0.995	0.702	3.708	0.798	0.951	0.866	1623.7	31447	46174.91	816
SRX2162677	Ebs from iPs miR-203 KI-N9 + DOX	Ebs from iPs miR-203 KI-N9 + DOX	NA	Mouse cell line	SRP089825	SRS1690717	0.992	0.685	3.014	0.738	0.952	0.827	1709.06	30878	64771.22	936
SRX2162678	Ebs from iPs miR-203 KI-N9 + DOX	Ebs from iPs miR-203 KI-N9 + DOX	NA	Mouse cell line	SRP089825	SRS1690718	0.992	0.690	5.184	0.747	0.924	0.901	1476.83	33196	37487.59	1460
SRX2163073	ESCs (ES cells)	embryonic stem cells (ES cells)	NA	AB1_WT_ESCs	SRP089858	SRS1691099	0.994	0.630	22.275	0.711	0.809	0.928	1495.67	45728	16082.16	3769
SRX2163074	ESCs (ES cells)	embryonic stem cells (ES cells)	NA	AB1_Drosha-deficient_ESCs	SRP089858	SRS1691100	0.996	0.579	25.614	0.731	0.792	0.931	1459.85	59866	14164.72	4594
SRX2163075	ESCs (ES cells)	embryonic stem cells (ES cells)	NA	J1_Dnmt1-deficient_ESCs	SRP089858	SRS1691101	0.994	0.198	9.714	0.769	0.547	0.914	1354762.0	1	3927331.0	1
SRX2174471	Retina	NA	NA	retina	SRP090219	SRS1701775	0.994	0.800	22.558	0.730	0.984	0.953	991.3	65831	8540.08	3677
SRX2174472	Retina	NA	NA	retina	SRP090219	SRS1701776	0.982	0.797	24.498	0.750	0.986	0.954	1008.76	67504	8719.89	3640
SRX2174473	Retina	NA	NA	retina	SRP090219	SRS1701777	0.974	0.792	21.825	0.691	0.982	0.951	1029.19	65046	9199.86	3426
SRX2174474	Retina	NA	NA	retina	SRP090219	SRS1701778	0.962	0.791	19.004	0.659	0.979	0.947	1077.64	62901	9859.51	3177
SRX2174475	Retina	NA	NA	retina	SRP090219	SRS1701779	0.977	0.775	20.888	0.766	0.987	0.951	1010.57	72274	10278.24	3304
SRX2174476	Retina	NA	NA	retina	SRP090219	SRS1701780	0.946	0.778	15.823	0.677	0.964	0.947	1110.59	64733	10780.83	3341
SRX2174477	Retina	NA	NA	retina	SRP090219	SRS1701781	0.940	0.791	20.987	0.692	0.982	0.950	1136.8	65820	11276.71	3325
SRX2174478	Retina	NA	NA	retina	SRP090219	SRS1701782	0.908	0.774	16.506	0.532	0.926	0.947	1257.96	50732	11893.17	2549
SRX2174479	derived iPSCs fMG02	derived iPSCs fMG02	NA	fibroblast-derived iPSCs fMG02	SRP090219	SRS1701783	0.989	0.658	22.385	0.677	0.944	0.946	1330.48	55883	23713.24	3502
SRX2174480	derived iPSCs fMG03	derived iPSCs fMG03	NA	fibroblast-derived iPSCs fMG03	SRP090219	SRS1701784	0.989	0.659	23.169	0.663	0.935	0.954	1343.21	57830	22287.84	3808
SRX2174481	Embryonic Fibroblasts	mouse embryonic fibroblasts cell	NA	mouse embryonic fibroblasts cell	SRP090219	SRS1701785	0.994	0.668	21.129	0.628	0.926	0.950	1042.59	38370	13498.38	816
SRX2174482	ESC	mouse embryonic stem cell	NA	mouse embryonic stem cell	SRP090219	SRS1701786	0.990	0.485	21.098	0.696	0.944	0.938	1784.41	44733	54516.35	2616
SRX2174483	immature retinal-derived iPSCs 8601	immature retinal-derived iPSCs 8601	NA	retina	SRP090219	SRS1701787	0.989	0.623	29.172	0.628	0.921	0.953	1266.21	56404	14043.48	4727
SRX2174484	mature retinal-derived iPSCs 3302	mature retinal-derived iPSCs 3302	NA	retina	SRP090219	SRS1701788	0.988	0.611	27.675	0.609	0.919	0.951	1235.09	56040	19755.96	2710
SRX2174485	mature retinal-derived iPSCs 7602	mature retinal-derived iPSCs 7602	NA	retina	SRP090219	SRS1701789	0.988	0.633	27.914	0.629	0.923	0.952	1241.18	60295	13306.03	5254
SRX2175958	Liver	NA	NA	Liver	SRP090139	SRS1703257	0.994	0.613	7.621	0.628	0.859	0.926	1345.44	32355	12636.01	794
SRX2175959	Liver	NA	NA	Liver	SRP090139	SRS1703260	0.995	0.620	7.538	0.581	0.890	0.930	1343.28	32192	10822.13	1136
SRX2175960	Liver	NA	NA	Liver	SRP090139	SRS1703258	0.995	0.598	7.215	0.664	0.812	0.922	1357.46	31541	13831.79	834
SRX2175961	Liver	NA	NA	Liver	SRP090139	SRS1703259	0.996	0.618	8.246	0.643	0.865	0.932	1269.84	33217	10616.22	1205
SRX2175962	Liver	NA	NA	Liver	SRP090139	SRS1703261	0.994	0.598	8.112	0.708	0.902	0.908	2275.03	24504	17949.14	932
SRX2175963	Liver	NA	NA	Liver	SRP090139	SRS1703262	0.994	0.546	7.917	0.618	0.865	0.904	2200.88	23969	24147.86	559
SRX2175964	Liver	NA	NA	Liver	SRP090139	SRS1703263	0.994	0.551	7.407	0.664	0.867	0.903	2248.83	23062	21882.05	743
SRX2175965	Liver	NA	NA	Liver	SRP090139	SRS1703264	0.993	0.549	8.863	0.615	0.870	0.909	2336.18	24915	19151.83	811
SRX21789162	Intestinal	Intestinal Organoids	Intestinal	Intestinal	SRP460843	SRS18891525	0.982	0.712	44.381	0.891	0.538	0.962	1054.5	76466	9505.09	2033
SRX21789163	Intestinal	Intestinal Organoids	Intestinal	Intestinal	SRP460843	SRS18891526	0.981	0.722	37.662	0.875	0.634	0.970	1072.2	74874	9473.19	2080
SRX21789164	Intestinal	Intestinal Organoids	Intestinal	Intestinal	SRP460843	SRS18891527	0.981	0.730	47.212	0.883	0.645	0.973	991.82	79645	8758.7	2614
SRX21789165	Intestinal	Intestinal Organoids	Intestinal	Intestinal	SRP460843	SRS18891528	0.981	0.721	38.907	0.881	0.660	0.969	1003.14	78007	9718.47	1951
SRX21789166	Intestinal	Intestinal Organoids	Intestinal	Intestinal	SRP460843	SRS18891529	0.981	0.726	45.404	0.891	0.628	0.962	962.14	82026	8506.94	3029
SRX21789167	Intestinal	Intestinal Organoids	Intestinal	Intestinal	SRP460843	SRS18891530	0.980	0.726	38.964	0.874	0.640	0.970	991.99	78198	9527.44	1982
SRX21821927	Normal Pancreatic Ductal Mouse Organoid	NA	normal pancreatic ductal mouse organoid	normal pancreatic ductal mouse organoid	SRP461642	SRS18922414	0.984	0.660	6.091	0.880	0.463	0.942	5489.41	36994	1059167.63	1032
SRX21821928	Normal Pancreatic Ductal Mouse Organoid	NA	normal pancreatic ductal mouse organoid	normal pancreatic ductal mouse organoid	SRP461642	SRS18922415	0.985	0.652	6.689	0.883	0.439	0.945	7424.76	39343	1011068.69	1118
SRX21821929	PanIN mouse organoid	NA	PanIN mouse organoid	PanIN mouse organoid	SRP461642	SRS18922416	0.985	0.653	5.441	0.878	0.479	0.939	6245.84	33750	1195658.55	928
SRX21821930	PanIN mouse organoid	NA	PanIN mouse organoid	PanIN mouse organoid	SRP461642	SRS18922417	0.985	0.674	5.860	0.878	0.485	0.941	5996.27	39183	973351.13	1134
SRX21821931	Pancreatic Ductal Adenocarcinoma Mouse Organoid	NA	pancreatic ductal adenocarcinoma mouse organoid	pancreatic ductal adenocarcinoma mouse organoid	SRP461642	SRS18922419	0.984	0.605	5.926	0.870	0.461	0.946	10781.04	31564	1137441.61	1029
SRX21821932	Pancreatic Ductal Adenocarcinoma Mouse Organoid	NA	pancreatic ductal adenocarcinoma mouse organoid	pancreatic ductal adenocarcinoma mouse organoid	SRP461642	SRS18922418	0.984	0.649	6.103	0.868	0.455	0.947	6585.53	36417	1076809.42	1008
SRX21821933	Pancreatic Ductal Adenocarcinoma Mouse Organoid	NA	pancreatic ductal adenocarcinoma mouse organoid	pancreatic ductal adenocarcinoma mouse organoid	SRP461642	SRS18922420	0.984	0.598	5.755	0.881	0.478	0.940	11785.7	28743	1070047.44	1112
SRX21821934	Pancreatic Ductal Adenocarcinoma Mouse Organoid	NA	pancreatic ductal adenocarcinoma mouse organoid	pancreatic ductal adenocarcinoma mouse organoid	SRP461642	SRS18922421	0.985	0.584	5.625	0.882	0.496	0.940	12892.06	24466	1126446.7	1093
SRX21821935	Pancreatic Ductal Adenocarcinoma Mouse Organoid	NA	pancreatic ductal adenocarcinoma mouse organoid	pancreatic ductal adenocarcinoma mouse organoid	SRP461642	SRS18922422	0.984	0.677	5.280	0.878	0.493	0.937	6943.33	35845	1368198.73	882
SRX21821936	Pancreatic Ductal Adenocarcinoma Mouse Organoid	NA	pancreatic ductal adenocarcinoma mouse organoid	pancreatic ductal adenocarcinoma mouse organoid	SRP461642	SRS18922423	0.985	0.605	6.053	0.884	0.486	0.940	10330.75	32879	1225219.17	920
SRX21821937	Pancreatic Ductal Adenocarcinoma Mouse Organoid	NA	pancreatic ductal adenocarcinoma mouse organoid	pancreatic ductal adenocarcinoma mouse organoid	SRP461642	SRS18922424	0.985	0.646	6.752	0.880	0.444	0.943	7546.31	35747	1042331.67	1048
SRX21821938	Pancreatic Ductal Adenocarcinoma Mouse Organoid	NA	pancreatic ductal adenocarcinoma mouse organoid	pancreatic ductal adenocarcinoma mouse organoid	SRP461642	SRS18922425	0.985	0.601	6.060	0.879	0.480	0.939	13890.82	30605	890133.41	1382
SRX2183005	Pituitary Corticotroph	pituitary corticotroph cell	NA	AtT-20 cells expressing 3x flag-Neo	SRP090249	SRS1706937	0.997	0.621	31.051	0.790	0.870	0.942	7760.08	86978	313259.73	2972
SRX2183006	Pituitary Corticotroph	pituitary corticotroph cell	NA	AtT-20 cells expressing 3x flag-Pax7	SRP090249	SRS1706938	0.997	0.617	31.119	0.795	0.881	0.942	7615.79	89317	314158.97	2955
SRX21869516	Liver	NA	liver	NA	SRP462875	SRS18962607	0.977	0.704	7.106	0.709	0.528	0.913	1501.4	33898	25659.8	922
SRX21869517	Liver	NA	liver	NA	SRP462875	SRS18962609	0.979	0.699	7.883	0.718	0.553	0.918	1462.6	35382	19880.01	1305
SRX21869518	Liver	NA	liver	NA	SRP462875	SRS18962608	0.970	0.633	6.623	0.726	0.383	0.911	1389.74	28073	19516.35	593
SRX21869519	Liver	NA	liver	NA	SRP462875	SRS18962614	0.983	0.629	6.347	0.730	0.413	0.909	1416.99	27386	19777.27	692
SRX21869520	Liver	NA	liver	NA	SRP462875	SRS18962611	0.986	0.722	7.952	0.724	0.449	0.916	1549.53	35669	20730.26	1690
SRX21869521	Liver	NA	liver	NA	SRP462875	SRS18962610	0.971	0.701	7.147	0.638	0.611	0.913	1500.13	34199	24100.95	1133
SRX21869522	Liver	NA	liver	NA	SRP462875	SRS18962618	0.975	0.708	7.815	0.691	0.626	0.917	1439.65	35885	25272.85	1277
SRX21869523	Liver	NA	liver	NA	SRP462875	SRS18962612	0.972	0.706	6.359	0.674	0.487	0.910	1565.81	32611	24256.56	1003
SRX21869524	Liver	NA	liver	NA	SRP462875	SRS18962613	0.975	0.600	7.690	0.661	0.509	0.917	1374.55	27436	19423.77	666
SRX21869525	Liver	NA	liver	NA	SRP462875	SRS18962616	0.987	0.608	8.225	0.711	0.437	0.918	1384.97	27897	16581.86	837
SRX21869526	Liver	NA	liver	NA	SRP462875	SRS18962617	0.981	0.617	7.106	0.694	0.573	0.913	1370.57	28527	18361.89	662
SRX21869527	Liver	NA	liver	NA	SRP462875	SRS18962615	0.972	0.600	5.735	0.719	0.435	0.903	1485.16	26711	21872.85	563
SRX21873527	Embryo	NA	embryo	embryo	SRP462989	SRS18965323	0.947	0.623	2.219	0.693	0.391	0.733	1854.9	22650	72616.94	115
SRX21873528	Embryo	NA	embryo	embryo	SRP462989	SRS18965324	0.922	0.649	6.197	0.773	0.858	0.882	1617.8	24168	25292.35	441
SRX21884138	Fetal Placenta	NA	fetal placenta	NA	SRP463014	SRS18975347	0.983	0.448	7.793	0.801	0.461	0.930	11176.22	24328	872799.87	1097
SRX21884139	Fetal Placenta	NA	fetal placenta	NA	SRP463014	SRS18975348	0.985	0.504	5.212	0.801	0.386	0.917	6708.55	22311	1133988.74	780
SRX21884140	Fetal Placenta	NA	fetal placenta	NA	SRP463014	SRS18975349	0.982	0.441	2.647	0.786	0.492	0.817	9474.02	5784	2019209.09	442
SRX21884141	Fetal Placenta	NA	fetal placenta	NA	SRP463014	SRS18975350	0.983	0.444	2.767	0.788	0.466	0.829	10003.97	6259	2176273.18	444
SRX21884142	Fetal Placenta	NA	fetal placenta	NA	SRP463014	SRS18975352	0.984	0.461	6.035	0.787	0.476	0.911	11625.07	17413	1098304.77	834
SRX21884143	Fetal Placenta	NA	fetal placenta	NA	SRP463014	SRS18975351	0.983	0.456	6.578	0.792	0.462	0.914	9986.17	19307	984762.0	880
SRX21884144	Fetal Placenta	NA	fetal placenta	NA	SRP463014	SRS18975353	0.983	0.444	7.745	0.788	0.466	0.920	12347.12	21113	895437.2	1033
SRX21884145	Fetal Placenta	NA	fetal placenta	NA	SRP463014	SRS18975354	0.983	0.464	6.890	0.794	0.496	0.918	9801.44	22312	1053660.81	822
SRX21884146	Fetal Placenta	NA	fetal placenta	NA	SRP463014	SRS18975355	0.930	0.505	4.617	0.823	0.501	0.908	9511.53	21935	1677008.84	585
SRX21884147	Fetal Placenta	NA	fetal placenta	NA	SRP463014	SRS18975356	0.984	0.498	6.164	0.816	0.497	0.925	5289.69	24545	722791.55	1073
SRX21884148	Fetal Placenta	NA	fetal placenta	NA	SRP463014	SRS18975357	0.983	0.477	7.147	0.815	0.464	0.934	6142.03	26996	714966.03	1167
SRX21884149	Fetal Placenta	NA	fetal placenta	NA	SRP463014	SRS18975358	0.983	0.451	5.556	0.805	0.493	0.916	12033.95	17354	1271654.34	735
SRX21884150	Fetal Placenta	NA	fetal placenta	NA	SRP463014	SRS18975359	0.982	0.449	5.878	0.799	0.477	0.904	11257.92	15976	1044974.79	844
SRX21884151	Fetal Placenta	NA	fetal placenta	NA	SRP463014	SRS18975360	0.980	0.458	3.409	0.790	0.519	0.855	9080.88	10804	1771165.43	513
SRX21884152	Fetal Placenta	NA	fetal placenta	NA	SRP463014	SRS18975361	0.984	0.491	8.340	0.819	0.437	0.937	6149.01	29688	791695.08	1145
SRX21884153	Fetal Placenta	NA	fetal placenta	NA	SRP463014	SRS18975362	0.983	0.461	5.161	0.807	0.495	0.915	11062.27	18124	1273588.95	725
SRX21884422	EPSC	EPSC	NA	E14	SRP463129	SRS18975547	0.982	0.449	25.346	0.880	0.428	0.960	3004.53	54805	97411.06	4190
SRX21884423	EPSC with T09	EPSC with T09	NA	E14	SRP463129	SRS18975548	0.982	0.472	29.255	0.879	0.444	0.961	2501.22	58132	79595.32	4192
SRX21884424	ESC	ESC	NA	E14	SRP463129	SRS18975549	0.984	0.145	18.697	0.872	0.439	0.958	23437.88	5431	0.0	0
SRX21884425	NrESC	NrESC	NA	E14	SRP463129	SRS18975550	0.982	0.292	18.034	0.871	0.450	0.957	8372.76	38831	135259.06	4236
SRX2192543	Lung	endothelial cells	lung	lung endothelial cells	SRP090505	SRS1715034	0.991	0.608	19.365	0.799	0.542	0.946	918.86	60029	9783.28	1309
SRX2192544	Lung	endothelial cells	lung	lung endothelial cells	SRP090505	SRS1715035	0.990	0.606	19.666	0.790	0.549	0.945	915.32	60630	9190.05	1521
SRX2192545	Lung	endothelial cells	lung	lung endothelial cells	SRP090505	SRS1715036	0.989	0.604	19.807	0.782	0.512	0.951	917.41	60243	8775.82	1749
SRX2192546	Lung	endothelial cells	lung	lung endothelial cells	SRP090505	SRS1715037	0.988	0.643	17.137	0.790	0.502	0.944	935.63	61466	9865.65	1742
SRX2192547	Lung	endothelial cells	lung	lung endothelial cells	SRP090505	SRS1715038	0.988	0.655	17.910	0.817	0.476	0.947	946.79	60970	10077.25	1749
SRX2192548	Lung	endothelial cells	lung	lung endothelial cells	SRP090505	SRS1715039	0.989	0.642	20.630	0.792	0.595	0.946	908.57	62752	9016.56	2077
SRX21962690	Skeletal Muscle Iibialis Anterior	NA	Skeletal muscle, iibialis anterior	Skeletal muscle, iibialis anterior	SRP464133	SRS19039506	0.988	0.649	8.890	0.684	0.679	0.964	1259.38	39390	16257.0	920
SRX21962691	Skeletal Muscle Iibialis Anterior	NA	Skeletal muscle, iibialis anterior	Skeletal muscle, iibialis anterior	SRP464133	SRS19039507	0.988	0.655	11.229	0.699	0.709	0.964	1207.91	40683	14228.3	956
SRX21962692	Skeletal Muscle Iibialis Anterior	NA	Skeletal muscle, iibialis anterior	Skeletal muscle, iibialis anterior	SRP464133	SRS19039508	0.988	0.649	8.405	0.685	0.688	0.963	1282.07	38457	16685.85	808
SRX21962693	Skeletal Muscle Iibialis Anterior	NA	Skeletal muscle, iibialis anterior	Skeletal muscle, iibialis anterior	SRP464133	SRS19039509	0.964	0.709	6.289	0.686	0.503	0.958	1277.05	28047	22111.96	407
SRX21962694	Skeletal Muscle Iibialis Anterior	NA	Skeletal muscle, iibialis anterior	Skeletal muscle, iibialis anterior	SRP464133	SRS19039510	0.953	0.719	6.371	0.691	0.505	0.959	1261.45	27329	21777.5	395
SRX21962695	Skeletal Muscle Iibialis Anterior	NA	Skeletal muscle, iibialis anterior	Skeletal muscle, iibialis anterior	SRP464133	SRS19039511	0.950	0.725	5.019	0.695	0.470	0.948	1327.03	25725	28956.12	239
SRX21962696	Skeletal Muscle Iibialis Anterior	NA	Skeletal muscle, iibialis anterior	Skeletal muscle, iibialis anterior	SRP464133	SRS19039512	0.985	0.670	4.730	0.703	0.423	0.934	1379.21	31816	22064.36	457
SRX21962697	Skeletal Muscle Iibialis Anterior	NA	Skeletal muscle, iibialis anterior	Skeletal muscle, iibialis anterior	SRP464133	SRS19039513	0.986	0.674	6.018	0.675	0.550	0.953	1307.66	31703	18827.76	468
SRX21962698	Skeletal Muscle Iibialis Anterior	NA	Skeletal muscle, iibialis anterior	Skeletal muscle, iibialis anterior	SRP464133	SRS19039514	0.987	0.671	5.375	0.671	0.385	0.947	1355.01	31845	24765.22	372
SRX21962699	Skeletal Muscle Iibialis Anterior	NA	Skeletal muscle, iibialis anterior	Skeletal muscle, iibialis anterior	SRP464133	SRS19039515	0.987	0.674	5.375	0.680	0.506	0.951	1342.06	31337	19454.42	481
SRX21962700	Skeletal Muscle Iibialis Anterior	NA	Skeletal muscle, iibialis anterior	Skeletal muscle, iibialis anterior	SRP464133	SRS19039516	0.986	0.678	6.731	0.678	0.502	0.957	1271.77	32863	20533.72	500
SRX21962701	Skeletal Muscle Iibialis Anterior	NA	Skeletal muscle, iibialis anterior	Skeletal muscle, iibialis anterior	SRP464133	SRS19039517	0.986	0.677	5.326	0.672	0.531	0.950	1359.64	30589	20169.43	395
SRX2202930	Lks Slam	LKS SLAM cells	NA	Cohort1.R	SRP090698	SRS1721445	0.983	0.753	7.168	0.449	0.780	0.921	1178.83	41440	13391.06	1154
SRX2202931	Lks Slam	LKS SLAM cells	NA	Cohort1.Y	SRP090698	SRS1721447	0.985	0.751	16.302	0.424	0.707	0.944	985.2	52365	7514.12	2923
SRX2202936	Lks Slam	LKS SLAM cells	NA	Cohort2.G	SRP090698	SRS1721452	0.995	0.773	7.264	0.771	0.808	0.934	1094.77	45654	15863.12	1116
SRX2202937	Lks Slam	LKS SLAM cells	NA	Cohort2.G	SRP090698	SRS1721454	0.995	0.768	6.632	0.769	0.854	0.932	1109.07	44302	15765.39	1014
SRX2202938	Lks Slam	LKS SLAM cells	NA	Cohort2.P	SRP090698	SRS1721453	0.995	0.785	6.518	0.771	0.842	0.931	1112.79	44449	15959.52	1077
SRX2202939	Lks Slam	LKS SLAM cells	NA	Cohort2.P	SRP090698	SRS1721455	0.995	0.775	6.005	0.770	0.838	0.930	1166.88	41702	15395.32	1133
SRX22085402	Stem Cell	stem cell	NA	mESC	SRP423445	SRS19151852	0.986	0.337	19.695	0.739	0.767	0.948	4527.39	45986	113017.7	3908
SRX22085403	Stem Cell	stem cell	NA	mESC	SRP423445	SRS19151853	0.986	0.336	15.898	0.727	0.776	0.945	4593.11	44417	113048.7	3759
SRX22085404	Stem Cell	stem cell	NA	mESC	SRP423445	SRS19151854	0.976	0.346	2.961	0.700	0.076	0.837	1145988.0	1	0.0	0
SRX22085405	Stem Cell	stem cell	NA	mESC	SRP423445	SRS19151855	0.978	0.340	2.879	0.700	0.138	0.829	795486.0	1	0.0	0
SRX22085406	Stem Cell	stem cell	NA	mESC	SRP423445	SRS19151856	0.993	0.289	17.356	0.739	0.736	0.946	4619.22	43818	774455.02	139
SRX22085407	Stem Cell	stem cell	NA	mESC	SRP423445	SRS19151857	0.992	0.290	12.011	0.721	0.768	0.939	5317.65	37226	1295364.79	19
SRX22085408	Stem Cell	stem cell	NA	mESC	SRP423445	SRS19151858	0.990	0.290	3.160	0.727	0.098	0.849	1354581.0	1	0.0	0
SRX22085409	Stem Cell	stem cell	NA	mESC	SRP423445	SRS19151859	0.989	0.289	3.653	0.724	0.068	0.867	0.0	0	0.0	0
SRX22091348	Brain And Spinal Cord	FACS-sorted astrocyte	brain and spinal cord	brain and spinal cord	SRP466337	SRS19157330	0.994	0.629	11.553	0.572	0.148	0.954	1077.48	38873	13146.7	869
SRX22091349	Brain And Spinal Cord	FACS-sorted astrocyte	brain and spinal cord	brain and spinal cord	SRP466337	SRS19157331	0.995	0.607	15.473	0.629	0.382	0.955	1023.13	42941	11818.15	1273
SRX22091350	Brain And Spinal Cord	FACS-sorted astrocyte	brain and spinal cord	brain and spinal cord	SRP466337	SRS19157332	0.995	0.615	10.826	0.669	0.280	0.948	1089.17	38040	14996.42	839
SRX22091351	Brain And Spinal Cord	FACS-sorted astrocyte	brain and spinal cord	brain and spinal cord	SRP466337	SRS19157333	0.994	0.619	8.812	0.628	0.214	0.944	1154.46	36047	15684.9	756
SRX22091352	Brain And Spinal Cord	FACS-sorted astrocyte	brain and spinal cord	brain and spinal cord	SRP466337	SRS19157334	0.995	0.612	11.034	0.707	0.218	0.949	1116.62	34848	16582.17	634
SRX22091353	Brain And Spinal Cord	FACS-sorted astrocyte	brain and spinal cord	brain and spinal cord	SRP466337	SRS19157335	0.995	0.590	10.677	0.703	0.205	0.947	1118.25	36272	16086.84	640
SRX22091354	Brain And Spinal Cord	FACS-sorted astrocyte	brain and spinal cord	brain and spinal cord	SRP466337	SRS19157336	0.995	0.603	14.174	0.708	0.282	0.953	1034.83	40635	11428.05	1160
SRX22091355	Brain And Spinal Cord	FACS-sorted astrocyte	brain and spinal cord	brain and spinal cord	SRP466337	SRS19157337	0.996	0.610	15.003	0.706	0.358	0.953	1040.65	38564	11461.71	1164
SRX2210962	HOXA9 immortalized bone marrow	HOXA9 immortalized bone marrow	NA	HOXA9 IDH1 R132H	SRP090852	SRS1728093	0.939	0.717	9.968	0.238	0.959	0.931	1138.6	29599	22758.68	210
SRX2210963	HOXA9 immortalized bone marrow	HOXA9 immortalized bone marrow	NA	HOXA9 IDH1 R132H	SRP090852	SRS1728094	0.933	0.724	10.768	0.236	0.958	0.935	1043.2	34081	21560.56	253
SRX22121693	Purified Cardiomyocyte	NA	purified cardiomyocyte	NA	SRP396513	SRS15223264	0.989	0.650	4.164	0.767	0.699	0.920	1426.6	29877	19937.41	467
SRX22121694	Purified Cardiomyocyte	NA	purified cardiomyocyte	NA	SRP396513	SRS15223264	0.989	0.658	4.769	0.775	0.718	0.930	1407.55	29605	19548.61	448
SRX22121695	Purified Cardiomyocyte	NA	purified cardiomyocyte	NA	SRP396513	SRS15223264	0.991	0.651	4.352	0.794	0.706	0.924	1436.37	30437	22140.81	384
SRX2229857	ESC	mESCs	NA	mESCs	SRP091011	SRS1733749	0.984	0.812	11.956	0.849	0.980	0.949	1311.66	41677	16814.64	2914
SRX2229858	ESC	mESCs	NA	mESCs	SRP091011	SRS1733750	0.988	0.038	11.695	0.815	0.962	0.941	805145.92	12	0.0	0
SRX2229859	ESC	mESCs	NA	mESCs	SRP091011	SRS1733751	0.987	0.475	10.643	0.816	0.965	0.940	3546.93	29957	60046.83	2236
SRX22338374	Fibroblast	Fibroblast	fibroblast	NA	SRP469813	SRS19388092	0.982	0.630	3.384	0.720	0.641	0.886	15946.07	32153	953725.4	1198
SRX22338375	Fibroblast	Fibroblast	fibroblast	NA	SRP469813	SRS19388093	0.983	0.628	3.178	0.728	0.641	0.876	16005.31	31163	933058.94	1228
SRX22338376	Fibroblast	Fibroblast	fibroblast	NA	SRP469813	SRS19388094	0.983	0.623	3.949	0.828	0.663	0.905	15823.37	33909	901338.59	1271
SRX22338377	Fibroblast	Fibroblast	fibroblast	NA	SRP469813	SRS19388095	0.982	0.681	3.008	0.699	0.590	0.854	12314.51	36705	948340.85	1139
SRX22359322	Four	four cell	four cell	four cell	SRP469968	SRS19407391	0.987	0.275	4.999	0.652	0.693	0.880	199376.8	20	1404243.81	54
SRX22359323	Four	four cell	four cell	four cell	SRP469968	SRS19409223	0.986	0.271	5.061	0.653	0.701	0.876	171076.23	13	1214324.72	25
SRX22359324	Blastula	blastula	blastula	blastula	SRP469968	SRS19407390	0.989	0.095	3.118	0.553	0.492	0.840	1168208.0	1	87324461.0	1
SRX22359325	Blastula	blastula	blastula	blastula	SRP469968	SRS19407394	0.989	0.098	3.163	0.549	0.501	0.841	0.0	0	0.0	0
SRX22359326	Blastula	blastula	blastula	blastula	SRP469968	SRS19407396	0.989	0.093	3.079	0.544	0.481	0.841	795055.0	1	0.0	0
SRX22359327	Oocyte	MII	oocyte	oocyte	SRP469968	SRS19407392	0.927	0.346	2.756	0.659	0.314	0.766	44720.0	7341	379533.25	2869
SRX22359328	Oocyte	MII	oocyte	oocyte	SRP469968	SRS19407393	0.928	0.345	2.749	0.664	0.313	0.763	46935.7	6450	385206.7	2833
SRX22359329	Oocyte	MII	oocyte	oocyte	SRP469968	SRS19407395	0.929	0.345	2.833	0.657	0.329	0.766	43303.58	7610	370939.81	2848
SRX22359330	Four	four cell	four cell	four cell	SRP469968	SRS19407398	0.987	0.253	6.075	0.653	0.678	0.890	186951.91	54	479940.68	732
SRX22359331	Four	four cell	four cell	four cell	SRP469968	SRS19407397	0.984	0.286	5.012	0.651	0.704	0.878	150284.02	93	1155270.1	71
SRX22359332	Blastula	blastula	blastula	blastula	SRP469968	SRS19407405	0.989	0.062	3.649	0.662	0.515	0.834	838820.0	1	118815053.0	1
SRX22359333	Blastula	blastula	blastula	blastula	SRP469968	SRS19407404	0.989	0.069	3.575	0.673	0.518	0.834	838820.0	1	131336197.0	2
SRX22359334	Blastula	blastula	blastula	blastula	SRP469968	SRS19407403	0.990	0.044	3.536	0.622	0.503	0.843	838635.0	1	118813868.0	1
SRX22359335	Oocyte	MII	oocyte	oocyte	SRP469968	SRS19407417	0.944	0.321	2.925	0.725	0.312	0.769	34630.03	11451	347015.16	3017
SRX22359336	Oocyte	MII	oocyte	oocyte	SRP469968	SRS19407400	0.945	0.325	2.725	0.719	0.319	0.753	35409.09	10233	370496.15	2790
SRX22359337	Oocyte	MII	oocyte	oocyte	SRP469968	SRS19407401	0.944	0.329	2.781	0.726	0.330	0.764	34912.14	10838	354515.31	2911
SRX22359338	Four	four cell	four cell	four cell	SRP469968	SRS19407402	0.986	0.298	5.282	0.656	0.726	0.881	115153.23	555	941291.99	162
SRX22359339	Four	four cell	four cell	four cell	SRP469968	SRS19407399	0.986	0.300	5.793	0.660	0.705	0.893	106050.68	718	950334.7	101
SRX22359340	Blastula	blastula	blastula	blastula	SRP469968	SRS19407407	0.990	0.057	3.308	0.561	0.499	0.855	838798.0	1	0.0	0
SRX22359341	Blastula	blastula	blastula	blastula	SRP469968	SRS19407408	0.988	0.062	3.212	0.552	0.500	0.850	894107.0	2	109671250.0	1
SRX22359342	Blastula	blastula	blastula	blastula	SRP469968	SRS19407406	0.988	0.049	3.230	0.555	0.497	0.846	0.0	0	118816319.0	1
SRX22359343	Oocyte	MII	oocyte	oocyte	SRP469968	SRS19407409	0.955	0.274	3.282	0.471	0.514	0.746	34154.46	10221	370586.66	2760
SRX22359344	Oocyte	MII	oocyte	oocyte	SRP469968	SRS19407411	0.948	0.300	3.830	0.568	0.550	0.791	35848.36	11389	324012.07	3371
SRX22359345	Oocyte	MII	oocyte	oocyte	SRP469968	SRS19407410	0.949	0.290	3.553	0.518	0.553	0.777	36430.47	10620	339806.47	3081
SRX22359346	Four	four cell	four cell	four cell	SRP469968	SRS19407412	0.985	0.327	5.911	0.662	0.617	0.901	85957.02	1710	957031.59	111
SRX22359347	Four	four cell	four cell	four cell	SRP469968	SRS19407415	0.985	0.337	5.667	0.666	0.591	0.897	77998.94	1571	1122589.58	65
SRX22359348	Blastula	blastula	blastula	blastula	SRP469968	SRS19407413	0.988	0.183	3.189	0.556	0.497	0.844	0.0	0	0.0	0
SRX22359349	Blastula	blastula	blastula	blastula	SRP469968	SRS19407416	0.988	0.160	3.233	0.557	0.504	0.842	0.0	0	118815080.0	1
SRX22359350	Blastula	blastula	blastula	blastula	SRP469968	SRS19407414	0.988	0.171	3.143	0.548	0.501	0.836	0.0	0	0.0	0
SRX22359351	Oocyte	MII	oocyte	oocyte	SRP469968	SRS19407418	0.953	0.282	3.464	0.550	0.495	0.770	39974.61	8675	346181.69	3026
SRX22359352	Oocyte	MII	oocyte	oocyte	SRP469968	SRS19407420	0.950	0.289	3.529	0.503	0.544	0.773	39165.9	9107	347848.03	3058
SRX22359353	Oocyte	MII	oocyte	oocyte	SRP469968	SRS19407419	0.950	0.293	3.708	0.576	0.564	0.785	39595.81	9524	334599.65	3219
SRX22506458	Neural Progenitor Cells From Ganglionic Eminence	Neural progenitor cells from ganglionic eminence	NA	Neural progenitor cells	SRP471571	SRS19518979	0.986	0.648	9.475	0.661	0.517	0.938	1106.57	40007	15194.52	736
SRX22506459	Neural Progenitor Cells From Ganglionic Eminence	Neural progenitor cells from ganglionic eminence	NA	Neural progenitor cells	SRP471571	SRS19518980	0.981	0.576	10.559	0.512	0.527	0.946	1115.05	38413	17821.89	1111
SRX22506460	Neural Progenitor Cells From Ganglionic Eminence	Neural progenitor cells from ganglionic eminence	NA	Neural progenitor cells	SRP471571	SRS19518981	0.980	0.569	12.002	0.485	0.526	0.941	1066.42	42296	10502.02	1003
SRX22506461	Neural Progenitor Cells From Ganglionic Eminence	Neural progenitor cells from ganglionic eminence	NA	Neural progenitor cells	SRP471571	SRS19518982	0.980	0.548	12.115	0.481	0.483	0.943	1103.05	40136	13277.73	1225
SRX22537699	Lung	NA	lung	lung	SRP472167	SRS19547462	0.998	0.680	11.777	0.898	0.396	0.959	1079.9	60996	14077.61	1083
SRX22537700	Lung	NA	lung	lung	SRP472167	SRS19547463	0.998	0.658	10.842	0.890	0.432	0.967	1219.31	53157	16551.63	773
SRX22537701	Lung	NA	lung	lung	SRP472167	SRS19547464	0.998	0.697	12.794	0.888	0.408	0.969	1042.33	66187	13803.75	1432
SRX22537702	Lung	NA	lung	lung	SRP472167	SRS19547465	0.998	0.699	9.786	0.899	0.403	0.957	1144.6	57309	13652.36	1268
SRX22537703	Lung	NA	lung	lung	SRP472167	SRS19547466	0.998	0.686	10.054	0.889	0.392	0.965	1167.54	56750	14516.92	1066
SRX22537704	Lung	NA	lung	lung	SRP472167	SRS19547467	0.998	0.679	14.098	0.888	0.408	0.970	1088.3	61694	10720.16	1816
SRX22537705	Lung	NA	lung	lung	SRP472167	SRS19547469	0.997	0.720	10.614	0.889	0.411	0.964	1097.5	59696	14108.44	1326
SRX22537706	Lung	NA	lung	lung	SRP472167	SRS19547468	0.998	0.718	10.029	0.897	0.395	0.957	1109.7	57495	13041.4	1455
SRX22537707	Lung	NA	lung	lung	SRP472167	SRS19547470	0.998	0.724	13.300	0.888	0.413	0.968	1043.38	61562	14059.15	1397
SRX22537708	Lung	NA	lung	lung	SRP472167	SRS19547471	0.996	0.720	11.604	0.878	0.559	0.969	1075.38	63081	14199.72	1351
SRX22537709	Lung	NA	lung	lung	SRP472167	SRS19547472	0.997	0.722	13.878	0.890	0.550	0.961	1016.39	67669	9261.29	2405
SRX22537710	Lung	NA	lung	lung	SRP472167	SRS19547474	0.995	0.720	10.674	0.877	0.508	0.968	1095.52	61970	14454.86	1322
SRX22537711	Lung Tumors	lung tumors	NA	22E	SRP472167	SRS19547473	0.998	0.652	13.675	0.891	0.411	0.965	10298.02	49815	748693.22	1698
SRX22537712	Lung Tumors	lung tumors	NA	22E	SRP472167	SRS19547475	0.998	0.649	9.079	0.892	0.430	0.959	11557.63	41592	787481.19	1591
SRX22537713	Lung Tumors	lung tumors	NA	22E	SRP472167	SRS19547476	0.998	0.650	12.277	0.890	0.434	0.964	10163.87	47740	770319.92	1635
SRX22537714	Lung Tumors	lung tumors	NA	22E	SRP472167	SRS19547477	0.998	0.650	12.384	0.889	0.426	0.965	10125.92	48710	768324.23	1641
SRX22537715	Lung Tumors	lung tumors	NA	KG1A	SRP472167	SRS19547478	0.996	0.663	12.832	0.895	0.376	0.958	8755.5	50577	609224.98	1832
SRX22537716	Lung Tumors	lung tumors	NA	KG1A	SRP472167	SRS19547479	0.997	0.663	13.537	0.896	0.441	0.958	8642.51	52146	619164.67	1808
SRX22537717	Lung Tumors	lung tumors	NA	KG1A	SRP472167	SRS19547480	0.996	0.671	13.541	0.898	0.394	0.958	7101.91	54029	648537.17	1713
SRX22537718	Lung Tumors	lung tumors	NA	KG1A	SRP472167	SRS19547481	0.995	0.675	12.386	0.902	0.473	0.956	7746.02	50174	800254.48	1426
SRX22585372	Inner Cell Mass	embryonic stem cells	inner cell mass	NA	SRP473050	SRS19592333	0.986	0.536	6.326	0.593	0.641	0.900	2017.49	38372	46354.06	1055
SRX22585373	Inner Cell Mass	embryonic stem cells	inner cell mass	NA	SRP473050	SRS19592334	0.985	0.538	5.061	0.624	0.701	0.874	2192.45	36779	62920.2	926
SRX22585374	Inner Cell Mass	embryonic stem cells	inner cell mass	NA	SRP473050	SRS19592335	0.985	0.538	5.264	0.588	0.620	0.870	2179.28	36359	47077.17	1262
SRX22585375	Embryonic Fibroblasts	induced pluripotent stem cells	Mouse embryonic fibroblasts	NA	SRP473050	SRS19592336	0.986	0.481	4.720	0.631	0.711	0.856	3302.91	38642	126706.94	1282
SRX22585377	Embryonic Fibroblasts	induced pluripotent stem cells	Mouse embryonic fibroblasts	NA	SRP473050	SRS19592338	0.985	0.517	5.768	0.615	0.705	0.871	2376.42	46453	81424.53	1439
SRX22585378	Embryonic Fibroblasts	induced pluripotent stem cells	Mouse embryonic fibroblasts	NA	SRP473050	SRS19592339	0.986	0.546	5.044	0.641	0.679	0.863	2389.83	45890	93865.6	1397
SRX22585379	Tail Tip Fibroblasts	induced pluripotent stem cells	Tail tip fibroblasts	NA	SRP473050	SRS19592340	0.986	0.568	5.801	0.635	0.643	0.877	2105.45	49966	84554.8	1763
SRX22585380	Tail Tip Fibroblasts	induced pluripotent stem cells	Tail tip fibroblasts	NA	SRP473050	SRS19592341	0.986	0.543	5.341	0.643	0.651	0.874	2327.27	47144	100323.07	1344
SRX22585381	Tail Tip Fibroblasts	induced pluripotent stem cells	Tail tip fibroblasts	NA	SRP473050	SRS19592342	0.985	0.563	5.372	0.606	0.642	0.870	2256.7	48810	106017.41	1497
SRX22585382	Primordial Germ	induced pluripotent stem cells	Primordial germ cells	NA	SRP473050	SRS19592343	0.986	0.494	6.412	0.660	0.656	0.891	2584.94	49445	90217.97	1856
SRX22585383	Primordial Germ	induced pluripotent stem cells	Primordial germ cells	NA	SRP473050	SRS19592344	0.986	0.473	5.462	0.673	0.738	0.867	2877.01	40347	86997.95	1263
SRX22585384	Primordial Germ	induced pluripotent stem cells	Primordial germ cells	NA	SRP473050	SRS19592345	0.986	0.438	6.438	0.597	0.684	0.898	2996.08	42002	81156.22	1533
SRX22585385	Spermatogonial Stem Cell	induced pluripotent stem cells	Spermatogonial stem cells	NA	SRP473050	SRS19592346	0.986	0.585	7.460	0.637	0.694	0.905	1780.67	54180	57900.66	1932
SRX22585386	Spermatogonial Stem Cell	induced pluripotent stem cells	Spermatogonial stem cells	NA	SRP473050	SRS19592347	0.984	0.580	5.671	0.518	0.620	0.892	2183.27	49890	78572.62	1845
SRX22585388	Spermatogonial Stem Cell	induced pluripotent stem cells	Spermatogonial stem cells	NA	SRP473050	SRS19592349	0.985	0.569	5.606	0.639	0.689	0.880	2247.45	48385	84451.85	1708
SRX22585389	Embryonic Fibroblasts	Mouse embryonic fibroblasts	Mouse embryonic fibroblasts	NA	SRP473050	SRS19592350	0.988	0.662	12.815	0.601	0.732	0.940	1110.2	39450	16703.33	719
SRX22585390	Embryonic Fibroblasts	Mouse embryonic fibroblasts	Mouse embryonic fibroblasts	NA	SRP473050	SRS19592351	0.988	0.662	11.336	0.586	0.751	0.938	1129.43	39075	16371.57	694
SRX22585391	Embryonic Fibroblasts	Mouse embryonic fibroblasts	Mouse embryonic fibroblasts	NA	SRP473050	SRS19592352	0.988	0.659	7.895	0.596	0.764	0.922	1221.94	35146	20761.12	472
SRX22585392	Tail Tip Fibroblasts	Tail tip fibroblasts	Tail tip fibroblasts	NA	SRP473050	SRS19592354	0.989	0.623	10.581	0.530	0.757	0.942	1199.51	40554	17052.15	641
SRX22585393	Tail Tip Fibroblasts	Tail tip fibroblasts	Tail tip fibroblasts	NA	SRP473050	SRS19592353	0.989	0.616	12.021	0.580	0.708	0.942	1191.84	41249	19609.89	477
SRX22585394	Tail Tip Fibroblasts	Tail tip fibroblasts	Tail tip fibroblasts	NA	SRP473050	SRS19592355	0.989	0.622	15.283	0.487	0.720	0.945	1100.88	42993	14778.91	633
SRX22585395	Tail Tip Fibroblasts	Tail tip fibroblasts	Tail tip fibroblasts	NA	SRP473050	SRS19592356	0.989	0.620	10.427	0.579	0.737	0.940	1211.7	38916	16626.71	640
SRX22585396	Primordial Germ	Primordial germ cells	Primordial germ cells	NA	SRP473050	SRS19592357	0.989	0.087	13.146	0.556	0.684	0.945	775931.67	3	3514212.45	51
SRX22585397	Primordial Germ	Primordial germ cells	Primordial germ cells	NA	SRP473050	SRS19592358	0.990	0.250	13.201	0.546	0.702	0.948	0.0	0	2993371.43	174
SRX22585399	Primordial Germ	Primordial germ cells	Primordial germ cells	NA	SRP473050	SRS19592360	0.987	0.209	12.982	0.565	0.717	0.945	1481730.0	1	3493078.96	52
SRX22585400	Spermatogonial Stem Cell	spermatogonial stem cells	Spermatogonial stem cells	NA	SRP473050	SRS19592361	0.982	0.747	7.232	0.567	0.687	0.929	1559.96	62732	107384.33	1582
SRX22585401	Spermatogonial Stem Cell	spermatogonial stem cells	Spermatogonial stem cells	NA	SRP473050	SRS19592362	0.969	0.743	9.440	0.523	0.653	0.937	1674.16	70567	123721.44	1979
SRX22585402	Primordial Germ Cell Like	Primordial germ cell like cells	not applicable	NA	SRP473050	SRS19592363	0.988	0.576	16.197	0.549	0.691	0.948	1115.79	30939	11069.71	1257
SRX22585403	Primordial Germ Cell Like	Primordial germ cell like cells	not applicable	NA	SRP473050	SRS19592364	0.986	0.493	10.558	0.512	0.748	0.936	1462.91	34430	22726.35	1455
SRX22585404	Primordial Germ Cell Like	Primordial germ cell like cells	not applicable	NA	SRP473050	SRS19592365	0.986	0.589	10.214	0.526	0.732	0.935	1266.86	32452	19222.44	1308
SRX22585405	Primordial Germ Cell Like	Primordial germ cell like cells	not applicable	NA	SRP473050	SRS19592366	0.986	0.645	8.362	0.552	0.753	0.923	1225.97	26636	15607.37	728
SRX22585406	Primordial Germ Cell Like	Primordial germ cell like cells	not applicable	NA	SRP473050	SRS19592367	0.988	0.589	16.016	0.548	0.677	0.948	1115.01	30578	11582.49	1058
SRX22585407	Primordial Germ Cell Like	Primordial germ cell like cells	not applicable	NA	SRP473050	SRS19592368	0.987	0.609	14.905	0.539	0.703	0.946	1095.58	32491	11992.48	1378
SRX22585408	Primordial Germ Cell Like	Primordial germ cell like cells	not applicable	NA	SRP473050	SRS19592369	0.986	0.657	7.554	0.523	0.750	0.923	1226.79	27056	20034.35	511
SRX22585410	Primordial Germ Cell Like	Primordial germ cell like cells	not applicable	NA	SRP473050	SRS19592371	0.986	0.575	13.177	0.497	0.693	0.946	1185.89	30444	11780.55	1179
SRX22585411	Primordial Germ Cell Like	Primordial germ cell like cells	not applicable	NA	SRP473050	SRS19592372	0.985	0.622	7.251	0.538	0.749	0.919	1272.63	28009	23056.26	549
SRX22585412	Primordial Germ Cell Like	Primordial germ cell like cells	not applicable	NA	SRP473050	SRS19592373	0.988	0.622	13.403	0.559	0.740	0.944	1107.92	30530	12891.19	1071
SRX22585413	Primordial Germ Cell Like	Primordial germ cell like cells	not applicable	NA	SRP473050	SRS19592374	0.987	0.580	16.356	0.536	0.655	0.949	1103.88	31268	11618.87	1045
SRX22585414	Primordial Germ Cell Like	Primordial germ cell like cells	not applicable	NA	SRP473050	SRS19592375	0.986	0.594	10.929	0.526	0.737	0.938	1191.64	30341	16167.88	979
SRX22606019	Placenta	NA	Placenta	NA	SRP473623	SRS19612011	0.967	0.440	2.092	0.456	0.462	0.701	0.0	0	2584735.58	387
SRX22606031	Primordial Germ	NA	Primordial germ cells	NA	SRP473623	SRS19612017	0.977	0.734	2.046	0.659	0.525	0.774	1854.81	23883	43623.84	292
SRX22606033	Primordial Germ	NA	Primordial germ cells	NA	SRP473623	SRS19612019	0.975	0.674	1.938	0.563	0.216	0.743	1983.87	22701	47548.52	243
SRX22606036	Primordial Germ	NA	Primordial germ cells	NA	SRP473623	SRS19612021	0.979	0.722	2.558	0.677	0.542	0.834	1828.57	24222	31883.59	419
SRX22606039	Primordial Germ	NA	Primordial germ cells	NA	SRP473623	SRS19612023	0.975	0.689	1.655	0.580	0.578	0.716	2239.94	21304	76001.17	108
SRX22606040	Primordial Germ	NA	Primordial germ cells	NA	SRP473623	SRS19612024	0.975	0.598	1.816	0.569	0.393	0.746	2695.0	19795	70718.09	85
SRX22606047	Primordial Germ	NA	Primordial germ cells	NA	SRP473623	SRS19612027	0.976	0.069	1.912	0.642	0.569	0.762	0.0	0	4800485.08	50
SRX22606049	Primordial Germ	NA	Primordial germ cells	NA	SRP473623	SRS19612028	0.975	0.187	3.000	0.577	0.507	0.863	1261189.0	1	0.0	0
SRX22606050	Primordial Germ	NA	Primordial germ cells	NA	SRP473623	SRS19612029	0.977	0.180	1.965	0.585	0.393	0.766	718400.0	1	0.0	0
SRX22606055	Primordial Germ	NA	Primordial germ cells	NA	SRP473623	SRS19612031	0.980	0.062	2.147	0.695	0.361	0.785	0.0	0	3168759.37	86
SRX22606056	Primordial Germ	NA	Primordial germ cells	NA	SRP473623	SRS19612032	0.978	0.116	1.750	0.641	0.464	0.732	408872.0	2	26525741.0	1
SRX22606058	Primordial Germ	NA	Primordial germ cells	NA	SRP473623	SRS19612033	0.977	0.110	2.235	0.507	0.458	0.802	795486.0	1	7794128.23	13
SRX22606064	Placenta	NA	Placenta	NA	SRP473623	SRS19612035	0.966	0.391	2.603	0.310	0.428	0.748	0.0	0	2515741.68	416
SRX22606115	Primordial Germ	NA	Primordial germ cells	NA	SRP473623	SRS19612049	0.977	0.178	1.715	0.601	0.218	0.705	570705.0	1	118820616.0	1
SRX22606116	Primordial Germ	NA	Primordial germ cells	NA	SRP473623	SRS19612051	0.978	0.292	2.161	0.605	0.403	0.795	653688.5	2	0.0	0
SRX22606119	Primordial Germ	NA	Primordial germ cells	NA	SRP473623	SRS19612052	0.978	0.109	1.721	0.613	0.270	0.717	577578.0	1	13916971.5	2
SRX22606122	Primordial Germ	NA	Primordial germ cells	NA	SRP473623	SRS19612053	0.979	0.104	2.239	0.635	0.283	0.799	838820.0	1	14400873.0	1
SRX22606127	Placenta	NA	Placenta	NA	SRP473623	SRS19612056	0.959	0.463	3.945	0.233	0.477	0.808	39529.48	79	0.0	0
SRX22649080	Early Embryo	NA	early embryo	NA	SRP474397	SRS19645393	0.945	0.311	5.815	0.682	0.255	0.897	36420.32	16848	210527.42	5384
SRX22649081	Early Embryo	NA	early embryo	NA	SRP474397	SRS19645395	0.945	0.312	6.266	0.675	0.240	0.909	36034.82	17806	189548.17	6139
SRX22649082	Early Embryo	NA	early embryo	NA	SRP474397	SRS19645394	0.949	0.314	7.143	0.681	0.324	0.919	31477.34	24448	172317.63	7315
SRX22655821	Embryo	early 2Cell	Mouse embryo	Mouse embryo	SRP474495	SRS19652005	0.976	0.410	13.341	0.801	0.326	0.958	27590.93	20303	232230.14	2614
SRX22655822	Embryo	early 2Cell	Mouse embryo	Mouse embryo	SRP474495	SRS19652006	0.971	0.478	10.792	0.784	0.252	0.956	27603.65	18600	385169.48	1361
SRX22683113	ESC	Embryonic stem cells	NA	Embryonic stem cells	SRP474956	SRS19676851	0.988	0.659	28.891	0.778	0.793	0.961	1210.6	38044	9074.83	3654
SRX22683114	ESC	Embryonic stem cells	NA	Embryonic stem cells	SRP474956	SRS19676852	0.986	0.668	28.306	0.794	0.818	0.959	1203.56	34472	8292.07	3916
SRX22683115	Neural Stem Cell	Neural stem cells	NA	Neural stem cells	SRP474956	SRS19676853	0.991	0.769	29.417	0.801	0.812	0.962	953.74	30958	42174.03	3394
SRX22683116	Neural Stem Cell	Neural stem cells	NA	Neural stem cells	SRP474956	SRS19676854	0.990	0.799	28.944	0.819	0.828	0.961	1057.44	26958	42483.56	3161
SRX22695229	Pancreas	ADM	Pancreas	NA	SRP475142	SRS19687953	0.981	0.679	17.253	0.892	0.445	0.958	1231.39	60322	16962.24	3012
SRX22695230	Pancreas	duct	Pancreas	NA	SRP475142	SRS19687954	0.981	0.755	25.710	0.889	0.459	0.961	1025.99	69707	15543.21	3291
SRX22695231	Pancreas	ADM	Pancreas	NA	SRP475142	SRS19687955	0.980	0.691	25.331	0.873	0.469	0.963	1166.29	65834	17310.0	3486
SRX22695232	Pancreas	duct	Pancreas	NA	SRP475142	SRS19687956	0.980	0.741	20.335	0.883	0.491	0.960	1070.4	59827	15127.36	3027
SRX22695233	Pancreas	ADM	Pancreas	NA	SRP475142	SRS19687957	0.980	0.689	21.828	0.896	0.426	0.962	1236.81	57874	18317.24	2989
SRX22695234	Pancreas	duct	Pancreas	NA	SRP475142	SRS19687958	0.979	0.759	25.469	0.895	0.453	0.963	1063.46	61390	16245.81	3185
SRX22695235	Pancreas	ADM	Pancreas	NA	SRP475142	SRS19687959	0.980	0.665	22.941	0.871	0.312	0.957	1243.39	53205	11709.88	2175
SRX22695236	Pancreas	duct	Pancreas	NA	SRP475142	SRS19687960	0.980	0.764	26.252	0.875	0.452	0.957	977.23	72411	9747.49	2940
SRX22695237	Pancreas	acinar (recovered)	Pancreas	NA	SRP475142	SRS19687961	0.981	0.681	24.729	0.901	0.440	0.958	1164.74	63271	11155.9	2755
SRX22695238	Pancreas	duct	Pancreas	NA	SRP475142	SRS19687962	0.980	0.761	23.717	0.909	0.474	0.957	1052.75	57532	9163.58	3051
SRX22695240	Pancreas	acinar (recovered)	Pancreas	NA	SRP475142	SRS19687964	0.980	0.680	22.001	0.857	0.394	0.961	1159.36	60488	16021.36	3226
SRX22695241	Pancreas	duct	Pancreas	NA	SRP475142	SRS19687965	0.980	0.756	24.851	0.893	0.524	0.962	1021.17	62371	14178.89	2870
SRX22695242	Pancreas	acinar	Pancreas	NA	SRP475142	SRS19687966	0.979	0.689	18.870	0.872	0.412	0.954	1177.91	59305	10523.68	2923
SRX22695243	Pancreas	duct	Pancreas	NA	SRP475142	SRS19687967	0.979	0.764	24.081	0.872	0.506	0.956	1043.14	62539	10480.14	2816
SRX22695244	Pancreas	acinar	Pancreas	NA	SRP475142	SRS19687968	0.980	0.675	22.223	0.872	0.377	0.961	1131.16	63919	15928.44	3052
SRX22695245	Pancreas	duct	Pancreas	NA	SRP475142	SRS19687969	0.980	0.752	23.135	0.875	0.401	0.961	1056.77	57352	15010.77	2837
SRX22695246	Pancreas	acinar	Pancreas	NA	SRP475142	SRS19687970	0.981	0.679	18.956	0.891	0.383	0.955	1145.72	59148	11664.73	2276
SRX22695247	Pancreas	duct	Pancreas	NA	SRP475142	SRS19687971	0.979	0.761	30.331	0.907	0.529	0.957	1041.43	65194	11159.02	2746
SRX22695248	Pancreas	acinar	Pancreas	NA	SRP475142	SRS19687972	0.979	0.682	23.172	0.889	0.425	0.955	1131.86	63115	12129.21	2493
SRX22695249	Pancreas	duct	Pancreas	NA	SRP475142	SRS19687973	0.980	0.746	27.448	0.905	0.409	0.957	1050.49	61949	11890.73	2373
SRX22695251	Pancreas	ADM	Pancreas	NA	SRP475142	SRS19687975	0.980	0.695	21.198	0.876	0.362	0.957	1178.46	51289	8446.84	2685
SRX22695252	Pancreas	duct	Pancreas	NA	SRP475142	SRS19687976	0.980	0.753	26.336	0.897	0.432	0.959	973.7	64595	8501.93	2687
SRX22695253	Pancreas	ADM	Pancreas	NA	SRP475142	SRS19687977	0.980	0.679	20.957	0.892	0.463	0.965	1154.22	52376	11009.48	2182
SRX22695254	Pancreas	duct	Pancreas	NA	SRP475142	SRS19687978	0.980	0.746	19.445	0.885	0.395	0.964	1021.76	55534	8954.89	2341
SRX22695255	Pancreas	ADM	Pancreas	NA	SRP475142	SRS19687979	0.979	0.679	23.101	0.881	0.432	0.957	1143.59	55725	8755.41	2719
SRX22695256	Pancreas	duct	Pancreas	NA	SRP475142	SRS19687980	0.978	0.754	30.003	0.885	0.371	0.957	991.68	62706	9295.12	2155
SRX22695257	Pancreas	ADM	Pancreas	NA	SRP475142	SRS19687982	0.980	0.670	21.005	0.885	0.455	0.963	1164.73	53762	12545.89	1931
SRX22695258	Pancreas	duct	Pancreas	NA	SRP475142	SRS19687981	0.979	0.757	21.042	0.895	0.492	0.965	944.71	67226	9196.8	2476
SRX22695259	Pancreas	acinar (recovered)	Pancreas	NA	SRP475142	SRS19687984	0.980	0.670	23.082	0.898	0.483	0.955	1149.84	56613	9735.86	2411
SRX22695260	Pancreas	duct	Pancreas	NA	SRP475142	SRS19687983	0.980	0.759	24.226	0.900	0.453	0.957	983.74	63726	8509.19	2663
SRX22695262	Pancreas	acinar (recovered)	Pancreas	NA	SRP475142	SRS19687985	0.981	0.663	23.316	0.865	0.365	0.966	1152.83	56619	12449.99	2463
SRX22695263	Pancreas	duct	Pancreas	NA	SRP475142	SRS19687987	0.979	0.756	26.252	0.881	0.473	0.965	973.82	61875	9482.82	2451
SRX22695264	Pancreas	acinar	Pancreas	NA	SRP475142	SRS19687988	0.981	0.668	23.957	0.886	0.405	0.957	1116.98	58953	9479.66	2289
SRX22695265	Pancreas	duct	Pancreas	NA	SRP475142	SRS19687989	0.980	0.752	22.340	0.893	0.388	0.956	1003.68	59110	7753.19	2778
SRX22695266	Pancreas	acinar	Pancreas	NA	SRP475142	SRS19687990	0.980	0.678	25.530	0.891	0.446	0.966	1099.12	59898	11004.92	2575
SRX22695267	Pancreas	duct	Pancreas	NA	SRP475142	SRS19687991	0.980	0.758	27.467	0.895	0.495	0.967	954.08	65351	8434.48	2965
SRX22695268	Pancreas	acinar	Pancreas	NA	SRP475142	SRS19687992	0.980	0.677	17.130	0.832	0.447	0.954	1159.13	57175	9786.11	2064
SRX22695269	Pancreas	duct	Pancreas	NA	SRP475142	SRS19687994	0.979	0.761	14.992	0.869	0.468	0.953	1074.6	54113	7922.75	2706
SRX22695270	Pancreas	acinar	Pancreas	NA	SRP475142	SRS19687993	0.979	0.669	21.575	0.884	0.287	0.956	1138.56	58706	10045.66	2198
SRX22695271	Pancreas	duct	Pancreas	NA	SRP475142	SRS19687995	0.980	0.753	23.561	0.887	0.417	0.956	1009.99	58031	8313.52	2469
SRX22793796	Olfactory Epithilium	NA	Olfactory epithilium	Olfactory epithilium	SRP476050	SRS19777809	0.987	0.719	37.323	0.793	0.230	0.965	1205.14	75629	34966.77	4267
SRX2279699	Hepatocyte	NA	NA	Hepatocytes	SRP092244	SRS1766269	0.996	0.690	7.512	0.737	0.864	0.919	1421.52	32433	24287.79	1098
SRX2279700	Hepatocyte	NA	NA	Hepatocytes	SRP092244	SRS1766271	0.995	0.694	7.145	0.774	0.848	0.918	1499.03	34753	29703.37	1058
SRX2279701	Hepatocyte	NA	NA	Hepatocytes	SRP092244	SRS1766270	0.995	0.703	7.407	0.786	0.844	0.923	1452.92	34387	26236.99	1212
SRX2279702	Hepatocyte	NA	NA	Hepatocytes	SRP092244	SRS1766272	0.996	0.700	7.406	0.777	0.869	0.921	1469.7	32096	25562.84	1217
SRX2279703	Hepatocyte	NA	NA	Hepatocytes	SRP092244	SRS1766276	0.995	0.714	7.279	0.799	0.837	0.921	1578.4	38027	31316.91	1510
SRX2279704	Hepatocyte	NA	NA	Hepatocytes	SRP092244	SRS1766273	0.995	0.696	7.472	0.777	0.412	0.921	1586.81	37283	34071.28	1061
SRX2279705	Hepatocyte	NA	NA	Hepatocytes	SRP092244	SRS1766274	0.995	0.685	6.910	0.749	0.846	0.918	1553.16	36853	28178.9	1405
SRX2279706	Hepatocyte	NA	NA	Hepatocytes	SRP092244	SRS1766275	0.994	0.701	7.774	0.779	0.840	0.924	1522.08	39055	26837.88	1778
SRX2279707	Hepatocyte	NA	NA	Hepatocytes	SRP092244	SRS1766277	0.995	0.687	8.011	0.744	0.848	0.925	1361.33	33648	23952.9	1010
SRX2279708	Hepatocyte	NA	NA	Hepatocytes	SRP092244	SRS1766278	0.995	0.690	7.670	0.725	0.828	0.921	1425.99	32960	25124.71	1212
SRX2279709	Hepatocyte	NA	NA	Hepatocytes	SRP092244	SRS1766279	0.996	0.678	8.408	0.729	0.854	0.927	1333.0	33363	23611.78	1050
SRX2279710	Hepatocyte	NA	NA	Hepatocytes	SRP092244	SRS1766280	0.996	0.703	7.297	0.761	0.850	0.922	1385.85	34590	24892.06	1304
SRX2279711	Hepatocyte	NA	NA	Hepatocytes	SRP092244	SRS1766281	0.996	0.696	7.846	0.765	0.853	0.925	1429.26	35854	26354.67	1113
SRX2279712	Hepatocyte	NA	NA	Hepatocytes	SRP092244	SRS1766283	0.996	0.697	8.377	0.769	0.833	0.928	1361.56	29959	24242.59	1118
SRX2279713	Hepatocyte	NA	NA	Hepatocytes	SRP092244	SRS1766284	0.996	0.660	7.624	0.719	0.850	0.923	1454.61	33477	23138.82	1035
SRX2279714	Hepatocyte	NA	NA	Hepatocytes	SRP092244	SRS1766282	0.996	0.667	7.135	0.724	0.842	0.920	1460.28	33497	24184.03	998
SRX2279741	Hepatocyte	NA	NA	Hepatocytes	SRP092247	SRS1766307	0.994	0.701	4.559	0.805	0.894	0.895	1527.99	28434	30196.97	524
SRX2279742	Hepatocyte	NA	NA	Hepatocytes	SRP092247	SRS1766308	0.994	0.704	4.673	0.792	0.878	0.885	1549.9	31329	35257.16	552
SRX2279743	Hepatocyte	NA	NA	Hepatocytes	SRP092247	SRS1766309	0.995	0.690	4.639	0.783	0.884	0.888	1604.95	30439	36018.08	530
SRX2279744	Hepatocyte	NA	NA	Hepatocytes	SRP092247	SRS1766310	0.994	0.700	4.529	0.786	0.883	0.895	1549.13	31305	34874.62	471
SRX2279745	Hepatocyte	NA	NA	Hepatocytes	SRP092247	SRS1766311	0.992	0.700	4.746	0.803	0.896	0.887	1583.21	32814	36457.4	484
SRX2279746	Hepatocyte	NA	NA	Hepatocytes	SRP092247	SRS1766312	0.992	0.713	4.889	0.786	0.873	0.879	1538.3	32994	34002.88	531
SRX2279747	Hepatocyte	NA	NA	Hepatocytes	SRP092247	SRS1766313	0.992	0.677	4.563	0.776	0.891	0.886	1629.07	28377	31278.16	399
SRX2279748	Hepatocyte	NA	NA	Hepatocytes	SRP092247	SRS1766314	0.992	0.703	4.966	0.796	0.892	0.880	1574.21	33658	37064.04	488
SRX2279749	Hepatocyte	NA	NA	Hepatocytes	SRP092247	SRS1766315	0.993	0.704	4.489	0.794	0.902	0.893	1574.93	30710	33964.47	529
SRX2279750	Hepatocyte	NA	NA	Hepatocytes	SRP092247	SRS1766316	0.993	0.708	4.451	0.794	0.871	0.885	1572.99	32116	37196.37	455
SRX2279751	Hepatocyte	NA	NA	Hepatocytes	SRP092247	SRS1766317	0.993	0.710	4.430	0.800	0.885	0.895	1576.57	32457	26468.41	792
SRX2279752	Hepatocyte	NA	NA	Hepatocytes	SRP092247	SRS1766318	0.993	0.709	4.652	0.809	0.893	0.893	1572.91	33651	40371.54	450
SRX2279753	Hepatocyte	NA	NA	Hepatocytes	SRP092247	SRS1766319	0.994	0.700	4.595	0.792	0.883	0.894	1536.96	30433	31497.2	471
SRX2279754	Hepatocyte	NA	NA	Hepatocytes	SRP092247	SRS1766320	0.994	0.700	4.786	0.779	0.867	0.883	1491.3	32006	34359.3	416
SRX2279755	Hepatocyte	NA	NA	Hepatocytes	SRP092247	SRS1766321	0.994	0.700	4.635	0.778	0.885	0.892	1551.94	30640	31706.43	512
SRX2279756	Hepatocyte	NA	NA	Hepatocytes	SRP092247	SRS1766322	0.992	0.692	4.051	0.789	0.804	0.875	1663.48	30353	33354.2	578
SRX22886222	Extraembryonic endoderm (distal)	NA	Extraembryonic endoderm (distal)	Extraembryonic endoderm (distal)	SRP477968	SRS19858463	0.981	0.581	20.172	0.843	0.669	0.952	3073.0	35377	378435.19	2219
SRX22886223	Extraembryonic endoderm (distal)	NA	Extraembryonic endoderm (distal)	Extraembryonic endoderm (distal)	SRP477968	SRS19858462	0.982	0.587	20.880	0.845	0.419	0.955	6381.54	48019	316956.22	2606
SRX22886224	Extraembryonic endoderm (proximal)	NA	Extraembryonic endoderm (proximal)	Extraembryonic endoderm (proximal)	SRP477968	SRS19858467	0.982	0.514	18.707	0.841	0.694	0.951	8850.63	44281	325945.86	2684
SRX22886225	Extraembryonic endoderm (proximal)	NA	Extraembryonic endoderm (proximal)	Extraembryonic endoderm (proximal)	SRP477968	SRS19858464	0.983	0.529	18.296	0.848	0.516	0.952	8235.66	46877	280838.19	2995
SRX22886226	Yolk Sac Endoderm	NA	Yolk sac endoderm	Yolk sac endoderm	SRP477968	SRS19858465	0.981	0.497	21.320	0.833	0.437	0.959	7704.38	42362	333276.51	2480
SRX22886227	Hindgut Endoderm	NA	Hindgut endoderm	Hindgut endoderm	SRP477968	SRS19858466	0.981	0.806	20.410	0.828	0.404	0.961	1077.48	51908	9412.47	4166
SRX22886228	Midgut Endoderm	NA	Midgut endoderm	Midgut endoderm	SRP477968	SRS19858468	0.980	0.793	16.675	0.820	0.321	0.959	1066.96	50668	8886.24	3854
SRX22886229	Hindgut Endoderm	NA	Hindgut endoderm	Hindgut endoderm	SRP477968	SRS19858469	0.981	0.639	18.242	0.835	0.450	0.958	5397.73	52034	275647.59	2798
SRX22886230	Midgut Endoderm	NA	Midgut endoderm	Midgut endoderm	SRP477968	SRS19858470	0.981	0.637	17.076	0.824	0.235	0.959	5679.41	51759	281034.78	2772
SRX22886788	Liver	Liver iNKT (aGalCer/CD1d tetramer+)	Liver	Liver	SRP478001	SRS19858972	0.990	0.726	91.515	0.838	0.820	0.953	1300.1	53811	15060.91	2918
SRX22886805	Liver	Liver iNKT (aGalCer/CD1d tetramer+)	Liver	Liver	SRP478001	SRS19858989	0.991	0.761	90.999	0.860	0.831	0.953	1186.92	59909	14814.18	3679
SRX229527	ESCs-Rosa26-GFP	ESCs-Rosa26-GFP	NA	ESCs-Rosa26-GFP	SRP018523	SRS392106	0.992	0.722	11.528	0.444	0.920	0.912	1339.88	48361	16982.48	3445
SRX229528	iPGCs-Rosa26-GFP	iPGCs-Rosa26-GFP	NA	iPGCs-Rosa26-GFP	SRP018523	SRS392107	0.992	0.443	12.126	0.482	0.931	0.910	1318.13	29532	15030.05	1335
SRX229529	ESCs-V6.5	ESCs-V6.5	NA	ESCs-V6.5	SRP018523	SRS392108	0.984	0.753	3.348	0.688	0.908	0.840	1686.57	34395	65995.66	845
SRX229530	iPGCs-V6.5	iPGCs-V6.5	NA	iPGCs-V6.5	SRP018523	SRS392109	0.984	0.459	3.459	0.612	0.906	0.831	2333.91	26466	5749629.8	55
SRX229532	iPGCs	iPGCs	NA	iPGCs	SRP018523	SRS392111	0.983	0.435	4.417	0.586	0.693	0.846	2145.04	24828	6167937.29	31
SRX229533	iPGCs	iPGCs	NA	iPGCs	SRP018523	SRS392112	0.988	0.451	3.666	0.614	0.868	0.845	1969.56	25184	6224701.72	43
SRX229534	iPGCs	iPGCs	NA	iPGCs	SRP018523	SRS392113	0.986	0.553	3.644	0.543	0.864	0.838	2071.19	20676	36955.66	218
SRX229536	iPGCs	iPGCs	NA	iPGCs	SRP018523	SRS392115	0.985	0.459	3.255	0.509	0.739	0.793	2068.44	22798	65167.73	285
SRX23022407	mTELCs induced from mTBLCs	mTELCs induced from mTBLCs	NA	V6.5	SRP480077	SRS19984404	0.974	0.491	14.129	0.857	0.401	0.959	12332.35	46004	374530.13	2712
SRX23022408	mTELSC cultured in TX medium	mTELSC cultured in TX medium	NA	V6.5	SRP480077	SRS19984405	0.974	0.597	9.933	0.876	0.485	0.961	9124.65	45639	455815.99	1870
SRX23022409	mTELSC-TO cultured in TO medium	mTELSC-TO cultured in TO medium	NA	V6.5	SRP480077	SRS19984406	0.977	0.586	7.987	0.803	0.466	0.957	11113.53	40890	646515.93	1534
SRX23132898	ESC	Mouse Embrionic Stem Cells	mESC	mESC	SRP482520	SRS20084189	0.991	0.647	6.974	0.792	0.805	0.938	1477.57	45219	29621.16	2111
SRX23132899	ESC	Mouse Embrionic Stem Cells	mESC	mESC	SRP482520	SRS20084190	0.991	0.625	5.707	0.786	0.806	0.930	1592.23	43583	28732.58	2207
SRX23132900	ESC	Mouse Embrionic Stem Cells	mESC	mESC	SRP482520	SRS20084191	0.992	0.693	6.599	0.790	0.808	0.936	1330.8	41524	22870.28	1849
SRX23132901	ESC	Mouse Embrionic Stem Cells	mESC	mESC	SRP482520	SRS20084193	0.992	0.725	7.067	0.787	0.801	0.938	1296.33	44715	24160.12	2332
SRX23146185	Sperm	Sperm	NA	Sperm	SRP451433	SRS20097077	0.981	0.498	4.636	0.416	0.255	0.894	5574.16	35240	388607.01	965
SRX2323930	Long-Term Hematopoietic Stem Cell	long-term hematopoietic stem cell	NA	Hematopoietic stem cells	SRP092540	SRS1779767	0.965	0.708	1.934	0.737	0.493	0.711	1663.86	26931	76381.53	101
SRX2323931	Intermediate-Term Hematopoietic Stem Cell	intermediate-term hematopoietic stem cell	NA	Hematopoietic stem cells	SRP092540	SRS1779776	0.962	0.760	2.028	0.698	0.603	0.713	1449.82	28855	65755.8	140
SRX2323932	Intermediate-Term Hematopoietic Stem Cell	intermediate-term hematopoietic stem cell	NA	Hematopoietic stem cells	SRP092540	SRS1779769	0.969	0.758	2.787	0.745	0.594	0.779	1349.65	31768	44278.65	234
SRX2323933	Short-Term Hematopoeitic Stem Cell	short-term hematopoeitic stem cell	NA	Hematopoietic stem cells	SRP092540	SRS1779770	0.965	0.734	2.160	0.712	0.626	0.731	1473.23	29224	58934.82	121
SRX2323934	Short-Term Hematopoeitic Stem Cell	short-term hematopoeitic stem cell	NA	Hematopoietic stem cells	SRP092540	SRS1779771	0.971	0.741	2.024	0.752	0.492	0.703	1420.53	30097	70795.36	159
SRX2323936	Multi-Potent Progenitor	multi-potent progenitor	NA	Hematopoietic stem cells	SRP092540	SRS1779778	0.967	0.765	2.180	0.749	0.502	0.731	1387.88	31140	64957.63	152
SRX23336597	XX ESCs	XX ESCs	XX ESCs	XX ESCs	SRP484966	SRS20198870	0.983	0.068	9.017	0.829	0.594	0.943	1354762.0	1	80745343.5	2
SRX23336598	XX ESCs	XX ESCs	XX ESCs	XX ESCs	SRP484966	SRS20198871	0.983	0.067	9.575	0.829	0.594	0.944	1260955.0	1	0.0	0
SRX23336599	XX ESCs	XX ESCs	XX ESCs	XX ESCs	SRP484966	SRS20198872	0.974	0.596	8.693	0.835	0.604	0.943	1636.42	29847	18070.95	1403
SRX23336600	XX ESCs	XX ESCs	XX ESCs	XX ESCs	SRP484966	SRS20198873	0.973	0.584	10.089	0.835	0.578	0.946	1598.7	30353	24719.45	1468
SRX23336601	XX ESCs	XX ESCs	XX ESCs	XX ESCs	SRP484966	SRS20198874	0.973	0.753	8.445	0.837	0.604	0.943	1265.21	24728	14487.11	748
SRX23336602	XX ESCs	XX ESCs	XX ESCs	XX ESCs	SRP484966	SRS20198875	0.974	0.744	8.168	0.833	0.581	0.942	1264.98	24778	15896.65	585
SRX23416639	Kidney	NA	Kidney	NA	SRP486307	SRS20271702	0.992	0.757	26.325	0.871	0.450	0.949	1059.37	53782	8862.26	2558
SRX23416640	Kidney	NA	Kidney	NA	SRP486307	SRS20271702	0.992	0.756	12.321	0.872	0.451	0.944	1103.57	45117	8553.56	2367
SRX23416645	Liver	NA	Liver	NA	SRP486307	SRS20271710	0.993	0.722	5.560	0.846	0.474	0.926	1418.23	33258	18745.95	575
SRX23416646	Liver	NA	Liver	NA	SRP486307	SRS20271707	0.993	0.733	11.009	0.849	0.447	0.945	1174.9	43726	13181.28	1462
SRX23416647	Liver	NA	Liver	NA	SRP486307	SRS20271708	0.993	0.718	9.726	0.854	0.508	0.943	1181.3	43405	12825.39	1491
SRX23416648	Liver	NA	Liver	NA	SRP486307	SRS20271709	0.993	0.719	18.080	0.828	0.355	0.947	1105.99	46880	9735.44	2284
SRX23416649	Liver	NA	Liver	NA	SRP486307	SRS20271709	0.993	0.719	19.172	0.843	0.475	0.947	1101.94	47304	9478.56	2489
SRX23416651	Liver	NA	Liver	NA	SRP486307	SRS20271712	0.993	0.706	5.366	0.849	0.532	0.929	1368.59	34836	20116.29	589
SRX23416658	Liver	NA	Liver	NA	SRP486307	SRS20271710	0.993	0.722	21.732	0.841	0.363	0.949	1111.74	46848	9793.11	2599
SRX23416659	Liver	NA	Liver	NA	SRP486307	SRS20271707	0.993	0.735	25.584	0.848	0.433	0.952	1050.42	55148	9562.04	2890
SRX23416660	Liver	NA	Liver	NA	SRP486307	SRS20271708	0.993	0.719	27.571	0.852	0.483	0.952	1006.06	59211	9100.46	3185
SRX23502126	Placenta	NA	Placenta	Placenta	SRP487504	SRS20353808	0.992	0.356	7.931	0.809	0.502	0.733	5223.4	11773	2128507.02	358
SRX23511408	endocrine islets postnatal day-2 female mice	all islet cells	endocrine islets, postnatal day-2, female mice	endocrine islets, postnatal day-2, female mice	SRP487827	SRS20361875	0.985	0.649	11.835	0.451	0.742	0.953	1002.53	53914	12729.99	1172
SRX23511409	endocrine islets postnatal day-2 female mice	all islet cells	endocrine islets, postnatal day-2, female mice	endocrine islets, postnatal day-2, female mice	SRP487827	SRS20361877	0.980	0.663	12.780	0.455	0.752	0.947	1036.27	54880	9591.59	1934
SRX23511410	endocrine islets postnatal day-2 male mice	all islet cells	endocrine islets, postnatal day-2, male mice	endocrine islets, postnatal day-2, male mice	SRP487827	SRS20361876	0.980	0.656	10.102	0.446	0.768	0.944	1092.22	49113	13475.03	1127
SRX23511411	endocrine islets postnatal day-2 male mice	all islet cells	endocrine islets, postnatal day-2, male mice	endocrine islets, postnatal day-2, male mice	SRP487827	SRS20361878	0.983	0.657	9.134	0.420	0.673	0.949	1107.63	47750	12308.32	1277
SRX23511412	endocrine islets postnatal day-60 female mice	all islet cells	endocrine islets, postnatal day-60, female mice	endocrine islets, postnatal day-60, female mice	SRP487827	SRS20361879	0.985	0.632	10.243	0.553	0.718	0.946	1054.68	41364	20215.2	626
SRX23511413	endocrine islets postnatal day-60 male mice	all islet cells	endocrine islets, postnatal day-60, male mice	endocrine islets, postnatal day-60, male mice	SRP487827	SRS20361881	0.983	0.641	12.804	0.333	0.770	0.952	991.96	46875	16713.22	925
SRX23511414	endocrine islets postnatal day-60 female mice	all islet cells	endocrine islets, postnatal day-60, female mice	endocrine islets, postnatal day-60, female mice	SRP487827	SRS20361880	0.982	0.631	5.667	0.388	0.853	0.924	1303.74	32632	28545.18	411
SRX23511415	endocrine islets postnatal day-60 male mice	all islet cells	endocrine islets, postnatal day-60, male mice	endocrine islets, postnatal day-60, male mice	SRP487827	SRS20361883	0.987	0.649	12.399	0.613	0.567	0.956	1024.51	43386	14536.1	933
SRX23511416	endocrine islets postnatal day-60 female mice	all islet cells	endocrine islets, postnatal day-60, female mice	endocrine islets, postnatal day-60, female mice	SRP487827	SRS20361882	0.986	0.632	8.251	0.545	0.740	0.943	1117.78	38860	16899.51	798
SRX23511417	endocrine islets postnatal day-60 male mice	all islet cells	endocrine islets, postnatal day-60, male mice	endocrine islets, postnatal day-60, male mice	SRP487827	SRS20361884	0.982	0.629	10.823	0.314	0.776	0.949	1068.91	41434	15388.19	851
SRX23511418	endocrine islets postnatal day-60 female mice	all islet cells	endocrine islets, postnatal day-60, female mice	endocrine islets, postnatal day-60, female mice	SRP487827	SRS20361885	0.982	0.631	5.401	0.371	0.848	0.924	1367.69	30856	30134.63	402
SRX23511419	endocrine islets postnatal day-60 male mice	all islet cells	endocrine islets, postnatal day-60, male mice	endocrine islets, postnatal day-60, male mice	SRP487827	SRS20361886	0.987	0.648	15.269	0.535	0.843	0.956	963.52	47588	16449.59	864
SRX2352294	Pro B cells	NA	Pro B cells	NA	SRP076056	SRS1481056	0.994	0.751	14.344	0.793	0.903	0.955	1118.58	32761	8068.29	1440
SRX2352295	Pro B cells	NA	Pro B cells	NA	SRP076056	SRS1480255	0.995	0.760	15.645	0.792	0.900	0.955	1118.78	32636	7976.88	1446
SRX2352296	Pro B cells	NA	Pro B cells	NA	SRP076056	SRS1481056	0.999	0.802	11.890	0.779	0.889	0.949	1146.86	32993	6773.29	2147
SRX2352301	Pro B cells	NA	Pro B cells	NA	SRP076056	SRS1480255	0.999	0.778	11.251	0.774	0.851	0.946	1218.44	29639	8158.18	1283
SRX23642418	Spleen	CD11b+ cells	spleen	spleen	SRP490016	SRS20477650	0.989	0.806	21.965	0.680	0.762	0.953	952.55	55456	7208.4	3507
SRX23642419	Spleen	CD11b+ cells	spleen	spleen	SRP490016	SRS20477654	0.989	0.804	21.997	0.661	0.771	0.954	954.23	55619	7904.1	2827
SRX23642420	Spleen	CD11b+ cells	spleen	spleen	SRP490016	SRS20477054	0.989	0.808	25.083	0.674	0.737	0.955	948.29	57488	7704.47	3167
SRX23642421	Spleen	CD11b+ cells	spleen	spleen	SRP490016	SRS20477053	0.989	0.809	21.929	0.687	0.751	0.953	950.16	56017	7661.04	3054
SRX23642422	Spleen	CD11b+ cells	spleen	spleen	SRP490016	SRS20477652	0.989	0.759	24.084	0.647	0.761	0.963	904.85	71993	8481.35	3460
SRX23642423	Spleen	CD11b+ cells	spleen	spleen	SRP490016	SRS20477055	0.989	0.762	25.124	0.662	0.745	0.963	899.97	72755	8025.69	3907
SRX23642424	Spleen	CD11b+ cells	spleen	spleen	SRP490016	SRS20477653	0.990	0.774	18.739	0.652	0.774	0.952	982.65	63831	8698.6	3644
SRX23642425	Spleen	CD11b+ cells	spleen	spleen	SRP490016	SRS20477057	0.961	0.775	3.803	0.421	0.837	0.884	1389.41	39978	29744.78	735
SRX23642426	Spleen	CD11b+ cells	spleen	spleen	SRP490016	SRS20477655	0.989	0.777	19.161	0.669	0.763	0.952	976.97	64101	8629.08	3601
SRX23642427	Spleen	CD11b+ cells	spleen	spleen	SRP490016	SRS20477659	0.959	0.778	4.003	0.452	0.835	0.887	1370.88	40654	29994.02	731
SRX23642428	Spleen	CD4+ cells	spleen	spleen	SRP490016	SRS20477656	0.988	0.811	25.652	0.677	0.744	0.955	983.1	55435	8304.6	2950
SRX23642429	Spleen	CD4+ cells	spleen	spleen	SRP490016	SRS20477661	0.994	0.821	23.453	0.817	0.799	0.949	1005.35	54833	7940.7	3223
SRX23642430	Spleen	CD4+ cells	spleen	spleen	SRP490016	SRS20477658	0.989	0.816	22.247	0.663	0.772	0.954	985.85	55702	8148.5	3128
SRX23642431	Spleen	CD4+ cells	spleen	spleen	SRP490016	SRS20477059	0.989	0.818	21.333	0.678	0.770	0.953	986.67	55080	7733.24	3483
SRX23642432	Spleen	CD4+ cells	spleen	spleen	SRP490016	SRS20477657	0.989	0.763	22.863	0.660	0.777	0.961	1011.52	58292	8403.19	3313
SRX23642433	Spleen	CD4+ cells	spleen	spleen	SRP490016	SRS20477058	0.994	0.765	23.400	0.810	0.812	0.958	1010.67	60115	8678.44	3203
SRX23642434	Spleen	CD4+ cells	spleen	spleen	SRP490016	SRS20477660	0.994	0.785	33.536	0.789	0.792	0.956	994.25	68964	8647.61	4107
SRX23642435	Spleen	CD4+ cells	spleen	spleen	SRP490016	SRS20477662	0.993	0.786	33.789	0.786	0.807	0.956	994.32	69081	8784.88	3903
SRX23643451	Brown Adipose	Brown adipose tissue	NA	Brown adipose tissue	SRP490033	SRS20478221	0.984	0.715	31.021	0.842	0.625	0.972	996.6	51021	8982.12	2259
SRX23643452	Brown Adipose	Brown adipose tissue	NA	Brown adipose tissue	SRP490033	SRS20478223	0.983	0.715	27.821	0.802	0.574	0.972	1024.8	49209	8971.82	2232
SRX23643453	Brown Adipose	Brown adipose tissue	NA	Brown adipose tissue	SRP490033	SRS20478222	0.983	0.715	28.504	0.813	0.592	0.972	1014.35	49785	9195.64	2129
SRX23643454	Brown Adipose	Brown adipose tissue	NA	Brown adipose tissue	SRP490033	SRS20478224	0.982	0.712	28.250	0.809	0.598	0.972	1028.6	48137	9214.92	2103
SRX23643455	Brown Adipose	Brown adipose tissue	NA	Brown adipose tissue	SRP490033	SRS20478225	0.982	0.712	28.674	0.774	0.631	0.968	1022.48	48243	8704.01	2286
SRX23643456	Brown Adipose	Brown adipose tissue	NA	Brown adipose tissue	SRP490033	SRS20478226	0.982	0.718	28.128	0.763	0.597	0.969	1033.55	46745	8548.39	2352
SRX2366353	Brain	NA	brain	whole hippocampus	SRP091938	SRS1812566	0.991	0.660	7.906	0.780	0.761	0.875	1330.49	41393	21099.6	903
SRX2366354	Brain	NA	brain	whole hippocampus	SRP091938	SRS1812567	0.990	0.669	7.580	0.776	0.787	0.889	1305.52	42275	20949.63	954
SRX2366355	Brain	NA	brain	whole hippocampus	SRP091938	SRS1812568	0.990	0.696	8.277	0.798	0.797	0.915	1216.74	44867	17625.87	1258
SRX2366356	Brain	NA	brain	whole hippocampus	SRP091938	SRS1812569	0.988	0.673	7.955	0.781	0.772	0.866	1225.28	38782	20675.82	810
SRX23715278	Treg	Treg cells	NA	Treg cells	SRP491334	SRS20544566	0.987	0.777	27.161	0.858	0.702	0.953	960.71	57697	8374.38	3141
SRX23715279	Treg	Treg cells	NA	Treg cells	SRP491334	SRS20544807	0.987	0.770	28.531	0.869	0.739	0.952	960.34	57795	7795.62	3467
SRX23929853	spleen pLN	CD4T naive	spleen, pLN	spleen, pLN	SRP494887	SRS20736388	0.965	0.808	15.372	0.686	0.314	0.966	982.02	62913	9264.82	3567
SRX23929854	spleen pLN	CD4T naive	spleen, pLN	spleen, pLN	SRP494887	SRS20736389	0.965	0.800	11.765	0.629	0.105	0.965	1035.17	58074	13966.83	2254
SRX23993036	Spleen	Tfh	Spleen	NA	SRP496434	SRS20790154	0.998	0.714	14.565	0.813	0.555	0.960	1086.42	41921	9890.33	2141
SRX23993037	Spleen	Tfh	Spleen	NA	SRP496434	SRS20790153	0.998	0.714	14.914	0.815	0.545	0.959	1094.17	42026	10345.77	2090
SRX23993039	Spleen	Tfh	Spleen	NA	SRP496434	SRS20790156	0.998	0.718	12.340	0.815	0.587	0.957	1107.25	41334	14513.87	1264
SRX23993040	Spleen	Tfh	Spleen	NA	SRP496434	SRS20790159	0.998	0.728	13.732	0.813	0.574	0.958	1075.96	42194	15424.45	1176
SRX23993041	Spleen	Tfh	Spleen	NA	SRP496434	SRS20790157	0.997	0.729	14.529	0.813	0.561	0.959	1071.0	42171	10439.27	2023
SRX23993042	Spleen	Tfh	Spleen	NA	SRP496434	SRS20790160	0.998	0.723	14.910	0.814	0.568	0.959	1078.04	42523	9670.78	2501
SRX24002385	Kidney	NA	Kidney	NA	SRP496661	SRS20798853	0.998	0.721	62.754	0.893	0.772	0.973	1089.94	69969	8522.72	3227
SRX24002386	Kidney	NA	Kidney	NA	SRP496661	SRS20798854	0.998	0.724	66.734	0.896	0.776	0.973	1094.62	70388	8870.36	2967
SRX24035687	Skeletal Muscle Gastrocnemius	NA	Skeletal muscle, gastrocnemius	Skeletal muscle, gastrocnemius	SRP497496	SRS20829120	0.943	0.769	10.490	0.709	0.348	0.945	1217.46	27632	9885.18	1335
SRX24035688	Skeletal Muscle Gastrocnemius	NA	Skeletal muscle, gastrocnemius	Skeletal muscle, gastrocnemius	SRP497496	SRS20829121	0.944	0.764	5.199	0.708	0.470	0.909	1314.98	24829	20511.43	444
SRX24035689	Skeletal Muscle Gastrocnemius	NA	Skeletal muscle, gastrocnemius	Skeletal muscle, gastrocnemius	SRP497496	SRS20829122	0.948	0.763	5.857	0.704	0.417	0.918	1320.08	25066	22714.5	333
SRX24035690	Skeletal Muscle Gastrocnemius	NA	Skeletal muscle, gastrocnemius	Skeletal muscle, gastrocnemius	SRP497496	SRS20829123	0.946	0.764	5.216	0.703	0.475	0.911	1358.14	24153	18857.82	503
SRX24035691	Skeletal Muscle Gastrocnemius	NA	Skeletal muscle, gastrocnemius	Skeletal muscle, gastrocnemius	SRP497496	SRS20829124	0.960	0.745	9.285	0.705	0.319	0.936	1286.17	29943	15130.84	677
SRX24035692	Skeletal Muscle Gastrocnemius	NA	Skeletal muscle, gastrocnemius	Skeletal muscle, gastrocnemius	SRP497496	SRS20829127	0.960	0.749	23.995	0.705	0.315	0.962	1216.95	35541	12159.46	1230
SRX24035693	Skeletal Muscle Gastrocnemius	NA	Skeletal muscle, gastrocnemius	Skeletal muscle, gastrocnemius	SRP497496	SRS20829129	0.967	0.746	6.169	0.706	0.370	0.911	1409.03	29144	18137.1	605
SRX24035694	Skeletal Muscle Gastrocnemius	NA	Skeletal muscle, gastrocnemius	Skeletal muscle, gastrocnemius	SRP497496	SRS20829128	0.959	0.746	8.593	0.705	0.420	0.936	1303.62	28992	16738.39	650
SRX24035695	Skeletal Muscle Gastrocnemius	NA	Skeletal muscle, gastrocnemius	Skeletal muscle, gastrocnemius	SRP497496	SRS20829125	0.963	0.745	10.556	0.693	0.363	0.943	1268.36	31461	9512.09	1397
SRX24035696	Skeletal Muscle Gastrocnemius	NA	Skeletal muscle, gastrocnemius	Skeletal muscle, gastrocnemius	SRP497496	SRS20829130	0.963	0.745	14.782	0.699	0.350	0.953	1221.57	32988	11387.41	1384
SRX24035697	Skeletal Muscle Gastrocnemius	NA	Skeletal muscle, gastrocnemius	Skeletal muscle, gastrocnemius	SRP497496	SRS20829137	0.991	0.716	8.119	0.697	0.391	0.930	1305.62	35931	12856.21	814
SRX24035698	Skeletal Muscle Gastrocnemius	NA	Skeletal muscle, gastrocnemius	Skeletal muscle, gastrocnemius	SRP497496	SRS20829126	0.992	0.726	6.540	0.698	0.389	0.905	1399.09	34829	13319.19	711
SRX24035699	Skeletal Muscle Gastrocnemius	NA	Skeletal muscle, gastrocnemius	Skeletal muscle, gastrocnemius	SRP497496	SRS20829131	0.989	0.725	9.914	0.695	0.448	0.945	1234.44	36852	13375.48	783
SRX24035700	Skeletal Muscle Gastrocnemius	NA	Skeletal muscle, gastrocnemius	Skeletal muscle, gastrocnemius	SRP497496	SRS20829132	0.989	0.730	14.188	0.699	0.374	0.952	1171.82	39657	8177.91	1844
SRX24035701	Skeletal Muscle Gastrocnemius	NA	Skeletal muscle, gastrocnemius	Skeletal muscle, gastrocnemius	SRP497496	SRS20829136	0.988	0.728	4.997	0.675	0.385	0.898	1557.26	29014	16434.7	558
SRX24035702	Skeletal Muscle Gastrocnemius	NA	Skeletal muscle, gastrocnemius	Skeletal muscle, gastrocnemius	SRP497496	SRS20829133	0.989	0.730	5.775	0.699	0.405	0.903	1503.89	31130	16979.71	681
SRX24035703	Skeletal Muscle Gastrocnemius	NA	Skeletal muscle, gastrocnemius	Skeletal muscle, gastrocnemius	SRP497496	SRS20829134	0.989	0.709	7.682	0.704	0.529	0.940	1270.07	34855	12113.63	857
SRX24035704	Skeletal Muscle Gastrocnemius	NA	Skeletal muscle, gastrocnemius	Skeletal muscle, gastrocnemius	SRP497496	SRS20829135	0.990	0.715	7.648	0.700	0.412	0.932	1326.94	34143	13102.5	747
SRX24035705	Skeletal Muscle Gastrocnemius	NA	Skeletal muscle, gastrocnemius	Skeletal muscle, gastrocnemius	SRP497496	SRS20829138	0.990	0.710	6.971	0.688	0.393	0.930	1368.85	32885	12874.93	708
SRX24035706	Skeletal Muscle Gastrocnemius	NA	Skeletal muscle, gastrocnemius	Skeletal muscle, gastrocnemius	SRP497496	SRS20829139	0.990	0.717	6.898	0.702	0.409	0.925	1345.77	34631	12391.6	806
SRX24035844	Oocyte	oocyte	NA	oocyte	SRP497502	SRS20829282	0.971	0.310	3.042	0.534	0.574	0.795	62127.03	3791	392247.98	2942
SRX24035845	Oocyte	oocyte	NA	oocyte	SRP497502	SRS20829283	0.971	0.266	2.676	0.453	0.418	0.766	46416.88	6789	363634.13	2986
SRX24035846	Oocyte	oocyte	NA	oocyte	SRP497502	SRS20829277	0.969	0.285	3.686	0.646	0.554	0.832	37719.98	12978	289493.63	3906
SRX24035847	Oocyte	oocyte	NA	oocyte	SRP497502	SRS20829280	0.963	0.304	3.527	0.636	0.528	0.830	37094.48	13145	273850.43	4192
SRX24035848	Oocyte	oocyte	NA	oocyte	SRP497502	SRS20829289	0.964	0.328	3.243	0.535	0.523	0.813	57613.68	4998	334021.38	3416
SRX24035849	Oocyte	oocyte	NA	oocyte	SRP497502	SRS20829286	0.960	0.307	2.996	0.506	0.577	0.798	38847.23	10556	314479.65	3425
SRX24069966	Purified Cardiomyocyte	NA	purified cardiomyocyte	NA	SRP396513	SRS20860498	0.978	0.606	10.955	0.759	0.795	0.940	1149.3	36998	12971.53	935
SRX24069967	Purified Cardiomyocyte	NA	purified cardiomyocyte	NA	SRP396513	SRS20860500	0.974	0.628	9.238	0.792	0.765	0.942	1211.13	35947	12200.93	1180
SRX24069968	Purified Cardiomyocyte	NA	purified cardiomyocyte	NA	SRP396513	SRS20860499	0.974	0.610	10.014	0.772	0.799	0.936	1184.74	36805	12149.84	1073
SRX24069969	Purified Cardiomyocyte	NA	purified cardiomyocyte	NA	SRP396513	SRS20860501	0.973	0.629	9.580	0.796	0.756	0.939	1193.77	36754	12829.53	964
SRX24106110	Tumor	CD8 T cells	tumor	tumor	SRP498773	SRS20894279	0.979	0.707	61.230	0.854	0.391	0.965	1079.6	48043	10890.56	1450
SRX24106111	Tumor	CD8 T cells	tumor	tumor	SRP498773	SRS20894280	0.979	0.714	58.532	0.814	0.375	0.965	1009.66	50876	9056.15	1983
SRX24106112	Lymph Node	CD8 T cells	lymph node	lymph node	SRP498773	SRS20894281	0.977	0.759	25.919	0.777	0.593	0.965	916.97	61369	8249.03	3092
SRX24106113	Lymph Node	CD8 T cells	lymph node	lymph node	SRP498773	SRS20894282	0.977	0.767	23.412	0.747	0.443	0.965	929.71	60819	8357.34	3151
SRX24106114	Tumor	CD8 T cells	tumor	tumor	SRP498773	SRS20894283	0.977	0.745	20.592	0.664	0.294	0.964	1015.4	51993	8646.37	2377
SRX24106115	Tumor	CD8 T cells	tumor	tumor	SRP498773	SRS20894284	0.978	0.724	24.223	0.722	0.392	0.966	992.85	52554	8181.67	2578
SRX24106116	Tumor	CD8 T cells	tumor	tumor	SRP498773	SRS20894285	0.976	0.732	10.685	0.600	0.086	0.960	1246.39	38576	14740.76	803
SRX24106117	Tumor	CD8 T cells	tumor	tumor	SRP498773	SRS20894286	0.977	0.724	17.841	0.660	0.342	0.963	1110.83	45094	8399.58	2298
SRX24106118	Lymph Node	CD8 T cells	lymph node	lymph node	SRP498773	SRS20894287	0.975	0.755	18.997	0.606	0.574	0.955	964.36	57445	7567.51	3475
SRX24106119	Lymph Node	CD8 T cells	lymph node	lymph node	SRP498773	SRS20894288	0.975	0.778	7.382	0.265	0.213	0.948	1157.07	45035	17624.91	1192
SRX24106120	Lymph Node	CD8 T cells	lymph node	lymph node	SRP498773	SRS20894289	0.979	0.754	18.021	0.724	0.158	0.968	956.93	56574	8012.22	3105
SRX24106121	Lymph Node	CD8 T cells	lymph node	lymph node	SRP498773	SRS20894290	0.978	0.756	20.861	0.715	0.285	0.967	931.87	59197	8246.48	3144
SRX2416796	ESC	ES cells	NA	ES cells	SRP078072	SRS1854271	0.995	0.051	1.757	0.745	0.623	0.700	646031.0	1	106584000.0	1
SRX2416797	ESC	ES cells	NA	ES cells	SRP078072	SRS1854272	0.994	0.415	1.888	0.790	0.773	0.727	559851.33	3	876283.24	598
SRX2416798	ESC	ES cells	NA	ES cells	SRP078072	SRS1854273	0.991	0.676	1.946	0.738	0.695	0.725	2518.53	26592	155294.97	683
SRX2416810	ESC	ES cells	NA	ES cells	SRP078072	SRS1854284	0.985	0.739	1.850	0.708	0.662	0.717	1823.48	25172	135623.02	391
SRX24197118	Ovary	primordial germ cells	ovary	ovary	SRP500539	SRS20970853	0.985	0.090	3.970	0.467	0.766	0.861	0.0	0	4141650.57	49
SRX24197119	Ovary	primordial germ cells	ovary	ovary	SRP500539	SRS20970854	0.987	0.090	3.905	0.500	0.767	0.855	0.0	0	3576923.26	66
SRX24197120	Ovary	primordial germ cells	ovary	ovary	SRP500539	SRS20970855	0.987	0.126	3.927	0.449	0.706	0.847	838820.0	1	0.0	0
SRX24197121	Ovary	primordial germ cells	ovary	ovary	SRP500539	SRS20970856	0.987	0.134	3.927	0.472	0.764	0.856	1038505.0	1	16774457.0	1
SRX24197122	Ovary	primordial germ cells	ovary	ovary	SRP500539	SRS20970857	0.988	0.062	4.080	0.473	0.770	0.865	710810.0	1	1730028.22	246
SRX24197123	Ovary	primordial germ cells	ovary	ovary	SRP500539	SRS20970858	0.986	0.064	3.752	0.482	0.775	0.853	0.0	0	1708651.24	227
SRX24197125	Ovary	primordial germ cells	ovary	ovary	SRP500539	SRS20970860	0.988	0.088	3.894	0.450	0.740	0.862	838820.0	1	2942383.33	105
SRX24267374	Blood	CD8 T cells	blood	blood	SRP501862	SRS21033684	0.974	0.594	6.816	0.483	0.048	0.945	6973.91	21116	2475353.37	386
SRX24267375	Blood	CD8 T cells	blood	blood	SRP501862	SRS21033687	0.973	0.594	3.689	0.380	0.045	0.882	6114.09	18375	2712199.73	390
SRX24267376	Blood	CD8 T cells	blood	blood	SRP501862	SRS21033685	0.977	0.708	11.193	0.611	0.121	0.955	1206.22	39924	12274.85	1030
SRX24267377	Blood	CD8 T cells	blood	blood	SRP501862	SRS21033686	0.975	0.697	9.304	0.537	0.057	0.953	1299.25	36451	12040.22	1067
SRX24267378	Blood	CD8 T cells	blood	blood	SRP501862	SRS21033689	0.974	0.564	6.921	0.549	0.076	0.946	9368.53	18782	2006566.75	446
SRX24267379	Blood	CD8 T cells	blood	blood	SRP501862	SRS21033688	0.975	0.562	8.677	0.513	0.087	0.951	8482.8	20551	2281798.99	279
SRX24267380	Blood	CD8 T cells	blood	blood	SRP501862	SRS21033690	0.974	0.564	7.299	0.405	0.102	0.948	9301.77	18901	1960827.79	471
SRX24267381	Blood	CD8 T cells	blood	blood	SRP501862	SRS21033691	0.978	0.574	21.650	0.716	0.177	0.959	5923.33	32631	1679879.46	445
SRX24267382	Blood	CD8 T cells	blood	blood	SRP501862	SRS21033692	0.980	0.572	29.096	0.751	0.202	0.961	5706.31	36562	1517950.35	563
SRX24267383	Blood	CD8 T cells	blood	blood	SRP501862	SRS21033693	0.980	0.623	20.951	0.747	0.160	0.961	3236.54	30915	2729232.05	141
SRX24267384	Blood	CD8 T cells	blood	blood	SRP501862	SRS21033694	0.979	0.629	22.014	0.710	0.175	0.960	3089.63	30688	2220936.56	253
SRX24267385	Blood	CD8 T cells	blood	blood	SRP501862	SRS21033695	0.974	0.792	33.913	0.781	0.451	0.969	959.04	67451	9121.78	3912
SRX24267386	Blood	CD8 T cells	blood	blood	SRP501862	SRS21033696	0.978	0.625	14.800	0.699	0.083	0.959	3169.72	28183	3151811.13	113
SRX24267387	Blood	CD8 T cells	blood	blood	SRP501862	SRS21033697	0.978	0.785	29.807	0.820	0.370	0.969	951.68	67109	8909.27	3992
SRX24267388	Blood	CD8 T cells	blood	blood	SRP501862	SRS21033698	0.971	0.770	28.367	0.803	0.475	0.967	972.57	60056	8363.56	3733
SRX24267389	Blood	CD8 T cells	blood	blood	SRP501862	SRS21033699	0.977	0.691	28.752	0.792	0.363	0.970	1091.96	41370	9863.3	1435
SRX24267390	Blood	CD8 T cells	blood	blood	SRP501862	SRS21033700	0.976	0.757	25.802	0.814	0.382	0.965	965.41	59691	8155.45	3807
SRX24267391	Blood	CD8 T cells	blood	blood	SRP501862	SRS21033701	0.979	0.575	18.985	0.712	0.151	0.960	6429.69	29851	1709059.13	443
SRX24267392	Blood	CD8 T cells	blood	blood	SRP501862	SRS21033702	0.969	0.699	38.516	0.802	0.379	0.971	1085.65	42111	11025.91	1194
SRX2431051	Liver	NA	liver	AL 5m BS-seq	SRP095235	SRS1866938	0.995	0.737	3.859	0.829	0.885	0.906	1594.89	31652	24391.53	496
SRX2431052	Liver	NA	liver	AL 5m BS-seq	SRP095235	SRS1866939	0.996	0.743	2.339	0.822	0.866	0.816	1911.3	25079	43044.6	204
SRX2431053	Liver	NA	liver	AL 5m BS-seq	SRP095235	SRS1866940	0.996	0.732	2.531	0.824	0.838	0.829	1941.11	25728	30146.52	446
SRX2431054	Liver	NA	liver	DR 5m BS-seq	SRP095235	SRS1866941	0.995	0.758	3.754	0.824	0.857	0.881	1668.8	29505	22500.69	656
SRX2431055	Liver	NA	liver	DR 5m BS-seq	SRP095235	SRS1866942	0.995	0.743	3.835	0.825	0.872	0.898	1652.36	29361	21277.86	663
SRX2431056	Liver	NA	liver	DR 5m BS-seq	SRP095235	SRS1866943	0.996	0.738	3.646	0.830	0.885	0.896	1649.62	28221	22382.27	501
SRX2431057	Liver	NA	liver	AL 26m PE BS-seq	SRP095235	SRS1866944	0.997	0.732	7.675	0.835	0.485	0.925	1429.16	34017	13210.75	1059
SRX2431058	Liver	NA	liver	AL 26m PE BS-seq	SRP095235	SRS1866945	0.997	0.747	5.835	0.843	0.413	0.920	1467.06	34326	18874.49	888
SRX2431059	Liver	NA	liver	AL 26m PE BS-seq	SRP095235	SRS1866946	0.996	0.745	6.102	0.828	0.672	0.900	1576.66	31684	13183.07	1049
SRX2431060	Liver	NA	liver	DR 26m PE BS-seq	SRP095235	SRS1866947	0.996	0.759	4.907	0.833	0.358	0.895	1603.44	31639	18797.44	864
SRX2431061	Liver	NA	liver	DR 26m PE BS-seq	SRP095235	SRS1866948	0.996	0.750	4.128	0.830	0.274	0.867	1673.3	29712	21630.21	668
SRX2431062	Liver	NA	liver	DR 26m PE BS-seq	SRP095235	SRS1866949	0.996	0.748	6.610	0.831	0.510	0.912	1508.33	34005	13264.4	1176
SRX2431063	Liver	NA	liver	AL 26m SE BS-seq	SRP095235	SRS1866950	0.995	0.756	4.618	0.834	0.883	0.893	1491.92	34426	18377.32	699
SRX2431064	Liver	NA	liver	AL 26m SE BS-seq	SRP095235	SRS1866951	0.996	0.770	3.458	0.821	0.786	0.852	1676.76	29840	21909.41	719
SRX2431065	Liver	NA	liver	AL 26m SE BS-seq	SRP095235	SRS1866952	0.996	0.757	3.039	0.818	0.673	0.829	1815.46	27755	27363.74	491
SRX2431066	Liver	NA	liver	DR 26m SE BS-seq	SRP095235	SRS1866953	0.996	0.772	4.114	0.827	0.862	0.874	1581.03	31274	23794.89	640
SRX2431067	Liver	NA	liver	DR 26m SE BS-seq	SRP095235	SRS1866954	0.996	0.766	3.983	0.823	0.820	0.867	1645.75	29697	22796.74	624
SRX2431068	Liver	NA	liver	DR 26m SE BS-seq	SRP095235	SRS1866955	0.996	0.755	4.439	0.833	0.884	0.889	1522.62	31406	22744.59	570
SRX24360763	Cholangiocarcinoma	tumor cells	cholangiocarcinoma	cholangiocarcinoma	SRP503857	SRS21118227	0.983	0.530	15.380	0.844	0.583	0.954	13563.69	54868	504533.78	2636
SRX24360764	Cholangiocarcinoma	tumor cells	cholangiocarcinoma	cholangiocarcinoma	SRP503857	SRS21118230	0.986	0.525	12.855	0.843	0.582	0.953	14688.18	47717	635888.9	2083
SRX24360765	Cholangiocarcinoma	tumor cells	cholangiocarcinoma	cholangiocarcinoma	SRP503857	SRS21118228	0.985	0.525	11.617	0.839	0.558	0.953	15401.85	44091	632726.64	2089
SRX24360766	Cholangiocarcinoma	tumor cells	cholangiocarcinoma	cholangiocarcinoma	SRP503857	SRS21118229	0.986	0.531	12.707	0.837	0.564	0.953	14631.42	48109	630913.66	2102
SRX24360767	Cholangiocarcinoma	tumor cells	cholangiocarcinoma	cholangiocarcinoma	SRP503857	SRS21118231	0.986	0.527	11.542	0.840	0.608	0.952	15257.04	44841	636608.79	2079
SRX24360768	Cholangiocarcinoma	tumor cells	cholangiocarcinoma	cholangiocarcinoma	SRP503857	SRS21118232	0.985	0.526	11.768	0.838	0.595	0.952	15271.07	44410	633501.84	2094
SRX24360769	Cholangiocarcinoma	tumor cells	cholangiocarcinoma	cholangiocarcinoma	SRP503857	SRS21118233	0.985	0.334	10.498	0.829	0.533	0.951	16431.43	33217	571875.45	1998
SRX24360770	Cholangiocarcinoma	tumor cells	cholangiocarcinoma	cholangiocarcinoma	SRP503857	SRS21118234	0.984	0.333	11.057	0.826	0.591	0.951	15809.01	35345	560718.25	2040
SRX24360771	Cholangiocarcinoma	tumor cells	cholangiocarcinoma	cholangiocarcinoma	SRP503857	SRS21118235	0.984	0.329	12.339	0.827	0.542	0.952	15104.1	37672	397432.41	2814
SRX24360772	Cholangiocarcinoma	tumor cells	cholangiocarcinoma	cholangiocarcinoma	SRP503857	SRS21118236	0.985	0.330	10.690	0.825	0.578	0.951	16305.18	33911	543873.39	2095
SRX24360773	Cholangiocarcinoma	tumor cells	cholangiocarcinoma	cholangiocarcinoma	SRP503857	SRS21118237	0.984	0.325	11.172	0.834	0.563	0.951	15905.18	35019	535741.72	2122
SRX24360774	Cholangiocarcinoma	tumor cells	cholangiocarcinoma	cholangiocarcinoma	SRP503857	SRS21118239	0.984	0.327	11.972	0.832	0.541	0.952	15333.13	37057	544752.91	2083
SRX24360775	Liver	liver cells	liver	liver	SRP503857	SRS21118238	0.983	0.724	11.341	0.820	0.569	0.963	1253.49	41923	14213.66	1502
SRX24360776	Liver	liver cells	liver	liver	SRP503857	SRS21118240	0.984	0.724	11.170	0.820	0.587	0.962	1255.13	41582	14297.21	1436
SRX24360777	Liver	liver cells	liver	liver	SRP503857	SRS21118241	0.984	0.725	11.345	0.821	0.553	0.963	1250.09	42055	14403.82	1481
SRX24360778	Liver	liver cells	liver	liver	SRP503857	SRS21118242	0.985	0.730	11.913	0.822	0.563	0.962	1251.44	42151	14639.35	1468
SRX2444382	MEF	mouse embryonic fibroblasts (MEFs)	NA	mouse embryonic fibroblasts, G1 phase	SRP095627	SRS1878431	0.994	0.703	29.736	0.807	0.892	0.943	1151.76	51880	13141.33	2875
SRX2444383	MEF	mouse embryonic fibroblasts (MEFs)	NA	mouse embryonic fibroblasts, G2 phase	SRP095627	SRS1878432	0.994	0.704	27.292	0.818	0.898	0.941	1150.15	50595	13387.15	2635
SRX24475877	Sperm	NA	sperm	sperm	SRP505989	SRS21226592	0.985	0.835	13.928	0.894	0.544	0.964	2032.29	73982	53265.64	3696
SRX24475878	Sperm	NA	sperm	sperm	SRP505989	SRS21226593	0.985	0.836	14.873	0.895	0.594	0.965	2076.91	74291	53115.67	3844
SRX24475879	Sperm	NA	sperm	sperm	SRP505989	SRS21226596	0.984	0.832	14.064	0.895	0.515	0.963	1967.7	74345	49088.77	3972
SRX24475880	Sperm	NA	sperm	sperm	SRP505989	SRS21226595	0.985	0.835	14.991	0.895	0.543	0.965	2078.15	74383	52448.31	3972
SRX24486876	Tregcells(CD4+CD25+Foxp3-YFP+)	Tregcells(CD4+CD25+Foxp3-YFP+)	NA	Tregcells(CD4+CD25+Foxp3-YFP+)	SRP506266	SRS21236201	0.978	0.735	2.224	0.797	0.434	0.755	1492.76	28687	55085.18	238
SRX24486877	Tregcells(CD4+CD25+Foxp3-YFP+)	Tregcells(CD4+CD25+Foxp3-YFP+)	NA	Tregcells(CD4+CD25+Foxp3-YFP+)	SRP506266	SRS21236208	0.977	0.728	1.977	0.787	0.478	0.721	1551.49	27487	72710.12	118
SRX24486886	Tconvcells(CD4+Foxp3YFP-)	Tconvcells(CD4+Foxp3YFP-)	NA	Tconvcells(CD4+Foxp3YFP-)	SRP506266	SRS21236212	0.978	0.733	2.252	0.794	0.427	0.748	1443.25	30641	63395.9	175
SRX24486887	Tconvcells(CD4+Foxp3YFP-)	Tconvcells(CD4+Foxp3YFP-)	NA	Tconvcells(CD4+Foxp3YFP-)	SRP506266	SRS21236213	0.977	0.717	2.782	0.774	0.476	0.762	1404.6	31006	51254.11	167
SRX24540053	Embryo	NA	embryo	NA	SRP494931	SRS21284918	0.970	0.267	3.157	0.861	0.122	0.860	0.0	0	109675768.0	1
SRX24540055	Embryo	NA	embryo	NA	SRP494931	SRS21284920	0.970	0.255	2.095	0.845	0.099	0.742	705688.0	1	109673864.0	1
SRX24540056	Embryo	NA	embryo	NA	SRP494931	SRS21284921	0.971	0.261	4.502	0.868	0.201	0.913	211772.0	1	0.0	0
SRX24540057	Embryo	NA	embryo	NA	SRP494931	SRS21284922	0.971	0.270	2.608	0.831	0.131	0.821	0.0	0	118821130.0	1
SRX24540062	Embryo	NA	embryo	NA	SRP494931	SRS21284927	0.972	0.253	4.196	0.865	0.190	0.900	0.0	0	106581314.0	1
SRX24540063	Embryo	NA	embryo	NA	SRP494931	SRS21284928	0.970	0.261	3.639	0.865	0.146	0.881	0.0	0	109675009.0	1
SRX24540064	Embryo	NA	embryo	NA	SRP494931	SRS21284929	0.972	0.263	2.754	0.860	0.113	0.815	0.0	0	0.0	0
SRX247061	Primary Keratinocytes	Primary keratinocytes	NA	Mouse primary keratinocytes	SRP018963	SRS399151	0.999	0.654	28.538	0.766	0.881	0.931	1152.37	69003	11712.48	2763
SRX247304	Primary Dermal Fibroblasts	Primary dermal fibroblasts	NA	Mouse primary dermal fibroblasts	SRP019026	SRS399299	0.999	0.637	38.097	0.724	0.909	0.933	1247.45	43963	12851.92	2269
SRX247305	Primary Dermal Fibroblasts	Primary dermal fibroblasts	NA	Mouse primary dermal fibroblasts	SRP019026	SRS399300	0.999	0.633	29.246	0.722	0.915	0.930	1215.45	42338	11922.6	2300
SRX24780657	ESC	mESC	NA	J1	SRP511326	SRS21498599	0.977	0.716	13.148	0.841	0.284	0.946	1432.33	39132	23148.14	2754
SRX24780658	ESC	mESC	NA	J1	SRP511326	SRS21498600	0.978	0.723	19.672	0.826	0.560	0.951	1418.56	44460	15008.07	4548
SRX24780659	ESC	mESC	NA	J1	SRP511326	SRS21498601	0.980	0.645	17.992	0.846	0.303	0.950	1544.45	45075	18246.52	4039
SRX24780660	ESC	mESC	NA	J1	SRP511326	SRS21498602	0.977	0.649	22.592	0.833	0.607	0.952	1492.37	47248	15669.62	4081
SRX24781899	Ovary	NA	ovary	NA	SRP511364	SRS21499792	0.956	0.379	4.861	0.681	0.470	0.890	42481.88	12587	212074.46	5964
SRX24781900	Ovary	NA	ovary	NA	SRP511364	SRS21499793	0.972	0.490	3.397	0.683	0.632	0.849	44153.93	4085	658767.61	1161
SRX24781901	Ovary	NA	ovary	NA	SRP511364	SRS21499799	0.970	0.472	4.277	0.668	0.596	0.880	75040.98	2197	498480.57	1836
SRX24781902	Ovary	NA	ovary	NA	SRP511364	SRS21499801	0.961	0.357	5.443	0.678	0.481	0.902	37941.3	16545	223034.75	5812
SRX24781904	Ovary	NA	ovary	NA	SRP511364	SRS21499800	0.968	0.480	5.368	0.666	0.584	0.903	80017.02	2595	366565.4	2723
SRX24781905	Ovary	NA	ovary	NA	SRP511364	SRS21499802	0.948	0.453	2.587	0.763	0.580	0.774	52124.87	3412	384594.0	2924
SRX24781906	Ovary	NA	ovary	NA	SRP511364	SRS21499806	0.944	0.407	3.009	0.755	0.549	0.822	47269.4	7303	302793.57	3940
SRX24843308	Retina	NA	retina	NA	SRP512476	SRS21554452	0.982	0.788	12.878	0.902	0.513	0.964	1153.39	59208	11386.22	3241
SRX24843309	Retina	NA	retina	NA	SRP512476	SRS21554453	0.982	0.777	13.860	0.912	0.543	0.952	1108.56	55292	34840.19	705
SRX24843310	Retina	NA	retina	NA	SRP512476	SRS21554454	0.984	0.767	14.269	0.918	0.535	0.948	1113.26	57313	26234.86	1072
SRX24843311	Retina	NA	retina	NA	SRP512476	SRS21554455	0.983	0.815	12.754	0.908	0.578	0.955	1135.53	41023	33700.36	1243
SRX24843312	Retina	NA	retina	NA	SRP512476	SRS21554456	0.982	0.799	15.613	0.918	0.604	0.954	1066.57	46094	16322.88	1455
SRX24843313	Retina	NA	retina	NA	SRP512476	SRS21554457	0.983	0.809	20.845	0.911	0.577	0.965	1052.13	48119	22433.82	2469
SRX2503443	Cerebral?Cortex	NA	cerebral?cortex	NA	SRP097054	SRS1928814	0.986	0.702	18.534	0.830	0.674	0.945	1394.45	44211	15747.95	3917
SRX2503445	Cerebral?Cortex	NA	cerebral?cortex	NA	SRP097054	SRS1928815	0.986	0.711	18.256	0.816	0.628	0.946	1397.23	44087	14859.32	4163
SRX2504216	BS seq AIDKO MEF1	NA	NA	BS seq AIDKO MEF1	SRP059433	SRS1929168	0.997	0.697	2.358	0.832	0.866	0.798	2090.28	23271	36198.89	375
SRX2504218	iPSC	NA	NA	BS seq d29 AIDKO iPSC Clone1	SRP059433	SRS1929170	0.993	0.555	1.808	0.830	0.542	0.720	0.0	0	111449.56	139
SRX2504219	iPSC	NA	NA	BS seq d29 AIDKO iPSC Clone2	SRP059433	SRS1929171	0.992	0.680	1.900	0.838	0.748	0.725	0.0	0	71371.08	347
SRX2504220	iPSC	NA	NA	BS seq d60 AIDKO iPSC Clone1	SRP059433	SRS1929172	0.995	0.521	2.277	0.846	0.848	0.796	1037.67	29748	105690.86	92
SRX2504223	iPSC	NA	NA	BS seq d21 iPSC Clone3	SRP059433	SRS1929175	0.994	0.413	1.985	0.797	0.494	0.762	944134.0	1	17484939.2	5
SRX2504225	iPSC	NA	NA	BS seq d29 iPSC Clone3	SRP059433	SRS1929177	0.994	0.461	2.004	0.819	0.809	0.751	591552.0	1	127796.27	136
SRX2504226	iPSC	NA	NA	BS seq d60 iPSC Clone2	SRP059433	SRS1929178	0.996	0.554	2.251	0.856	0.895	0.822	2795.97	21320	57246.15	224
SRX2504227	iPSC	NA	NA	BS seq d60 iPSC Clone3	SRP059433	SRS1929179	0.994	0.691	3.387	0.844	0.821	0.867	1764.32	23148	28830.02	477
SRX2504228	iPSC	NA	NA	BS seq d29 MALE iPSC Clone1	SRP059433	SRS1929180	0.979	0.580	3.108	0.570	0.194	0.800	2121.94	26207	63359.46	306
SRX2504229	iPSC	NA	NA	BS seq d29 MALE iPSC Clone2	SRP059433	SRS1929181	0.979	0.622	3.976	0.519	0.232	0.840	1667.56	29021	47983.61	407
SRX2504230	iPSC	NA	NA	BS seq d29 MALE iPSC Clone3	SRP059433	SRS1929182	0.981	0.564	4.106	0.545	0.214	0.834	1993.65	25487	52331.37	198
SRX2504231	iPSC	NA	NA	BS seq d60 MALE iPSC Clone1	SRP059433	SRS1929183	0.980	0.607	4.754	0.562	0.414	0.854	1604.1	31100	46477.67	507
SRX2504232	iPSC	NA	NA	BS seq d60 MALE iPSC Clone2	SRP059433	SRS1929184	0.980	0.632	5.410	0.575	0.404	0.866	1511.53	37065	50658.79	797
SRX2504233	iPSC	NA	NA	BS seq d60 MALE iPSC Clone3	SRP059433	SRS1929185	0.981	0.561	6.569	0.570	0.406	0.881	1615.53	30220	32260.83	468
SRX2504234	MEF	NA	NA	BS seq MALE MEF 1	SRP059433	SRS1929186	0.984	0.623	2.334	0.570	0.113	0.734	1938.39	23264	65064.6	103
SRX2504235	MEF	NA	NA	BS seq MALE MEF 2	SRP059433	SRS1929187	0.985	0.622	2.294	0.577	0.180	0.734	1937.53	23289	93059.23	43
SRX2504236	MEF	NA	NA	BS seq MALE MEF 3	SRP059433	SRS1929188	0.982	0.598	2.602	0.577	0.115	0.756	2085.38	22801	63722.6	95
SRX2511028	Germinal Vesicle Oocytes	Germinal vesicle oocytes	NA	Germinal vesicle oocytes	SRP097617	SRS1934915	0.972	0.375	5.608	0.575	0.731	0.917	95300.9	2937	231853.5	5715
SRX2511029	Germinal Vesicle Oocytes	Germinal vesicle oocytes	NA	Germinal vesicle oocytes	SRP097617	SRS1934916	0.971	0.369	5.147	0.654	0.735	0.901	80845.86	4070	236083.02	5527
SRX2511030	Germinal Vesicle Oocytes	Germinal vesicle oocytes	NA	Germinal vesicle oocytes	SRP097617	SRS1934917	0.972	0.340	4.857	0.654	0.718	0.895	62450.15	7202	221250.54	5811
SRX2511031	Germinal Vesicle Oocytes	Germinal vesicle oocytes	NA	Germinal vesicle oocytes	SRP097617	SRS1934918	0.966	0.382	6.906	0.569	0.676	0.930	54074.73	10868	186690.11	7450
SRX2511032	Germinal Vesicle Oocytes	Germinal vesicle oocytes	NA	Germinal vesicle oocytes	SRP097617	SRS1934919	0.964	0.402	6.314	0.648	0.757	0.917	62753.94	7579	210688.22	6405
SRX2511033	Germinal Vesicle Oocytes	Germinal vesicle oocytes	NA	Germinal vesicle oocytes	SRP097617	SRS1934920	0.974	0.329	6.683	0.633	0.678	0.921	39293.2	18675	193865.27	6825
SRX25382540	Hippocampus	Hippocampus	NA	Hippocampus	SRP520884	SRS22047267	0.981	0.737	27.793	0.754	0.674	0.961	1081.66	48867	8419.43	3071
SRX25382541	Hippocampus	Hippocampus	NA	Hippocampus	SRP520884	SRS22047268	0.982	0.734	31.682	0.800	0.603	0.962	1078.49	50221	8360.98	3251
SRX25382542	Hippocampus	Hippocampus	NA	Hippocampus	SRP520884	SRS22047269	0.985	0.715	27.592	0.806	0.577	0.961	1086.57	57157	9679.64	2897
SRX25382543	Hippocampus	Hippocampus	NA	Hippocampus	SRP520884	SRS22047270	0.985	0.724	30.638	0.816	0.604	0.962	1072.48	50486	8747.32	3116
SRX25382544	Hippocampus	Hippocampus	NA	Hippocampus	SRP520884	SRS22047271	0.984	0.728	33.731	0.808	0.556	0.962	1086.55	54114	8634.76	3228
SRX25382545	Hippocampus	Hippocampus	NA	Hippocampus	SRP520884	SRS22047272	0.984	0.726	34.132	0.817	0.559	0.963	1084.31	55547	8499.32	3396
SRX25382546	Hippocampus	Hippocampus	NA	Hippocampus	SRP520884	SRS22047273	0.982	0.718	20.687	0.790	0.645	0.959	1128.7	44545	8737.84	3045
SRX25382547	Hippocampus	Hippocampus	NA	Hippocampus	SRP520884	SRS22047274	0.984	0.727	32.175	0.809	0.571	0.963	1078.94	52729	9072.09	3204
SRX25405194	Muscle	NA	muscle	NA	SRP521262	SRS22058988	0.993	0.677	22.770	0.850	0.857	0.961	1017.04	44236	9667.93	1925
SRX25405195	Muscle	NA	muscle	NA	SRP521262	SRS22058989	0.994	0.685	22.335	0.846	0.857	0.961	1028.99	42473	9010.21	1854
SRX25405196	Brain	NA	brain	NA	SRP521262	SRS22058990	0.985	0.743	23.102	0.860	0.885	0.961	1135.6	45157	9631.92	3513
SRX25405197	Brain	NA	brain	NA	SRP521262	SRS22058991	0.985	0.736	22.919	0.856	0.850	0.962	1118.16	43871	9395.49	3266
SRX25405198	Muscle	NA	muscle	NA	SRP521262	SRS22058998	0.994	0.701	23.280	0.851	0.878	0.961	1044.97	38954	8910.92	2030
SRX25405199	Brain	NA	brain	NA	SRP521262	SRS22058999	0.985	0.741	22.136	0.852	0.864	0.961	1132.35	40467	9504.98	3479
SRX25405200	Brain	NA	brain	NA	SRP521262	SRS22059000	0.985	0.746	22.431	0.854	0.866	0.961	1134.57	42381	9266.78	3279
SRX25405201	Brain	NA	brain	NA	SRP521262	SRS22059001	0.985	0.745	23.408	0.856	0.872	0.961	1129.9	42921	9380.76	3653
SRX25405202	Muscle	NA	muscle	NA	SRP521262	SRS22059002	0.994	0.693	22.203	0.842	0.829	0.961	1033.28	40322	8906.87	2004
SRX25405203	Muscle	NA	muscle	NA	SRP521262	SRS22059003	0.994	0.699	22.476	0.851	0.835	0.961	1032.26	39203	8988.92	2063
SRX25405204	Muscle	NA	muscle	NA	SRP521262	SRS22059004	0.993	0.681	22.131	0.859	0.840	0.961	1025.53	42260	8974.23	2034
SRX25405205	Brain	NA	brain	NA	SRP521262	SRS22059005	0.985	0.743	22.999	0.861	0.880	0.961	1138.29	41745	9774.19	3221
SRX2540538	Brain	NA	NA	acutely isolated microglia, P35 brain	SRP099007	SRS1959754	0.981	0.714	3.694	0.819	0.595	0.814	1446.81	27407	39327.44	243
SRX2540539	Brain	NA	NA	acutely isolated microglia, P35 brain	SRP099007	SRS1959753	0.982	0.711	2.619	0.809	0.629	0.765	1580.77	26822	55879.1	131
SRX2540540	Brain	NA	NA	acutely isolated microglia, P35 brain	SRP099007	SRS1959755	0.982	0.711	3.111	0.802	0.670	0.803	1530.46	27438	50578.11	99
SRX2540541	Brain	NA	NA	acutely isolated microglia, P35 brain	SRP099007	SRS1959756	0.983	0.710	3.045	0.805	0.547	0.787	1507.57	29739	45267.65	223
SRX2540542	Brain	NA	NA	acutely isolated microglia, P35 brain	SRP099007	SRS1959757	0.983	0.716	3.130	0.797	0.670	0.789	1522.29	28481	57878.23	87
SRX2540543	Brain	NA	NA	acutely isolated microglia, P35 brain	SRP099007	SRS1959758	0.982	0.715	2.380	0.804	0.614	0.753	1634.81	26705	63145.53	99
SRX2540544	Brain	NA	NA	acutely isolated microglia, P35 brain	SRP099007	SRS1959759	0.982	0.711	2.853	0.808	0.616	0.783	1563.51	28261	49789.5	135
SRX2540545	Brain	NA	NA	acutely isolated microglia, P35 brain	SRP099007	SRS1959760	0.981	0.709	3.624	0.806	0.536	0.810	1466.88	28369	38278.83	228
SRX25429777	KSL	KSL	NA	KSL	SRP521804	SRS22089935	0.985	0.778	22.088	0.891	0.683	0.966	903.12	70028	8123.97	3349
SRX25429778	KSL	KSL	NA	KSL	SRP521804	SRS22089937	0.984	0.786	22.736	0.895	0.679	0.967	904.69	63037	7846.81	2739
SRX25429779	KSL	KSL	NA	KSL	SRP521804	SRS22089938	0.984	0.800	21.932	0.892	0.674	0.966	980.57	55686	8180.5	2964
SRX25429780	BM	BM	NA	BM	SRP521804	SRS22089939	0.985	0.779	27.784	0.905	0.674	0.965	931.9	65619	8239.08	3077
SRX25429781	BM	BM	NA	BM	SRP521804	SRS22089941	0.985	0.755	19.181	0.895	0.549	0.960	1029.52	71735	10506.05	3961
SRX25429782	BM	BM	NA	BM	SRP521804	SRS22089940	0.985	0.763	20.361	0.895	0.541	0.964	971.72	67298	8920.14	3603
SRX25429786	BM	BM	NA	BM	SRP521804	SRS22089946	0.984	0.744	18.261	0.896	0.559	0.959	1019.2	71813	9975.8	4221
SRX25429787	KSL	KSL	NA	KSL	SRP521804	SRS22089945	0.983	0.755	22.719	0.888	0.704	0.962	908.22	62228	7758.89	3203
SRX25429788	KSL	KSL	NA	KSL	SRP521804	SRS22089947	0.982	0.749	15.928	0.892	0.711	0.961	994.82	68932	9586.64	4003
SRX25429789	KSL	KSL	NA	KSL	SRP521804	SRS22089948	0.981	0.763	24.873	0.887	0.696	0.963	891.49	67074	8081.37	3345
SRX25429790	KSL	KSL	NA	KSL	SRP521804	SRS22089949	0.982	0.756	24.233	0.886	0.682	0.964	956.12	72946	9254.25	4497
SRX25429791	KSL	KSL	NA	KSL	SRP521804	SRS22089950	0.982	0.768	29.426	0.893	0.694	0.966	935.46	72897	8488.43	3951
SRX25429792	BM	BM	NA	BM	SRP521804	SRS22089951	0.983	0.755	23.551	0.885	0.620	0.965	883.62	68874	8252.0	3060
SRX25429793	BM	BM	NA	BM	SRP521804	SRS22089953	0.982	0.760	21.821	0.874	0.742	0.964	892.12	68032	8030.45	3187
SRX25429794	BM	BM	NA	BM	SRP521804	SRS22089952	0.984	0.734	24.935	0.894	0.720	0.965	960.16	71734	9108.5	3581
SRX25429795	BM	BM	NA	BM	SRP521804	SRS22089954	0.984	0.754	17.859	0.897	0.573	0.960	1025.4	73080	10602.91	4025
SRX25429796	BM	BM	NA	BM	SRP521804	SRS22089955	0.984	0.752	20.268	0.893	0.519	0.959	1003.08	72936	9905.0	4002
SRX25429797	BM	BM	NA	BM	SRP521804	SRS22089956	0.983	0.773	15.665	0.895	0.614	0.961	992.52	60269	8534.84	2799
SRX25429798	BM	BM	NA	BM	SRP521804	SRS22089958	0.983	0.727	17.760	0.889	0.736	0.962	1027.16	67500	9157.21	3719
SRX25429799	BM	BM	NA	BM	SRP521804	SRS22089957	0.983	0.737	17.805	0.890	0.742	0.962	1024.41	64615	9110.17	3371
SRX25429800	BM	BM	NA	BM	SRP521804	SRS22089959	0.981	0.734	22.454	0.881	0.714	0.962	951.96	69535	8557.55	3279
SRX25429801	BM	BM	NA	BM	SRP521804	SRS22089960	0.983	0.752	17.694	0.890	0.726	0.960	968.18	70759	8712.24	3482
SRX25429802	KSL	KSL	NA	KSL	SRP521804	SRS22089961	0.984	0.767	6.243	0.892	0.736	0.946	1271.5	57272	27248.69	2163
SRX25429803	KSL	KSL	NA	KSL	SRP521804	SRS22089962	0.983	0.767	13.683	0.888	0.785	0.959	1055.31	74332	11354.19	5140
SRX25429804	KSL	KSL	NA	KSL	SRP521804	SRS22089963	0.984	0.768	6.677	0.891	0.750	0.948	1260.86	58108	26960.83	2181
SRX25429805	KSL	KSL	NA	KSL	SRP521804	SRS22089964	0.983	0.806	7.413	0.891	0.738	0.950	1109.4	50248	18565.71	1242
SRX25429806	BM	BM	NA	BM	SRP521804	SRS22089965	0.983	0.730	17.635	0.891	0.725	0.962	1031.36	66059	9234.62	3630
SRX25429807	BM	BM	NA	BM	SRP521804	SRS22089967	0.983	0.764	26.961	0.893	0.593	0.963	920.16	69526	8258.97	3309
SRX25429808	KSL	KSL	NA	KSL	SRP521804	SRS22089966	0.983	0.806	11.969	0.887	0.792	0.957	992.5	59644	13394.79	1882
SRX25429809	KSL	KSL	NA	KSL	SRP521804	SRS22089968	0.984	0.773	8.088	0.892	0.726	0.952	1208.53	59770	27080.58	2195
SRX25429810	KSL	KSL	NA	KSL	SRP521804	SRS22089969	0.983	0.773	9.938	0.889	0.786	0.955	1152.05	63996	19458.61	2924
SRX25429811	KSL	KSL	NA	KSL	SRP521804	SRS22089970	0.984	0.775	6.046	0.891	0.747	0.944	1299.32	54895	26609.45	2190
SRX25429812	KSL	KSL	NA	KSL	SRP521804	SRS22089971	0.983	0.791	5.728	0.893	0.738	0.941	1227.52	50779	26575.66	1114
SRX25429813	KSL	KSL	NA	KSL	SRP521804	SRS22089972	0.983	0.793	14.183	0.890	0.743	0.958	1007.04	68397	8710.76	4400
SRX25429814	KSL	KSL	NA	KSL	SRP521804	SRS22089974	0.983	0.821	9.159	0.894	0.723	0.953	1040.33	50925	11883.61	1634
SRX25429815	KSL	KSL	NA	KSL	SRP521804	SRS22089973	0.983	0.822	7.817	0.892	0.740	0.950	1071.42	48684	17391.69	1132
SRX25429816	BM	BM	NA	BM	SRP521804	SRS22089975	0.983	0.728	19.796	0.878	0.761	0.962	991.97	85599	11464.17	4508
SRX25429817	BM	BM	NA	BM	SRP521804	SRS22089977	0.984	0.734	19.296	0.887	0.726	0.962	1041.63	82255	11916.45	4242
SRX25429818	BM	BM	NA	BM	SRP521804	SRS22089976	0.983	0.766	18.681	0.881	0.756	0.960	936.88	70207	8897.58	3051
SRX25429819	KSL	KSL	NA	KSL	SRP521804	SRS22089978	0.984	0.809	5.839	0.891	0.758	0.942	1179.65	46312	16039.8	1386
SRX25429820	BM	BM	NA	BM	SRP521804	SRS22089979	0.983	0.726	21.768	0.886	0.636	0.961	1014.97	84617	11276.9	4679
SRX25429821	BM	BM	NA	BM	SRP521804	SRS22089980	0.984	0.757	21.595	0.890	0.751	0.960	958.18	78012	9304.92	3762
SRX25429822	BM	BM	NA	BM	SRP521804	SRS22089981	0.984	0.760	23.200	0.883	0.738	0.964	955.88	78624	9490.64	3661
SRX25429823	BM	BM	NA	BM	SRP521804	SRS22089983	0.985	0.777	18.567	0.892	0.675	0.956	899.83	68484	8504.43	2677
SRX25429824	BM	BM	NA	BM	SRP521804	SRS22089982	0.984	0.780	16.398	0.894	0.750	0.955	917.8	66783	8303.04	2871
SRX25429825	BM	BM	NA	BM	SRP521804	SRS22089984	0.984	0.764	17.420	0.887	0.763	0.956	947.85	67235	8656.37	3137
SRX25429826	BM	BM	NA	BM	SRP521804	SRS22089985	0.991	0.712	18.136	0.814	0.352	0.964	1057.54	78489	11559.97	4457
SRX2544840	CD43-B cells	CD43-B cells	NA	from CD43-B cells	SRP099066	SRS1963747	0.996	0.786	6.486	0.822	0.791	0.932	1093.91	46432	22238.24	899
SRX2544841	CD43-B cells	CD43-B cells	NA	from CD43-B cells	SRP099066	SRS1963745	0.994	0.789	5.718	0.817	0.813	0.929	1105.08	43552	20140.76	890
SRX2544842	CD4+CD62L+ T cells	CD4+CD62L+ T cells	NA	from CD4+CD62L+ T cells	SRP099066	SRS1963746	0.998	0.781	6.551	0.813	0.806	0.932	1080.38	47217	19579.07	1121
SRX2544843	CD4+CD62L+ T cells	CD4+CD62L+ T cells	NA	from CD4+CD62L+ T cells	SRP099066	SRS1963748	0.998	0.781	8.317	0.824	0.770	0.937	1048.29	49199	16273.48	1316
SRX2544844	CD43-B cells	CD43-B cells	NA	from CD43-B cells	SRP099066	SRS1963750	0.996	0.779	7.783	0.802	0.819	0.941	1022.84	47646	14438.37	1236
SRX2544845	CD43-B cells	CD43-B cells	NA	from CD43-B cells	SRP099066	SRS1963749	0.998	0.776	8.487	0.812	0.813	0.942	1032.88	49636	15482.42	1400
SRX2544846	CD4+CD62L+ T cells	CD4+CD62L+ T cells	NA	from CD4+CD62L+ T cells	SRP099066	SRS1963752	0.997	0.782	6.051	0.823	0.812	0.933	1091.52	46114	20384.91	920
SRX2544847	CD4+CD62L+ T cells	CD4+CD62L+ T cells	NA	from CD4+CD62L+ T cells	SRP099066	SRS1963751	0.998	0.782	8.542	0.817	0.782	0.942	1031.15	49554	16762.95	1205
SRX2544848	from CD43-B cells	NA	NA	from CD43-B cells	SRP099067	SRS1963753	0.996	0.788	6.568	0.831	0.813	0.934	1053.9	45956	15163.65	1077
SRX2544849	from CD43-B cells	NA	NA	from CD43-B cells	SRP099067	SRS1963754	0.997	0.781	8.411	0.822	0.779	0.938	1055.75	49214	15635.85	1494
SRX2544850	from CD4+CD62L+ T cells	NA	NA	from CD4+CD62L+ T cells	SRP099067	SRS1963756	0.999	0.771	8.597	0.829	0.761	0.937	1132.44	51807	19237.81	1968
SRX2544851	from CD4+CD62L+ T cells	NA	NA	from CD4+CD62L+ T cells	SRP099067	SRS1963755	0.999	0.773	6.230	0.845	0.797	0.928	1196.82	47729	25670.69	1468
SRX2544852	from CD43-B cells	NA	NA	from CD43-B cells	SRP099067	SRS1963757	0.997	0.796	7.118	0.811	0.769	0.936	1080.37	47575	15305.68	1485
SRX2544853	from CD43-B cells	NA	NA	from CD43-B cells	SRP099067	SRS1963758	0.985	0.788	6.794	0.808	0.802	0.938	1069.38	45758	22430.71	650
SRX2544854	from CD4+CD62L+ T cells	NA	NA	from CD4+CD62L+ T cells	SRP099067	SRS1963759	0.998	0.772	5.990	0.842	0.796	0.931	1202.16	47223	22770.96	1508
SRX2544855	from CD4+CD62L+ T cells	NA	NA	from CD4+CD62L+ T cells	SRP099067	SRS1963760	0.999	0.775	6.298	0.825	0.801	0.934	1182.23	48497	23724.04	1470
SRX25478906	Brain	NA	Brain	Brain	SRP522281	SRS22135165	0.996	0.754	10.623	0.795	0.799	0.953	1135.01	49683	13008.06	1683
SRX25478907	Brain	NA	Brain	Brain	SRP522281	SRS22135166	0.994	0.764	8.808	0.812	0.797	0.942	1215.91	45234	11713.69	1873
SRX25478908	Liver	NA	Liver	Liver	SRP522281	SRS22135167	0.995	0.647	10.551	0.806	0.854	0.950	1212.85	30029	9901.3	1164
SRX25478909	Brain	NA	Brain	Brain	SRP522281	SRS22135168	0.995	0.750	11.364	0.806	0.840	0.949	1151.26	50632	8203.65	3140
SRX25478910	Brain	NA	Brain	Brain	SRP522281	SRS22135169	0.995	0.741	10.407	0.816	0.859	0.953	1136.97	54079	13722.95	1338
SRX25478911	Brain	NA	Brain	Brain	SRP522281	SRS22135170	0.989	0.751	11.391	0.781	0.827	0.956	1162.33	54761	13087.69	1600
SRX25478912	Brain	NA	Brain	Brain	SRP522281	SRS22135172	0.990	0.753	10.789	0.774	0.840	0.953	1168.06	46512	12317.96	1732
SRX25478913	Brain	NA	Brain	Brain	SRP522281	SRS22135171	0.993	0.779	7.544	0.766	0.670	0.932	1303.6	41916	12319.72	1566
SRX25478914	Brain	NA	Brain	Brain	SRP522281	SRS22135173	0.989	0.767	9.490	0.800	0.789	0.944	1247.55	45247	12924.86	1508
SRX25478915	Liver	NA	Liver	Liver	SRP522281	SRS22135174	0.994	0.747	10.691	0.790	0.840	0.951	1134.34	54616	12559.18	1680
SRX25478916	Liver	NA	Liver	Liver	SRP522281	SRS22135175	0.996	0.619	12.152	0.818	0.836	0.947	1163.87	31225	6419.94	2141
SRX25478917	Liver	NA	Liver	Liver	SRP522281	SRS22135176	0.996	0.658	12.197	0.801	0.793	0.953	1181.88	31087	11435.65	986
SRX25478918	Liver	NA	Liver	Liver	SRP522281	SRS22135177	0.995	0.673	13.129	0.803	0.842	0.948	1131.22	32626	6296.89	2704
SRX25478919	Liver	NA	Liver	Liver	SRP522281	SRS22135179	0.995	0.651	8.525	0.756	0.659	0.939	1263.23	28614	11161.97	961
SRX25478920	Liver	NA	Liver	Liver	SRP522281	SRS22135178	0.989	0.681	13.008	0.820	0.844	0.949	1170.62	32301	6460.44	2614
SRX25478921	Liver	NA	Liver	Liver	SRP522281	SRS22135180	0.996	0.627	10.136	0.784	0.832	0.948	1234.76	29326	11410.35	871
SRX25478922	Liver	NA	Liver	Liver	SRP522281	SRS22135181	0.991	0.649	13.431	0.814	0.849	0.955	1157.19	32461	10744.26	1071
SRX25478923	Brain	NA	Brain	Brain	SRP522281	SRS22135182	0.994	0.745	9.230	0.754	0.863	0.947	1180.99	49162	12456.33	1666
SRX25478924	Brain	NA	Brain	Brain	SRP522281	SRS22135183	0.995	0.751	10.850	0.828	0.829	0.947	1156.58	47203	12102.71	1764
SRX25478925	Liver	NA	Liver	Liver	SRP522281	SRS22135184	0.994	0.599	11.031	0.680	0.831	0.947	1166.02	31188	10128.56	1117
SRX25478926	Brain	NA	Brain	Brain	SRP522281	SRS22135186	0.995	0.754	13.176	0.807	0.786	0.957	1120.16	57678	8733.86	3034
SRX25478927	Liver	NA	Liver	Liver	SRP522281	SRS22135185	0.995	0.683	11.703	0.741	0.849	0.956	1171.22	31945	10562.84	1262
SRX25478928	Brain	NA	Brain	Brain	SRP522281	SRS22135187	0.995	0.745	7.678	0.757	0.530	0.935	1225.12	46160	17611.81	1201
SRX25478929	Brain	NA	Brain	Brain	SRP522281	SRS22135188	0.995	0.765	8.456	0.786	0.769	0.946	1209.39	44676	12365.32	1521
SRX25478930	Brain	NA	Brain	Brain	SRP522281	SRS22135189	0.995	0.749	12.528	0.829	0.815	0.949	1142.72	52285	7961.92	3505
SRX25478931	Brain	NA	Brain	Brain	SRP522281	SRS22135190	0.994	0.761	10.344	0.815	0.830	0.952	1158.75	45601	12114.38	1774
SRX25478932	Liver	NA	Liver	Liver	SRP522281	SRS22135191	0.995	0.636	10.093	0.759	0.840	0.952	1249.47	29089	11434.11	850
SRX25478933	Liver	NA	Liver	Liver	SRP522281	SRS22135192	0.995	0.667	10.336	0.812	0.751	0.944	1243.24	29768	10586.96	1128
SRX25478934	Liver	NA	Liver	Liver	SRP522281	SRS22135193	0.996	0.646	12.851	0.818	0.841	0.953	1124.5	32590	11032.48	1094
SRX25478935	Liver	NA	Liver	Liver	SRP522281	SRS22135194	0.995	0.643	12.951	0.798	0.827	0.949	1135.78	32717	6126.34	2525
SRX25478936	Liver	NA	Liver	Liver	SRP522281	SRS22135195	0.996	0.630	10.599	0.775	0.830	0.950	1208.94	29882	10352.45	1032
SRX25478937	Liver	NA	Liver	Liver	SRP522281	SRS22135196	0.991	0.675	10.346	0.801	0.863	0.945	1211.33	30902	11069.33	1141
SRX25645514	Fibroblast	fibroblast	NA	C3H10T1/2	SRP525147	SRS22288987	0.992	0.548	26.102	0.823	0.566	0.953	6959.4	63109	581078.88	1846
SRX25645515	Fibroblast	fibroblast	NA	C3H10T1/2	SRP525147	SRS22288986	0.992	0.556	30.270	0.823	0.536	0.953	6875.0	68833	549965.67	1985
SRX25645516	Fibroblast	fibroblast	NA	C3H10T1/2	SRP525147	SRS22288991	0.993	0.502	28.731	0.834	0.535	0.953	8850.8	71458	553856.23	2251
SRX25645517	Fibroblast	fibroblast	NA	C3H10T1/2	SRP525147	SRS22288992	0.993	0.614	31.635	0.833	0.537	0.955	7342.57	88649	503090.97	2300
SRX25680737	Cortex	PV	Cortex	Cortex	SRP525939	SRS22322348	0.956	0.814	6.786	0.808	0.716	0.950	1340.46	55334	39535.15	2328
SRX25680738	Cortex	L5	Cortex	Cortex	SRP525939	SRS22322349	0.961	0.794	4.806	0.872	0.744	0.930	1530.68	53988	55297.42	1600
SRX25680739	Cortex	L5	Cortex	Cortex	SRP525939	SRS22322350	0.958	0.799	6.662	0.860	0.737	0.946	1426.07	60278	44471.49	2001
SRX25680741	Cortex	PV	Cortex	Cortex	SRP525939	SRS22322352	0.954	0.819	4.374	0.855	0.764	0.926	1431.27	49112	63086.41	1585
SRX25680742	Cortex	SST	Cortex	Cortex	SRP525939	SRS22322353	0.962	0.819	4.304	0.799	0.441	0.926	1404.54	36885	34911.44	768
SRX25680743	Cortex	SST	Cortex	Cortex	SRP525939	SRS22322354	0.956	0.827	3.556	0.627	0.819	0.901	1457.17	36708	45034.04	771
SRX25680744	Cortex	SST	Cortex	Cortex	SRP525939	SRS22322355	0.961	0.817	3.900	0.779	0.457	0.919	1418.2	37083	38927.82	913
SRX25680745	Cortex	SST	Cortex	Cortex	SRP525939	SRS22322356	0.960	0.825	2.977	0.684	0.496	0.880	1471.17	34160	45382.59	650
SRX25680746	Cortex	SST	Cortex	Cortex	SRP525939	SRS22322357	0.956	0.822	3.997	0.504	0.796	0.919	1409.64	39024	38946.17	885
SRX25680747	Cortex	L4	Cortex	Cortex	SRP525939	SRS22322358	0.971	0.774	2.422	0.871	0.198	0.827	1873.49	42684	105413.56	839
SRX25680748	Cortex	L4	Cortex	Cortex	SRP525939	SRS22322359	0.971	0.776	2.730	0.835	0.433	0.864	1783.93	47527	102374.64	848
SRX25680749	Cortex	L4	Cortex	Cortex	SRP525939	SRS22322360	0.968	0.773	2.126	0.865	0.225	0.796	1957.6	40060	132460.79	712
SRX25680750	Cortex	L4	Cortex	Cortex	SRP525939	SRS22322361	0.971	0.776	4.973	0.847	0.437	0.939	1518.68	62967	50669.09	1641
SRX25680751	Cortex	L5	Cortex	Cortex	SRP525939	SRS22322362	0.959	0.813	3.816	0.873	0.710	0.905	1596.16	47343	68506.6	1517
SRX25680752	Cortex	L5	Cortex	Cortex	SRP525939	SRS22322363	0.962	0.795	7.047	0.861	0.743	0.947	1403.62	61256	41290.54	2208
SRX25690781	E18.5 isolated villi from intestinal epithelium	NA	E18.5 isolated villi from intestinal epithelium	E18.5 isolated villi from intestinal epithelium	SRP526206	SRS22332876	0.984	0.774	17.410	0.910	0.657	0.956	1051.6	62099	8516.35	3395
SRX25690782	E18.5 isolated villi from intestinal epithelium	NA	E18.5 isolated villi from intestinal epithelium	E18.5 isolated villi from intestinal epithelium	SRP526206	SRS22332875	0.987	0.777	18.387	0.909	0.715	0.963	1014.87	65237	8580.17	3289
SRX25690783	E18.5 isolated villi from intestinal epithelium	NA	E18.5 isolated villi from intestinal epithelium	E18.5 isolated villi from intestinal epithelium	SRP526206	SRS22332878	0.986	0.819	17.242	0.911	0.672	0.955	1049.43	46660	7267.5	3118
SRX25690784	E18.5 isolated villi from intestinal epithelium	NA	E18.5 isolated villi from intestinal epithelium	E18.5 isolated villi from intestinal epithelium	SRP526206	SRS22332881	0.985	0.810	17.943	0.812	0.677	0.956	1047.04	45549	7299.14	3121
SRX25704498	Spleen	CD8 T cells	Spleen	Spleen	SRP526448	SRS22345653	0.977	0.695	29.477	0.764	0.192	0.974	1068.53	45127	10290.35	1370
SRX25704499	Spleen	CD8 T cells	Spleen	Spleen	SRP526448	SRS22345654	0.979	0.698	13.049	0.776	0.080	0.970	1207.38	38781	12682.89	963
SRX25704500	Spleen	CD8 T cells	Spleen	Spleen	SRP526448	SRS22345655	0.981	0.654	14.502	0.813	0.057	0.972	1215.43	44618	13387.73	1319
SRX25704501	Spleen	CD8 T cells	Spleen	Spleen	SRP526448	SRS22345656	0.979	0.688	29.007	0.829	0.341	0.974	1109.4	51315	9267.37	2693
SRX25704502	Spleen	CD8 T cells	Spleen	Spleen	SRP526448	SRS22345657	0.979	0.689	31.059	0.827	0.317	0.975	1132.94	40456	12215.5	909
SRX25704503	Spleen	CD8 T cells	Spleen	Spleen	SRP526448	SRS22345659	0.979	0.689	30.093	0.811	0.269	0.975	1112.42	40381	10685.33	1160
SRX25704504	Spleen	CD8 T cells	Spleen	Spleen	SRP526448	SRS22345658	0.980	0.693	26.745	0.821	0.342	0.974	1083.43	44661	9030.75	1754
SRX25704505	Spleen	CD8 T cells	Spleen	Spleen	SRP526448	SRS22345660	0.976	0.693	26.935	0.821	0.378	0.973	1093.46	44382	9284.05	1705
SRX25739185	Liver	NA	Liver	NA	SRP476618	SRS22378885	0.996	0.704	13.065	0.860	0.699	0.949	1150.64	45290	8153.79	2833
SRX25739186	Liver	NA	Liver	NA	SRP476618	SRS22378886	0.995	0.716	11.371	0.855	0.686	0.949	1177.21	45604	12391.26	1674
SRX25739188	Liver	NA	Liver	NA	SRP476618	SRS22378888	0.996	0.704	10.121	0.864	0.722	0.947	1222.49	41764	11675.63	1526
SRX25739189	Liver	NA	Liver	NA	SRP476618	SRS22378889	0.996	0.707	11.844	0.851	0.685	0.947	1182.15	43122	12228.84	1358
SRX25739190	Liver	NA	Liver	NA	SRP476618	SRS22378890	0.996	0.720	17.542	0.855	0.736	0.950	1096.62	52967	8607.88	3113
SRX25739191	Liver	NA	Liver	NA	SRP476618	SRS22378891	0.996	0.715	24.132	0.863	0.748	0.953	1028.03	58529	8526.93	3288
SRX25739192	Liver	NA	Liver	NA	SRP476618	SRS22378892	0.996	0.714	13.137	0.853	0.685	0.950	1155.59	45008	7840.02	2969
SRX25739193	Liver	NA	Liver	NA	SRP476618	SRS22378893	0.996	0.723	11.078	0.852	0.688	0.948	1192.19	44362	12088.45	1616
SRX25739194	Liver	NA	Liver	NA	SRP476618	SRS22378894	0.996	0.718	18.325	0.860	0.729	0.952	1102.14	49154	8068.61	3235
SRX25739195	Liver	NA	Liver	NA	SRP476618	SRS22378895	0.996	0.713	12.026	0.858	0.682	0.949	1190.85	44666	11624.21	1777
SRX25739196	Liver	NA	Liver	NA	SRP476618	SRS22378896	0.996	0.722	12.491	0.853	0.696	0.950	1161.79	45147	7973.67	2942
SRX25739197	Liver	NA	Liver	NA	SRP476618	SRS22378897	0.996	0.724	17.398	0.849	0.720	0.952	1107.33	51473	8585.24	3028
SRX25739199	Liver	NA	Liver	NA	SRP476618	SRS22378899	0.996	0.727	11.990	0.856	0.633	0.950	1166.0	45121	12138.45	1644
SRX25739200	Liver	NA	Liver	NA	SRP476618	SRS22378900	0.996	0.724	14.232	0.851	0.663	0.952	1142.44	46685	8018.57	3178
SRX25739201	Liver	NA	Liver	NA	SRP476618	SRS22378901	0.996	0.716	11.981	0.851	0.677	0.950	1142.59	45906	11714.95	1608
SRX25739202	Liver	NA	Liver	NA	SRP476618	SRS22378902	0.996	0.704	27.342	0.856	0.704	0.954	1015.78	55698	9013.19	2621
SRX25739203	Liver	NA	Liver	NA	SRP476618	SRS22378903	0.996	0.689	14.714	0.856	0.685	0.950	1100.87	40696	8033.29	2246
SRX25739204	Liver	NA	Liver	NA	SRP476618	SRS22378904	0.995	0.709	10.619	0.864	0.695	0.946	1160.11	43263	11351.6	1639
SRX25739205	Liver	NA	Liver	NA	SRP476618	SRS22378905	0.996	0.716	11.062	0.857	0.656	0.950	1151.67	46090	12197.87	1505
SRX25739206	Liver	NA	Liver	NA	SRP476618	SRS22378906	0.996	0.723	11.304	0.856	0.673	0.951	1145.15	46009	12278.99	1473
SRX25739207	Liver	NA	Liver	NA	SRP476618	SRS22378907	0.996	0.717	11.589	0.866	0.679	0.949	1145.44	45511	11849.68	1535
SRX25739208	Liver	NA	Liver	NA	SRP476618	SRS22378908	0.996	0.722	11.433	0.861	0.668	0.949	1151.37	45019	12348.04	1488
SRX25739210	Liver	NA	Liver	NA	SRP476618	SRS22378910	0.996	0.713	14.609	0.856	0.703	0.952	1106.8	47300	8361.58	2516
SRX25739211	Liver	NA	Liver	NA	SRP476618	SRS22378911	0.996	0.708	10.162	0.853	0.677	0.947	1154.79	42242	11923.23	1270
SRX25739212	Liver	NA	Liver	NA	SRP476618	SRS22378912	0.996	0.713	12.054	0.859	0.660	0.950	1133.89	45839	12002.23	1584
SRX25739213	Liver	NA	Liver	NA	SRP476618	SRS22378913	0.996	0.708	23.907	0.855	0.751	0.954	1016.76	56243	8512.81	2795
SRX25739214	Liver	NA	Liver	NA	SRP476618	SRS22378914	0.996	0.723	11.589	0.855	0.656	0.950	1151.78	44464	12189.83	1475
SRX25739215	Liver	NA	Liver	NA	SRP476618	SRS22378915	0.996	0.713	11.493	0.855	0.647	0.949	1152.88	42540	11825.12	1385
SRX25759899	Colonic Stem Cell	NA	colonic stem cell	colonic stem cell	SRP527397	SRS22399036	0.985	0.737	20.532	0.876	0.630	0.964	981.34	77058	8559.34	3096
SRX25759900	Colonic Stem Cell	NA	colonic stem cell	colonic stem cell	SRP527397	SRS22399037	0.983	0.734	24.680	0.889	0.649	0.957	985.83	79456	8936.5	2879
SRX25759901	Colonic Differentiated	NA	colonic differentiated cell	colonic differentiated cell	SRP527397	SRS22399038	0.986	0.725	23.950	0.880	0.631	0.966	995.54	76574	9017.34	2778
SRX25759902	Colonic Differentiated	NA	colonic differentiated cell	colonic differentiated cell	SRP527397	SRS22399039	0.984	0.718	25.363	0.889	0.651	0.958	1012.64	77247	9687.13	2400
SRX25759903	Colonic Stem Cell	NA	colonic stem cell	colonic stem cell	SRP527397	SRS22399040	0.984	0.750	21.238	0.884	0.671	0.964	1019.49	73308	8645.64	3131
SRX25759904	Colonic Stem Cell	NA	colonic stem cell	colonic stem cell	SRP527397	SRS22399041	0.985	0.747	23.690	0.889	0.612	0.958	957.68	82977	8540.39	3257
SRX25759905	Colonic Stem Cell	NA	colonic stem cell	colonic stem cell	SRP527397	SRS22399042	0.994	0.756	10.750	0.841	0.431	0.946	1068.68	64787	12882.1	1608
SRX25759906	Colonic Stem Cell	NA	colonic stem cell	colonic stem cell	SRP527397	SRS22399043	0.994	0.755	10.080	0.835	0.406	0.939	1088.78	63508	13452.72	1468
SRX25759907	Colonic Differentiated	NA	colonic differentiated cell	colonic differentiated cell	SRP527397	SRS22399044	0.984	0.740	20.753	0.881	0.675	0.965	971.85	79143	8972.11	2751
SRX25759908	Colonic Differentiated	NA	colonic differentiated cell	colonic differentiated cell	SRP527397	SRS22399045	0.985	0.746	25.676	0.891	0.608	0.958	957.17	84096	8621.28	3122
SRX25759909	Colonic Differentiated	NA	colonic differentiated cell	colonic differentiated cell	SRP527397	SRS22399046	0.994	0.742	10.907	0.846	0.452	0.947	1052.99	65367	13173.51	1459
SRX25759910	Colonic Differentiated	NA	colonic differentiated cell	colonic differentiated cell	SRP527397	SRS22399047	0.994	0.729	12.104	0.848	0.470	0.949	1019.79	68215	8567.3	2777
SRX25759911	Colonic Stem Cell	NA	colonic stem cell	colonic stem cell	SRP527397	SRS22399048	0.994	0.712	18.707	0.843	0.464	0.953	896.54	83652	8377.36	3359
SRX25759912	Colonic Stem Cell	NA	colonic stem cell	colonic stem cell	SRP527397	SRS22399049	0.994	0.712	17.214	0.854	0.511	0.946	933.01	79809	8121.49	3558
SRX25759913	Colonic Differentiated	NA	colonic differentiated cell	colonic differentiated cell	SRP527397	SRS22399050	0.994	0.714	18.327	0.850	0.435	0.952	928.2	78480	8523.5	3065
SRX25759914	Colonic Differentiated	NA	colonic differentiated cell	colonic differentiated cell	SRP527397	SRS22399051	0.994	0.731	16.892	0.854	0.396	0.945	984.6	73058	8450.42	3022
SRX25759915	Colonic Stem Cell	NA	colonic stem cell	colonic stem cell	SRP527397	SRS22399052	0.994	0.745	10.668	0.847	0.417	0.947	1028.7	66901	13280.64	1617
SRX25759916	Colonic Stem Cell	NA	colonic stem cell	colonic stem cell	SRP527397	SRS22399053	0.995	0.738	10.677	0.852	0.463	0.942	1034.69	66364	12656.68	1838
SRX25759917	Colonic Differentiated	NA	colonic differentiated cell	colonic differentiated cell	SRP527397	SRS22399054	0.994	0.740	11.105	0.834	0.396	0.946	1018.92	68165	13306.45	1592
SRX25759918	Colonic Differentiated	NA	colonic differentiated cell	colonic differentiated cell	SRP527397	SRS22399055	0.994	0.746	11.190	0.853	0.440	0.942	1041.03	66821	8156.32	3142
SRX26044512	Embryonic Brain	E11.5 brain	embryonic brain	embryonic brain	SRP531904	SRS22615440	0.979	0.807	15.008	0.904	0.612	0.953	1435.29	39992	15903.56	4355
SRX26044513	Embryonic Brain	E11.5 brain	embryonic brain	embryonic brain	SRP531904	SRS22615441	0.978	0.794	15.986	0.907	0.634	0.950	1478.28	47173	15216.91	4558
SRX26044514	Embryonic Brain	E11.5 brain	embryonic brain	embryonic brain	SRP531904	SRS22615442	0.979	0.797	25.106	0.902	0.575	0.961	1218.33	46973	16399.51	4800
SRX26044515	Embryonic Brain	E11.5 brain	embryonic brain	embryonic brain	SRP531904	SRS22615443	0.979	0.795	18.675	0.903	0.545	0.957	1335.78	49332	16315.73	4669
SRX2607680	Cerebellar Granule Cells	NA	NA	Cerebellar Granule Cells	SRP100972	SRS2019791	0.994	0.659	1.822	0.368	0.674	0.730	1978.07	27043	74650.3	319
SRX2607681	Cerebellar Granule Cells	NA	NA	Cerebellar Granule Cells	SRP100972	SRS2019793	0.993	0.678	3.622	0.169	0.356	0.872	1444.63	38377	43720.5	598
SRX26127163	Lung	NA	lung	lung	SRP472167	SRS22689344	0.994	0.733	9.850	0.888	0.324	0.955	1218.25	56148	14192.57	1201
SRX26127164	Lung	NA	lung	lung	SRP472167	SRS22689345	0.994	0.733	9.410	0.889	0.373	0.954	1227.6	55485	13084.56	1413
SRX26127165	Lung	NA	lung	lung	SRP472167	SRS22689346	0.994	0.732	11.095	0.889	0.328	0.956	1190.5	58034	9150.61	2351
SRX26127166	Lung	NA	lung	lung	SRP472167	SRS22689347	0.994	0.743	9.672	0.872	0.577	0.956	1294.86	54666	15649.35	1349
SRX26127167	Lung	NA	lung	lung	SRP472167	SRS22689348	0.994	0.746	11.149	0.872	0.546	0.960	1250.79	57852	16182.95	1464
SRX26127168	Lung	NA	lung	lung	SRP472167	SRS22689349	0.994	0.743	10.413	0.880	0.577	0.951	1238.6	55450	13727.73	1313
SRX26127169	Lung	NA	lung	lung	SRP472167	SRS22689350	0.995	0.748	11.791	0.875	0.562	0.963	1204.91	58216	9402.36	2574
SRX26127170	Lung	NA	lung	lung	SRP472167	SRS22689351	0.994	0.743	10.108	0.873	0.547	0.959	1274.14	55660	13870.61	1555
SRX26127171	Lung	NA	lung	lung	SRP472167	SRS22689352	0.994	0.748	9.902	0.874	0.573	0.959	1255.73	55797	14750.52	1322
SRX2613753	Lin-Sca1+Kit-cells	Lin-Sca1+Kit-cells	NA	Bone marrow (femur, pelvis, tibia)	SRP101416	SRS2024337	0.989	0.756	27.367	0.575	0.805	0.957	821.44	61539	10682.61	1834
SRX2614671	Brain (Dentate Gyrus Of The Hippocampus)	NA	brain (dentate gyrus of the hippocampus)	whole tissue from dorsal dentate gyrus in mouse	SRP101453	SRS2025160	0.993	0.728	11.764	0.826	0.853	0.948	1209.86	66666	16543.05	1910
SRX2614672	Brain (Dentate Gyrus Of The Hippocampus)	NA	brain (dentate gyrus of the hippocampus)	whole tissue from dorsal dentate gyrus in mouse	SRP101453	SRS2025161	0.993	0.721	12.412	0.828	0.874	0.948	1200.91	69266	17858.81	1605
SRX2614673	Brain (Dentate Gyrus Of The Hippocampus)	NA	brain (dentate gyrus of the hippocampus)	whole tissue from dorsal dentate gyrus in mouse	SRP101453	SRS2025162	0.993	0.723	10.289	0.831	0.881	0.945	1211.39	64571	16538.75	1757
SRX2614674	Brain (Dentate Gyrus Of The Hippocampus)	NA	brain (dentate gyrus of the hippocampus)	whole tissue from dorsal dentate gyrus in mouse	SRP101453	SRS2025163	0.993	0.723	10.152	0.824	0.884	0.946	1211.63	63976	16612.38	1724
SRX2614675	Brain (Dentate Gyrus Of The Hippocampus)	NA	brain (dentate gyrus of the hippocampus)	whole tissue from dorsal dentate gyrus in mouse	SRP101453	SRS2025164	0.993	0.738	9.404	0.818	0.855	0.944	1233.69	61627	16931.61	1720
SRX2614676	Brain (Dentate Gyrus Of The Hippocampus)	NA	brain (dentate gyrus of the hippocampus)	whole tissue from ventral dentate gyrus in mouse	SRP101453	SRS2025165	0.992	0.733	11.016	0.826	0.863	0.946	1158.02	52235	14563.24	1817
SRX2614677	Brain (Dentate Gyrus Of The Hippocampus)	NA	brain (dentate gyrus of the hippocampus)	whole tissue from ventral dentate gyrus in mouse	SRP101453	SRS2025166	0.991	0.724	11.870	0.826	0.866	0.946	1139.94	51501	13599.65	1829
SRX2614678	Brain (Dentate Gyrus Of The Hippocampus)	NA	brain (dentate gyrus of the hippocampus)	whole tissue from ventral dentate gyrus in mouse	SRP101453	SRS2025167	0.992	0.728	9.905	0.816	0.878	0.946	1158.61	49318	14858.33	1430
SRX2614679	Brain (Dentate Gyrus Of The Hippocampus)	NA	brain (dentate gyrus of the hippocampus)	whole tissue from ventral dentate gyrus in mouse	SRP101453	SRS2025168	0.992	0.725	9.836	0.821	0.889	0.945	1159.97	50041	13525.71	1934
SRX2614680	Brain (Dentate Gyrus Of The Hippocampus)	NA	brain (dentate gyrus of the hippocampus)	whole tissue from ventral dentate gyrus in mouse	SRP101453	SRS2025169	0.991	0.740	9.702	0.818	0.857	0.945	1176.8	48231	14173.62	1672
SRX2614681	Brain (Dentate Gyrus Of The Hippocampus)	NA	brain (dentate gyrus of the hippocampus)	whole tissue from dorsal dentate gyrus in mouse	SRP101453	SRS2025170	0.993	0.738	10.779	0.816	0.829	0.945	1231.49	65816	16414.24	2077
SRX2614682	Brain (Dentate Gyrus Of The Hippocampus)	NA	brain (dentate gyrus of the hippocampus)	whole tissue from dorsal dentate gyrus in mouse	SRP101453	SRS2025171	0.993	0.729	11.793	0.824	0.852	0.947	1224.63	67595	16871.62	1995
SRX2614683	Brain (Dentate Gyrus Of The Hippocampus)	NA	brain (dentate gyrus of the hippocampus)	whole tissue from dorsal dentate gyrus in mouse	SRP101453	SRS2025172	0.993	0.708	12.178	0.802	0.786	0.944	1237.13	67933	16195.88	2107
SRX2614684	Brain (Dentate Gyrus Of The Hippocampus)	NA	brain (dentate gyrus of the hippocampus)	whole tissue from dorsal dentate gyrus in mouse	SRP101453	SRS2025173	0.993	0.719	12.310	0.830	0.875	0.948	1223.26	70551	17977.86	1775
SRX2614685	Brain (Dentate Gyrus Of The Hippocampus)	NA	brain (dentate gyrus of the hippocampus)	whole tissue from dorsal dentate gyrus in mouse	SRP101453	SRS2025174	0.994	0.714	11.268	0.819	0.882	0.947	1225.01	69144	17808.49	1806
SRX2614686	Brain (Dentate Gyrus Of The Hippocampus)	NA	brain (dentate gyrus of the hippocampus)	whole tissue from ventral dentate gyrus in mouse	SRP101453	SRS2025176	0.991	0.749	10.586	0.820	0.851	0.946	1167.18	48827	14107.21	1782
SRX2614687	Brain (Dentate Gyrus Of The Hippocampus)	NA	brain (dentate gyrus of the hippocampus)	whole tissue from ventral dentate gyrus in mouse	SRP101453	SRS2025175	0.992	0.724	12.298	0.826	0.875	0.948	1138.85	51843	13791.11	1852
SRX2614688	Brain (Dentate Gyrus Of The Hippocampus)	NA	brain (dentate gyrus of the hippocampus)	whole tissue from ventral dentate gyrus in mouse	SRP101453	SRS2025178	0.991	0.718	13.594	0.814	0.813	0.945	1134.78	52452	14975.13	1524
SRX2614689	Brain (Dentate Gyrus Of The Hippocampus)	NA	brain (dentate gyrus of the hippocampus)	whole tissue from ventral dentate gyrus in mouse	SRP101453	SRS2025177	0.992	0.730	9.961	0.822	0.877	0.946	1172.11	52158	14432.74	1808
SRX2614690	Brain (Dentate Gyrus Of The Hippocampus)	NA	brain (dentate gyrus of the hippocampus)	whole tissue from ventral dentate gyrus in mouse	SRP101453	SRS2025179	0.992	0.739	11.479	0.827	0.861	0.946	1154.66	51910	14584.6	1772
SRX26193485	ESC	embryonic stem cell	not applicable	NA	SRP534659	SRS22735831	0.983	0.448	13.602	0.894	0.694	0.955	2215.82	60791	55722.14	2666
SRX26193486	ESC	embryonic stem cell	not applicable	NA	SRP534659	SRS22735832	0.981	0.455	12.596	0.900	0.614	0.953	2255.99	58395	53513.12	2703
SRX26193487	ESC	embryonic stem cell	not applicable	NA	SRP534659	SRS22735833	0.981	0.647	11.850	0.895	0.608	0.956	1766.7	62894	32244.84	4070
SRX26193488	ESC	embryonic stem cell	not applicable	NA	SRP534659	SRS22735834	0.980	0.638	12.311	0.894	0.593	0.957	1772.93	64140	34345.29	3954
SRX26193489	Extended Epiblast-Like	extended epiblast-like cell	not applicable	NA	SRP534659	SRS22735835	0.976	0.816	13.351	0.896	0.658	0.954	1260.34	34379	31262.37	2747
SRX26193490	Extended Epiblast-Like	extended epiblast-like cell	not applicable	NA	SRP534659	SRS22735836	0.978	0.821	12.477	0.897	0.622	0.953	1266.75	33737	32582.75	2450
SRX26193491	Extended Epiblast-Like	extended epiblast-like cell	not applicable	NA	SRP534659	SRS22735837	0.973	0.834	13.348	0.898	0.661	0.958	1182.24	35836	20951.37	2328
SRX26193492	Extended Epiblast-Like	extended epiblast-like cell	not applicable	NA	SRP534659	SRS22735838	0.972	0.834	13.216	0.901	0.646	0.958	1199.28	36768	21147.29	2390
SRX26214988	ESCs (mESC)	mouse embryonic stem cells (mESC)	NA	mESC	SRP535166	SRS22757995	0.980	0.251	8.259	0.788	0.652	0.937	82589.77	65	0.0	0
SRX26214989	ESCs (mESC)	mouse embryonic stem cells (mESC)	NA	mESC	SRP535166	SRS22757997	0.980	0.252	6.531	0.788	0.648	0.930	0.0	0	0.0	0
SRX26214990	ESCs (mESC)	mouse embryonic stem cells (mESC)	NA	mESC	SRP535166	SRS22757998	0.981	0.249	8.682	0.790	0.655	0.937	82403.8	35	0.0	0
SRX26214991	ESCs (mESC)	mouse embryonic stem cells (mESC)	NA	mESC	SRP535166	SRS22757999	0.983	0.035	8.327	0.785	0.656	0.938	0.0	0	77635985.0	1
SRX26214992	ESCs (mESC)	mouse embryonic stem cells (mESC)	NA	mESC	SRP535166	SRS22758000	0.983	0.029	8.636	0.779	0.661	0.938	0.0	0	0.0	0
SRX26214993	ESCs (mESC)	mouse embryonic stem cells (mESC)	NA	mESC	SRP535166	SRS22758001	0.983	0.029	7.876	0.781	0.645	0.935	0.0	0	52912957.0	1
SRX26214994	ESCs (mESC)	mouse embryonic stem cells (mESC)	NA	mESC	SRP535166	SRS22758002	0.981	0.534	10.036	0.786	0.651	0.941	2577.36	35683	146617.85	2994
SRX26214995	ESCs (mESC)	mouse embryonic stem cells (mESC)	NA	mESC	SRP535166	SRS22758003	0.980	0.534	6.534	0.783	0.630	0.931	3439.62	31979	263484.58	1861
SRX26214996	ESCs (mESC)	mouse embryonic stem cells (mESC)	NA	mESC	SRP535166	SRS22758004	0.980	0.532	9.980	0.780	0.650	0.941	2546.75	35418	132785.91	3364
SRX262536	SRS409481	NA	NA	NA	SRP020633	SRS409481	0.993	0.780	16.514	0.773	0.764	0.938	1021.65	73081	8498.98	3391
SRX2627072	Around 100 mouse ESCs E14	NA	Around 100 mouse embryonic stem cells, E14	shTdg-ESC-liMAB-PBAT-MAB	SRP101591	SRS2037020	0.949	0.888	8.007	0.695	0.861	0.844	1014.94	13007	408438.73	596
SRX262943	SRS409815	NA	NA	NA	SRP020633	SRS409815	0.993	0.739	14.599	0.636	0.823	0.938	1041.01	65143	7996.9	3076
SRX263010	SRS409880	NA	NA	NA	SRP020633	SRS409880	0.994	0.748	17.188	0.819	0.919	0.941	1096.51	62314	8418.29	2741
SRX2635305	ESC	embryonic stem cells	NA	embryonic stem cell	SRP101774	SRS2044086	0.997	0.097	10.196	0.659	0.635	0.939	0.0	0	0.0	0
SRX26458403	Liver	NA	Liver	Liver	SRP540226	SRS22973476	0.986	0.674	16.237	0.546	0.599	0.956	1177.87	45168	14548.06	1432
SRX26458404	Liver	NA	Liver	Liver	SRP540226	SRS22973477	0.984	0.692	13.183	0.565	0.624	0.952	1213.18	42027	15128.98	1514
SRX26458405	Liver	NA	Liver	Liver	SRP540226	SRS22973478	0.984	0.689	13.047	0.561	0.652	0.951	1213.75	39668	14033.36	1492
SRX26458406	Liver	NA	Liver	Liver	SRP540226	SRS22973479	0.987	0.667	18.040	0.524	0.633	0.957	1195.3	45086	14678.15	1652
SRX26458407	Liver	NA	Liver	Liver	SRP540226	SRS22973480	0.985	0.679	9.270	0.540	0.650	0.945	1311.67	34870	20983.8	718
SRX26458408	Liver	NA	Liver	Liver	SRP540226	SRS22973481	0.986	0.693	18.395	0.470	0.638	0.959	1193.25	47515	11361.95	2739
SRX26458409	Brain	Neuron	Brain	Brain	SRP540226	SRS22973482	0.966	0.549	9.739	0.661	0.559	0.935	3406.41	47165	199562.09	2456
SRX26458410	Brain	Neuron	Brain	Brain	SRP540226	SRS22973483	0.957	0.664	19.497	0.725	0.652	0.942	1427.72	56136	47624.6	3383
SRX26458411	Brain	Neuron	Brain	Brain	SRP540226	SRS22973484	0.968	0.621	22.521	0.622	0.576	0.950	1806.36	68062	42651.63	5679
SRX26458412	Brain	Neuron	Brain	Brain	SRP540226	SRS22973485	0.947	0.690	7.120	0.633	0.592	0.914	1355.69	31314	20201.34	802
SRX26458413	Brain	Neuron	Brain	Brain	SRP540226	SRS22973486	0.966	0.730	25.328	0.654	0.668	0.949	1148.68	56293	11970.75	3860
SRX26458414	Brain	Neuron	Brain	Brain	SRP540226	SRS22973487	0.966	0.731	19.537	0.667	0.667	0.946	1205.01	75767	13845.82	4531
SRX26458532	Placenta	endothelial cell	placenta	placenta	SRP540228	SRS22973605	0.995	0.738	10.993	0.823	0.685	0.945	1037.95	58831	12802.67	1860
SRX26458533	Placenta	endothelial cell	placenta	placenta	SRP540228	SRS22973606	0.997	0.741	18.220	0.818	0.642	0.951	921.9	66427	8699.2	2830
SRX26458534	Placenta	endothelial cell	placenta	placenta	SRP540228	SRS22973607	0.996	0.738	13.535	0.829	0.640	0.950	1023.4	60538	8303.01	3437
SRX26458535	Placenta	endothelial cell	placenta	placenta	SRP540228	SRS22973608	0.993	0.753	17.154	0.763	0.657	0.956	909.66	58971	7487.86	2647
SRX26458536	Placenta	endothelial cell	placenta	placenta	SRP540228	SRS22973609	0.995	0.752	12.869	0.817	0.624	0.956	954.05	54524	7623.37	2378
SRX26458537	Placenta	endothelial cell	placenta	placenta	SRP540228	SRS22973610	0.996	0.753	16.976	0.821	0.648	0.951	919.23	59362	8184.12	2313
SRX26514658	Cornea	corneal epithelium	cornea	NA	SRP540934	SRS23026861	0.981	0.737	23.250	0.872	0.692	0.955	957.91	102668	10579.76	2850
SRX26514659	Cornea	corneal epithelium	cornea	NA	SRP540934	SRS23026863	0.980	0.738	18.768	0.866	0.706	0.960	959.51	102438	10168.76	2920
SRX26514660	Cornea	corneal epithelium	cornea	NA	SRP540934	SRS23026869	0.981	0.733	23.453	0.866	0.685	0.962	947.25	106016	10055.62	3083
SRX26514661	Cornea	corneal epithelium	cornea	NA	SRP540934	SRS23026870	0.981	0.738	23.946	0.877	0.685	0.956	949.13	100272	9745.04	3003
SRX26514662	Cornea	corneal epithelium	cornea	NA	SRP540934	SRS23026872	0.981	0.738	24.531	0.866	0.691	0.963	945.39	110513	10685.02	2950
SRX26514663	Cornea	corneal epithelium	cornea	NA	SRP540934	SRS23026871	0.980	0.739	20.189	0.855	0.708	0.961	962.11	105618	10579.58	2907
SRX26706724	Lung	endothelial cell	lung	lung	SRP544973	SRS23197874	0.994	0.602	6.685	0.824	0.825	0.944	1526.67	54165	22702.35	1376
SRX26706725	Lung	endothelial cell	lung	lung	SRP544973	SRS23197876	0.994	0.597	8.238	0.849	0.803	0.946	1355.03	59703	17259.2	1907
SRX26706726	Lung	endothelial cell	lung	lung	SRP544973	SRS23197875	0.995	0.597	8.225	0.851	0.854	0.951	1330.9	59303	16250.88	1809
SRX26706727	Lung	endothelial cell	lung	lung	SRP544973	SRS23197878	0.994	0.653	7.836	0.840	0.842	0.944	1117.15	45492	11612.92	1035
SRX26706728	Lung	endothelial cell	lung	lung	SRP544973	SRS23197877	0.993	0.641	6.993	0.790	0.814	0.947	1165.83	43769	15757.39	673
SRX26706729	Lung	endothelial cell	lung	lung	SRP544973	SRS23197879	0.994	0.652	8.726	0.865	0.852	0.947	1078.5	47883	11862.71	992
SRX26731235	Lung	endothelial cell	lung	lung	SRP545322	SRS23221416	0.994	0.668	15.500	0.872	0.636	0.951	939.5	63181	8894.82	2078
SRX26731236	Lung	endothelial cell	lung	lung	SRP545322	SRS23221415	0.994	0.667	14.971	0.865	0.628	0.951	938.42	62199	8721.08	2078
SRX26731237	Lung	endothelial cell	lung	lung	SRP545322	SRS23221417	0.993	0.665	12.465	0.862	0.656	0.949	963.27	60139	12936.77	1258
SRX26731238	Lung	endothelial cell	lung	lung	SRP545322	SRS23221418	0.993	0.665	14.018	0.863	0.604	0.950	948.48	61013	8491.86	2344
SRX26731239	Lung	endothelial cell	lung	lung	SRP545322	SRS23221419	0.992	0.662	11.978	0.867	0.599	0.949	966.35	59642	13149.35	1197
SRX26731240	Lung	endothelial cell	lung	lung	SRP545322	SRS23221420	0.992	0.659	14.966	0.846	0.470	0.949	939.59	62794	9090.72	2066
SRX26761341	Spleen	CD23+ B cell	Spleen	Spleen	SRP546061	SRS23248918	0.928	0.743	13.357	0.799	0.498	0.935	1139.69	41651	13387.16	1199
SRX27050227	Sperm	NA	sperm	sperm	SRP550944	SRS23512761	0.980	0.796	9.894	0.904	0.593	0.962	1643.32	55726	76062.82	2036
SRX27050228	Sperm	NA	sperm	sperm	SRP550944	SRS23512762	0.982	0.796	11.105	0.899	0.728	0.966	1677.67	66731	79106.05	2264
SRX27050229	Sperm	NA	sperm	sperm	SRP550944	SRS23512763	0.979	0.802	10.878	0.905	0.563	0.963	1752.76	68775	75457.29	2429
SRX27050230	Sperm	NA	sperm	sperm	SRP550944	SRS23512765	0.980	0.797	12.407	0.904	0.735	0.966	1732.2	69898	75143.5	2543
SRX27050231	Sperm	NA	sperm	sperm	SRP550944	SRS23512764	0.979	0.785	14.642	0.903	0.544	0.965	1543.14	53827	36683.91	3665
SRX27050232	Sperm	NA	sperm	sperm	SRP550944	SRS23512766	0.983	0.783	7.679	0.904	0.727	0.957	1255.54	35204	19151.64	1160
SRX27064351	Ovary	NA	Ovary	NA	SRP551216	SRS23525041	0.959	0.310	4.598	0.607	0.735	0.814	29385.0	17346	324851.2	3450
SRX27064352	Ovary	NA	Ovary	NA	SRP551216	SRS23525042	0.967	0.278	5.352	0.646	0.770	0.820	29383.56	17885	310613.08	3662
SRX27064366	Ovary	NA	Ovary	NA	SRP551216	SRS23525056	0.935	0.314	3.403	0.455	0.666	0.742	41762.69	6578	424490.77	2623
SRX27064367	Ovary	NA	Ovary	NA	SRP551216	SRS23525057	0.941	0.310	3.697	0.498	0.671	0.766	34534.32	10700	370647.37	2973
SRX271134	ESC	ES-cells	NA	Embryonic Stem cells	SRP016893	SRS415573	0.996	0.200	41.711	0.812	0.748	0.936	13624.78	12452	254896.67	1318
SRX271135	ESC	ES-cells	NA	Embryonic Stem cells	SRP016893	SRS415574	0.987	0.677	10.580	0.729	0.804	0.925	1360.54	42416	27000.17	1880
SRX271136	ESC	ES-cells	NA	Embryonic Stem cells	SRP016893	SRS415575	0.990	0.425	8.945	0.719	0.784	0.915	2337.85	48331	69556.31	2049
SRX271137	ESC	ES-cells	NA	Embryonic Stem cells	SRP016893	SRS415576	0.995	0.126	10.322	0.723	0.784	0.913	0.0	0	1082257.85	182
SRX271138	ESC	ES-cells	NA	Embryonic Stem cells	SRP016893	SRS415577	0.992	0.322	10.165	0.729	0.815	0.922	9927.16	27074	275478.4	2195
SRX271139	ESC	ES-cells	NA	Embryonic Stem cells	SRP016893	SRS415578	0.996	0.431	8.982	0.801	0.797	0.897	5046.37	29627	258061.85	1942
SRX271140	ESC	ES-cells	NA	Embryonic Stem cells	SRP016893	SRS415579	0.996	0.485	8.026	0.796	0.802	0.886	3479.87	31064	245966.6	1593
SRX27114016	KSL	KSL	NA	KSL	SRP552104	SRS23571887	0.982	0.785	19.071	0.854	0.701	0.960	942.17	71383	8239.18	4600
SRX27114017	KSL	KSL	NA	KSL	SRP552104	SRS23571888	0.983	0.821	9.159	0.894	0.723	0.953	1039.27	51011	11481.42	1782
SRX27114018	KSL	KSL	NA	KSL	SRP552104	SRS23571889	0.983	0.822	7.818	0.892	0.740	0.950	1071.48	48683	17203.36	1168
SRX271141	ESC	ES-cells	NA	Embryonic Stem cells	SRP016893	SRS415580	0.991	0.609	19.922	0.777	0.674	0.914	1298.39	46958	19014.19	2263
SRX271142	ESC	ES-cells	NA	Embryonic Stem cells	SRP016893	SRS415581	0.997	0.142	22.634	0.797	0.755	0.931	0.0	0	3563050.62	8
SRX271143	ESC	ES-cells	NA	Embryonic Stem cells	SRP016893	SRS415582	0.998	0.198	8.033	0.794	0.767	0.899	949990.5	2	2977203.33	3
SRX271144	ESC	ES-cells	NA	Embryonic Stem cells	SRP016893	SRS415583	1.000	0.033	9.123	0.795	0.793	0.880	947076.5	2	1966603.58	103
SRX27138502	Brain	NA	mouse brain	mouse brain	SRP552665	SRS23593988	0.980	0.675	10.192	0.829	0.616	0.929	2065.65	41597	451599.46	1448
SRX27138503	Brain	NA	mouse brain	mouse brain	SRP552665	SRS23593986	0.979	0.690	10.599	0.823	0.604	0.944	2203.63	40394	363269.82	1531
SRX27138504	Brain	NA	mouse brain	mouse brain	SRP552665	SRS23593987	0.979	0.694	9.394	0.813	0.588	0.941	1625.42	41472	110489.34	2177
SRX27138505	Brain	NA	mouse brain	mouse brain	SRP552665	SRS23593989	0.966	0.744	10.755	0.825	0.616	0.930	1399.52	37872	26470.16	1878
SRX27138506	Brain	NA	mouse brain	mouse brain	SRP552665	SRS23593992	0.971	0.748	10.525	0.825	0.601	0.931	1555.46	35489	64093.85	2615
SRX27138507	Brain	NA	mouse brain	mouse brain	SRP552665	SRS23593991	0.972	0.677	9.026	0.833	0.647	0.922	2801.68	40758	499171.97	1292
SRX27138508	Brain	NA	mouse brain	mouse brain	SRP552665	SRS23593990	0.978	0.671	8.827	0.839	0.622	0.927	2683.3	36463	609810.82	1263
SRX27138509	Brain	NA	mouse brain	mouse brain	SRP552665	SRS23593993	0.968	0.793	8.354	0.816	0.582	0.924	1496.83	35172	26259.02	2052
SRX27271334	Lung (RML)	NA	Lung (RML)	Lung (RML)	SRP555757	SRS23715006	0.997	0.690	25.909	0.887	0.827	0.956	1332.94	46377	13522.25	3053
SRX27271335	Lung (RML)	NA	Lung (RML)	Lung (RML)	SRP555757	SRS23715005	0.997	0.687	29.908	0.893	0.867	0.957	1334.51	46744	13643.98	3088
SRX27271336	Lung (RML)	NA	Lung (RML)	Lung (RML)	SRP555757	SRS23715004	0.997	0.694	28.081	0.875	0.800	0.957	1354.53	47265	14187.18	2986
SRX27271337	Lung (RML)	NA	Lung (RML)	Lung (RML)	SRP555757	SRS23715007	0.997	0.688	29.180	0.874	0.804	0.957	1363.29	47091	14092.17	2874
SRX27271338	Lung (RML)	NA	Lung (RML)	Lung (RML)	SRP555757	SRS23715008	0.997	0.681	31.776	0.878	0.785	0.957	1350.65	46731	13462.69	3153
SRX27271339	Lung (RML)	NA	Lung (RML)	Lung (RML)	SRP555757	SRS23715009	0.997	0.690	24.627	0.867	0.823	0.954	1340.46	46065	13501.46	3020
SRX27271340	Lung (RML)	NA	Lung (RML)	Lung (RML)	SRP555757	SRS23715010	0.997	0.686	31.622	0.877	0.786	0.958	1346.22	46983	13318.14	3313
SRX27271341	Lung (RML)	NA	Lung (RML)	Lung (RML)	SRP555757	SRS23715011	0.997	0.705	26.689	0.881	0.823	0.955	1386.77	49024	14278.94	3161
SRX27271342	Lung (RML)	NA	Lung (RML)	Lung (RML)	SRP555757	SRS23715012	0.997	0.701	26.323	0.882	0.809	0.956	1418.72	49818	13934.81	3406
SRX27271343	Lung (RML)	NA	Lung (RML)	Lung (RML)	SRP555757	SRS23715013	0.997	0.695	21.682	0.870	0.815	0.954	1388.62	48636	13830.98	2968
SRX27271344	Lung (RML)	NA	Lung (RML)	Lung (RML)	SRP555757	SRS23715016	0.996	0.681	8.642	0.872	0.791	0.947	1317.78	31976	18268.86	1447
SRX27271345	Lung (RML)	NA	Lung (RML)	Lung (RML)	SRP555757	SRS23715014	0.996	0.697	9.741	0.863	0.804	0.948	1313.09	34668	19560.48	1693
SRX27271346	Lung (RML)	NA	Lung (RML)	Lung (RML)	SRP555757	SRS23715015	0.996	0.694	8.010	0.870	0.821	0.946	1347.94	36020	19534.87	1618
SRX27271347	Lung (RML)	NA	Lung (RML)	Lung (RML)	SRP555757	SRS23715017	0.996	0.699	12.290	0.872	0.750	0.952	1300.2	40494	13592.44	2691
SRX27271348	Lung (RML)	NA	Lung (RML)	Lung (RML)	SRP555757	SRS23715018	0.997	0.699	33.772	0.878	0.788	0.958	1343.44	48141	13498.62	3491
SRX27271349	Lung (RML)	NA	Lung (RML)	Lung (RML)	SRP555757	SRS23715019	0.997	0.692	27.073	0.876	0.798	0.956	1343.02	46303	13689.29	3041
SRX27271350	Lung (RML)	NA	Lung (RML)	Lung (RML)	SRP555757	SRS23715021	0.997	0.686	33.491	0.876	0.769	0.957	1356.58	47723	14202.21	3061
SRX27271351	Lung (RML)	NA	Lung (RML)	Lung (RML)	SRP555757	SRS23715020	0.996	0.700	8.036	0.873	0.787	0.946	1338.76	35372	17872.73	1849
SRX27271352	Lung (RML)	NA	Lung (RML)	Lung (RML)	SRP555757	SRS23715022	0.996	0.697	5.860	0.875	0.791	0.937	1437.62	29204	22130.0	1229
SRX27271353	Lung (RML)	NA	Lung (RML)	Lung (RML)	SRP555757	SRS23715023	0.996	0.684	9.606	0.869	0.758	0.947	1298.13	33014	18326.31	1605
SRX27271354	Lung (RML)	NA	Lung (RML)	Lung (RML)	SRP555757	SRS23715024	0.997	0.690	8.405	0.867	0.791	0.948	1324.56	32138	18242.62	1524
SRX27271355	Lung (RML)	NA	Lung (RML)	Lung (RML)	SRP555757	SRS23715026	0.997	0.694	22.015	0.860	0.808	0.962	1358.48	49582	13502.79	2912
SRX27271356	Lung (RML)	NA	Lung (RML)	Lung (RML)	SRP555757	SRS23715027	0.997	0.697	20.748	0.871	0.804	0.953	1389.88	47631	13955.07	3012
SRX27271357	Lung (RML)	NA	Lung (RML)	Lung (RML)	SRP555757	SRS23715025	0.997	0.688	32.918	0.884	0.864	0.956	1417.67	51847	14572.18	3010
SRX27271358	Lung (RML)	NA	Lung (RML)	Lung (RML)	SRP555757	SRS23715028	0.994	0.692	7.455	0.872	0.789	0.942	1340.28	31494	24646.43	1129
SRX27271359	Lung (RML)	NA	Lung (RML)	Lung (RML)	SRP555757	SRS23715029	0.995	0.702	7.502	0.873	0.784	0.943	1343.32	33355	27273.47	1081
SRX27271360	Lung (RML)	NA	Lung (RML)	Lung (RML)	SRP555757	SRS23715030	0.996	0.692	9.595	0.873	0.747	0.947	1300.01	36599	19500.94	1656
SRX27271361	Lung (RML)	NA	Lung (RML)	Lung (RML)	SRP555757	SRS23715031	0.996	0.695	9.845	0.870	0.753	0.948	1309.16	37172	19300.78	1772
SRX27271362	Lung (RML)	NA	Lung (RML)	Lung (RML)	SRP555757	SRS23715032	0.996	0.668	8.756	0.819	0.784	0.947	1295.3	35106	17957.38	1557
SRX2731661	Cortex	NA	cortex	cortex	SRP103763	SRS2119564	0.985	0.657	12.105	0.847	0.385	0.955	1361.66	44548	14859.92	3846
SRX2731662	Cortex	NA	cortex	cortex	SRP103763	SRS2119562	0.981	0.649	4.430	0.857	0.526	0.908	2057.32	34848	29488.42	1748
SRX2731663	Cortex	NA	cortex	cortex	SRP103763	SRS2119563	0.983	0.617	3.624	0.805	0.170	0.876	2703.21	28284	42466.02	1197
SRX2731664	Cortex	NA	cortex	cortex	SRP103763	SRS2119559	0.994	0.165	4.235	0.823	0.601	0.905	0.0	0	0.0	0
SRX2731665	Cortex	NA	cortex	cortex	SRP103763	SRS2119566	0.991	0.175	17.348	0.835	0.687	0.958	0.0	0	2456383.5	4
SRX2731666	Cortex	NA	cortex	cortex	SRP103763	SRS2119561	0.994	0.154	8.182	0.771	0.511	0.947	0.0	0	0.0	0
SRX2731669	Olfactory Bulb	NA	olfactory bulb	olfactory bulb	SRP103763	SRS2119567	0.983	0.676	4.631	0.853	0.144	0.905	2221.53	34037	35204.99	1746
SRX2731670	Olfactory Bulb	NA	olfactory bulb	olfactory bulb	SRP103763	SRS2119583	0.988	0.676	13.385	0.855	0.109	0.958	1373.78	55749	17774.22	3882
SRX2731671	Olfactory Bulb	NA	olfactory bulb	olfactory bulb	SRP103763	SRS2119568	0.995	0.144	4.068	0.820	0.620	0.902	0.0	0	0.0	0
SRX2731672	Olfactory Bulb	NA	olfactory bulb	olfactory bulb	SRP103763	SRS2119569	0.991	0.155	24.450	0.834	0.550	0.960	9955.6	41218	1313182.96	54
SRX2731673	Olfactory Bulb	NA	olfactory bulb	olfactory bulb	SRP103763	SRS2119570	0.995	0.147	4.654	0.849	0.598	0.911	0.0	0	0.0	0
SRX2731676	Cerebellum	NA	cerebellum	cerebellum	SRP103763	SRS2119574	0.987	0.718	17.695	0.872	0.533	0.958	1320.75	69283	21136.08	4465
SRX2731677	Cerebellum	NA	cerebellum	cerebellum	SRP103763	SRS2119573	0.987	0.698	5.627	0.840	0.304	0.930	1942.33	45239	41876.8	2355
SRX2731678	Cerebellum	NA	cerebellum	cerebellum	SRP103763	SRS2119575	0.995	0.102	4.620	0.855	0.650	0.915	0.0	0	1317192.96	819
SRX2731679	Cerebellum	NA	cerebellum	cerebellum	SRP103763	SRS2119576	0.991	0.095	8.776	0.809	0.336	0.941	0.0	0	977454.88	1124
SRX2731680	Cerebellum	NA	cerebellum	cerebellum	SRP103763	SRS2119577	0.990	0.102	11.927	0.807	0.665	0.951	162380.0	43	697554.44	1595
SRX2737083	E3.5 embryo	E3.5 embryo	NA	E3.5 embryos	SRP041083	SRS2124384	0.994	0.205	4.848	0.829	0.276	0.927	0.0	0	6683546.0	12
SRX27386317	PGCs	PGCs	NA	PGCs	SRP558087	SRS23819508	0.976	0.057	6.454	0.803	0.540	0.952	668616.12	26	1137408.02	409
SRX27386318	PGCs	PGCs	NA	PGCs	SRP558087	SRS23819509	0.975	0.056	6.779	0.812	0.540	0.953	629846.06	36	1007651.59	512
SRX27386319	PGCs	PGCs	NA	PGCs	SRP558087	SRS23819510	0.975	0.051	7.996	0.865	0.573	0.953	316474.78	737	744565.24	829
SRX27386320	PGCs	PGCs	NA	PGCs	SRP558087	SRS23819511	0.975	0.057	7.457	0.866	0.534	0.952	549665.98	88	818384.71	720
SRX27386321	PGCs	PGCs	NA	PGCs	SRP558087	SRS23819512	0.977	0.054	7.451	0.877	0.496	0.952	359768.58	452	728147.68	944
SRX27386322	PGCs	PGCs	NA	PGCs	SRP558087	SRS23819513	0.976	0.061	6.123	0.838	0.519	0.946	687244.41	22	1069852.76	493
SRX27386323	PGCs	PGCs	NA	PGCs	SRP558087	SRS23819514	0.976	0.060	7.927	0.864	0.541	0.952	620480.1	42	1012900.26	469
SRX27386324	PGCs	PGCs	NA	PGCs	SRP558087	SRS23819516	0.976	0.060	7.314	0.875	0.508	0.952	579580.0	57	1016591.2	483
SRX27386325	PGCs	PGCs	NA	PGCs	SRP558087	SRS23819515	0.950	0.569	7.922	0.855	0.634	0.960	4796.38	76181	518015.86	1311
SRX27386326	PGCs	PGCs	NA	PGCs	SRP558087	SRS23819517	0.949	0.575	6.924	0.850	0.543	0.957	5010.48	72249	541480.15	1236
SRX27386327	PGCs	PGCs	NA	PGCs	SRP558087	SRS23819518	0.950	0.572	8.195	0.845	0.554	0.960	4799.34	76006	385487.59	1725
SRX27386328	PGCs	PGCs	NA	PGCs	SRP558087	SRS23819519	0.959	0.476	7.925	0.860	0.615	0.961	5873.33	70439	355758.3	1855
SRX27386329	PGCs	PGCs	NA	PGCs	SRP558087	SRS23819520	0.965	0.452	6.163	0.802	0.522	0.953	7345.27	52907	501956.02	1354
SRX27386330	PGCs	PGCs	NA	PGCs	SRP558087	SRS23819521	0.965	0.450	8.094	0.826	0.543	0.960	6222.96	67571	349981.08	1891
SRX27386331	PGCs	PGCs	NA	PGCs	SRP558087	SRS23819522	0.975	0.057	5.459	0.756	0.467	0.945	738149.2	10	1269252.27	317
SRX27386332	PGCs	PGCs	NA	PGCs	SRP558087	SRS23819524	0.977	0.069	10.299	0.879	0.592	0.961	557258.54	71	907075.4	729
SRX27386333	PGCs	PGCs	NA	PGCs	SRP558087	SRS23819523	0.976	0.064	7.910	0.878	0.589	0.957	646581.5	30	991453.12	578
SRX27386334	PGCs	PGCs	NA	PGCs	SRP558087	SRS23819525	0.977	0.064	7.310	0.880	0.571	0.956	688503.83	18	1091515.82	457
SRX27386335	PGCs	PGCs	NA	PGCs	SRP558087	SRS23819526	0.971	0.064	13.208	0.861	0.639	0.958	295021.25	927	803649.58	819
SRX27386336	PGCs	PGCs	NA	PGCs	SRP558087	SRS23819527	0.971	0.062	14.967	0.856	0.618	0.959	260902.66	1323	695219.7	1045
SRX27386337	PGCs	PGCs	NA	PGCs	SRP558087	SRS23819528	0.971	0.062	16.920	0.861	0.597	0.959	206091.67	2449	656267.59	1183
SRX27386338	PGCs	PGCs	NA	PGCs	SRP558087	SRS23819529	0.976	0.054	15.989	0.815	0.613	0.960	213540.4	2213	670735.09	1177
SRX27386339	PGCs	PGCs	NA	PGCs	SRP558087	SRS23819530	0.977	0.051	14.007	0.842	0.633	0.959	220755.09	2013	702893.56	1012
SRX27386340	PGCs	PGCs	NA	PGCs	SRP558087	SRS23819531	0.977	0.052	14.250	0.825	0.609	0.959	229461.58	1820	687719.87	1075
SRX27386341	PGCs	PGCs	NA	PGCs	SRP558087	SRS23819532	0.971	0.067	18.064	0.838	0.603	0.969	258100.94	1508	929654.95	718
SRX27386342	PGCs	PGCs	NA	PGCs	SRP558087	SRS23819533	0.971	0.066	18.500	0.837	0.623	0.969	248234.07	1699	867261.7	861
SRX27386343	PGCs	PGCs	NA	PGCs	SRP558087	SRS23819534	0.979	0.059	15.407	0.835	0.621	0.967	274898.57	1234	868630.3	839
SRX27386344	PGCs	PGCs	NA	PGCs	SRP558087	SRS23819535	0.977	0.053	15.607	0.843	0.581	0.967	284210.99	1129	867259.89	807
SRX27386345	PGCs	PGCs	NA	PGCs	SRP558087	SRS23819536	0.977	0.053	8.589	0.831	0.535	0.960	656717.83	52	1237410.33	442
SRX27386346	PGCs	PGCs	NA	PGCs	SRP558087	SRS23819537	0.978	0.053	8.143	0.812	0.524	0.960	727170.03	29	1329024.14	383
SRX27483809	Whole Retina	NA	Whole Retina	Whole Retina	SRP560126	SRS23906672	0.973	0.752	22.159	0.871	0.683	0.955	1071.26	65219	11629.72	3497
SRX27483810	Whole Retina	NA	Whole Retina	Whole Retina	SRP560126	SRS23906671	0.977	0.739	21.652	0.886	0.527	0.956	1056.74	66414	10969.9	3122
SRX27483811	Whole Retina	NA	Whole Retina	Whole Retina	SRP560126	SRS23906673	0.976	0.755	17.988	0.853	0.476	0.956	1090.63	62397	11051.95	3602
SRX27483812	Whole Retina	NA	Whole Retina	Whole Retina	SRP560126	SRS23906674	0.975	0.801	15.984	0.878	0.512	0.950	1062.51	44774	17626.75	4202
SRX27483813	Whole Retina	NA	Whole Retina	Whole Retina	SRP560126	SRS23906675	0.974	0.783	30.550	0.851	0.640	0.956	1040.88	51038	12277.97	3662
SRX27483814	Whole Retina	NA	Whole Retina	Whole Retina	SRP560126	SRS23906677	0.975	0.789	18.254	0.841	0.638	0.947	1073.16	46663	11284.4	2732
SRX27527915	Tconv cells (CD4+Foxp3YFP-)	Tconv cells (CD4+Foxp3YFP-)	NA	Splenic Treg cells from 18-20 week-old healthy mice	SRP506266	SRS23945243	0.984	0.729	13.592	0.691	0.443	0.943	1002.04	48003	15104.29	1158
SRX27527916	Tconv cells (CD4+Foxp3YFP-)	Tconv cells (CD4+Foxp3YFP-)	NA	Splenic Treg cells from 18-20 week-old healthy mice	SRP506266	SRS23945244	0.981	0.710	9.108	0.717	0.421	0.910	1066.76	44352	19550.54	678
SRX27527917	Tconv cells (CD4+Foxp3YFP-)	Tconv cells (CD4+Foxp3YFP-)	NA	Splenic Treg cells from 18-20 week-old healthy mice	SRP506266	SRS23945245	0.985	0.738	7.925	0.707	0.327	0.926	1080.37	44386	18854.14	827
SRX27527918	Tconv cells (CD4+Foxp3YFP-)	Tconv cells (CD4+Foxp3YFP-)	NA	Splenic Treg cells from 18-20 week-old healthy mice	SRP506266	SRS23945246	0.984	0.731	11.537	0.716	0.516	0.937	1029.33	46424	15743.45	1037
SRX27527919	Tconv cells (CD4+Foxp3YFP-)	Tconv cells (CD4+Foxp3YFP-)	NA	Splenic Treg cells from 18-20 week-old healthy mice	SRP506266	SRS23945247	0.983	0.722	9.745	0.729	0.503	0.917	1051.99	44783	18973.58	775
SRX27527949	Treg cells (CD4+CD25+Foxp3-YFP+)	Treg cells (CD4+CD25+Foxp3-YFP+)	NA	Splenic Tconv cells from 18-20 week-old healthy mice	SRP506266	SRS23945277	0.976	0.696	8.432	0.694	0.552	0.896	1141.62	38484	17669.07	685
SRX27527950	Treg cells (CD4+CD25+Foxp3-YFP+)	Treg cells (CD4+CD25+Foxp3-YFP+)	NA	Splenic Tconv cells from 18-20 week-old healthy mice	SRP506266	SRS23945278	0.979	0.723	9.468	0.656	0.672	0.927	1110.55	40639	20103.84	559
SRX27527951	Treg cells (CD4+CD25+Foxp3-YFP+)	Treg cells (CD4+CD25+Foxp3-YFP+)	NA	Splenic Tconv cells from 18-20 week-old healthy mice	SRP506266	SRS23945279	0.982	0.723	9.205	0.727	0.503	0.917	1096.27	41414	16585.15	939
SRX27527952	Treg cells (CD4+CD25+Foxp3-YFP+)	Treg cells (CD4+CD25+Foxp3-YFP+)	NA	Splenic Tconv cells from 18-20 week-old healthy mice	SRP506266	SRS23945280	0.982	0.711	9.758	0.725	0.517	0.916	1096.1	40747	17943.17	741
SRX27527953	Treg cells (CD4+CD25+Foxp3-YFP+)	Treg cells (CD4+CD25+Foxp3-YFP+)	NA	Splenic Tconv cells from 18-20 week-old healthy mice	SRP506266	SRS23945281	0.984	0.723	16.393	0.680	0.527	0.950	1006.56	46037	12604.05	1323
SRX2763336	Zygote	NA	zygote	mouse embryo	SRP105270	SRS2147930	0.967	0.334	4.277	0.648	0.252	0.844	130710.7	623	1273650.31	150
SRX2763337	early 2-cell embryo	NA	early 2-cell embryo	mouse embryo	SRP105270	SRS2147926	0.968	0.329	4.092	0.643	0.300	0.850	107478.91	835	1072210.3	112
SRX2763338	late 2-cell embryo	NA	late 2-cell embryo	mouse embryo	SRP105270	SRS2147925	0.974	0.355	5.049	0.636	0.449	0.885	67367.77	3442	772276.05	213
SRX2763339	4-cell embryo	NA	4-cell embryo	mouse embryo	SRP105270	SRS2147929	0.975	0.324	5.480	0.642	0.331	0.888	69528.7	3221	597367.24	381
SRX2763340	8-cell embryo	NA	8-cell embryo	mouse embryo	SRP105270	SRS2147927	0.979	0.308	5.419	0.670	0.373	0.886	73789.67	2530	432111.67	697
SRX2763341	Morula Embro	NA	morula embro	mouse embryo	SRP105270	SRS2147928	0.979	0.261	5.140	0.649	0.364	0.882	172237.99	121	400644.88	751
SRX2763342	Inner Cell Mass	NA	inner cell mass	mouse embryo	SRP105270	SRS2147931	0.977	0.191	5.553	0.595	0.464	0.885	0.0	0	0.0	0
SRX2763343	Trophoblast	NA	trophoblast	mouse embryo	SRP105270	SRS2147932	0.979	0.161	5.411	0.653	0.331	0.892	0.0	0	106583619.0	1
SRX2763344	6.5 day embyo epiblast	NA	6.5 day embyo epiblast	mouse embryo	SRP105270	SRS2147933	0.968	0.693	6.928	0.686	0.585	0.891	1317.49	29599	26191.56	600
SRX2763345	6.5 day embyo extraembryonic ectoderm	NA	6.5 day embyo extraembryonic ectoderm	mouse embryo	SRP105270	SRS2147934	0.977	0.476	6.690	0.657	0.581	0.894	7849.29	18275	2803734.56	238
SRX2763346	7.5 day embyo epiblast	NA	7.5 day embyo epiblast	mouse embryo	SRP105270	SRS2147939	0.969	0.683	7.595	0.692	0.698	0.883	1317.36	29093	23646.35	625
SRX2763347	7.5 day embyo extraembryonic ectoderm	NA	7.5 day embyo extraembryonic ectoderm	mouse embryo	SRP105270	SRS2147940	0.978	0.550	6.975	0.675	0.675	0.896	1989.9	24039	364623.41	1085
SRX2764635	Hematopoietic Stem Cell	Hematopoietic stem cells	NA	11 times transplanted Dnmt3a KO HSCs	SRP105210	SRS2149096	0.975	0.719	12.573	0.823	0.747	0.928	1297.83	66230	31802.71	1669
SRX27703760	C57BL/6J OT1 mice	CD8 T cells	C57BL/6J OT1 mice	C57BL/6J OT1 mice	SRP564359	SRS24098273	0.979	0.785	28.851	0.853	0.744	0.957	986.0	57716	8182.31	3048
SRX27703761	C57BL/6J OT1 mice	CD8 T cells	C57BL/6J OT1 mice	C57BL/6J OT1 mice	SRP564359	SRS24098274	0.979	0.779	27.649	0.841	0.754	0.957	983.51	57532	8197.55	3031
SRX27703762	C57BL/6J OT1 mice	CD8 T cells	C57BL/6J OT1 mice	C57BL/6J OT1 mice	SRP564359	SRS24098275	0.979	0.778	23.200	0.837	0.761	0.956	990.44	56078	7876.6	3168
SRX27703763	C57BL/6J OT1 mice	CD8 T cells	C57BL/6J OT1 mice	C57BL/6J OT1 mice	SRP564359	SRS24098276	0.978	0.786	28.817	0.842	0.760	0.958	986.69	58194	7792.71	3493
SRX27703764	C57BL/6J OT1 mice	CD8 T cells	C57BL/6J OT1 mice	C57BL/6J OT1 mice	SRP564359	SRS24098277	0.979	0.788	38.706	0.842	0.739	0.959	989.4	59884	8730.86	3081
SRX27703765	C57BL/6J OT1 mice	CD8 T cells	C57BL/6J OT1 mice	C57BL/6J OT1 mice	SRP564359	SRS24098278	0.979	0.788	30.831	0.843	0.771	0.958	983.91	58923	8094.58	3377
SRX27714668	Tail Epidermis	NA	Tail epidermis	Tail epidermis	SRP436016	SRS24108663	0.997	0.730	18.745	0.837	0.380	0.965	1059.79	87839	9892.3	3511
SRX27714669	Tail Epidermis	NA	Tail epidermis	Tail epidermis	SRP436016	SRS24108664	0.997	0.727	14.922	0.838	0.436	0.963	1104.99	82234	9961.04	3408
SRX27714670	Tail Epidermis	NA	Tail epidermis	Tail epidermis	SRP436016	SRS24108665	0.997	0.729	17.397	0.840	0.421	0.964	1088.01	84839	9905.72	3537
SRX27714671	Tail Epidermis	NA	Tail epidermis	Tail epidermis	SRP436016	SRS24108666	0.997	0.713	19.590	0.843	0.507	0.962	1040.55	89600	9764.44	3520
SRX27714672	Tail Epidermis	NA	Tail epidermis	Tail epidermis	SRP436016	SRS24108667	0.997	0.715	20.525	0.845	0.479	0.962	1037.96	91207	9750.89	3584
SRX27714673	Tail Epidermis	NA	Tail epidermis	Tail epidermis	SRP436016	SRS24108668	0.997	0.699	13.355	0.837	0.385	0.962	1191.4	79814	10186.0	3170
SRX27714674	Tail Epidermis	NA	Tail epidermis	Tail epidermis	SRP436016	SRS24108669	0.997	0.694	21.446	0.838	0.397	0.966	1145.94	85466	10421.23	2886
SRX27714675	Tail Epidermis	NA	Tail epidermis	Tail epidermis	SRP436016	SRS24108672	0.997	0.686	23.012	0.835	0.402	0.966	1148.38	84247	10360.42	2702
SRX27714676	Tail Epidermis	NA	Tail epidermis	Tail epidermis	SRP436016	SRS24108670	0.996	0.692	15.290	0.836	0.367	0.963	1201.44	80084	11255.49	2404
SRX27714677	Tail Epidermis	NA	Tail epidermis	Tail epidermis	SRP436016	SRS24108671	0.997	0.693	18.373	0.835	0.388	0.965	1159.29	83281	10860.94	2571
SRX27799245	Hippocampus	NA	Hippocampus	Hippocampus	SRP566284	SRS24176143	0.985	0.748	5.891	0.821	0.649	0.932	1257.38	35053	20014.23	873
SRX27799246	Hippocampus	NA	Hippocampus	Hippocampus	SRP566284	SRS24176144	0.987	0.738	5.488	0.808	0.627	0.930	1309.13	38074	19319.32	933
SRX27799247	Hippocampus	NA	Hippocampus	Hippocampus	SRP566284	SRS24176145	0.985	0.759	3.477	0.809	0.543	0.863	1517.19	31356	27708.27	620
SRX27799248	Hippocampus	NA	Hippocampus	Hippocampus	SRP566284	SRS24176146	0.989	0.720	4.251	0.827	0.647	0.917	1435.27	37654	31822.67	545
SRX27799249	Hippocampus	NA	Hippocampus	Hippocampus	SRP566284	SRS24176147	0.964	0.749	5.053	0.800	0.636	0.927	1414.24	35292	23868.43	753
SRX27799250	Hippocampus	NA	Hippocampus	Hippocampus	SRP566284	SRS24176148	0.983	0.742	5.515	0.841	0.621	0.928	1329.55	34524	21715.94	801
SRX27799251	Hippocampus	NA	Hippocampus	Hippocampus	SRP566284	SRS24176149	0.986	0.758	4.482	0.800	0.583	0.911	1371.24	33239	23574.77	561
SRX27799252	Hippocampus	NA	Hippocampus	Hippocampus	SRP566284	SRS24176150	0.986	0.761	4.174	0.842	0.615	0.903	1437.37	32186	21254.31	845
SRX27799253	Hippocampus	NA	Hippocampus	Hippocampus	SRP566284	SRS24176151	0.982	0.725	4.859	0.813	0.562	0.924	1358.63	36819	22710.3	633
SRX27799254	Hippocampus	NA	Hippocampus	Hippocampus	SRP566284	SRS24176152	0.983	0.743	3.500	0.850	0.558	0.892	1527.76	29478	24951.19	752
SRX27799256	Hippocampus	NA	Hippocampus	Hippocampus	SRP566284	SRS24176154	0.958	0.738	3.962	0.806	0.563	0.908	1534.68	32457	30239.43	614
SRX27799257	Hippocampus	NA	Hippocampus	Hippocampus	SRP566284	SRS24176155	0.972	0.719	7.498	0.819	0.613	0.935	1301.27	37408	17976.51	1135
SRX27799258	Hippocampus	NA	Hippocampus	Hippocampus	SRP566284	SRS24176156	0.983	0.729	5.364	0.816	0.597	0.929	1334.8	35494	21890.42	824
SRX27799259	Hippocampus	NA	Hippocampus	Hippocampus	SRP566284	SRS24176157	0.947	0.743	4.185	0.813	0.630	0.913	1496.61	33187	28732.16	659
SRX27799260	Hippocampus	NA	Hippocampus	Hippocampus	SRP566284	SRS24176158	0.976	0.733	5.336	0.826	0.578	0.928	1362.95	34890	21360.46	911
SRX27799261	Hippocampus	NA	Hippocampus	Hippocampus	SRP566284	SRS24176159	0.929	0.748	5.348	0.777	0.633	0.930	1478.99	35277	25726.41	664
SRX27799262	Hippocampus	NA	Hippocampus	Hippocampus	SRP566284	SRS24176160	0.980	0.761	3.431	0.836	0.556	0.871	1531.7	32559	29446.51	603
SRX27799263	Hippocampus	NA	Hippocampus	Hippocampus	SRP566284	SRS24176161	0.989	0.716	6.302	0.819	0.615	0.934	1269.61	37707	15887.06	1266
SRX27799264	Hippocampus	NA	Hippocampus	Hippocampus	SRP566284	SRS24176162	0.989	0.709	6.944	0.839	0.680	0.936	1249.69	40245	16560.92	1037
SRX27799265	Blood	NA	Blood	Blood	SRP566284	SRS24176163	0.987	0.734	3.565	0.705	0.645	0.889	1450.98	31245	151826.55	495
SRX27799266	Blood	NA	Blood	Blood	SRP566284	SRS24176164	0.944	0.758	5.443	0.756	0.722	0.928	1431.65	34091	71930.94	996
SRX27799267	Blood	NA	Blood	Blood	SRP566284	SRS24176165	0.991	0.755	4.777	0.763	0.355	0.917	1304.27	35686	65328.71	1110
SRX27799268	Blood	NA	Blood	Blood	SRP566284	SRS24176166	0.995	0.786	5.866	0.817	0.616	0.932	1250.49	37802	68329.46	1057
SRX27799269	Blood	NA	Blood	Blood	SRP566284	SRS24176167	0.927	0.776	5.713	0.790	0.684	0.925	1388.91	34031	22048.45	662
SRX27799270	Blood	NA	Blood	Blood	SRP566284	SRS24176168	0.921	0.790	5.189	0.791	0.704	0.921	1375.1	35176	21055.78	784
SRX27799271	Blood	NA	Blood	Blood	SRP566284	SRS24176169	0.967	0.763	6.078	0.803	0.672	0.930	1302.79	37646	93477.36	788
SRX27799272	Blood	NA	Blood	Blood	SRP566284	SRS24176170	0.995	0.796	4.846	0.802	0.530	0.907	1299.39	36810	57066.7	1066
SRX27799273	Blood	NA	Blood	Blood	SRP566284	SRS24176171	0.991	0.763	5.038	0.803	0.653	0.924	1317.96	29811	77128.47	885
SRX27799274	Blood	NA	Blood	Blood	SRP566284	SRS24176172	0.996	0.773	7.966	0.828	0.681	0.941	1091.21	43961	53515.24	1312
SRX27799275	Blood	NA	Blood	Blood	SRP566284	SRS24176173	0.994	0.795	6.092	0.838	0.708	0.931	1176.77	39847	41484.33	1389
SRX27799276	Blood	NA	Blood	Blood	SRP566284	SRS24176174	0.997	0.709	2.737	0.672	0.413	0.828	1593.36	27171	26632.86	384
SRX27799277	Hippocampus	NA	Hippocampus	Hippocampus	SRP566284	SRS24176175	0.901	0.753	3.943	0.785	0.503	0.896	1387.35	31105	23205.76	749
SRX27799278	Hippocampus	NA	Hippocampus	Hippocampus	SRP566284	SRS24176176	0.990	0.721	5.672	0.832	0.600	0.932	1248.26	35576	20746.68	690
SRX27799279	Hippocampus	NA	Hippocampus	Hippocampus	SRP566284	SRS24176177	0.984	0.722	4.743	0.824	0.672	0.921	1356.81	37049	23589.79	745
SRX27799280	Hippocampus	NA	Hippocampus	Hippocampus	SRP566284	SRS24176178	0.948	0.762	4.682	0.806	0.633	0.919	1429.67	34209	25733.85	595
SRX27799281	Hippocampus	NA	Hippocampus	Hippocampus	SRP566284	SRS24176179	0.931	0.782	2.857	0.800	0.588	0.842	1467.24	30097	40055.45	470
SRX27799282	Hippocampus	NA	Hippocampus	Hippocampus	SRP566284	SRS24176180	0.985	0.761	4.474	0.818	0.633	0.897	1491.89	33001	23364.47	811
SRX27799283	Hippocampus	NA	Hippocampus	Hippocampus	SRP566284	SRS24176181	0.988	0.753	5.208	0.831	0.608	0.927	1324.68	36352	22766.08	807
SRX27799284	Hippocampus	NA	Hippocampus	Hippocampus	SRP566284	SRS24176182	0.987	0.758	3.790	0.827	0.533	0.879	1467.91	31845	21048.34	892
SRX27799285	Hippocampus	NA	Hippocampus	Hippocampus	SRP566284	SRS24176183	0.984	0.724	4.806	0.823	0.642	0.925	1370.78	36139	20007.3	749
SRX27799286	Hippocampus	NA	Hippocampus	Hippocampus	SRP566284	SRS24176184	0.948	0.729	4.518	0.796	0.639	0.919	1540.97	33601	33371.13	423
SRX27799287	Hippocampus	NA	Hippocampus	Hippocampus	SRP566284	SRS24176185	0.956	0.724	4.985	0.765	0.487	0.922	1466.91	34045	22833.58	782
SRX27799288	Hippocampus	NA	Hippocampus	Hippocampus	SRP566284	SRS24176186	0.964	0.725	7.674	0.814	0.646	0.942	1358.34	39317	19807.35	952
SRX27799289	Hippocampus	NA	Hippocampus	Hippocampus	SRP566284	SRS24176187	0.927	0.734	5.148	0.766	0.642	0.926	1573.53	33250	23743.23	780
SRX27799290	Hippocampus	NA	Hippocampus	Hippocampus	SRP566284	SRS24176188	0.974	0.763	4.241	0.839	0.508	0.892	1469.51	35928	25389.26	746
SRX27799291	Hippocampus	NA	Hippocampus	Hippocampus	SRP566284	SRS24176189	0.969	0.725	3.843	0.803	0.600	0.900	1507.86	34027	31440.66	474
SRX27799292	Hippocampus	NA	Hippocampus	Hippocampus	SRP566284	SRS24176191	0.989	0.709	4.901	0.812	0.628	0.927	1371.39	37606	22426.76	778
SRX27799293	Blood	NA	Blood	Blood	SRP566284	SRS24176190	0.996	0.678	2.896	0.567	0.324	0.824	1677.29	26694	99077.12	679
SRX27799294	Blood	NA	Blood	Blood	SRP566284	SRS24176192	0.996	0.776	6.687	0.820	0.621	0.936	1209.98	38393	66749.31	1115
SRX27799295	Blood	NA	Blood	Blood	SRP566284	SRS24176193	0.973	0.792	6.001	0.803	0.687	0.929	1269.72	39160	45540.32	1337
SRX27799296	Blood	NA	Blood	Blood	SRP566284	SRS24176194	0.994	0.766	4.660	0.832	0.697	0.912	1237.1	36106	18793.73	798
SRX27799297	Blood	NA	Blood	Blood	SRP566284	SRS24176195	0.973	0.765	5.349	0.805	0.617	0.917	1304.84	35291	21164.18	691
SRX27799298	Blood	NA	Blood	Blood	SRP566284	SRS24176196	0.983	0.701	2.952	0.632	0.302	0.835	1567.33	27020	21721.79	509
SRX27799299	Blood	NA	Blood	Blood	SRP566284	SRS24176197	0.996	0.793	6.200	0.855	0.615	0.930	1138.48	41430	16336.49	975
SRX27799300	Blood	NA	Blood	Blood	SRP566284	SRS24176198	0.954	0.794	6.125	0.842	0.651	0.926	1294.93	38966	17867.49	917
SRX27799301	Blood	NA	Blood	Blood	SRP566284	SRS24176199	0.997	0.727	3.880	0.754	0.556	0.886	1561.47	28403	157094.41	525
SRX27799302	Blood	NA	Blood	Blood	SRP566284	SRS24176201	0.990	0.648	3.559	0.604	0.517	0.875	1487.04	28226	22578.38	390
SRX27799303	Blood	NA	Blood	Blood	SRP566284	SRS24176200	0.996	0.721	5.007	0.764	0.696	0.916	1231.09	34650	16508.4	775
SRX27799304	Blood	NA	Blood	Blood	SRP566284	SRS24176202	0.997	0.716	4.974	0.820	0.684	0.919	1235.42	34023	17804.77	591
SRX27799305	Blood	NA	Blood	Blood	SRP566284	SRS24176203	0.996	0.723	4.335	0.792	0.697	0.910	1346.93	30056	22890.24	505
SRX27799306	Blood	NA	Blood	Blood	SRP566284	SRS24176204	0.973	0.691	5.876	0.731	0.579	0.926	1300.42	32534	15771.8	659
SRX27799307	Blood	NA	Blood	Blood	SRP566284	SRS24176205	0.965	0.750	4.506	0.772	0.699	0.913	1364.06	33702	40475.67	785
SRX27799308	Blood	NA	Blood	Blood	SRP566284	SRS24176206	0.977	0.730	5.401	0.811	0.634	0.928	1324.12	29234	22147.26	752
SRX27799309	Hippocampus	NA	Hippocampus	Hippocampus	SRP566284	SRS24176207	0.985	0.738	4.364	0.837	0.647	0.915	1378.07	33497	17535.73	1058
SRX27799310	Hippocampus	NA	Hippocampus	Hippocampus	SRP566284	SRS24176208	0.934	0.736	4.363	0.784	0.597	0.914	1525.73	34111	25416.03	748
SRX27799312	Hippocampus	NA	Hippocampus	Hippocampus	SRP566284	SRS24176210	0.986	0.719	4.858	0.810	0.635	0.922	1347.36	34508	19198.63	871
SRX27799313	Hippocampus	NA	Hippocampus	Hippocampus	SRP566284	SRS24176211	0.983	0.720	5.415	0.801	0.605	0.933	1321.37	33831	19930.93	660
SRX27799314	Hippocampus	NA	Hippocampus	Hippocampus	SRP566284	SRS24176212	0.975	0.738	3.602	0.802	0.505	0.890	1490.19	30729	26349.11	570
SRX27799315	Hippocampus	NA	Hippocampus	Hippocampus	SRP566284	SRS24176213	0.969	0.741	4.192	0.815	0.558	0.913	1461.52	32859	27116.89	680
SRX27799316	Hippocampus	NA	Hippocampus	Hippocampus	SRP566284	SRS24176214	0.987	0.731	4.348	0.822	0.569	0.916	1410.58	35749	27333.26	672
SRX27799317	Hippocampus	NA	Hippocampus	Hippocampus	SRP566284	SRS24176215	0.955	0.728	4.702	0.784	0.627	0.919	1478.22	34482	23112.37	757
SRX27799318	Hippocampus	NA	Hippocampus	Hippocampus	SRP566284	SRS24176216	0.955	0.726	4.408	0.748	0.518	0.906	1490.85	33211	22834.16	776
SRX27799319	Hippocampus	NA	Hippocampus	Hippocampus	SRP566284	SRS24176217	0.989	0.727	5.441	0.834	0.569	0.929	1334.42	38625	22574.07	685
SRX27799320	Hippocampus	NA	Hippocampus	Hippocampus	SRP566284	SRS24176218	0.991	0.734	3.105	0.827	0.594	0.873	1546.7	31197	30984.59	411
SRX27799321	Hippocampus	NA	Hippocampus	Hippocampus	SRP566284	SRS24176219	0.959	0.708	4.275	0.700	0.553	0.912	1509.4	33404	26656.8	573
SRX27799322	Hippocampus	NA	Hippocampus	Hippocampus	SRP566284	SRS24176221	0.989	0.710	4.065	0.828	0.604	0.908	1437.31	32219	22678.71	594
SRX27799323	Hippocampus	NA	Hippocampus	Hippocampus	SRP566284	SRS24176220	0.982	0.698	6.064	0.785	0.593	0.929	1321.9	37147	19828.68	823
SRX27799324	Hippocampus	NA	Hippocampus	Hippocampus	SRP566284	SRS24176222	0.986	0.707	3.619	0.819	0.629	0.897	1506.67	32802	32955.65	433
SRX27799325	Blood	NA	Blood	Blood	SRP566284	SRS24176223	0.969	0.765	4.566	0.748	0.647	0.914	1347.45	34444	43760.99	838
SRX27799326	Blood	NA	Blood	Blood	SRP566284	SRS24176224	0.996	0.769	6.442	0.830	0.695	0.936	1151.19	40430	53012.17	1274
SRX27799327	Blood	NA	Blood	Blood	SRP566284	SRS24176225	0.927	0.766	7.422	0.819	0.701	0.937	1383.75	35947	29540.29	1403
SRX27799328	Blood	NA	Blood	Blood	SRP566284	SRS24176226	0.946	0.771	5.899	0.795	0.694	0.927	1321.36	36610	27476.02	859
SRX27799329	Blood	NA	Blood	Blood	SRP566284	SRS24176227	0.941	0.778	5.326	0.779	0.707	0.925	1397.18	34072	43825.72	1259
SRX27799330	Blood	NA	Blood	Blood	SRP566284	SRS24176228	0.996	0.780	5.983	0.847	0.649	0.927	1157.23	39307	14660.12	933
SRX27799331	Blood	NA	Blood	Blood	SRP566284	SRS24176229	0.914	0.790	5.708	0.836	0.659	0.929	1429.96	33530	17849.2	899
SRX27799332	Blood	NA	Blood	Blood	SRP566284	SRS24176230	0.924	0.784	6.833	0.805	0.645	0.933	1342.8	36925	17444.81	996
SRX27799333	Blood	NA	Blood	Blood	SRP566284	SRS24176231	0.982	0.683	3.329	0.673	0.641	0.878	1516.22	28107	59003.35	654
SRX27799334	Blood	NA	Blood	Blood	SRP566284	SRS24176232	0.977	0.653	3.149	0.643	0.578	0.865	1648.73	24990	61973.37	646
SRX27799335	Blood	NA	Blood	Blood	SRP566284	SRS24176233	0.994	0.756	4.578	0.733	0.417	0.900	1417.89	32708	105693.37	737
SRX27799336	Blood	NA	Blood	Blood	SRP566284	SRS24176234	0.993	0.744	4.173	0.766	0.577	0.890	1424.47	30635	19427.83	618
SRX27799337	Blood	NA	Blood	Blood	SRP566284	SRS24176235	0.994	0.626	4.204	0.604	0.401	0.896	1407.67	29020	17625.35	566
SRX27799338	Blood	NA	Blood	Blood	SRP566284	SRS24176236	0.994	0.723	5.017	0.796	0.547	0.913	1386.33	29374	13751.66	799
SRX27799339	Blood	NA	Blood	Blood	SRP566284	SRS24176237	0.994	0.721	3.616	0.752	0.619	0.887	1412.51	30299	22722.6	495
SRX27799340	Blood	NA	Blood	Blood	SRP566284	SRS24176238	0.994	0.707	4.186	0.737	0.567	0.900	1409.73	29624	19100.02	586
SRX27799341	Hippocampus	NA	Hippocampus	Hippocampus	SRP566284	SRS24176239	0.925	0.731	3.829	0.765	0.537	0.898	1507.99	36316	32755.13	627
SRX27799342	Hippocampus	NA	Hippocampus	Hippocampus	SRP566284	SRS24176240	0.969	0.725	6.757	0.821	0.608	0.935	1343.31	36093	16100.44	1098
SRX27799343	Hippocampus	NA	Hippocampus	Hippocampus	SRP566284	SRS24176241	0.930	0.740	4.312	0.764	0.592	0.916	1518.68	32324	30752.43	606
SRX27799344	Hippocampus	NA	Hippocampus	Hippocampus	SRP566284	SRS24176242	0.970	0.746	5.171	0.838	0.564	0.924	1367.52	37790	19762.25	970
SRX27799345	Hippocampus	NA	Hippocampus	Hippocampus	SRP566284	SRS24176243	0.919	0.766	5.346	0.815	0.506	0.927	1490.94	34372	22655.03	763
SRX27799346	Hippocampus	NA	Hippocampus	Hippocampus	SRP566284	SRS24176244	0.955	0.736	4.481	0.784	0.618	0.918	1494.1	33371	24677.34	631
SRX27799347	Hippocampus	NA	Hippocampus	Hippocampus	SRP566284	SRS24176246	0.990	0.719	5.648	0.846	0.575	0.929	1301.99	36474	16901.53	1008
SRX27799348	Hippocampus	NA	Hippocampus	Hippocampus	SRP566284	SRS24176245	0.991	0.719	5.335	0.832	0.556	0.929	1307.13	38060	22819.81	821
SRX27799349	Blood	NA	Blood	Blood	SRP566284	SRS24176247	0.984	0.780	6.724	0.805	0.640	0.934	1212.78	40659	57840.12	1223
SRX27799350	Blood	NA	Blood	Blood	SRP566284	SRS24176248	0.951	0.776	5.771	0.799	0.646	0.926	1333.27	36217	17828.48	847
SRX27799351	Blood	NA	Blood	Blood	SRP566284	SRS24176250	0.993	0.728	4.847	0.793	0.675	0.916	1284.46	33811	21188.98	614
SRX27799353	Blood	NA	Blood	Blood	SRP566284	SRS24176249	0.996	0.775	5.957	0.855	0.707	0.927	1169.32	39189	14483.64	1053
SRX27799354	Blood	NA	Blood	Blood	SRP566284	SRS24176252	0.994	0.782	7.191	0.854	0.656	0.932	1116.06	42143	15203.65	1002
SRX27799355	Blood	NA	Blood	Blood	SRP566284	SRS24176253	0.978	0.728	3.633	0.686	0.564	0.887	1431.08	32070	87571.04	693
SRX27799356	Blood	NA	Blood	Blood	SRP566284	SRS24176255	0.997	0.757	5.356	0.788	0.599	0.921	1206.48	37688	78956.96	912
SRX27799357	Blood	NA	Blood	Blood	SRP566284	SRS24176254	0.996	0.780	6.521	0.845	0.573	0.925	1126.76	40517	19534.76	797
SRX27799358	Blood	NA	Blood	Blood	SRP566284	SRS24176256	0.996	0.792	6.735	0.862	0.666	0.932	1115.06	42064	13906.51	1138
SRX27799359	Blood	NA	Blood	Blood	SRP566284	SRS24176257	0.996	0.776	6.075	0.860	0.640	0.926	1145.18	39793	14082.96	1071
SRX27799360	Blood	NA	Blood	Blood	SRP566284	SRS24176258	0.993	0.796	6.345	0.820	0.522	0.921	1218.55	38658	16975.19	896
SRX27799361	Blood	NA	Blood	Blood	SRP566284	SRS24176260	0.989	0.758	3.680	0.785	0.683	0.897	1363.22	31951	31900.72	440
SRX27799362	Blood	NA	Blood	Blood	SRP566284	SRS24176259	0.981	0.727	4.062	0.756	0.616	0.907	1400.3	31489	53079.87	846
SRX27799363	Blood	NA	Blood	Blood	SRP566284	SRS24176262	0.987	0.669	2.932	0.611	0.539	0.846	1610.21	26979	77349.46	662
SRX27799364	Blood	NA	Blood	Blood	SRP566284	SRS24176261	0.996	0.733	4.371	0.765	0.592	0.912	1336.44	32943	60237.79	986
SRX2781612	2i N2B27 BL6	NA	NA	2i N2B27_BL6	SRP106356	SRS2164095	0.996	0.267	1.709	0.774	0.929	0.738	915240.0	1	0.0	0
SRX2781614	2i/LIF GMEM/10% KSR BL6	NA	NA	2i/LIF GMEM/10% KSR_BL6	SRP106356	SRS2164097	0.994	0.332	1.575	0.753	0.906	0.703	835635.0	2	0.0	0
SRX2781615	2i/LIF GMEM/10% serum 129	NA	NA	2i/LIF GMEM/10% serum_129	SRP106356	SRS2164111	0.981	0.461	1.878	0.421	0.896	0.732	415352.0	2	19087263.0	1
SRX2781618	2i/LIF N2B27 BL6	NA	NA	2i/LIF N2B27_BL6	SRP106356	SRS2164100	0.996	0.173	2.018	0.786	0.929	0.783	1049750.0	1	105295771.0	2
SRX2781620	Ch/LIF N2B27 BL6	NA	NA	Ch/LIF N2B27_BL6	SRP106356	SRS2164102	0.994	0.663	1.583	0.794	0.915	0.720	3100.59	28227	177494.6	657
SRX2781622	Pd/LIF N2B27 BL6	NA	NA	Pd/LIF N2B27_BL6	SRP106356	SRS2164104	0.993	0.515	1.637	0.777	0.911	0.716	849.37	33691	139332.93	178
SRX2781624	Serum/LIF Feeders GMEM BL6	NA	NA	Serum/LIF Feeders GMEM_BL6	SRP106356	SRS2164106	0.994	0.640	1.722	0.781	0.920	0.735	2735.22	25100	109058.55	442
SRX2781627	Serum/LIF GMEM 129	NA	NA	Serum/LIF GMEM_129	SRP106356	SRS2164109	0.974	0.801	1.813	0.321	0.917	0.732	1634.69	21446	149097.69	308
SRX2786635	ESC	mESCs	NA	mESCs	SRP091011	SRS2168621	0.995	0.309	25.332	0.821	0.959	0.957	5408.6	15832	0.0	0
SRX2786636	ESC	mESCs	NA	mESCs	SRP091011	SRS2168622	0.995	0.451	21.643	0.823	0.963	0.955	2638.51	24931	32560.52	1876
SRX2786637	ESC	mESCs	NA	mESCs	SRP091011	SRS2168623	0.995	0.274	23.957	0.813	0.955	0.959	1354762.0	1	0.0	0
SRX2786638	ESC	mESCs	NA	mESCs	SRP091011	SRS2168624	0.995	0.467	25.229	0.825	0.960	0.955	3042.94	28000	33814.54	2466
SRX2786639	ESC	mESCs	NA	mESCs	SRP091011	SRS2168625	0.996	0.159	25.514	0.815	0.955	0.961	1483992.0	1	2876489.23	80
SRX27866901	ESC	Mouse embryonic stem cell	NA	Mouse embryonic stem cell	SRP567649	SRS24239894	0.973	0.445	13.175	0.847	0.203	0.946	1831.91	49196	45671.67	1938
SRX27866902	ESC	Mouse embryonic stem cell	NA	Mouse embryonic stem cell	SRP567649	SRS24239895	0.982	0.698	12.548	0.871	0.618	0.932	2032.35	51942	16558.81	6193
SRX27867421	Hippocampus	NA	Hippocampus	Hippocampus	SRP567652	SRS24240412	0.982	0.708	14.258	0.910	0.605	0.937	1268.93	43684	9950.83	3209
SRX27867422	Hippocampus	NA	Hippocampus	Hippocampus	SRP567652	SRS24240413	0.982	0.731	15.915	0.887	0.540	0.957	1189.76	45084	8763.65	2909
SRX27867423	Hippocampus	NA	Hippocampus	Hippocampus	SRP567652	SRS24240414	0.983	0.738	14.548	0.906	0.571	0.942	1260.12	40861	9099.06	2750
SRX27867424	Hippocampus	NA	Hippocampus	Hippocampus	SRP567652	SRS24240415	0.983	0.706	10.850	0.869	0.470	0.942	1277.37	39370	14409.73	1478
SRX27867425	Hippocampus	NA	Hippocampus	Hippocampus	SRP567652	SRS24240416	0.976	0.483	13.087	0.894	0.392	0.938	1477.31	32831	44565.4	1579
SRX27867426	Hippocampus	NA	Hippocampus	Hippocampus	SRP567652	SRS24240417	0.976	0.459	10.796	0.858	0.135	0.906	1751.88	32205	80130.38	544
SRX27867427	Hippocampus	NA	Hippocampus	Hippocampus	SRP567652	SRS24240420	0.978	0.489	10.366	0.877	0.125	0.917	1537.49	29173	42859.39	723
SRX27867428	Hippocampus	NA	Hippocampus	Hippocampus	SRP567652	SRS24240419	0.978	0.443	6.937	0.825	0.091	0.829	2982.48	24984	127846.57	350
SRX27867429	Hippocampus	NA	Hippocampus	Hippocampus	SRP567652	SRS24240418	0.984	0.175	15.529	0.862	0.716	0.951	8643.22	39881	2866216.75	16
SRX27867430	Hippocampus	NA	Hippocampus	Hippocampus	SRP567652	SRS24240421	0.985	0.170	13.989	0.834	0.716	0.956	14488.13	14182	0.0	0
SRX27867431	Hippocampus	NA	Hippocampus	Hippocampus	SRP567652	SRS24240422	0.987	0.144	14.346	0.854	0.706	0.950	0.0	0	0.0	0
SRX27867432	Hippocampus	NA	Hippocampus	Hippocampus	SRP567652	SRS24240423	0.987	0.151	14.634	0.826	0.728	0.950	0.0	0	5441017.75	12
SRX27867433	Hippocampus	NA	Hippocampus	Hippocampus	SRP567652	SRS24240424	0.961	0.207	14.815	0.857	0.771	0.951	7649.49	39739	0.0	0
SRX27867434	Hippocampus	NA	Hippocampus	Hippocampus	SRP567652	SRS24240425	0.969	0.198	14.835	0.817	0.733	0.960	9008.98	34246	0.0	0
SRX27867435	Hippocampus	NA	Hippocampus	Hippocampus	SRP567652	SRS24240426	0.964	0.180	15.800	0.852	0.713	0.953	11247.19	27986	1366437.23	514
SRX27867436	Hippocampus	NA	Hippocampus	Hippocampus	SRP567652	SRS24240427	0.964	0.186	15.993	0.806	0.685	0.953	0.0	0	0.0	0
SRX27888414	Testis	meiotic cells	testis	NA	SRP568175	SRS24259880	0.981	0.824	22.884	0.887	0.546	0.968	2075.21	76985	47365.1	4320
SRX27888415	Testis	meiotic cells	testis	NA	SRP568175	SRS24259882	0.980	0.808	18.855	0.886	0.600	0.966	1944.57	76643	46705.45	4129
SRX27888416	Testis	meiotic cells	testis	NA	SRP568175	SRS24259881	0.981	0.801	19.054	0.896	0.522	0.967	1997.24	76614	46903.09	4296
SRX27888417	Testis	meiotic cells	testis	NA	SRP568175	SRS24259883	0.981	0.794	20.620	0.883	0.607	0.966	1985.07	77457	46814.62	4320
SRX27888418	Testis	round sperm	testis	NA	SRP568175	SRS24259884	0.981	0.833	24.361	0.895	0.485	0.969	2251.87	77185	49819.91	4467
SRX27888419	Testis	round sperm	testis	NA	SRP568175	SRS24259886	0.980	0.824	17.769	0.868	0.509	0.966	2113.24	76605	51565.96	4072
SRX27888420	Testis	round sperm	testis	NA	SRP568175	SRS24259885	0.981	0.833	21.155	0.891	0.498	0.968	2320.31	77890	53299.83	4438
SRX27888421	Testis	round sperm	testis	NA	SRP568175	SRS24259887	0.980	0.810	22.175	0.876	0.621	0.966	2299.45	78425	53160.88	4413
SRX28002833	2CLC (Mervl +)	2CLC (Mervl +)	NA	ESR1	SRP570501	SRS24365385	0.996	0.469	4.017	0.815	0.810	0.901	4885.76	22554	155469.44	946
SRX28002834	2CLC (Mervl +)	2CLC (Mervl +)	NA	ESR1	SRP570501	SRS24365386	0.996	0.469	3.703	0.813	0.807	0.893	4823.83	20919	93238.95	723
SRX28002835	2CLC (Mervl +)	2CLC (Mervl +)	NA	ESR1	SRP570501	SRS24365387	0.996	0.469	4.955	0.810	0.813	0.916	2969.08	29451	59449.73	1035
SRX28002836	ESC (Mervl )	ESC (Mervl )	NA	ESR1	SRP570501	SRS24365388	0.995	0.584	4.336	0.818	0.840	0.907	2674.49	30180	81969.74	1227
SRX28002837	ESC (Mervl )	ESC (Mervl )	NA	ESR1	SRP570501	SRS24365389	0.991	0.615	4.514	0.814	0.826	0.909	2054.09	33029	45329.02	1282
SRX28002838	ESC (Mervl )	ESC (Mervl )	NA	ESR1	SRP570501	SRS24365390	0.995	0.614	4.831	0.822	0.795	0.913	1956.1	33534	49577.6	1101
SRX28013221	ESC	mESCs	NA	Mouse Embrionic Stem Cells	SRP570719	SRS24375169	0.998	0.400	22.180	0.820	0.747	0.940	2530.65	52225	63370.45	4722
SRX28013222	ESC	mESCs	NA	Mouse Embrionic Stem Cells	SRP570719	SRS24375170	0.998	0.403	21.031	0.822	0.759	0.941	2505.9	51912	63559.72	4529
SRX28013223	ESC	mESCs	NA	Mouse Embrionic Stem Cells	SRP570719	SRS24375171	0.998	0.381	17.698	0.825	0.667	0.938	2773.09	50463	69492.63	4527
SRX28013224	ESC	mESCs	NA	Mouse Embrionic Stem Cells	SRP570719	SRS24375172	0.998	0.382	21.465	0.811	0.750	0.940	2772.13	51396	69573.44	4752
SRX28054519	Skeletal Muscle	NA	skeletal muscle	skeletal muscle	SRP571561	SRS24414459	0.968	0.715	18.601	0.851	0.389	0.971	1136.42	41619	8719.89	1872
SRX28054520	Skeletal Muscle	NA	skeletal muscle	skeletal muscle	SRP571561	SRS24414458	0.937	0.710	19.291	0.837	0.355	0.971	1214.26	41729	9514.19	1946
SRX28054521	Skeletal Muscle	NA	skeletal muscle	skeletal muscle	SRP571561	SRS24414460	0.984	0.728	20.213	0.843	0.354	0.972	1097.66	40824	8038.32	2093
SRX28054523	Skeletal Muscle	NA	skeletal muscle	skeletal muscle	SRP571561	SRS24414462	0.932	0.732	20.864	0.860	0.381	0.972	1226.41	42098	9518.51	2092
SRX28054524	Skeletal Muscle	NA	skeletal muscle	skeletal muscle	SRP571561	SRS24414463	0.959	0.740	17.482	0.869	0.391	0.961	1170.41	41944	9391.18	1742
SRX28054527	Skeletal Muscle	NA	skeletal muscle	skeletal muscle	SRP571561	SRS24414465	0.975	0.744	19.724	0.863	0.354	0.961	1089.05	43856	7767.65	2231
SRX28054528	Skeletal Muscle	NA	skeletal muscle	skeletal muscle	SRP571561	SRS24414467	0.947	0.722	18.696	0.855	0.360	0.971	1187.59	40966	9357.57	1879
SRX28054529	Skeletal Muscle	NA	skeletal muscle	skeletal muscle	SRP571561	SRS24414468	0.979	0.731	18.877	0.861	0.337	0.971	1106.29	42038	8038.52	2157
SRX28054530	Skeletal Muscle	NA	skeletal muscle	skeletal muscle	SRP571561	SRS24414469	0.963	0.670	18.807	0.853	0.392	0.971	1212.13	39029	11462.57	1632
SRX28054531	Skeletal Muscle	NA	skeletal muscle	skeletal muscle	SRP571561	SRS24414471	0.977	0.729	17.191	0.871	0.325	0.960	1107.58	41859	8623.61	1721
SRX28054532	Skeletal Muscle	NA	skeletal muscle	skeletal muscle	SRP571561	SRS24414470	0.961	0.727	21.202	0.870	0.349	0.963	1120.31	44271	9370.24	1667
SRX28054533	Skeletal Muscle	NA	skeletal muscle	skeletal muscle	SRP571561	SRS24414472	0.958	0.715	19.561	0.855	0.366	0.961	1135.69	42970	9182.19	1801
SRX28054534	Skeletal Muscle	NA	skeletal muscle	skeletal muscle	SRP571561	SRS24414473	0.954	0.712	19.262	0.853	0.383	0.961	1151.08	42601	8786.53	2128
SRX28054535	Skeletal Muscle	NA	skeletal muscle	skeletal muscle	SRP571561	SRS24414474	0.974	0.713	20.116	0.861	0.378	0.961	1103.02	43204	8112.77	2050
SRX28054536	Skeletal Muscle	NA	skeletal muscle	skeletal muscle	SRP571561	SRS24414475	0.969	0.719	19.027	0.852	0.367	0.971	1118.94	41815	9461.53	1510
SRX28054537	Skeletal Muscle	NA	skeletal muscle	skeletal muscle	SRP571561	SRS24414476	0.961	0.711	19.866	0.848	0.374	0.972	1131.27	42269	9449.29	1616
SRX28054538	Skeletal Muscle	NA	skeletal muscle	skeletal muscle	SRP571561	SRS24414478	0.951	0.722	17.607	0.846	0.354	0.971	1184.0	40675	9301.53	1735
SRX28054539	Skeletal Muscle	NA	skeletal muscle	skeletal muscle	SRP571561	SRS24414477	0.963	0.728	17.882	0.854	0.337	0.971	1153.03	41026	8411.18	1917
SRX28054540	Skeletal Muscle	NA	skeletal muscle	skeletal muscle	SRP571561	SRS24414479	0.969	0.708	20.237	0.827	0.355	0.971	1121.53	42326	9075.03	1712
SRX28054541	Skeletal Muscle	NA	skeletal muscle	skeletal muscle	SRP571561	SRS24414480	0.973	0.722	17.976	0.853	0.333	0.971	1136.73	40792	8427.83	1991
SRX28054542	Skeletal Muscle	NA	skeletal muscle	skeletal muscle	SRP571561	SRS24414481	0.977	0.708	19.952	0.837	0.342	0.972	1098.24	42080	8876.28	1655
SRX28054543	Skeletal Muscle	NA	skeletal muscle	skeletal muscle	SRP571561	SRS24414483	0.980	0.719	20.101	0.865	0.364	0.961	1080.62	42996	8782.8	1725
SRX28054544	Skeletal Muscle	NA	skeletal muscle	skeletal muscle	SRP571561	SRS24414482	0.976	0.730	19.448	0.874	0.376	0.961	1108.49	42102	8319.06	2011
SRX28054545	Skeletal Muscle	NA	skeletal muscle	skeletal muscle	SRP571561	SRS24414484	0.971	0.714	17.946	0.853	0.392	0.971	1133.35	40387	8390.02	1968
SRX28054546	Skeletal Muscle	NA	skeletal muscle	skeletal muscle	SRP571561	SRS24414485	0.947	0.697	21.355	0.831	0.386	0.972	1169.42	42927	9449.77	2067
SRX28054547	Skeletal Muscle	NA	skeletal muscle	skeletal muscle	SRP571561	SRS24414486	0.954	0.730	21.088	0.869	0.381	0.972	1148.3	42593	9355.76	1933
SRX28054548	Skeletal Muscle	NA	skeletal muscle	skeletal muscle	SRP571561	SRS24414487	0.978	0.726	19.186	0.864	0.339	0.972	1105.98	41886	8850.67	1741
SRX28054549	Skeletal Muscle	NA	skeletal muscle	skeletal muscle	SRP571561	SRS24414488	0.953	0.711	19.898	0.853	0.336	0.973	1164.28	41935	9027.52	1908
SRX28054550	Skeletal Muscle	NA	skeletal muscle	skeletal muscle	SRP571561	SRS24414489	0.970	0.707	19.590	0.830	0.324	0.972	1131.34	41786	9239.75	1608
SRX28054551	Skeletal Muscle	NA	skeletal muscle	skeletal muscle	SRP571561	SRS24414490	0.961	0.728	20.181	0.858	0.297	0.972	1150.65	41787	8498.7	2071
SRX28054552	Skeletal Muscle	NA	skeletal muscle	skeletal muscle	SRP571561	SRS24414492	0.944	0.711	22.335	0.843	0.393	0.962	1155.8	44232	9035.09	2026
SRX28054553	Skeletal Muscle	NA	skeletal muscle	skeletal muscle	SRP571561	SRS24414491	0.961	0.724	22.168	0.864	0.327	0.963	1128.88	43771	9272.78	1768
SRX28054554	Skeletal Muscle	NA	skeletal muscle	skeletal muscle	SRP571561	SRS24414493	0.966	0.727	21.074	0.868	0.351	0.962	1133.94	43843	9108.82	1912
SRX28054556	Skeletal Muscle	NA	skeletal muscle	skeletal muscle	SRP571561	SRS24414495	0.961	0.724	20.427	0.859	0.362	0.961	1130.13	44022	9085.75	1901
SRX28054557	Skeletal Muscle	NA	skeletal muscle	skeletal muscle	SRP571561	SRS24414496	0.973	0.719	19.098	0.865	0.358	0.961	1108.46	42881	8348.68	1866
SRX28054558	Skeletal Muscle	NA	skeletal muscle	skeletal muscle	SRP571561	SRS24414497	0.963	0.728	20.796	0.862	0.367	0.972	1132.1	42407	8912.86	1918
SRX28054559	Skeletal Muscle	NA	skeletal muscle	skeletal muscle	SRP571561	SRS24414499	0.975	0.729	18.608	0.857	0.371	0.971	1127.57	40860	8568.85	1847
SRX28054560	Skeletal Muscle	NA	skeletal muscle	skeletal muscle	SRP571561	SRS24414498	0.944	0.730	21.408	0.857	0.349	0.973	1164.11	42589	9453.49	1968
SRX28054561	Skeletal Muscle	NA	skeletal muscle	skeletal muscle	SRP571561	SRS24414500	0.966	0.738	18.813	0.877	0.388	0.961	1113.91	43049	9181.45	1714
SRX28054562	Skeletal Muscle	NA	skeletal muscle	skeletal muscle	SRP571561	SRS24414501	0.956	0.726	18.041	0.863	0.400	0.961	1154.93	41829	8433.18	2131
SRX28054563	Skeletal Muscle	NA	skeletal muscle	skeletal muscle	SRP571561	SRS24414502	0.962	0.723	20.322	0.865	0.348	0.962	1115.97	42972	8925.46	1911
SRX28054564	Skeletal Muscle	NA	skeletal muscle	skeletal muscle	SRP571561	SRS24414503	0.976	0.727	21.921	0.869	0.340	0.962	1082.55	43252	7926.97	2127
SRX28054565	Skeletal Muscle	NA	skeletal muscle	skeletal muscle	SRP571561	SRS24414504	0.963	0.734	19.086	0.866	0.357	0.961	1132.51	42574	8520.53	2093
SRX28054566	Skeletal Muscle	NA	skeletal muscle	skeletal muscle	SRP571561	SRS24414505	0.979	0.730	19.951	0.865	0.354	0.961	1082.32	43628	7793.63	2244
SRX28054567	Skeletal Muscle	NA	skeletal muscle	skeletal muscle	SRP571561	SRS24414506	0.973	0.709	18.628	0.849	0.367	0.961	1117.51	41111	8553.13	1846
SRX28054568	Skeletal Muscle	NA	skeletal muscle	skeletal muscle	SRP571561	SRS24414508	0.943	0.721	21.387	0.845	0.356	0.962	1163.06	43765	8779.53	2149
SRX28188167	AG-haESC	NA	NA	AG-haESC	SRP574976	SRS24539261	0.972	0.666	7.242	0.393	0.785	0.923	1549.35	38006	29200.4	1067
SRX28188168	AG-haESC	NA	NA	AG-haESC	SRP574976	SRS24539262	0.976	0.667	8.993	0.436	0.787	0.926	1498.56	38941	24472.6	1128
SRX28188169	AG-haESC	NA	NA	AG-haESC	SRP574976	SRS24539263	0.975	0.480	10.335	0.425	0.792	0.934	1875.87	41919	40097.07	662
SRX28188170	AG-haESC	NA	NA	AG-haESC	SRP574976	SRS24539264	0.977	0.489	11.941	0.437	0.761	0.928	1850.06	42620	37446.49	614
SRX28188171	AG-haESC	NA	NA	AG-haESC	SRP574976	SRS24539265	0.973	0.025	5.708	0.444	0.835	0.917	1261312.0	1	33040175.0	1
SRX28188172	AG-haESC	NA	NA	AG-haESC	SRP574976	SRS24539266	0.974	0.026	5.395	0.437	0.828	0.914	0.0	0	47585591.0	1
SRX28188176	Morula	NA	morula	morula	SRP574976	SRS24539270	0.977	0.291	10.984	0.565	0.669	0.930	43076.83	4329	528824.43	485
SRX28188177	Morula	NA	morula	morula	SRP574976	SRS24539271	0.977	0.294	10.704	0.532	0.644	0.934	45921.56	3283	533600.48	614
SRX28188178	Morula	NA	morula	morula	SRP574976	SRS24539272	0.977	0.315	15.425	0.561	0.676	0.941	9784.17	24760	253357.96	1299
SRX28188179	Morula	NA	morula	morula	SRP574976	SRS24539273	0.974	0.344	11.369	0.560	0.564	0.935	29227.98	9573	544780.07	504
SRX28188181	Morula	NA	morula	morula	SRP574976	SRS24539275	0.977	0.282	9.692	0.577	0.708	0.923	59740.51	3815	374275.56	848
SRX28188182	Morula	NA	morula	morula	SRP574976	SRS24539276	0.974	0.433	12.363	0.566	0.590	0.928	29768.52	10547	480579.1	760
SRX28188183	Morula	NA	morula	morula	SRP574976	SRS24539277	0.976	0.340	11.188	0.578	0.588	0.936	31599.53	8555	567584.75	558
SRX28188184	8C embryo	NA	8C embryo	8C embryo	SRP574976	SRS24539278	0.975	0.274	8.813	0.446	0.523	0.920	57849.16	4278	274554.26	2208
SRX28188185	Morula	NA	morula	morula	SRP574976	SRS24539279	0.977	0.203	11.176	0.546	0.761	0.933	63915.85	1843	102267454.0	2
SRX28188186	Morula	NA	morula	morula	SRP574976	SRS24539280	0.977	0.181	11.152	0.560	0.743	0.932	89342.04	1551	363895.9	1115
SRX28188187	Morula	NA	morula	morula	SRP574976	SRS24539281	0.974	0.284	11.486	0.540	0.696	0.936	38659.83	8371	360494.42	1292
SRX28188188	Morula	NA	morula	morula	SRP574976	SRS24539282	0.975	0.248	10.049	0.566	0.584	0.930	65911.75	2131	441856.53	766
SRX28188189	Blastocyst	NA	blastocyst	blastocyst	SRP574976	SRS24539283	0.979	0.228	8.519	0.464	0.734	0.934	49369.2	5382	305726.27	1644
SRX28188190	Blastocyst	NA	blastocyst	blastocyst	SRP574976	SRS24539284	0.979	0.162	10.042	0.461	0.733	0.937	140362.14	234	657791.78	224
SRX28188191	Blastocyst	NA	blastocyst	blastocyst	SRP574976	SRS24539285	0.978	0.211	11.592	0.441	0.734	0.937	40137.49	9447	233487.35	2461
SRX28188198	2C embryo	NA	2C embryo	2C embryo	SRP574976	SRS24539292	0.952	0.427	6.645	0.374	0.346	0.876	35029.27	5569	805774.13	663
SRX28188199	2C embryo	NA	2C embryo	2C embryo	SRP574976	SRS24539293	0.963	0.325	6.945	0.476	0.285	0.891	84439.64	1616	428738.1	1614
SRX28188200	Morula	NA	morula	morula	SRP574976	SRS24539294	0.976	0.267	11.929	0.568	0.499	0.938	34783.9	7841	434049.9	592
SRX28188201	Blastocyst	NA	blastocyst	blastocyst	SRP574976	SRS24539295	0.972	0.236	7.417	0.491	0.774	0.920	213818.7	50	972753.48	69
SRX28188202	Blastocyst	NA	blastocyst	blastocyst	SRP574976	SRS24539296	0.976	0.223	10.861	0.565	0.746	0.929	67086.21	2286	349678.22	930
SRX28188203	Blastocyst	NA	blastocyst	blastocyst	SRP574976	SRS24539297	0.977	0.269	10.441	0.549	0.750	0.929	51225.5	4379	422669.82	759
SRX28188204	Blastocyst	NA	blastocyst	blastocyst	SRP574976	SRS24539298	0.982	0.218	15.070	0.452	0.678	0.951	28090.61	11548	365595.07	659
SRX28188205	E5.5 embryo	NA	E5.5 embryo	E5.5 embryo	SRP574976	SRS24539299	0.973	0.512	10.452	0.444	0.687	0.940	1505.59	22069	21883.63	300
SRX28188206	E5.5 embryo	NA	E5.5 embryo	E5.5 embryo	SRP574976	SRS24539300	0.975	0.559	10.422	0.450	0.656	0.939	1466.97	26099	20292.23	514
SRX28188207	E5.5 embryo	NA	E5.5 embryo	E5.5 embryo	SRP574976	SRS24539301	0.972	0.448	8.951	0.408	0.641	0.935	2179.1	21091	1600826.71	235
SRX28188208	Blastocyst	NA	blastocyst	blastocyst	SRP574976	SRS24539302	0.977	0.180	9.732	0.444	0.751	0.937	63723.53	3641	277198.7	1544
SRX28188209	Blastocyst	NA	blastocyst	blastocyst	SRP574976	SRS24539303	0.983	0.206	12.678	0.538	0.549	0.948	32871.01	11835	252560.65	1792
SRX28188210	Blastocyst	NA	blastocyst	blastocyst	SRP574976	SRS24539304	0.981	0.179	7.900	0.503	0.610	0.926	0.0	0	581349.77	457
SRX28188211	E5.5 embryo	NA	E5.5 embryo	E5.5 embryo	SRP574976	SRS24539305	0.971	0.530	9.531	0.476	0.711	0.934	1802.47	22235	1002003.14	803
SRX28188212	E5.5 embryo	NA	E5.5 embryo	E5.5 embryo	SRP574976	SRS24539306	0.971	0.501	6.782	0.444	0.833	0.924	1810.45	22820	30102.24	308
SRX28188213	E6.5 embryo	NA	E6.5 embryo	E6.5 embryo	SRP574976	SRS24539307	0.970	0.529	10.878	0.444	0.672	0.938	1494.97	22230	4521693.41	88
SRX28188214	E6.5 embryo	NA	E6.5 embryo	E6.5 embryo	SRP574976	SRS24539308	0.970	0.550	9.496	0.448	0.681	0.935	1484.69	21746	27729.07	232
SRX28188215	E6.5 embryo	NA	E6.5 embryo	E6.5 embryo	SRP574976	SRS24539309	0.974	0.439	10.855	0.454	0.681	0.940	3318.14	22838	2789737.04	158
SRX28188217	2C embryo	NA	2C embryo	2C embryo	SRP574976	SRS24539311	0.968	0.309	8.277	0.537	0.329	0.901	88970.35	1610	451092.51	1610
SRX28188218	2C embryo	NA	2C embryo	2C embryo	SRP574976	SRS24539312	0.960	0.406	5.136	0.472	0.267	0.850	49102.86	1719	995260.41	434
SRX28188219	4C embryo	NA	4C embryo	4C embryo	SRP574976	SRS24539313	0.969	0.390	9.887	0.507	0.342	0.907	64998.76	2689	641812.97	854
SRX28188220	4C embryo	NA	4C embryo	4C embryo	SRP574976	SRS24539314	0.969	0.459	7.846	0.473	0.432	0.912	26020.96	10273	642926.46	720
SRX28188221	4C embryo	NA	4C embryo	4C embryo	SRP574976	SRS24539315	0.967	0.391	8.928	0.490	0.388	0.906	52624.64	3344	593828.09	954
SRX28188222	4C embryo	NA	4C embryo	4C embryo	SRP574976	SRS24539316	0.968	0.394	9.910	0.527	0.366	0.920	60592.74	3552	485259.99	1451
SRX28188223	4C embryo	NA	4C embryo	4C embryo	SRP574976	SRS24539317	0.968	0.456	7.652	0.521	0.336	0.908	28440.09	10024	661929.12	562
SRX28188224	E6.5 embryo	NA	E6.5 embryo	E6.5 embryo	SRP574976	SRS24539318	0.968	0.607	4.822	0.502	0.783	0.884	1663.37	22840	29762.82	311
SRX28188226	E6.5 embryo	NA	E6.5 embryo	E6.5 embryo	SRP574976	SRS24539320	0.974	0.527	4.116	0.484	0.683	0.868	2880.75	21309	43270.8	210
SRX28188227	2C embryo	NA	2C embryo	2C embryo	SRP574976	SRS24539321	0.968	0.270	7.241	0.521	0.364	0.899	135771.17	130	524359.23	798
SRX28188228	2C embryo	NA	2C embryo	2C embryo	SRP574976	SRS24539322	0.954	0.318	5.610	0.487	0.199	0.845	89661.8	1171	634346.13	720
SRX28188229	2C embryo	NA	2C embryo	2C embryo	SRP574976	SRS24539323	0.961	0.310	7.436	0.451	0.376	0.895	78674.1	1110	439413.87	1018
SRX28188230	2C embryo	NA	2C embryo	2C embryo	SRP574976	SRS24539324	0.959	0.328	7.064	0.446	0.331	0.871	73257.78	1581	546534.2	861
SRX28188232	4C embryo	NA	4C embryo	4C embryo	SRP574976	SRS24539326	0.960	0.387	8.397	0.536	0.221	0.915	58166.85	3607	445676.47	1522
SRX28188233	4C embryo	NA	4C embryo	4C embryo	SRP574976	SRS24539327	0.962	0.398	6.887	0.546	0.396	0.886	66606.43	2858	530656.45	1260
SRX28188234	8C embryo	NA	8C embryo	8C embryo	SRP574976	SRS24539328	0.973	0.398	8.866	0.441	0.574	0.911	35781.32	8272	996349.52	111
SRX28188235	8C embryo	NA	8C embryo	8C embryo	SRP574976	SRS24539329	0.971	0.357	8.011	0.459	0.517	0.918	67422.91	3336	371489.15	1630
SRX28188236	8C embryo	NA	8C embryo	8C embryo	SRP574976	SRS24539330	0.971	0.319	3.925	0.327	0.668	0.837	178660.13	86	748201.43	356
SRX28188237	8C embryo	NA	8C embryo	8C embryo	SRP574976	SRS24539331	0.977	0.403	4.098	0.451	0.629	0.852	53416.65	2011	1470529.99	129
SRX28188238	8C embryo	NA	8C embryo	8C embryo	SRP574976	SRS24539332	0.978	0.352	2.557	0.486	0.649	0.746	69139.59	571	1456589.18	228
SRX28188239	Morula	NA	morula	morula	SRP574976	SRS24539333	0.978	0.259	11.921	0.561	0.646	0.933	52292.34	3155	474273.62	687
SRX28188242	4C embryo	NA	4C embryo	4C embryo	SRP574976	SRS24539336	0.970	0.292	6.610	0.407	0.412	0.885	91492.7	1121	359397.47	1476
SRX28188243	4C embryo	NA	4C embryo	4C embryo	SRP574976	SRS24539338	0.971	0.311	8.165	0.470	0.478	0.918	44826.04	4688	383679.76	996
SRX28188244	4C embryo	NA	4C embryo	4C embryo	SRP574976	SRS24539337	0.970	0.321	8.009	0.419	0.590	0.918	63535.76	4406	308653.87	2262
SRX28188245	4C embryo	NA	4C embryo	4C embryo	SRP574976	SRS24539339	0.972	0.323	7.687	0.421	0.489	0.911	56148.47	3839	378671.44	1102
SRX28188246	8C embryo	NA	8C embryo	8C embryo	SRP574976	SRS24539340	0.976	0.284	9.301	0.464	0.488	0.925	45483.52	5702	280713.58	1766
SRX28188247	8C embryo	NA	8C embryo	8C embryo	SRP574976	SRS24539341	0.975	0.270	7.760	0.465	0.426	0.914	74222.52	2125	311764.79	1840
SRX28199562	Cerebral Cortex	NA	Cerebral cortex	NA	SRP563729	SRS24549739	0.984	0.747	7.082	0.832	0.603	0.951	1243.92	59203	21305.07	1039
SRX28199563	Cerebral Cortex	NA	Cerebral cortex	NA	SRP563729	SRS24549740	0.985	0.753	7.661	0.837	0.641	0.948	1234.56	52683	13159.74	1581
SRX28199564	Cerebral Cortex	NA	Cerebral cortex	NA	SRP563729	SRS24549741	0.984	0.755	9.457	0.836	0.604	0.952	1202.72	60336	16541.52	1320
SRX28199565	Cerebral Cortex	NA	Cerebral cortex	NA	SRP563729	SRS24549742	0.986	0.757	8.114	0.830	0.565	0.955	1233.29	57411	14316.78	1511
SRX28199566	Cerebral Cortex	NA	Cerebral cortex	NA	SRP563729	SRS24549743	0.986	0.756	7.572	0.838	0.580	0.947	1248.83	60617	16280.61	1444
SRX28199567	Cerebral Cortex	NA	Cerebral cortex	NA	SRP563729	SRS24549744	0.987	0.762	7.319	0.820	0.593	0.952	1286.01	54714	23159.56	782
SRX28199568	Cerebral Cortex	NA	Cerebral cortex	NA	SRP563729	SRS24549745	0.986	0.757	6.973	0.821	0.617	0.951	1281.24	53772	19684.85	1131
SRX28199569	Cerebral Cortex	NA	Cerebral cortex	NA	SRP563729	SRS24549746	0.984	0.750	7.912	0.820	0.572	0.956	1233.03	55209	20019.26	1013
SRX28199570	Cerebral Cortex	NA	Cerebral cortex	NA	SRP563729	SRS24549747	0.983	0.763	7.243	0.818	0.621	0.955	1281.76	51923	19957.52	1088
SRX28199571	Cerebral Cortex	NA	Cerebral cortex	NA	SRP563729	SRS24549748	0.983	0.751	7.149	0.829	0.633	0.947	1264.12	54343	19359.65	1251
SRX28199572	Cerebral Cortex	NA	Cerebral cortex	NA	SRP563729	SRS24549749	0.984	0.747	7.362	0.822	0.556	0.954	1230.77	60070	20042.33	1190
SRX28199573	Cerebral Cortex	NA	Cerebral cortex	NA	SRP563729	SRS24549750	0.983	0.746	7.985	0.830	0.597	0.949	1251.37	50283	13806.47	1786
SRX28199574	Cerebral Cortex	NA	Cerebral cortex	NA	SRP563729	SRS24549751	0.987	0.769	6.977	0.835	0.601	0.945	1297.6	44778	19070.09	1061
SRX28199575	Cerebral Cortex	NA	Cerebral cortex	NA	SRP563729	SRS24549752	0.986	0.753	8.441	0.835	0.609	0.949	1222.56	56297	14418.98	1642
SRX28199576	Cerebral Cortex	NA	Cerebral cortex	NA	SRP563729	SRS24549753	0.983	0.747	7.177	0.832	0.610	0.947	1270.63	54243	20989.41	997
SRX28199577	Cerebral Cortex	NA	Cerebral cortex	NA	SRP563729	SRS24549754	0.983	0.753	7.629	0.828	0.598	0.955	1246.51	50542	19244.98	1124
SRX28234441	Brain (Frontal Cortex)	excitatory pyramidal neurons	brain (frontal cortex)	brain (frontal cortex)	SRP576128	SRS24582658	0.992	0.724	31.146	0.674	0.844	0.977	1043.59	94594	10284.07	3520
SRX28234442	Brain (Frontal Cortex)	excitatory pyramidal neurons	brain (frontal cortex)	brain (frontal cortex)	SRP576128	SRS24582659	0.992	0.723	35.077	0.683	0.850	0.978	1053.41	96509	10258.32	3750
SRX28234443	Brain (Frontal Cortex)	excitatory pyramidal neurons	brain (frontal cortex)	brain (frontal cortex)	SRP576128	SRS24582660	0.992	0.722	34.389	0.680	0.858	0.978	1041.5	97172	9978.57	3973
SRX28234444	Brain (Frontal Cortex)	excitatory pyramidal neurons	brain (frontal cortex)	brain (frontal cortex)	SRP576128	SRS24582661	0.993	0.722	27.375	0.690	0.830	0.976	1024.11	96237	10950.51	2954
SRX28234445	Brain (Frontal Cortex)	excitatory pyramidal neurons	brain (frontal cortex)	brain (frontal cortex)	SRP576128	SRS24582662	0.992	0.722	27.963	0.674	0.841	0.977	1037.02	96810	10538.68	3431
SRX28234476	Brain (Frontal Cortex)	excitatory pyramidal neurons	brain (frontal cortex)	brain (frontal cortex)	SRP576128	SRS24582693	0.983	0.735	25.348	0.666	0.850	0.976	1218.74	76696	11573.56	4214
SRX28234478	Brain (Frontal Cortex)	excitatory pyramidal neurons	brain (frontal cortex)	brain (frontal cortex)	SRP576128	SRS24582695	0.992	0.720	29.753	0.675	0.837	0.977	1051.4	97013	10578.37	3538
SRX28234479	Brain (Frontal Cortex)	excitatory pyramidal neurons	brain (frontal cortex)	brain (frontal cortex)	SRP576128	SRS24582696	0.983	0.734	28.458	0.682	0.845	0.976	1244.53	79746	11883.03	4202
SRX28234480	Brain (Frontal Cortex)	excitatory pyramidal neurons	brain (frontal cortex)	brain (frontal cortex)	SRP576128	SRS24582697	0.983	0.736	31.532	0.679	0.841	0.977	1274.88	79845	11971.66	4227
SRX28234481	Brain (Frontal Cortex)	excitatory pyramidal neurons	brain (frontal cortex)	brain (frontal cortex)	SRP576128	SRS24582698	0.982	0.736	31.745	0.685	0.853	0.977	1268.91	79492	12784.78	3934
SRX28234482	Brain (Frontal Cortex)	excitatory pyramidal neurons	brain (frontal cortex)	brain (frontal cortex)	SRP576128	SRS24582699	0.983	0.736	28.063	0.676	0.844	0.976	1245.65	76917	12046.1	4009
SRX28234483	Brain (Frontal Cortex)	excitatory pyramidal neurons	brain (frontal cortex)	brain (frontal cortex)	SRP576128	SRS24582700	0.983	0.735	32.992	0.685	0.841	0.977	1277.14	78640	12175.2	3969
SRX28234484	Brain (Frontal Cortex)	excitatory pyramidal neurons	brain (frontal cortex)	brain (frontal cortex)	SRP576128	SRS24582701	0.983	0.738	30.408	0.681	0.847	0.977	1250.46	78106	11679.12	4263
SRX28234485	Brain (Frontal Cortex)	excitatory pyramidal neurons	brain (frontal cortex)	brain (frontal cortex)	SRP576128	SRS24582702	0.983	0.735	29.823	0.679	0.847	0.977	1246.67	78218	11718.02	4252
SRX28234486	Brain (Frontal Cortex)	excitatory pyramidal neurons	brain (frontal cortex)	brain (frontal cortex)	SRP576128	SRS24582703	0.984	0.731	27.563	0.674	0.854	0.976	1226.69	76979	11519.95	3936
SRX28234487	Brain (Frontal Cortex)	excitatory pyramidal neurons	brain (frontal cortex)	brain (frontal cortex)	SRP576128	SRS24582705	0.981	0.740	32.158	0.681	0.853	0.977	1289.61	78940	12315.08	4613
SRX28234496	Brain (Frontal Cortex)	excitatory pyramidal neurons	brain (frontal cortex)	brain (frontal cortex)	SRP576128	SRS24582714	0.983	0.741	29.726	0.687	0.849	0.977	1268.8	79089	12397.31	4249
SRX28234497	Brain (Frontal Cortex)	excitatory pyramidal neurons	brain (frontal cortex)	brain (frontal cortex)	SRP576128	SRS24582713	0.984	0.732	31.496	0.681	0.855	0.977	1276.38	82063	12439.09	3953
SRX28255923	ESC	embryonic stem cell	NA	KH2	SRP576618	SRS24602600	0.976	0.814	27.441	0.866	0.507	0.964	1163.75	35779	8623.73	3561
SRX28255924	ESC	embryonic stem cell	NA	KH2	SRP576618	SRS24602601	0.978	0.386	30.992	0.861	0.456	0.964	1256.18	28625	1280321.3	690
SRX28255925	ESC	embryonic stem cell	NA	KH2	SRP576618	SRS24602602	0.981	0.236	31.118	0.868	0.475	0.964	3531.11	24890	1824985.57	246
SRX28255926	ESC	embryonic stem cell	NA	KH2	SRP576618	SRS24602603	0.982	0.195	31.894	0.868	0.458	0.964	10010.37	19941	0.0	0
SRX28255927	ESC	embryonic stem cell	NA	KH2	SRP576618	SRS24602604	0.983	0.183	24.848	0.867	0.515	0.962	13514.47	26111	25431089.0	1
SRX28255928	ESC	embryonic stem cell	NA	KH2	SRP576618	SRS24602605	0.982	0.390	28.431	0.863	0.511	0.964	6912.27	49646	222262.46	3266
SRX28255929	ESC	embryonic stem cell	NA	KH2	SRP576618	SRS24602606	0.980	0.580	23.882	0.870	0.519	0.962	2237.08	41216	188024.95	3346
SRX28255930	ESC	embryonic stem cell	NA	KH2	SRP576618	SRS24602607	0.980	0.767	30.493	0.866	0.503	0.964	1104.37	31325	7488.68	3224
SRX28255931	ESC	embryonic stem cell	NA	KH2	SRP576618	SRS24602608	0.976	0.807	31.864	0.861	0.408	0.970	1157.21	35831	8271.85	3822
SRX28255932	ESC	embryonic stem cell	NA	KH2	SRP576618	SRS24602609	0.977	0.557	32.395	0.859	0.432	0.969	1132.35	31346	7025.29	2465
SRX28255933	ESC	embryonic stem cell	NA	KH2	SRP576618	SRS24602610	0.978	0.375	29.762	0.853	0.432	0.968	1232.93	28645	1329582.06	690
SRX28255934	ESC	embryonic stem cell	NA	KH2	SRP576618	SRS24602611	0.980	0.224	27.973	0.848	0.459	0.968	5182.27	24523	4384544.67	6
SRX28255935	ESC	embryonic stem cell	NA	KH2	SRP576618	SRS24602612	0.981	0.166	28.282	0.856	0.471	0.967	14027.85	23872	46303293.0	1
SRX28255936	ESC	embryonic stem cell	NA	KH2	SRP576618	SRS24602613	0.980	0.211	30.000	0.847	0.474	0.966	11228.34	32877	1052773.0	48
SRX28255937	ESC	embryonic stem cell	NA	KH2	SRP576618	SRS24602614	0.980	0.479	29.856	0.850	0.438	0.969	3091.77	42408	214999.55	3107
SRX28353993	Early Embryo	NA	early embryo	NA	SRP474397	SRS24683363	0.948	0.371	3.724	0.968	0.982	0.865	37296.75	15212	213186.1	4725
SRX28353994	Early Embryo	NA	early embryo	NA	SRP474397	SRS24683364	0.958	0.349	7.099	0.972	0.959	0.926	25462.71	34879	149661.03	7643
SRX28353995	Early Embryo	NA	early embryo	NA	SRP474397	SRS24683365	0.943	0.377	3.500	0.970	0.980	0.857	37285.99	14815	212332.24	4781
SRX28353996	Early Embryo	NA	early embryo	NA	SRP474397	SRS24683366	0.973	0.373	4.043	0.973	0.992	0.883	32696.46	19574	200037.46	5259
SRX28353997	Early Embryo	NA	early embryo	NA	SRP474397	SRS24683367	0.976	0.368	8.364	0.974	0.979	0.935	22538.2	43874	136648.87	8747
SRX28482560	Spleen	Splenic CD8+ T cells	Spleen	Spleen	SRP580233	SRS24801736	0.924	0.817	8.631	0.614	0.603	0.940	1037.07	49710	22195.15	1001
SRX28482561	Spleen	Splenic CD8+ T cells	Spleen	Spleen	SRP580233	SRS24801737	0.975	0.754	8.443	0.581	0.592	0.945	1114.26	43636	14169.61	1402
SRX28482562	Spleen	Splenic CD8+ T cells	Spleen	Spleen	SRP580233	SRS24801738	0.975	0.747	6.849	0.520	0.544	0.940	1207.11	38674	18791.83	881
SRX28541177	Primary Cardiomyocytes	NA	primary cardiomyocytes	NA	SRP578288	SRS24841028	0.985	0.722	15.339	0.835	0.377	0.959	1393.15	36006	61754.66	3643
SRX28541178	Primary Cardiomyocytes	NA	primary cardiomyocytes	NA	SRP578288	SRS24841029	0.984	0.727	17.657	0.835	0.546	0.960	1395.57	36970	73770.86	4077
SRX28541179	Primary Cardiomyocytes	NA	primary cardiomyocytes	NA	SRP578288	SRS24841030	0.986	0.695	17.498	0.844	0.513	0.959	1150.02	39417	14431.46	1799
SRX28541180	Primary Cardiomyocytes	NA	primary cardiomyocytes	NA	SRP578288	SRS24841031	0.985	0.697	13.068	0.843	0.502	0.955	1219.4	36179	13026.78	1703
SRX28541181	Primary Cardiomyocytes	NA	primary cardiomyocytes	NA	SRP578288	SRS24841032	0.983	0.717	11.345	0.814	0.309	0.960	1459.3	32922	70494.74	2298
SRX28541182	Primary Cardiomyocytes	NA	primary cardiomyocytes	NA	SRP578288	SRS24841033	0.985	0.729	10.412	0.796	0.246	0.958	1543.78	31151	66996.26	2388
SRX28541183	Primary Cardiomyocytes	NA	primary cardiomyocytes	NA	SRP578288	SRS24841034	0.985	0.724	18.038	0.838	0.575	0.961	1348.03	37035	49583.39	3471
SRX28541184	Primary Cardiomyocytes	NA	primary cardiomyocytes	NA	SRP578288	SRS24841035	0.984	0.724	14.865	0.839	0.379	0.958	1406.04	35293	53510.35	3478
SRX28541185	Primary Cardiomyocytes	NA	primary cardiomyocytes	NA	SRP578288	SRS24841036	0.985	0.696	16.271	0.844	0.550	0.958	1182.45	38850	14806.37	1860
SRX28541186	Primary Cardiomyocytes	NA	primary cardiomyocytes	NA	SRP578288	SRS24841037	0.985	0.699	15.113	0.845	0.484	0.957	1206.73	37823	13869.18	2117
SRX28541187	Primary Cardiomyocytes	NA	primary cardiomyocytes	NA	SRP578288	SRS24841038	0.985	0.699	19.409	0.844	0.509	0.958	1165.55	39800	15047.73	2205
SRX28541188	Primary Cardiomyocytes	NA	primary cardiomyocytes	NA	SRP578288	SRS24841039	0.985	0.694	14.314	0.841	0.542	0.956	1180.38	37365	13241.72	1701
SRX28541189	Murine Heart	NA	murine heart	NA	SRP578288	SRS24841040	0.985	0.676	13.782	0.848	0.591	0.959	1134.82	42840	10837.98	2128
SRX28541190	Murine Heart	NA	murine heart	NA	SRP578288	SRS24841041	0.984	0.675	14.373	0.849	0.587	0.959	1136.98	41771	11228.65	2093
SRX28541191	Murine Heart	NA	murine heart	NA	SRP578288	SRS24841042	0.985	0.662	14.745	0.849	0.585	0.959	1129.59	42298	12208.7	2043
SRX28541192	Murine Heart	NA	murine heart	NA	SRP578288	SRS24841043	0.984	0.670	17.638	0.846	0.577	0.961	1103.73	44521	13004.39	2037
SRX28541193	Murine Heart	NA	murine heart	NA	SRP578288	SRS24841044	0.984	0.670	15.434	0.843	0.592	0.960	1124.95	43119	11128.23	2441
SRX28541194	Murine Heart	NA	murine heart	NA	SRP578288	SRS24841045	0.984	0.671	16.523	0.846	0.581	0.961	1107.38	43779	11767.67	2059
SRX28541195	Murine Heart	NA	murine heart	NA	SRP578288	SRS24841046	0.984	0.684	21.275	0.843	0.571	0.963	1064.97	44530	11388.96	2495
SRX28541196	Murine Heart	NA	murine heart	NA	SRP578288	SRS24841047	0.985	0.674	18.872	0.845	0.560	0.962	1088.15	42878	11415.12	2429
SRX28541197	Murine Heart	NA	murine heart	NA	SRP578288	SRS24841048	0.984	0.670	14.769	0.845	0.575	0.959	1130.32	41356	13439.93	2081
SRX28612379	E11.5 brain	NA	E11.5 brain	E11.5 brain	SRP582128	SRS24884353	0.979	0.759	16.821	0.902	0.583	0.954	1303.1	44434	14081.16	4143
SRX28612380	E11.5 brain	NA	E11.5 brain	E11.5 brain	SRP582128	SRS24884355	0.977	0.820	16.116	0.849	0.347	0.956	1297.86	38002	20827.55	4956
SRX28612381	E11.5 brain	NA	E11.5 brain	E11.5 brain	SRP582128	SRS24884354	0.979	0.840	25.327	0.895	0.570	0.958	1250.67	42337	23048.87	5290
SRX28612382	E11.5 brain	NA	E11.5 brain	E11.5 brain	SRP582128	SRS24884357	0.978	0.806	28.696	0.902	0.577	0.960	1246.04	46391	19187.36	5123
SRX28612383	E11.5 brain	NA	E11.5 brain	E11.5 brain	SRP582128	SRS24884356	0.979	0.778	25.996	0.906	0.592	0.960	1292.69	50499	16013.61	4829
SRX28612384	E11.5 brain	NA	E11.5 brain	E11.5 brain	SRP582128	SRS24884358	0.979	0.775	29.684	0.905	0.570	0.961	1271.8	50324	16176.58	4666
SRX28612385	E11.5 brain	NA	E11.5 brain	E11.5 brain	SRP582128	SRS24884359	0.979	0.752	18.447	0.891	0.585	0.957	1230.42	45079	14776.8	4004
SRX28612386	E11.5 brain	NA	E11.5 brain	E11.5 brain	SRP582128	SRS24884360	0.979	0.762	16.825	0.899	0.623	0.956	1212.64	43455	13924.65	4532
SRX28623451	E8.5 headfold	NA	E8.5 headfold	E8.5 headfold	SRP582251	SRS24894816	0.978	0.855	9.989	0.874	0.134	0.951	1320.59	36175	15501.39	2230
SRX28623452	E8.5 headfold	NA	E8.5 headfold	E8.5 headfold	SRP582251	SRS24894817	0.978	0.853	7.915	0.848	0.164	0.947	1360.5	33942	20273.37	1655
SRX28623453	E8.5 headfold	NA	E8.5 headfold	E8.5 headfold	SRP582251	SRS24894818	0.980	0.844	9.954	0.857	0.169	0.961	1273.27	33976	12855.57	2147
SRX28623454	E8.5 headfold	NA	E8.5 headfold	E8.5 headfold	SRP582251	SRS24894819	0.981	0.854	10.825	0.874	0.253	0.954	1281.14	33663	12565.07	2197
SRX28623455	E8.5 headfold	NA	E8.5 headfold	E8.5 headfold	SRP582251	SRS24894820	0.980	0.824	12.977	0.883	0.290	0.957	1458.68	42001	18906.75	6090
SRX28623456	E8.5 headfold	NA	E8.5 headfold	E8.5 headfold	SRP582251	SRS24894821	0.979	0.818	13.162	0.889	0.249	0.949	1521.26	40758	18474.84	5740
SRX28623457	E8.5 headfold	NA	E8.5 headfold	E8.5 headfold	SRP582251	SRS24894822	0.980	0.812	10.896	0.864	0.166	0.954	1498.08	37655	30862.24	3565
SRX28623458	E8.5 headfold	NA	E8.5 headfold	E8.5 headfold	SRP582251	SRS24894823	0.979	0.819	11.813	0.880	0.276	0.948	1516.44	39451	31051.84	3982
SRX28623459	E8.5 headfold	NA	E8.5 headfold	E8.5 headfold	SRP582251	SRS24894824	0.979	0.815	8.877	0.866	0.257	0.949	1537.4	29969	25991.43	3162
SRX28623460	E8.5 headfold	NA	E8.5 headfold	E8.5 headfold	SRP582251	SRS24894825	0.978	0.830	8.897	0.858	0.231	0.942	1563.81	31594	31707.63	2937
SRX28623461	E8.5 headfold	NA	E8.5 headfold	E8.5 headfold	SRP582251	SRS24894826	0.978	0.822	9.120	0.840	0.135	0.944	1494.77	32370	29732.71	3316
SRX28623462	E8.5 headfold	NA	E8.5 headfold	E8.5 headfold	SRP582251	SRS24894827	0.977	0.789	3.234	0.804	0.036	0.854	1577.8	25856	35394.01	828
SRX28623463	E8.5 headfold	NA	E8.5 headfold	E8.5 headfold	SRP582251	SRS24894828	0.980	0.816	5.185	0.858	0.054	0.922	1524.72	27810	57846.46	1439
SRX28623464	E8.5 headfold	NA	E8.5 headfold	E8.5 headfold	SRP582251	SRS24894829	0.976	0.837	7.459	0.876	0.271	0.930	1593.23	32126	31298.93	3468
SRX28623465	E8.5 headfold	NA	E8.5 headfold	E8.5 headfold	SRP582251	SRS24894830	0.975	0.844	6.970	0.862	0.261	0.929	1606.5	30015	44872.54	2894
SRX28623466	E8.5 headfold	NA	E8.5 headfold	E8.5 headfold	SRP582251	SRS24894831	0.975	0.849	5.475	0.852	0.231	0.891	1654.35	28606	45373.19	2544
SRX28623467	E8.5 headfold	NA	E8.5 headfold	E8.5 headfold	SRP582251	SRS24894832	0.976	0.850	10.514	0.869	0.219	0.937	1636.11	32195	32060.73	3587
SRX28623468	E8.5 headfold	NA	E8.5 headfold	E8.5 headfold	SRP582251	SRS24894833	0.975	0.851	10.570	0.866	0.219	0.941	1643.4	32355	33010.22	3792
SRX28656830	Spermatogonia	spermatogonia	NA	spermatogonia	SRP582888	SRS24925619	0.987	0.667	3.731	0.850	0.390	0.899	1579.05	60372	185563.9	969
SRX28656831	Spermatogonia	spermatogonia	NA	spermatogonia	SRP582888	SRS24925620	0.986	0.672	4.148	0.832	0.279	0.917	1787.69	67696	209345.56	1005
SRX2869977	Naive CD8 T cells	Naive CD8 T cells	NA	Nave WT CD8 cells	SRP108295	SRS2240316	0.984	0.792	16.630	0.605	0.953	0.933	966.96	59120	13776.27	1728
SRX2869978	Naive CD8 T cells	Naive CD8 T cells	NA	Nave Dnmt3a cKO CD8 cells	SRP108295	SRS2240317	0.983	0.792	13.663	0.662	0.961	0.929	1001.31	57862	14167.62	2070
SRX2869979	Antigen-specific CD8 T cells	Antigen-specific CD8 T cells	NA	Effector WT CD8 cells	SRP108295	SRS2240318	0.986	0.706	11.688	0.718	0.965	0.923	1152.77	40749	14468.27	956
SRX2869980	Antigen-specific CD8 T cells	Antigen-specific CD8 T cells	NA	Effector Dnmt3a ckO CD8 cells	SRP108295	SRS2240319	0.985	0.709	13.188	0.644	0.956	0.927	1141.18	44203	16252.84	993
SRX2869981	Antigen-specific CD8 T cells	Antigen-specific CD8 T cells	NA	Chronic WT CD8 cells	SRP108295	SRS2240320	0.984	0.711	14.810	0.639	0.958	0.931	1113.37	38475	12186.37	870
SRX2869982	Antigen-specific CD8 T cells	Antigen-specific CD8 T cells	NA	Chronic WT CD8 cells	SRP108295	SRS2240321	0.975	0.726	5.502	0.247	0.845	0.911	1355.96	31437	21528.64	519
SRX2869983	Antigen-specific CD8 T cells	Antigen-specific CD8 T cells	NA	Chronic Dnmt3a cKO CD8 cells	SRP108295	SRS2240322	0.981	0.707	11.826	0.505	0.945	0.928	1243.92	44647	16889.0	1267
SRX2869984	Antigen-specific CD8 T cells	Antigen-specific CD8 T cells	NA	Chronic Dnmt3a cKO CD8 cells	SRP108295	SRS2240323	0.978	0.718	3.306	0.116	0.669	0.864	1802.12	31480	37476.23	579
SRX2869985	Antigen-specific CD8 T cells	Antigen-specific CD8 T cells	NA	Acute Memory WT CD8 cells	SRP108295	SRS2240324	0.984	0.730	15.159	0.651	0.956	0.935	1089.15	44585	12112.76	1336
SRX2869986	Antigen-specific CD8 T cells	Antigen-specific CD8 T cells	NA	Untreated Chronic WT CD8 cells	SRP108295	SRS2240325	0.982	0.696	12.445	0.657	0.960	0.897	1206.23	35621	18370.54	476
SRX2869987	Antigen-specific CD8 T cells	Antigen-specific CD8 T cells	NA	PD-1 blockade-treated Chronic WT CD8 cells	SRP108295	SRS2240326	0.982	0.670	15.989	0.633	0.951	0.899	1207.1	34864	16334.9	526
SRX2871965	ESC	embryonic stem cells	NA	advanced pluripotent stem cell	SRP108349	SRS2242089	0.979	0.567	5.917	0.581	0.708	0.895	2027.8	40179	42378.56	1229
SRX2871966	ESC	embryonic stem cells	NA	advanced pluripotent stem cell	SRP108349	SRS2242090	0.979	0.570	5.883	0.578	0.716	0.896	2027.3	39548	44523.86	1083
SRX2871967	ESC	embryonic stem cells	NA	embryonic stem cells	SRP108349	SRS2242091	0.978	0.176	6.270	0.581	0.712	0.896	938662.5	2	109674433.0	1
SRX2871968	ESC	embryonic stem cells	NA	embryonic stem cells	SRP108349	SRS2242092	0.980	0.178	6.239	0.596	0.692	0.898	938662.5	2	109677039.0	1
SRX2871969	ESC	embryonic stem cells	NA	Epiblast stem cells	SRP108349	SRS2242093	0.977	0.758	6.559	0.585	0.802	0.898	1187.11	23909	29919.21	581
SRX2871970	ESC	embryonic stem cells	NA	Epiblast stem cells	SRP108349	SRS2242094	0.976	0.750	5.940	0.525	0.811	0.889	1197.97	23840	32663.97	469
SRX2880156	MEF	Mouse Embryonic Fibroblasts (MEFs)	NA	Bisulfite treated Wildtype MEFs	SRP108476	SRS2248049	0.999	0.718	45.331	0.815	0.792	0.957	897.17	60338	9765.93	2071
SRX2880157	MEF	Mouse Embryonic Fibroblasts (MEFs)	NA	Bisulfite treated Gadd45a/Ing1 double knockout (DKO) MEFs	SRP108476	SRS2248050	0.999	0.719	38.047	0.823	0.776	0.955	918.69	52688	9356.86	2003
SRX29059735	Muscle tissue and Connective	somatic cell	Muscle tissue and Connective tissue	Tail DNA of 1-week-old mice born from in vivo blastocyst transfer	SRP590085	SRS25274720	0.993	0.680	2.014	0.803	0.764	0.733	2030.54	25447	90918.44	91
SRX29059736	Muscle tissue and Connective	somatic cell	Muscle tissue and Connective tissue	Tail DNA of 1-week-old mice born from in vivo blastocyst transfer	SRP590085	SRS25274721	0.992	0.653	3.344	0.791	0.640	0.838	1648.14	30601	48511.02	221
SRX29059737	Muscle tissue and Connective	somatic cell	Muscle tissue and Connective tissue	Tail DNA of 1-week-old mice born from in vivo blastocyst transfer	SRP590085	SRS25274722	0.993	0.656	2.065	0.811	0.803	0.745	2318.46	25930	80730.05	151
SRX29059738	Muscle tissue and Connective	somatic cell	Muscle tissue and Connective tissue	Tail DNA of 1-week-old mice born from in vitro blastocyst transfer	SRP590085	SRS25274723	0.977	0.530	2.819	0.590	0.606	0.770	2303.52	23008	38817.13	196
SRX29059739	Muscle tissue and Connective	somatic cell	Muscle tissue and Connective tissue	Tail DNA of 1-week-old mice born from in vitro blastocyst transfer	SRP590085	SRS25274724	0.933	0.581	2.793	0.564	0.703	0.783	2273.76	21832	60863.38	112
SRX29059740	Muscle tissue and Connective	somatic cell	Muscle tissue and Connective tissue	Tail DNA of 1-week-old mice born from in vitro blastocyst transfer	SRP590085	SRS25274725	0.977	0.673	2.342	0.787	0.798	0.749	1820.51	27951	87206.24	67
SRX29059741	Muscle tissue and Connective	somatic cell	Muscle tissue and Connective tissue	Tail DNA of 7-week-old mice born from in vivo blastocyst transfer	SRP590085	SRS25274726	0.974	0.645	2.844	0.788	0.753	0.800	1851.07	26795	50512.39	176
SRX29059742	Muscle tissue and Connective	somatic cell	Muscle tissue and Connective tissue	Tail DNA of 7-week-old mice born from in vivo blastocyst transfer	SRP590085	SRS25274727	0.992	0.637	3.224	0.781	0.732	0.822	1778.08	29116	43588.02	230
SRX29059743	Muscle tissue and Connective	somatic cell	Muscle tissue and Connective tissue	Tail DNA of 7-week-old mice born from in vivo blastocyst transfer	SRP590085	SRS25274728	0.992	0.652	2.477	0.792	0.738	0.776	1975.79	25489	66789.9	110
SRX29059744	Muscle tissue and Connective	somatic cell	Muscle tissue and Connective tissue	Tail DNA of 7-week-old mice born from in vitro blastocyst transfer	SRP590085	SRS25274729	0.985	0.592	2.531	0.679	0.732	0.714	2225.32	21887	64773.84	55
SRX29059745	Muscle tissue and Connective	somatic cell	Muscle tissue and Connective tissue	Tail DNA of 7-week-old mice born from in vitro blastocyst transfer	SRP590085	SRS25274730	0.987	0.627	3.845	0.772	0.714	0.818	1580.46	28130	44483.05	146
SRX29059746	Muscle tissue and Connective	somatic cell	Muscle tissue and Connective tissue	Tail DNA of 7-week-old mice born from in vitro blastocyst transfer	SRP590085	SRS25274731	0.992	0.632	2.563	0.796	0.741	0.801	2102.5	24191	53851.32	171
SRX29083832	Liver	NA	liver	liver	SRP590495	SRS25296105	0.992	0.779	11.158	0.826	0.406	0.930	1290.14	35680	11854.04	1268
SRX29083833	Liver	NA	liver	liver	SRP590495	SRS25296106	0.993	0.781	13.001	0.867	0.505	0.926	1294.43	37904	7200.79	3061
SRX29083834	Liver	NA	liver	liver	SRP590495	SRS25296108	0.992	0.784	12.114	0.863	0.502	0.930	1294.72	37688	13248.62	1366
SRX29083835	Liver	NA	liver	liver	SRP590495	SRS25296107	0.992	0.771	9.605	0.815	0.383	0.933	1315.3	35839	12846.1	1032
SRX29083836	Liver	NA	liver	liver	SRP590495	SRS25296109	0.992	0.772	11.189	0.822	0.449	0.937	1275.11	36540	12053.9	1228
SRX29083837	Liver	NA	liver	liver	SRP590495	SRS25296111	0.992	0.777	11.233	0.826	0.461	0.936	1282.88	36157	12048.23	1293
SRX29083838	Liver	NA	liver	liver	SRP590495	SRS25296110	0.992	0.762	9.184	0.806	0.407	0.924	1376.74	31410	16087.64	737
SRX29083839	Liver	NA	liver	liver	SRP590495	SRS25296112	0.992	0.769	9.940	0.820	0.418	0.932	1326.81	34466	12149.25	1083
SRX29083840	Liver	NA	liver	liver	SRP590495	SRS25296113	0.992	0.765	8.865	0.812	0.389	0.924	1403.01	31367	10805.9	1273
SRX29083841	Liver	NA	liver	liver	SRP590495	SRS25296114	0.992	0.767	8.201	0.794	0.362	0.901	1457.98	28367	19413.57	549
SRX29083842	Liver	NA	liver	liver	SRP590495	SRS25296115	0.992	0.774	8.980	0.804	0.411	0.906	1386.84	29831	15365.38	696
SRX29083843	Liver	NA	liver	liver	SRP590495	SRS25296116	0.992	0.770	8.982	0.807	0.390	0.926	1358.12	32883	11671.11	1144
SRX29083844	Liver	NA	liver	liver	SRP590495	SRS25296118	0.992	0.770	10.104	0.826	0.432	0.932	1347.35	33679	11896.54	1201
SRX29083845	Liver	NA	liver	liver	SRP590495	SRS25296117	0.992	0.772	10.079	0.816	0.398	0.929	1331.45	32460	16862.9	760
SRX29083846	Liver	NA	liver	liver	SRP590495	SRS25296119	0.992	0.765	11.389	0.853	0.457	0.931	1346.09	35281	14050.78	974
SRX29083847	Liver	NA	liver	liver	SRP590495	SRS25296120	0.991	0.759	9.120	0.786	0.440	0.900	1419.91	27505	17867.47	467
SRX29083848	Liver	NA	liver	liver	SRP590495	SRS25296121	0.992	0.765	10.955	0.822	0.448	0.935	1299.04	33711	12631.85	974
SRX29083849	Liver	NA	liver	liver	SRP590495	SRS25296123	0.991	0.778	9.861	0.812	0.424	0.919	1347.97	30962	14764.23	823
SRX29083850	Liver	NA	liver	liver	SRP590495	SRS25296122	0.995	0.748	14.165	0.840	0.544	0.941	1182.79	37610	10918.6	1432
SRX29083851	Liver	NA	liver	liver	SRP590495	SRS25296124	0.995	0.763	16.768	0.883	0.600	0.948	1172.93	39780	7885.04	2548
SRX29083852	Liver	NA	liver	liver	SRP590495	SRS25296125	0.994	0.740	18.822	0.874	0.642	0.944	1134.84	38040	11942.88	1182
SRX29083853	Liver	NA	liver	liver	SRP590495	SRS25296127	0.994	0.763	15.933	0.873	0.531	0.944	1169.12	38112	12342.48	1164
SRX29083854	Liver	NA	liver	liver	SRP590495	SRS25296126	0.994	0.764	16.639	0.875	0.562	0.945	1173.92	39270	12424.52	1250
SRX29083855	Liver	NA	liver	liver	SRP590495	SRS25296128	0.994	0.775	13.809	0.874	0.486	0.936	1247.5	37127	13328.27	1022
SRX29083856	Liver	NA	liver	liver	SRP590495	SRS25296129	0.992	0.766	8.703	0.803	0.348	0.928	1372.86	32591	11423.58	1238
SRX29083857	Liver	NA	liver	liver	SRP590495	SRS25296130	0.993	0.721	10.300	0.843	0.441	0.932	1348.31	32050	11875.57	1049
SRX29083858	Liver	NA	liver	liver	SRP590495	SRS25296131	0.993	0.776	12.667	0.857	0.463	0.938	1267.21	35665	13210.03	1005
SRX29083859	Liver	NA	liver	liver	SRP590495	SRS25296132	0.994	0.769	11.336	0.837	0.490	0.938	1270.95	35701	12033.34	1203
SRX29083860	Liver	NA	liver	liver	SRP590495	SRS25296133	0.994	0.756	9.875	0.811	0.400	0.934	1290.97	32945	11314.53	1225
SRX29083861	Liver	NA	liver	liver	SRP590495	SRS25296134	0.994	0.782	9.670	0.813	0.369	0.930	1251.87	31447	14672.4	1139
SRX29083862	Liver	NA	liver	liver	SRP590495	SRS25296136	0.994	0.764	10.101	0.829	0.407	0.936	1285.41	34461	11748.66	1217
SRX29083863	Liver	NA	liver	liver	SRP590495	SRS25296135	0.990	0.759	13.912	0.840	0.483	0.938	1203.25	34354	10551.75	1390
SRX29083864	Hepa1-6	NA	NA	Hepa1-6	SRP590495	SRS25296137	0.992	0.743	15.384	0.858	0.561	0.938	7059.03	52688	416455.98	1993
SRX29083865	Hepa1-6	NA	NA	Hepa1-6	SRP590495	SRS25296138	0.992	0.748	16.142	0.857	0.592	0.937	7004.34	53174	410483.88	2036
SRX29083866	Liver	NA	liver	liver	SRP590495	SRS25296139	0.992	0.783	12.232	0.853	0.445	0.931	1288.92	38713	13122.98	1243
SRX29083867	Liver	NA	liver	liver	SRP590495	SRS25296141	0.992	0.787	11.489	0.854	0.440	0.928	1300.74	39367	13369.79	1305
SRX29083868	Liver	NA	liver	liver	SRP590495	SRS25296140	0.991	0.783	8.491	0.798	0.364	0.893	1445.7	30090	14858.29	702
SRX29083869	Liver	NA	liver	liver	SRP590495	SRS25296143	0.992	0.785	11.040	0.834	0.436	0.926	1332.36	36318	12242.88	1164
SRX29083870	Liver	NA	liver	liver	SRP590495	SRS25296142	0.992	0.785	10.522	0.824	0.393	0.922	1347.49	35189	11927.5	1204
SRX29083871	Liver	NA	liver	liver	SRP590495	SRS25296144	0.994	0.774	11.829	0.836	0.418	0.933	1256.31	38362	11756.94	1289
SRX29083872	Liver	NA	liver	liver	SRP590495	SRS25296145	0.992	0.784	8.535	0.808	0.318	0.911	1403.2	33378	17333.62	811
SRX29083873	Liver	NA	liver	liver	SRP590495	SRS25296146	0.990	0.789	8.250	0.802	0.297	0.905	1437.11	31164	17596.15	750
SRX29083874	Liver	NA	liver	liver	SRP590495	SRS25296147	0.992	0.783	9.005	0.817	0.377	0.916	1382.27	32662	15830.01	972
SRX29083875	Liver	NA	liver	liver	SRP590495	SRS25296149	0.991	0.784	8.007	0.797	0.331	0.896	1441.0	30704	21865.58	487
SRX29083876	Liver	NA	liver	liver	SRP590495	SRS25296148	0.992	0.787	10.697	0.833	0.431	0.925	1338.7	36255	12262.6	1233
SRX29083877	Liver	NA	liver	liver	SRP590495	SRS25296150	0.992	0.767	8.747	0.806	0.357	0.924	1392.08	33489	11085.44	1325
SRX29083878	Liver	NA	liver	liver	SRP590495	SRS25296151	0.992	0.773	8.997	0.809	0.396	0.910	1402.99	31720	17371.12	623
SRX29083879	Liver	NA	liver	liver	SRP590495	SRS25296152	0.991	0.774	6.107	0.773	0.276	0.842	1549.37	26162	24081.21	373
SRX29083880	Liver	NA	liver	liver	SRP590495	SRS25296153	0.994	0.784	12.092	0.832	0.461	0.928	1284.23	33419	10586.91	1458
SRX29083881	Liver	NA	liver	liver	SRP590495	SRS25296155	0.994	0.773	8.611	0.802	0.369	0.900	1437.44	29111	14006.09	754
SRX29083882	Hepa1-6	NA	NA	Hepa1-6	SRP590495	SRS25296156	0.992	0.748	14.609	0.849	0.557	0.935	6974.74	51241	404801.72	2047
SRX29083883	Hepa1-6	NA	NA	Hepa1-6	SRP590495	SRS25296154	0.994	0.748	16.290	0.861	0.561	0.939	7677.93	49065	418696.39	1978
SRX29083884	Hepa1-6	NA	NA	Hepa1-6	SRP590495	SRS25296157	0.995	0.748	16.795	0.885	0.560	0.938	7723.01	51115	428066.69	1953
SRX29083885	Hepa1-6	NA	NA	Hepa1-6	SRP590495	SRS25296158	0.993	0.737	10.294	0.825	0.408	0.925	7959.81	45980	461076.36	1812
SRX29083886	Hepa1-6	NA	NA	Hepa1-6	SRP590495	SRS25296159	0.993	0.748	10.331	0.816	0.424	0.925	7891.5	45417	536400.62	1580
SRX29083887	Hepa1-6	NA	NA	Hepa1-6	SRP590495	SRS25296160	0.993	0.741	11.107	0.833	0.421	0.930	7976.65	47362	447850.03	1876
SRX29083888	Hepa1-6	NA	NA	Hepa1-6	SRP590495	SRS25296161	0.994	0.719	11.475	0.848	0.437	0.929	8287.59	47515	451312.85	1858
SRX29083889	Hepa1-6	NA	NA	Hepa1-6	SRP590495	SRS25296162	0.992	0.762	17.294	0.870	0.622	0.937	8453.33	48076	450536.17	1899
SRX29083890	Hepa1-6	NA	NA	Hepa1-6	SRP590495	SRS25296163	0.992	0.769	13.777	0.838	0.507	0.928	8016.11	45423	554161.48	1531
SRX29083891	Hepa1-6	NA	NA	Hepa1-6	SRP590495	SRS25296165	0.992	0.736	12.776	0.849	0.475	0.940	8880.99	47240	475461.87	1848
SRX29083892	Hepa1-6	NA	NA	Hepa1-6	SRP590495	SRS25296166	0.994	0.755	16.583	0.856	0.568	0.940	8406.04	48372	451549.84	1901
SRX29083893	Hepa1-6	NA	NA	Hepa1-6	SRP590495	SRS25296164	0.994	0.748	14.756	0.846	0.528	0.940	8555.96	48200	452165.16	1919
SRX29083894	Hepa1-6	NA	NA	Hepa1-6	SRP590495	SRS25296167	0.993	0.763	12.382	0.827	0.474	0.929	8136.13	45454	560482.07	1537
SRX29083895	Hepa1-6	NA	NA	Hepa1-6	SRP590495	SRS25296168	0.992	0.752	14.786	0.854	0.525	0.941	8830.68	47341	456511.01	1927
SRX29083896	Hepa1-6	NA	NA	Hepa1-6	SRP590495	SRS25296169	0.992	0.764	18.179	0.869	0.634	0.938	8748.98	46587	452774.97	1905
SRX29083897	Hepa1-6	NA	NA	Hepa1-6	SRP590495	SRS25296170	0.994	0.746	20.543	0.875	0.610	0.939	8500.69	47309	438495.38	1947
SRX29122792	Pluripotency Stem Cell	Mouse pluripotency stem cells	NA	SetDB1 CKO mouse ESCs, Matsui et al. (2010)	SRP591095	SRS25328732	0.998	0.650	3.756	0.808	0.839	0.842	1908.61	38880	73841.7	1096
SRX29122793	Pluripotency Stem Cell	Mouse pluripotency stem cells	NA	SetDB1 CKO mouse ESCs, Matsui et al. (2010)	SRP591095	SRS25328733	0.996	0.676	2.089	0.760	0.818	0.718	1996.83	30730	105024.71	468
SRX29122794	Pluripotency Stem Cell	Mouse pluripotency stem cells	NA	SetDB1 CKO mouse ESCs, Matsui et al. (2010)	SRP591095	SRS25328734	0.994	0.733	3.269	0.791	0.851	0.830	1585.85	31953	54430.73	449
SRX29122795	Pluripotency Stem Cell	Mouse pluripotency stem cells	NA	SetDB1 CKO mouse ESCs, Matsui et al. (2010)	SRP591095	SRS25328735	0.991	0.764	3.381	0.796	0.831	0.822	1406.89	31527	50935.72	533
SRX29122796	Pluripotency Stem Cell	Mouse pluripotency stem cells	NA	SetDB1 CKO mouse ESCs, Matsui et al. (2010)	SRP591095	SRS25328736	0.990	0.759	3.138	0.804	0.842	0.815	1381.7	31525	59907.74	457
SRX29122797	Pluripotency Stem Cell	Mouse pluripotency stem cells	NA	SetDB1 CKO mouse ESCs, Matsui et al. (2010)	SRP591095	SRS25328737	0.999	0.082	3.237	0.788	0.825	0.747	814267.0	1	0.0	0
SRX29122798	Pluripotency Stem Cell	Mouse pluripotency stem cells	NA	SetDB1 CKO mouse ESCs, Matsui et al. (2010)	SRP591095	SRS25328738	0.999	0.081	3.423	0.791	0.832	0.746	0.0	0	6496711.0	1
SRX29122800	Pluripotency Stem Cell	Mouse pluripotency stem cells	NA	SetDB1 CKO mouse ESCs, Matsui et al. (2010)	SRP591095	SRS25328740	0.999	0.097	3.299	0.783	0.795	0.775	729096.0	1	0.0	0
SRX29122801	Pluripotency Stem Cell	Mouse pluripotency stem cells	NA	SetDB1 CKO mouse ESCs, Matsui et al. (2010)	SRP591095	SRS25328741	0.998	0.613	3.211	0.775	0.785	0.747	2110.01	35627	92117.9	820
SRX29122802	Pluripotency Stem Cell	Mouse pluripotency stem cells	NA	SetDB1 CKO mouse ESCs, Matsui et al. (2010)	SRP591095	SRS25328742	0.998	0.562	3.291	0.777	0.793	0.753	2539.55	33975	110078.99	964
SRX29122803	Pluripotency Stem Cell	Mouse pluripotency stem cells	NA	SetDB1 CKO mouse ESCs, Matsui et al. (2010)	SRP591095	SRS25328743	0.999	0.518	3.140	0.783	0.791	0.766	3595.51	28643	146252.0	991
SRX29122804	Pluripotency Stem Cell	Mouse pluripotency stem cells	NA	SetDB1 CKO mouse ESCs, Matsui et al. (2010)	SRP591095	SRS25328744	0.999	0.465	3.448	0.779	0.786	0.762	4795.07	22997	135270.89	996
SRX29157255	Spleenic	NA	Spleenic	NA	SRP591695	SRS25359737	0.991	0.733	4.363	0.445	0.130	0.915	1433.21	28350	24153.14	360
SRX29157256	Spleenic	NA	Spleenic	NA	SRP591695	SRS25359738	0.992	0.738	6.831	0.565	0.169	0.943	1228.64	33375	15631.91	625
SRX29157257	Spleenic	NA	Spleenic	NA	SRP591695	SRS25359739	0.992	0.729	8.730	0.593	0.256	0.948	1158.95	35088	12759.8	966
SRX29165556	Skin	Epidermal Stem Cell	Skin	Skin	SRP591837	SRS25366327	0.987	0.721	18.392	0.861	0.738	0.954	1005.68	89561	9683.36	3242
SRX29165557	Skin	Epidermal Stem Cell	Skin	Skin	SRP591837	SRS25366328	0.987	0.721	15.151	0.852	0.792	0.952	1057.13	81718	9599.44	3191
SRX29165558	Skin	Epidermal Stem Cell	Skin	Skin	SRP591837	SRS25366329	0.987	0.683	14.485	0.854	0.750	0.951	1122.64	74907	9698.54	2546
SRX29165559	Skin	Epidermal Stem Cell	Skin	Skin	SRP591837	SRS25366330	0.987	0.688	13.657	0.849	0.820	0.951	1130.55	75984	10172.84	2262
SRX29165560	Skin	Epidermal Stem Cell	Skin	Skin	SRP591837	SRS25366331	0.985	0.711	16.265	0.862	0.654	0.953	1073.12	81054	10025.03	2759
SRX29165561	Skin	Epidermal Stem Cell	Skin	Skin	SRP591837	SRS25366332	0.985	0.714	12.671	0.817	0.810	0.949	1111.54	78771	10096.93	3002
SRX29165562	Skin	Epidermal Stem Cell	Skin	Skin	SRP591837	SRS25366333	0.986	0.679	13.735	0.858	0.707	0.951	1126.49	75675	9869.61	2286
SRX29165563	Skin	Epidermal Stem Cell	Skin	Skin	SRP591837	SRS25366334	0.985	0.691	14.749	0.843	0.777	0.951	1124.8	76810	9791.96	2504
SRX29165564	Skin	Epidermal Stem Cell	Skin	Skin	SRP591837	SRS25366335	0.986	0.712	35.643	0.879	0.667	0.956	973.67	103073	10601.15	2976
SRX29165565	Skin	Epidermal Stem Cell	Skin	Skin	SRP591837	SRS25366336	0.986	0.708	26.021	0.883	0.686	0.955	989.21	99108	10578.78	3051
SRX29165566	Skin	Epidermal Stem Cell	Skin	Skin	SRP591837	SRS25366337	0.986	0.685	25.258	0.880	0.688	0.955	1033.16	90696	10278.11	2523
SRX29165567	Skin	Epidermal Stem Cell	Skin	Skin	SRP591837	SRS25366338	0.986	0.689	32.665	0.883	0.668	0.956	996.02	97011	10541.1	2578
SRX29165568	Skin	Epidermal Stem Cell	Skin	Skin	SRP591837	SRS25366339	0.984	0.695	15.470	0.864	0.667	0.951	1149.07	80404	10532.23	2799
SRX29165569	Skin	Epidermal Stem Cell	Skin	Skin	SRP591837	SRS25366340	0.984	0.705	37.531	0.865	0.634	0.956	1012.88	100043	10915.13	2689
SRX29165570	Skin	Epidermal Stem Cell	Skin	Skin	SRP591837	SRS25366341	0.985	0.689	16.904	0.867	0.681	0.952	1148.55	79201	10709.61	2281
SRX29165571	Skin	Epidermal Stem Cell	Skin	Skin	SRP591837	SRS25366342	0.984	0.689	42.975	0.870	0.598	0.957	1035.47	97157	10969.7	2336
SRX29165572	Skin	Epidermal Stem Cell	Skin	Skin	SRP591837	SRS25366343	0.984	0.716	15.392	0.868	0.687	0.951	1129.77	84108	10203.73	3314
SRX29165573	Skin	Epidermal Stem Cell	Skin	Skin	SRP591837	SRS25366344	0.984	0.701	18.204	0.870	0.670	0.952	1134.74	81422	10706.24	2376
SRX29165574	Skin	Epidermal Stem Cell	Skin	Skin	SRP591837	SRS25366345	0.984	0.692	18.614	0.870	0.674	0.953	1129.56	83969	10628.47	2631
SRX29165575	Skin	Epidermal Stem Cell	Skin	Skin	SRP591837	SRS25366346	0.984	0.691	17.086	0.871	0.679	0.952	1157.34	80662	10695.1	2468
SRX29165576	Skin	Epidermal Stem Cell	Skin	Skin	SRP591837	SRS25366347	0.984	0.703	17.135	0.869	0.687	0.952	1139.68	85408	10349.2	3227
SRX29165577	Skin	Epidermal Stem Cell	Skin	Skin	SRP591837	SRS25366348	0.984	0.713	20.284	0.872	0.676	0.953	1083.81	91128	10259.15	3274
SRX29165578	Skin	Epidermal Stem Cell	Skin	Skin	SRP591837	SRS25366349	0.984	0.680	17.055	0.868	0.697	0.952	1193.92	78486	11151.7	2170
SRX29165579	Skin	Epidermal Stem Cell	Skin	Skin	SRP591837	SRS25366350	0.983	0.697	16.388	0.868	0.680	0.951	1173.99	79332	10421.27	2493
SRX2934498	Sperm	NA	NA	Caput sperm	SRP109758	SRS2296821	0.983	0.743	9.827	0.761	0.710	0.926	1528.41	38028	42513.36	2237
SRX2934499	Sperm	NA	NA	Cauda sperm	SRP109758	SRS2296822	0.982	0.773	13.698	0.733	0.637	0.932	1881.13	65412	39830.75	4921
SRX2934500	Sperm	NA	NA	Corpus sperm	SRP109758	SRS2296823	0.982	0.765	10.214	0.729	0.650	0.929	1733.27	58620	63485.92	2949
SRX2934501	Sperm	NA	NA	Later round spermatids	SRP109758	SRS2296824	0.983	0.745	9.662	0.728	0.712	0.931	1631.84	62585	63695.93	2843
SRX2934502	Sperm	NA	NA	Early round spermatids	SRP109758	SRS2296825	0.982	0.751	9.054	0.704	0.663	0.927	1707.77	63067	66498.06	2934
SRX2934503	Primary	NA	NA	Primary spermatocytes	SRP109758	SRS2296826	0.983	0.753	14.998	0.714	0.656	0.942	1819.25	71501	41820.35	4873
SRX2934504	Sperm	NA	NA	Vas deferens sperm	SRP109758	SRS2296827	0.983	0.752	9.301	0.750	0.692	0.927	1680.66	48095	55566.51	2553
SRX2934505	Sperm	NA	NA	Caput sperm	SRP109758	SRS2296828	0.986	0.682	11.638	0.699	0.126	0.848	1328.64	27521	40080.26	1052
SRX2934506	Sperm	NA	NA	Cauda sperm	SRP109758	SRS2296829	0.986	0.755	7.977	0.721	0.135	0.823	1472.75	38784	74953.84	1197
SRX2934507	Sperm	NA	NA	Corpus sperm	SRP109758	SRS2296830	0.987	0.741	10.680	0.739	0.127	0.842	1472.58	43344	72737.71	1267
SRX2934508	Sperm	NA	NA	Later round spermatids	SRP109758	SRS2296831	0.987	0.716	13.394	0.731	0.193	0.880	1414.98	56212	65935.83	1853
SRX2934509	Sperm	NA	NA	Early round spermatids	SRP109758	SRS2296832	0.987	0.722	15.193	0.710	0.219	0.899	1419.12	58056	70547.66	2164
SRX2934510	Primary	NA	NA	Primary spermatocytes	SRP109758	SRS2296833	0.986	0.736	8.116	0.736	0.115	0.827	1469.09	51902	111327.37	1174
SRX2934511	Sperm	NA	NA	Vas deferens sperm	SRP109758	SRS2296834	0.987	0.692	14.000	0.740	0.146	0.872	1312.01	26760	29757.29	1238
SRX2935265	Sperm	Sperm	NA	Sperm_CTRL_1	SRP109785	SRS2297440	0.992	0.758	6.967	0.798	0.897	0.943	1554.88	50315	75238.4	1770
SRX2935266	Sperm	Sperm	NA	Sperm_CTRL_2	SRP109785	SRS2297441	0.994	0.755	7.220	0.805	0.898	0.945	1534.22	49236	77601.08	1706
SRX2935267	Sperm	Sperm	NA	Sperm_CTRL_3	SRP109785	SRS2297442	0.993	0.755	6.832	0.804	0.900	0.943	1531.36	49348	73132.4	1741
SRX2935268	Sperm	Sperm	NA	Sperm_CTRL_4	SRP109785	SRS2297443	0.993	0.751	7.088	0.812	0.896	0.945	1447.3	45233	72694.12	1712
SRX2935269	Sperm	Sperm	NA	Sperm_CTRL_5	SRP109785	SRS2297444	0.994	0.773	7.833	0.824	0.891	0.946	1637.94	55448	62774.12	2236
SRX2935270	Sperm	Sperm	NA	Sperm_CTRL_6	SRP109785	SRS2297445	0.994	0.772	6.851	0.825	0.890	0.943	1627.39	55722	89688.09	1670
SRX2935271	Sperm	Sperm	NA	Sperm_PCE_1	SRP109785	SRS2297446	0.995	0.764	6.495	0.822	0.895	0.943	1630.98	59696	81834.12	1839
SRX2935272	Sperm	Sperm	NA	Sperm_PCE_2	SRP109785	SRS2297447	0.995	0.772	5.859	0.819	0.894	0.937	1631.62	59230	84308.92	1805
SRX2935273	Sperm	Sperm	NA	Sperm_PCE_3	SRP109785	SRS2297448	0.995	0.778	5.426	0.830	0.898	0.932	1684.54	56971	92684.37	1562
SRX2935274	Sperm	Sperm	NA	Sperm_PCE_4	SRP109785	SRS2297449	0.995	0.788	5.123	0.818	0.892	0.926	1701.93	60289	123000.63	1379
SRX2935275	Sperm	Sperm	NA	Sperm_PCE_5	SRP109785	SRS2297450	0.995	0.785	4.626	0.803	0.885	0.918	1718.44	59194	111364.41	1551
SRX2935276	Sperm	Sperm	NA	Sperm_PCE_6	SRP109785	SRS2297451	0.995	0.792	5.607	0.824	0.894	0.931	1704.36	60322	93479.97	1706
SRX2938552	Spleen	naive B cells	spleen	nave splenic B cells	SRP109867	SRS2300167	0.997	0.808	8.601	0.745	0.776	0.949	1070.45	49905	15317.97	1793
SRX2938553	Spleen	naive B cells	spleen	nave splenic B cells	SRP109867	SRS2300166	0.997	0.809	8.681	0.738	0.678	0.949	1061.1	50006	14381.86	1995
SRX2938554	Spleen	naive B cells	spleen	nave splenic B cells	SRP109867	SRS2300168	0.997	0.800	10.767	0.738	0.697	0.956	1024.06	51793	14157.19	1840
SRX2938555	Spleen	naive B cells	spleen	nave splenic B cells	SRP109867	SRS2300169	0.997	0.810	11.472	0.741	0.740	0.955	1008.29	53108	9356.08	3239
SRX2938556	Spleen	naive B cells	spleen	nave splenic B cells	SRP109867	SRS2300170	0.997	0.802	10.494	0.745	0.702	0.954	1037.53	50431	14764.82	1868
SRX2938557	Spleen	naive B cells	spleen	nave splenic B cells	SRP109867	SRS2300171	0.997	0.806	10.521	0.731	0.695	0.954	1047.01	50366	15377.73	1834
SRX2958737	in-vitro DN2	NA	NA	in-vitro DN2 cells	SRP094653	SRS2315869	0.994	0.817	13.987	0.782	0.711	0.953	983.53	46138	6956.01	2827
SRX2958738	in-vitro DN2	NA	NA	in-vitro DN2 cells	SRP094653	SRS2315870	0.995	0.826	9.285	0.786	0.262	0.952	1082.01	40144	11375.39	1255
SRX2978481	Bone Marrow	NA	Bone Marrow	NA	SRP110902	SRS2332400	0.984	0.643	15.580	0.732	0.886	0.948	1181.23	53790	13795.59	2204
SRX2978482	Bone Marrow	NA	Bone Marrow	NA	SRP110902	SRS2332402	0.983	0.675	9.599	0.761	0.942	0.929	1304.51	50003	20839.86	1541
SRX2978483	Bone Marrow	NA	Bone Marrow	NA	SRP110902	SRS2332403	0.985	0.741	12.366	0.758	0.935	0.952	1046.05	51744	12407.07	1363
SRX2978484	Bone Marrow	NA	Bone Marrow	NA	SRP110902	SRS2332405	0.986	0.735	11.188	0.760	0.938	0.954	1059.46	51189	11665.69	1501
SRX2978485	Bone Marrow	NA	Bone Marrow	NA	SRP110902	SRS2332404	0.986	0.714	15.814	0.725	0.869	0.941	1018.53	42041	10492.27	1227
SRX2978486	Bone Marrow	NA	Bone Marrow	NA	SRP110902	SRS2332406	0.982	0.680	14.925	0.722	0.875	0.946	1043.5	40939	10021.24	1227
SRX2978487	Bone Marrow	NA	Bone Marrow	NA	SRP110902	SRS2332407	0.983	0.712	9.135	0.760	0.945	0.926	1124.2	37731	14270.34	787
SRX2978488	Bone Marrow	NA	Bone Marrow	NA	SRP110902	SRS2332408	0.986	0.637	15.350	0.721	0.861	0.941	1197.25	50720	14063.37	1857
SRX2978489	Bone Marrow	NA	Bone Marrow	NA	SRP110902	SRS2332409	0.984	0.713	10.558	0.767	0.945	0.926	1065.4	46494	15173.58	854
SRX2978490	Bone Marrow	NA	Bone Marrow	NA	SRP110902	SRS2332410	0.985	0.709	8.542	0.781	0.939	0.943	1168.03	40172	14389.78	897
SRX2986674	Organ Of Corti	NA	organ of corti	NA	SRP111167	SRS2339040	0.994	0.746	6.811	0.987	1.000	0.925	1292.41	47964	13425.61	1502
SRX2986676	Organ Of Corti	NA	organ of corti	NA	SRP111167	SRS2339041	0.998	0.785	8.469	0.989	1.000	0.910	1337.75	42484	12609.68	1526
SRX2991415	ESC	NA	NA	embryonic stem cells	SRP111382	SRS2343377	0.991	0.826	4.756	0.744	0.595	0.901	1319.44	27953	49476.4	1219
SRX2991416	ESC	NA	NA	embryonic stem cells	SRP111382	SRS2343375	0.990	0.815	4.713	0.741	0.609	0.903	1317.96	27404	46448.71	1001
SRX2991417	ESC	NA	NA	embryonic stem cells	SRP111382	SRS2343376	0.991	0.813	8.820	0.739	0.419	0.933	1301.14	32063	32594.02	1727
SRX2991418	ESC	NA	NA	embryonic stem cells	SRP111382	SRS2343378	0.996	0.507	4.616	0.739	0.674	0.896	3381.21	30523	60173.1	925
SRX2991419	ESC	NA	NA	embryonic stem cells	SRP111382	SRS2343379	0.996	0.501	4.759	0.737	0.613	0.905	3001.1	33081	57292.45	1031
SRX2991420	ESC	NA	NA	embryonic stem cells	SRP111382	SRS2343380	0.995	0.498	8.209	0.722	0.460	0.932	1919.32	42797	30398.74	1722
SRX2991421	ESC	NA	NA	embryonic stem cells	SRP111382	SRS2343381	0.994	0.756	4.680	0.762	0.623	0.901	1436.97	32620	42089.24	736
SRX2991422	ESC	NA	NA	embryonic stem cells	SRP111382	SRS2343382	0.994	0.746	5.426	0.761	0.602	0.913	1403.65	33127	32275.98	924
SRX2991423	ESC	NA	NA	embryonic stem cells	SRP111382	SRS2343383	0.994	0.743	7.825	0.753	0.478	0.928	1299.03	35544	23638.49	1396
SRX2991435	Whole Testis	NA	whole testis	whole testis	SRP111384	SRS2343392	0.926	0.735	13.672	0.451	0.307	0.959	1521.22	35840	30372.22	1930
SRX2991436	Whole Testis	NA	whole testis	whole testis	SRP111384	SRS2343393	0.940	0.740	15.582	0.568	0.508	0.962	1498.85	39815	20640.87	3512
SRX2991437	Whole Testis	NA	whole testis	whole testis	SRP111384	SRS2343394	0.937	0.731	16.193	0.537	0.337	0.962	1501.4	37419	32760.49	2533
SRX2991438	Whole Testis	NA	whole testis	whole testis	SRP111384	SRS2343395	0.909	0.722	10.017	0.412	0.285	0.951	1554.46	33568	40170.77	1510
SRX2991439	Whole Testis	NA	whole testis	whole testis	SRP111384	SRS2343396	0.942	0.730	17.586	0.550	0.375	0.963	1475.2	42179	28378.41	3160
SRX2991440	Whole Testis	NA	whole testis	whole testis	SRP111384	SRS2343397	0.937	0.725	15.835	0.496	0.321	0.962	1467.81	38117	33079.22	2180
SRX2994074	Neural Progenitor	Neural progenitor cells	NA	cerebral cortex at day 15.5 of embryonic development	SRP111470	SRS2345619	0.996	0.791	15.430	0.820	0.662	0.957	1075.58	66926	8480.42	3419
SRX2994075	Neural Progenitor	Neural progenitor cells	NA	cerebral cortex at day 15.5 of embryonic development	SRP111470	SRS2345620	0.996	0.770	19.547	0.813	0.669	0.959	1030.5	73318	8820.05	3183
SRX2994076	Cortical Neurons	Cortical Neurons	NA	cerebral cortex at day 15.5 of embryonic development	SRP111470	SRS2345621	0.995	0.781	19.526	0.814	0.623	0.961	1039.27	77234	9190.8	3542
SRX2994077	Cortical Neurons	Cortical Neurons	NA	cerebral cortex at day 15.5 of embryonic development	SRP111470	SRS2345622	0.995	0.751	17.086	0.751	0.654	0.959	1033.04	71830	8803.47	2890
SRX299550	Murine bone marrow derived primary HSCs	Murine bone marrow derived primary HSCs	NA	4 month Hematopoietic Stem Cells	SRP025152	SRS439197	0.992	0.827	1.916	0.757	0.413	0.727	1427.31	29730	68015.6	234
SRX299551	Murine bone marrow derived primary HSCs	Murine bone marrow derived primary HSCs	NA	4 month Hematopoietic Stem Cells	SRP025152	SRS439198	0.993	0.826	3.457	0.756	0.213	0.855	1270.92	35861	31269.26	484
SRX299552	Murine bone marrow derived primary HSCs	Murine bone marrow derived primary HSCs	NA	4 month Hematopoietic Stem Cells	SRP025152	SRS439199	0.993	0.829	3.629	0.757	0.199	0.863	1280.62	35622	28960.02	710
SRX299553	Murine bone marrow derived primary HSCs	Murine bone marrow derived primary HSCs	NA	4 month Hematopoietic Stem Cells	SRP025152	SRS439200	0.996	0.787	2.354	0.822	0.856	0.824	1371.18	31847	52852.02	192
SRX299554	Murine bone marrow derived primary HSCs	Murine bone marrow derived primary HSCs	NA	4 month Hematopoietic Stem Cells	SRP025152	SRS439201	0.995	0.797	3.686	0.657	0.860	0.892	1253.77	35694	29590.93	421
SRX299555	Murine bone marrow derived primary HSCs	Murine bone marrow derived primary HSCs	NA	4 month Hematopoietic Stem Cells	SRP025152	SRS439202	0.989	0.800	4.785	0.715	0.835	0.917	1159.84	39594	26278.41	456
SRX299556	Murine bone marrow derived primary HSCs	Murine bone marrow derived primary HSCs	NA	4 month Hematopoietic Stem Cells	SRP025152	SRS439203	0.996	0.788	6.372	0.729	0.808	0.932	1048.41	43756	20573.55	686
SRX299557	Murine bone marrow derived primary HSCs	Murine bone marrow derived primary HSCs	NA	24 month Hematopoietic Stem Cells	SRP025152	SRS439204	0.988	0.828	2.193	0.740	0.454	0.758	1386.68	32435	59234.18	370
SRX299558	Murine bone marrow derived primary HSCs	Murine bone marrow derived primary HSCs	NA	24 month Hematopoietic Stem Cells	SRP025152	SRS439205	0.989	0.830	4.335	0.746	0.249	0.890	1201.59	40119	27531.74	621
SRX299559	Murine bone marrow derived primary HSCs	Murine bone marrow derived primary HSCs	NA	24 month Hematopoietic Stem Cells	SRP025152	SRS439206	0.989	0.831	4.403	0.738	0.249	0.891	1203.15	40017	26677.86	682
SRX299560	Murine bone marrow derived primary HSCs	Murine bone marrow derived primary HSCs	NA	24 month Hematopoietic Stem Cells	SRP025152	SRS439207	0.996	0.803	1.763	0.815	0.850	0.746	1440.58	30263	72716.03	304
SRX299561	Murine bone marrow derived primary HSCs	Murine bone marrow derived primary HSCs	NA	24 month Hematopoietic Stem Cells	SRP025152	SRS439208	0.996	0.804	7.888	0.768	0.737	0.938	987.72	49599	14411.45	1239
SRX299562	Murine bone marrow derived primary HSCs	Murine bone marrow derived primary HSCs	NA	24 month Hematopoietic Stem Cells	SRP025152	SRS439209	0.996	0.803	6.135	0.783	0.769	0.930	1019.64	47751	20694.03	854
SRX3006949	Ectoderm	NA	Ectoderm	Postimplantation embryo	SRP068043	SRS2357382	0.967	0.812	3.039	0.491	0.646	0.858	1596.94	26827	35245.03	688
SRX3006950	Primitive Streak	NA	Primitive streak	postimplantation embryo	SRP068043	SRS2357383	0.973	0.813	2.733	0.443	0.340	0.819	1683.01	24775	40361.92	599
SRX3006951	Mesoderm	NA	Mesoderm	postimplantation embryo	SRP068043	SRS2357384	0.976	0.810	2.416	0.538	0.576	0.808	1670.92	25812	55544.58	495
SRX30078842	Liver	NA	liver	NA	SRP608394	SRS26145253	0.994	0.761	17.452	0.884	0.464	0.963	1180.11	48649	9403.95	3243
SRX30078843	Liver	NA	liver	NA	SRP608394	SRS26145254	0.994	0.761	16.284	0.884	0.475	0.962	1186.28	47477	9581.98	2994
SRX30078844	Liver	NA	liver	NA	SRP608394	SRS26145255	0.994	0.765	18.500	0.887	0.511	0.963	1168.73	49877	9402.57	3294
SRX30078894	Liver	NA	liver	NA	SRP608394	SRS26145305	0.993	0.718	16.400	0.883	0.396	0.966	1154.84	52212	10537.61	2830
SRX30078895	Liver	NA	liver	NA	SRP608394	SRS26145306	0.993	0.726	15.859	0.879	0.339	0.966	1171.5	50665	10219.27	2983
SRX30078896	Liver	NA	liver	NA	SRP608394	SRS26145307	0.993	0.721	18.808	0.881	0.335	0.968	1209.83	49765	10653.64	2869
SRX30078897	Liver	NA	liver	NA	SRP608394	SRS26145308	0.993	0.728	14.286	0.880	0.367	0.964	1332.06	44718	10651.66	2869
SRX30078898	Liver	NA	liver	NA	SRP608394	SRS26145309	0.993	0.728	19.197	0.886	0.354	0.967	1181.18	51772	10044.39	3531
SRX30078899	Liver	NA	liver	NA	SRP608394	SRS26145310	0.993	0.719	15.296	0.870	0.330	0.966	1240.75	46659	10700.06	2900
SRX30078900	Liver	NA	liver	NA	SRP608394	SRS26145311	0.993	0.720	14.850	0.873	0.381	0.965	1236.72	46962	9925.88	2838
SRX30078901	Liver	NA	liver	NA	SRP608394	SRS26145312	0.993	0.722	15.776	0.874	0.341	0.965	1229.72	48742	9870.42	3095
SRX30078902	Liver	NA	liver	NA	SRP608394	SRS26145313	0.994	0.715	19.025	0.875	0.356	0.967	1217.31	50358	10970.03	3046
SRX30078903	Liver	NA	liver	NA	SRP608394	SRS26145315	0.994	0.701	17.786	0.876	0.353	0.966	1186.87	50330	10167.75	3161
SRX30078905	Liver	NA	liver	NA	SRP608394	SRS26145316	0.994	0.719	20.535	0.884	0.428	0.966	1198.46	53649	10506.24	3406
SRX30078910	Liver	NA	liver	NA	SRP608394	SRS26145321	0.994	0.757	18.163	0.887	0.465	0.964	1179.85	48432	9555.19	2921
SRX30078911	Liver	NA	liver	NA	SRP608394	SRS26145322	0.994	0.756	18.198	0.885	0.455	0.963	1216.24	46946	9286.3	3059
SRX30078912	Liver	NA	liver	NA	SRP608394	SRS26145323	0.994	0.758	18.174	0.887	0.478	0.964	1224.35	45652	9812.43	2769
SRX3009968	Limb	NA	limb	NA	SRP013703	SRS1686815	0.997	0.817	14.634	0.847	0.812	0.931	1090.48	48367	8505.69	3779
SRX3009969	Limb	NA	limb	NA	SRP013703	SRS1686814	0.997	0.797	17.439	0.841	0.729	0.932	1046.89	53946	8786.34	3436
SRX3009970	Limb	NA	limb	NA	SRP013703	SRS1686815	0.997	0.814	20.214	0.841	0.776	0.933	1076.7	51883	8474.24	4064
SRX3009971	Limb	NA	limb	NA	SRP013703	SRS1686814	0.997	0.798	14.588	0.843	0.817	0.931	1072.93	50612	8055.33	3915
SRX3010156	Midbrain	NA	midbrain	NA	SRP013703	SRS1686830	0.997	0.808	17.954	0.843	0.746	0.932	1097.03	47886	7453.71	4170
SRX3010157	Midbrain	NA	midbrain	NA	SRP013703	SRS1686831	0.997	0.816	14.565	0.845	0.807	0.931	1121.06	44136	7702.74	3770
SRX3010158	Midbrain	NA	midbrain	NA	SRP013703	SRS1686830	0.997	0.808	11.895	0.846	0.790	0.928	1142.59	43521	7593.2	3613
SRX3010159	Midbrain	NA	midbrain	NA	SRP013703	SRS1686831	0.997	0.816	20.026	0.845	0.769	0.933	1102.0	47329	7657.16	4083
SRX3010164	Heart	NA	heart	NA	SRP013703	SRS1686819	0.997	0.768	13.766	0.841	0.809	0.930	1107.34	41184	7949.72	2984
SRX3010165	Heart	NA	heart	NA	SRP013703	SRS1686819	0.997	0.767	19.640	0.836	0.772	0.933	1052.49	45396	7725.75	3397
SRX3010166	Heart	NA	heart	NA	SRP013703	SRS1686818	0.996	0.752	14.776	0.845	0.810	0.931	1084.57	43116	8213.18	2708
SRX3010167	Heart	NA	heart	NA	SRP013703	SRS1686818	0.996	0.753	19.580	0.845	0.779	0.932	1036.18	46863	8103.93	2907
SRX3010205	Forebrain	NA	forebrain	NA	SRP013703	SRS1686825	0.997	0.817	13.803	0.850	0.825	0.930	1128.79	45804	7432.67	4280
SRX3010206	Forebrain	NA	forebrain	NA	SRP013703	SRS1686826	0.997	0.821	15.131	0.849	0.805	0.931	1124.42	45322	7632.17	4037
SRX3010207	Forebrain	NA	forebrain	NA	SRP013703	SRS1686826	0.997	0.819	20.404	0.848	0.777	0.933	1098.79	48766	7729.7	4169
SRX3010208	Forebrain	NA	forebrain	NA	SRP013703	SRS1686825	0.997	0.816	20.669	0.845	0.784	0.933	1099.08	49967	7645.75	4339
SRX3010259	Embryonic Facial Prominence	NA	embryonic facial prominence	NA	SRP013703	SRS1686800	0.996	0.803	19.405	0.845	0.786	0.932	1096.84	48210	8216.1	3732
SRX3010260	Embryonic Facial Prominence	NA	embryonic facial prominence	NA	SRP013703	SRS1686799	0.997	0.812	14.113	0.846	0.796	0.931	1124.96	44494	8083.16	3721
SRX3010261	Embryonic Facial Prominence	NA	embryonic facial prominence	NA	SRP013703	SRS1686800	0.997	0.808	29.333	0.778	0.696	0.933	1091.44	52337	8215.7	4122
SRX3010262	Embryonic Facial Prominence	NA	embryonic facial prominence	NA	SRP013703	SRS1686799	0.997	0.810	19.517	0.846	0.765	0.933	1100.09	47812	8095.14	4118
SRX3010266	Hindbrain	NA	hindbrain	NA	SRP013703	SRS1686812	0.997	0.815	20.812	0.846	0.765	0.933	1095.19	47046	7962.76	4025
SRX3010267	Hindbrain	NA	hindbrain	NA	SRP013703	SRS1686812	0.997	0.813	13.956	0.844	0.806	0.931	1127.55	42874	8213.52	3502
SRX3010268	Hindbrain	NA	hindbrain	NA	SRP013703	SRS1686813	0.996	0.810	19.188	0.845	0.791	0.933	1095.95	47607	8038.46	3948
SRX3010269	Hindbrain	NA	hindbrain	NA	SRP013703	SRS1686813	0.997	0.809	25.650	0.840	0.748	0.934	1085.56	50561	8153.25	3958
SRX3029225	SVZ-derived neural stem / progenitor	NA	SVZ-derived neural stem / progenitor cells	Aged_BS_Rep3	SRP113409	SRS2378142	0.999	0.725	1.463	0.717	0.782	0.705	1682.89	22253	66855.4	216
SRX3038083	MEF	MEF	NA	MethylCseq_MEF	SRP113606	SRS2386522	0.996	0.722	26.119	0.817	0.901	0.930	1053.82	43834	13326.36	2308
SRX3038084	day3 MEF reprogramming intermediates	day3 MEF reprogramming intermediates	NA	MethylCseq_day3_SSEA1+	SRP113606	SRS2386523	0.996	0.717	25.214	0.802	0.882	0.930	1097.45	41949	19120.86	2699
SRX3038085	day6 MEF reprogramming intermediates	day6 MEF reprogramming intermediates	NA	MethylCseq_day6_SSEA1+	SRP113606	SRS2386525	0.996	0.730	24.461	0.802	0.892	0.929	1152.72	38644	30645.76	4283
SRX3038086	day9 MEF reprogramming intermediates	day9 MEF reprogramming intermediates	NA	MethylCseq_day9_SSEA1+	SRP113606	SRS2386524	0.996	0.744	19.195	0.757	0.816	0.922	1162.95	35896	38514.23	4338
SRX3038087	day12 MEF reprogramming intermediates	day12 MEF reprogramming intermediates	NA	MethylCseq_day12_SSEA1+	SRP113606	SRS2386526	0.996	0.747	24.390	0.797	0.878	0.929	1292.68	37396	94216.35	4595
SRX3038088	MEF derived induced pluripotent stem cell	MEF derived induced pluripotent stem cells	NA	MethylCseq_IPSC_GFP+	SRP113606	SRS2386528	0.994	0.692	24.084	0.795	0.844	0.929	1301.38	52643	14561.04	4093
SRX305008	ESC	mouse embryonic stem cells	NA	mouse embryonic stem cells	SRP025993	SRS444332	0.986	0.705	5.680	0.639	0.801	0.854	1547.41	35873	29678.59	1052
SRX305009	ESC	mouse embryonic stem cells	NA	mouse embryonic stem cells	SRP025993	SRS444333	0.986	0.674	6.835	0.649	0.786	0.859	1515.58	38453	32496.8	946
SRX305016	ESC	mouse embryonic stem cells	NA	mouse embryonic stem cells	SRP025996	SRS444340	0.990	0.650	10.631	0.617	0.915	0.905	1512.31	45176	22596.95	3273
SRX305017	ESC	mouse embryonic stem cells	NA	mouse embryonic stem cells	SRP025996	SRS444341	0.988	0.693	7.630	0.615	0.900	0.897	1450.35	37890	38162.02	1734
SRX305018	ESC	mouse embryonic stem cells	NA	mouse embryonic stem cells	SRP025996	SRS444342	0.988	0.680	3.104	0.701	0.905	0.852	1917.95	30705	81876.88	858
SRX305019	ESC	mouse embryonic stem cells	NA	mouse embryonic stem cells	SRP025996	SRS444343	0.995	0.056	9.045	0.626	0.920	0.901	163405.92	1750	1694983.06	254
SRX305020	ESC	mouse embryonic stem cells	NA	mouse embryonic stem cells	SRP025996	SRS444344	0.994	0.065	4.746	0.622	0.924	0.874	917709.75	4	3922255.19	58
SRX305021	ESC	mouse embryonic stem cells	NA	mouse embryonic stem cells	SRP025996	SRS444345	0.994	0.075	2.881	0.698	0.920	0.838	949990.5	2	5287819.28	40
SRX30618311	Spleen	cDC1	Spleen	Spleen	SRP624277	SRS26643182	0.997	0.868	11.929	0.982	0.989	0.912	1137.56	53550	14642.06	1743
SRX30618312	Spleen	cDC1	Spleen	Spleen	SRP624277	SRS26643184	0.997	0.864	12.726	0.982	0.989	0.923	1124.02	53288	7634.19	3727
SRX30618313	Spleen	cDC1	Spleen	Spleen	SRP624277	SRS26643187	0.997	0.871	13.191	0.983	0.990	0.919	1095.6	56045	8416.96	3158
SRX30618314	Spleen	cDC1	Spleen	Spleen	SRP624277	SRS26643186	0.997	0.869	11.697	0.982	0.988	0.909	1133.01	52209	14158.55	1800
SRX30618315	Spleen	cDC1	Spleen	Spleen	SRP624277	SRS26643183	0.997	0.863	12.617	0.983	0.989	0.936	1054.74	58891	7943.43	3986
SRX30618316	Spleen	cDC1	Spleen	Spleen	SRP624277	SRS26643185	0.995	0.869	12.436	0.981	0.988	0.906	1156.41	53108	13776.55	2020
SRX30618317	Spleen	cDC1	Spleen	Spleen	SRP624277	SRS26643188	0.995	0.873	10.575	0.980	0.985	0.895	1171.95	49129	13542.12	1988
SRX30618318	Spleen	cDC1	Spleen	Spleen	SRP624277	SRS26643189	0.995	0.873	12.714	0.981	0.988	0.906	1126.79	54753	14060.2	1987
SRX30618319	Spleen	cDC1	Spleen	Spleen	SRP624277	SRS26643191	0.995	0.873	12.712	0.982	0.989	0.907	1139.13	52666	7374.03	4023
SRX30618320	Spleen	cDC1	Spleen	Spleen	SRP624277	SRS26643190	0.997	0.870	11.652	0.982	0.989	0.911	1141.51	52096	14727.12	1648
SRX30618321	Spleen	cDC1	Spleen	Spleen	SRP624277	SRS26643192	0.997	0.871	11.985	0.982	0.989	0.914	1141.51	52903	14203.56	1988
SRX30618322	Spleen	cDC1	Spleen	Spleen	SRP624277	SRS26643193	0.997	0.874	12.040	0.983	0.989	0.912	1134.36	53429	13689.6	2166
SRX3100179	ESC	mESCs	NA	Met-seq of Eed /-mESC	SRP115607	SRS2436218	0.989	0.695	8.998	0.697	0.758	0.874	1512.45	42234	26662.22	2220
SRX3100182	ESC	mESCs	NA	Met-seq of TetWT mESC	SRP115607	SRS2436221	0.991	0.672	2.044	0.755	0.629	0.731	2485.3	28848	234879.61	315
SRX3100183	ESC	mESCs	NA	Met-seq of Tet TKO mESC	SRP115607	SRS2436222	0.991	0.755	2.401	0.715	0.805	0.708	1529.64	25018	118673.42	358
SRX3100184	ESC	mESCs	NA	Met-seq of Tet/Eed QKO mESC	SRP115607	SRS2436223	0.990	0.601	3.645	0.629	0.808	0.731	2232.29	21607	64702.15	234
SRX31298575	HT22	NA	not applicable	NA	SRP650483	SRS27275522	0.967	0.615	16.496	0.795	0.548	0.945	10806.25	70524	549443.3	2454
SRX31298576	HT22	NA	not applicable	NA	SRP650483	SRS27275523	0.976	0.562	17.020	0.803	0.690	0.944	11001.93	68879	424600.62	3108
SRX31363363	ESC	NA	NA	mESC	SRP651858	SRS27337215	0.995	0.013	9.796	0.769	0.505	0.953	1354762.0	1	33913194.5	4
SRX31363364	ESC	NA	NA	mESC	SRP651858	SRS27337216	0.995	0.013	8.505	0.754	0.509	0.950	0.0	0	35350572.0	1
SRX31363365	ESC	NA	NA	mESC	SRP651858	SRS27337217	0.995	0.012	8.648	0.753	0.461	0.948	0.0	0	34134409.67	3
SRX31363366	ESC	NA	NA	mESC	SRP651858	SRS27337218	0.995	0.014	8.462	0.731	0.455	0.947	0.0	0	22379612.0	1
SRX31363367	ESC	NA	NA	mESC	SRP651858	SRS27337220	0.995	0.488	8.641	0.759	0.534	0.950	1806.79	51975	39143.29	1453
SRX31363368	ESC	NA	NA	mESC	SRP651858	SRS27337219	0.994	0.486	8.808	0.772	0.507	0.950	1802.2	51396	34387.28	1867
SRX31363369	ESC	NA	NA	mESC	SRP651858	SRS27337221	0.994	0.465	7.650	0.759	0.468	0.945	2089.15	51099	43099.67	1872
SRX31363370	ESC	NA	NA	mESC	SRP651858	SRS27337222	0.995	0.460	10.706	0.743	0.495	0.949	1771.79	58957	31369.76	2210
SRX3142662	Cortex	NA	NA	Cortex	SRP116373	SRS2475266	0.993	0.725	10.562	0.792	0.895	0.946	1202.89	49101	13154.3	1393
SRX3142663	Cortex	NA	NA	Cortex	SRP116373	SRS2475267	0.988	0.734	12.255	0.733	0.774	0.949	1205.97	38987	8414.3	3093
SRX3142664	Cortex	NA	NA	Cortex	SRP116373	SRS2475268	0.984	0.753	11.549	0.745	0.803	0.948	1210.04	38523	9581.38	2807
SRX3142665	Hippocampus	NA	NA	Hippocampus	SRP116373	SRS2475269	0.993	0.717	9.220	0.771	0.856	0.943	1239.03	54290	14947.78	1255
SRX3142666	Hippocampus	NA	NA	Hippocampus	SRP116373	SRS2475270	0.990	0.715	13.449	0.730	0.808	0.950	1175.27	51992	9313.2	2780
SRX3142667	Hippocampus	NA	NA	Hippocampus	SRP116373	SRS2475272	0.987	0.738	12.477	0.729	0.822	0.949	1171.42	46678	9355.76	2978
SRX3142668	Cortex	NA	NA	Cortex	SRP116373	SRS2475271	0.984	0.695	32.886	0.591	0.765	0.957	1154.89	32712	9049.7	1639
SRX3142669	Cortex	NA	NA	Cortex	SRP116373	SRS2475274	0.981	0.492	4.313	0.330	0.184	0.711	1734.57	23647	24349.9	187
SRX3142670	Cortex	NA	NA	Cortex	SRP116373	SRS2475273	0.994	0.621	21.553	0.541	0.715	0.953	1312.09	54910	9425.12	2068
SRX3142671	Cortex	NA	NA	Cortex	SRP116373	SRS2475275	0.992	0.555	10.820	0.466	0.504	0.945	1410.83	44077	13174.51	1300
SRX3142672	Cortex	NA	NA	Cortex	SRP116373	SRS2475276	0.992	0.699	7.823	0.761	0.724	0.938	1261.24	35884	13305.59	1032
SRX3142673	Cortex	NA	NA	Cortex	SRP116373	SRS2475277	0.991	0.700	8.220	0.778	0.607	0.940	1242.89	35794	13101.5	1117
SRX3142674	Cortex	NA	NA	Cortex	SRP116373	SRS2475278	0.973	0.792	12.453	0.775	0.724	0.946	1262.77	67969	18387.51	4753
SRX3142675	Cortex	NA	NA	Cortex	SRP116373	SRS2475279	0.968	0.810	8.743	0.773	0.821	0.941	1220.74	61308	28916.49	3283
SRX3142676	Cortex	NA	NA	Cortex	SRP116373	SRS2475280	0.968	0.812	8.738	0.776	0.824	0.941	1225.01	60497	28672.72	3325
SRX3142677	Cortex	NA	NA	Cortex	SRP116373	SRS2475282	0.993	0.726	16.310	0.782	0.704	0.951	1115.12	53211	8668.2	2692
SRX3142678	Cortex	NA	NA	Cortex	SRP116373	SRS2475281	0.979	0.780	10.195	0.796	0.831	0.938	1182.62	57618	19199.39	2017
SRX3142679	Cortex	NA	NA	Cortex	SRP116373	SRS2475283	0.978	0.782	11.093	0.772	0.802	0.945	1163.53	60471	19903.65	2080
SRX3142680	Cortex	NA	NA	Cortex	SRP116373	SRS2475284	0.975	0.801	7.930	0.779	0.804	0.939	1160.22	55422	17719.94	2103
SRX3142681	Cortex	NA	NA	Cortex	SRP116373	SRS2475285	0.975	0.803	8.143	0.786	0.840	0.938	1163.64	55546	17284.37	2245
SRX3144957	Cerebral Cortex	NA	Cerebral cortex	Cerebral cortex	SRP116554	SRS2477230	0.971	0.766	4.193	0.791	0.549	0.838	1341.73	27351	34633.63	368
SRX3144958	Cerebral Cortex	NA	Cerebral cortex	Cerebral cortex	SRP116554	SRS2477231	0.970	0.767	3.874	0.837	0.553	0.819	1344.41	27328	40521.71	233
SRX3144959	Cerebral Cortex	NA	Cerebral cortex	Cerebral cortex	SRP116554	SRS2477232	0.969	0.769	4.465	0.839	0.519	0.839	1347.11	28491	34845.98	414
SRX3144960	Cerebral Cortex	NA	Cerebral cortex	Cerebral cortex	SRP116554	SRS2477233	0.971	0.741	5.935	0.827	0.628	0.904	1310.23	34160	24348.78	673
SRX3144961	Cerebral Cortex	NA	Cerebral cortex	Cerebral cortex	SRP116554	SRS2477234	0.970	0.765	3.064	0.801	0.508	0.754	1434.91	28294	58856.75	302
SRX3144962	Cerebral Cortex	NA	Cerebral cortex	Cerebral cortex	SRP116554	SRS2477235	0.969	0.767	3.657	0.816	0.498	0.791	1392.57	29377	51660.07	249
SRX3144963	Cerebral Cortex	NA	Cerebral cortex	Cerebral cortex	SRP116554	SRS2477236	0.970	0.772	4.030	0.834	0.579	0.818	1339.49	28971	45233.95	239
SRX3144964	Cerebral Cortex	NA	Cerebral cortex	Cerebral cortex	SRP116554	SRS2477237	0.968	0.758	4.120	0.796	0.531	0.829	1366.3	28564	38803.19	430
SRX3144965	Cerebral Cortex	NA	Cerebral cortex	Cerebral cortex	SRP116554	SRS2477238	0.972	0.762	3.984	0.857	0.573	0.832	1359.62	28262	41351.14	328
SRX3144966	Cerebral Cortex	NA	Cerebral cortex	Cerebral cortex	SRP116554	SRS2477239	0.970	0.733	6.439	0.812	0.688	0.906	1312.28	32766	22869.64	747
SRX3144967	Cerebral Cortex	NA	Cerebral cortex	Cerebral cortex	SRP116554	SRS2477240	0.968	0.776	3.504	0.811	0.444	0.786	1381.69	27281	43253.86	307
SRX3144968	Cerebral Cortex	NA	Cerebral cortex	Cerebral cortex	SRP116554	SRS2477242	0.971	0.766	3.226	0.817	0.492	0.777	1426.11	29729	67835.65	124
SRX3144969	Cerebral Cortex	NA	Cerebral cortex	Cerebral cortex	SRP116554	SRS2477241	0.965	0.763	3.830	0.666	0.499	0.825	1373.35	27524	38317.66	358
SRX3144970	Cerebral Cortex	NA	Cerebral cortex	Cerebral cortex	SRP116554	SRS2477243	0.971	0.770	3.596	0.805	0.566	0.817	1370.98	27396	45551.94	240
SRX3144971	Cerebral Cortex	NA	Cerebral cortex	Cerebral cortex	SRP116554	SRS2477244	0.963	0.765	3.970	0.715	0.479	0.818	1368.1	27064	46623.46	196
SRX3144972	Cerebral Cortex	NA	Cerebral cortex	Cerebral cortex	SRP116554	SRS2477246	0.970	0.742	5.591	0.822	0.696	0.895	1323.79	30562	20410.43	724
SRX3144973	Cerebral Cortex	NA	Cerebral cortex	Cerebral cortex	SRP116554	SRS2477245	0.968	0.767	2.743	0.804	0.502	0.740	1457.81	27115	62769.7	212
SRX3144974	Cerebral Cortex	NA	Cerebral cortex	Cerebral cortex	SRP116554	SRS2477247	0.970	0.765	2.970	0.802	0.442	0.758	1447.59	29414	70114.68	214
SRX3144975	Cerebral Cortex	NA	Cerebral cortex	Cerebral cortex	SRP116554	SRS2477249	0.972	0.763	3.964	0.832	0.599	0.834	1388.04	30663	38654.38	486
SRX3144976	Cerebral Cortex	NA	Cerebral cortex	Cerebral cortex	SRP116554	SRS2477248	0.970	0.773	5.051	0.811	0.437	0.849	1313.04	28341	28129.72	474
SRX3144977	Cerebral Cortex	NA	Cerebral cortex	Cerebral cortex	SRP116554	SRS2477251	0.971	0.770	4.398	0.854	0.549	0.830	1338.31	28726	36641.58	355
SRX3144978	Cerebral Cortex	NA	Cerebral cortex	Cerebral cortex	SRP116554	SRS2477252	0.971	0.738	6.361	0.828	0.653	0.903	1293.02	35986	26299.22	680
SRX3144979	Cerebral Cortex	NA	Cerebral cortex	Cerebral cortex	SRP116554	SRS2477250	0.967	0.776	3.273	0.806	0.356	0.765	1438.65	27666	52494.3	271
SRX3144980	Cerebral Cortex	NA	Cerebral cortex	Cerebral cortex	SRP116554	SRS2477253	0.969	0.770	2.961	0.824	0.467	0.757	1445.29	28935	59309.57	305
SRX31456744	Hepatocytes	Hepatocytes	NA	Hepatocytes	SRP654893	SRS27439936	0.988	0.726	19.448	0.719	0.749	0.961	970.54	64758	8865.17	3533
SRX31456745	Hepatocytes	Hepatocytes	NA	Hepatocytes	SRP654893	SRS27439937	0.989	0.717	23.134	0.775	0.777	0.962	1122.32	59362	9680.77	3011
SRX31456746	Hepatocytes	Hepatocytes	NA	Hepatocytes	SRP654893	SRS27439935	0.987	0.723	21.568	0.714	0.765	0.963	1060.25	63984	9354.24	3517
SRX31456747	Hepatocytes	Hepatocytes	NA	Hepatocytes	SRP654893	SRS27439938	0.989	0.715	20.712	0.712	0.703	0.963	993.17	64468	9003.03	3541
SRX31456748	Hepatocytes	Hepatocytes	NA	Hepatocytes	SRP654893	SRS27439939	0.989	0.722	21.349	0.736	0.728	0.961	954.23	66875	9132.05	3753
SRX31456749	Hepatocytes	Hepatocytes	NA	Hepatocytes	SRP654893	SRS27439941	0.989	0.731	22.327	0.777	0.737	0.963	963.02	73065	9090.25	4167
SRX31456750	Hepatocytes	Hepatocytes	NA	Hepatocytes	SRP654893	SRS27439940	0.986	0.735	23.162	0.796	0.754	0.963	958.95	67950	9284.66	3607
SRX31456751	Hepatocytes	Hepatocytes	NA	Hepatocytes	SRP654893	SRS27439942	0.986	0.737	24.270	0.800	0.779	0.964	995.25	71196	9549.9	3625
SRX31456752	Hepatocytes	Hepatocytes	NA	Hepatocytes	SRP654893	SRS27439944	0.988	0.724	20.426	0.749	0.741	0.962	984.49	62534	8832.42	3321
SRX31456753	Hepatocytes	Hepatocytes	NA	Hepatocytes	SRP654893	SRS27439943	0.988	0.717	21.130	0.727	0.749	0.962	1022.85	66349	9236.28	3493
SRX314944	Brain (Frontal Cortex)	NA	brain (frontal cortex)	Frontal cortex from fetal mouse brain	SRP026048	SRS452416	0.995	0.826	12.806	0.751	0.785	0.906	1153.78	53074	8395.48	3411
SRX314945	Brain (Frontal Cortex)	NA	brain (frontal cortex)	Frontal cortex from 1 week old male mouse brain	SRP026048	SRS452417	0.995	0.768	12.042	0.873	0.880	0.919	1188.46	67104	9744.66	3085
SRX314946	Brain (Frontal Cortex)	NA	brain (frontal cortex)	Frontal cortex from 2 week old male mouse brain	SRP026048	SRS452418	0.988	0.744	24.861	0.769	0.790	0.925	1104.56	46642	8258.54	3349
SRX314947	Brain (Frontal Cortex)	NA	brain (frontal cortex)	Frontal cortex from 4 week old male mouse brain	SRP026048	SRS452419	0.976	0.768	25.672	0.719	0.769	0.926	1110.88	43926	9826.19	3315
SRX314948	Brain (Frontal Cortex)	NA	brain (frontal cortex)	Frontal cortex from 6 week old male mouse brain	SRP026048	SRS452420	0.980	0.775	23.397	0.699	0.780	0.926	1121.65	42410	9511.42	3788
SRX314949	Brain (Frontal Cortex)	NA	brain (frontal cortex)	Frontal cortex from 10 week old male mouse brain	SRP026048	SRS452421	0.982	0.749	16.168	0.773	0.909	0.919	1144.51	43474	9234.32	3457
SRX314950	Brain (Frontal Cortex)	NA	brain (frontal cortex)	Frontal cortex from 22 month old male mouse brain	SRP026048	SRS452422	0.982	0.770	21.323	0.760	0.879	0.923	1118.87	44666	9299.74	3670
SRX314951	Brain (Frontal Cortex)	NA	brain (frontal cortex)	NeuN+ nuclei isolated from frontal cortex from 7 week old male mouse brain	SRP026048	SRS452423	0.973	0.834	15.578	0.792	0.706	0.918	1383.24	73359	18448.82	4795
SRX314952	Brain (Frontal Cortex)	NA	brain (frontal cortex)	NeuN-nuclei isolated from frontal cortex from 7 week old male mouse brain	SRP026048	SRS452424	0.991	0.780	18.570	0.812	0.783	0.921	1106.82	37988	9846.69	2704
SRX314953	Brain (Frontal Cortex)	NA	brain (frontal cortex)	NeuN+ nuclei isolated from frontal cortex from 6 week old female mouse brain	SRP026048	SRS452425	0.974	0.819	10.385	0.842	0.853	0.914	1380.8	65982	16912.26	4423
SRX314954	Brain (Frontal Cortex)	NA	brain (frontal cortex)	NeuN-nuclei isolated from frontal cortex from 6 week old female mouse brain	SRP026048	SRS452426	0.992	0.765	5.622	0.835	0.874	0.899	1318.83	30465	15385.83	804
SRX314955	Brain (Frontal Cortex)	NA	brain (frontal cortex)	NeuN+ nuclei isolated from frontal cortex from 12 month old female mouse brain	SRP026048	SRS452427	0.974	0.826	14.230	0.829	0.836	0.917	1389.7	70929	16611.31	4770
SRX314956	Brain (Frontal Cortex)	NA	brain (frontal cortex)	NeuN-nuclei isolated from frontal cortex from 12 month old female mouse brain	SRP026048	SRS452428	0.992	0.781	9.999	0.839	0.849	0.914	1128.37	46982	9018.87	2595
SRX314957	Brain (Frontal Cortex)	NA	brain (frontal cortex)	Glial cells (S100b-eGFP+) isolated from frontal cortex of 7 week old make mouse brain	SRP026048	SRS452429	0.991	0.730	37.558	0.725	0.801	0.923	1005.97	68483	9550.22	2601
SRX314958	Brain (Frontal Cortex)	NA	brain (frontal cortex)	Frontal cortex from 8 week old Tet2-/-mouse brain	SRP026048	SRS452430	0.984	0.782	22.125	0.758	0.857	0.923	1120.49	40874	9631.35	3451
SRX3159716	Bone Marrow	cultured primary cells (short term)	bone marrow	bone marrow	SRP117079	SRS2490850	0.999	0.705	27.861	0.714	0.396	0.951	882.03	53411	8396.45	2283
SRX3159717	Bone Marrow	cultured primary cells (short term)	bone marrow	bone marrow	SRP117079	SRS2490851	0.998	0.707	28.086	0.705	0.497	0.952	866.67	55365	8234.08	2341
SRX3159718	Bone Marrow	cultured primary cells (short term)	bone marrow	bone marrow	SRP117079	SRS2490852	0.997	0.695	22.665	0.747	0.358	0.952	876.74	51496	7682.51	2321
SRX3159719	Bone Marrow	cultured primary cells (short term)	bone marrow	bone marrow	SRP117079	SRS2490853	0.998	0.693	59.216	0.738	0.836	0.968	874.63	61548	8946.04	2677
SRX3159720	Bone Marrow	cultured primary cells (short term)	bone marrow	bone marrow	SRP117079	SRS2490854	0.998	0.680	34.658	0.821	0.711	0.960	983.01	55144	10195.54	2875
SRX3159721	Embryo (Inner Cell Mass)	low passage (p<10)	embryo (inner cell mass)	embryo (inner cell mass)	SRP117079	SRS2490855	0.998	0.296	32.911	0.743	0.437	0.950	3052.18	50672	128414.73	2034
SRX3159722	Bone Marrow	cultured primary cells (short term)	bone marrow	bone marrow	SRP117079	SRS2490857	0.999	0.704	19.739	0.723	0.248	0.948	886.02	51029	7993.88	2286
SRX3159723	Bone Marrow	cultured primary cells (short term)	bone marrow	bone marrow	SRP117079	SRS2490856	0.998	0.700	21.127	0.673	0.294	0.945	861.6	52862	7271.69	2607
SRX3159724	Bone Marrow	cultured primary cells (short term)	bone marrow	bone marrow	SRP117079	SRS2490858	0.999	0.690	20.029	0.754	0.258	0.951	884.03	50585	7743.69	2170
SRX3159725	Bone Marrow	cultured primary cells (short term)	bone marrow	bone marrow	SRP117079	SRS2490859	0.997	0.671	48.681	0.729	0.826	0.965	899.31	65485	9732.14	3699
SRX3159726	Bone Marrow	cultured primary cells (short term)	bone marrow	bone marrow	SRP117079	SRS2490861	0.998	0.632	31.684	0.817	0.688	0.957	1090.35	54915	13492.67	4176
SRX3159727	Embryo (Inner Cell Mass)	low passage (p<10)	embryo (inner cell mass)	embryo (inner cell mass)	SRP117079	SRS2490860	0.999	0.286	21.064	0.753	0.245	0.946	3594.2	43290	165143.88	1722
SRX31645992	EpiLC	EpiLC	NA	EpiLC	SRP658837	SRS27620250	0.975	0.560	28.719	0.854	0.702	0.965	1406.49	45711	29824.41	4572
SRX31645993	EpiLC	EpiLC	NA	EpiLC	SRP658837	SRS27620251	0.975	0.556	26.189	0.852	0.693	0.965	1399.94	45096	29059.95	4517
SRX31645994	ESC	mESC	NA	mESC	SRP658837	SRS27620252	0.979	0.289	27.829	0.861	0.721	0.965	4824.59	49817	762380.4	93
SRX31645995	ESC	mESC	NA	mESC	SRP658837	SRS27620253	0.979	0.288	26.807	0.856	0.711	0.964	4787.78	49633	850136.14	57
SRX31645996	EpiLC	EpiLC	NA	EpiLC	SRP658837	SRS27620254	0.975	0.667	26.419	0.867	0.713	0.964	1281.37	42812	17197.86	3704
SRX31645997	EpiLC	EpiLC	NA	EpiLC	SRP658837	SRS27620255	0.975	0.670	27.464	0.861	0.690	0.965	1284.69	42641	16905.37	3961
SRX31645998	ESC	mESC	NA	mESC	SRP658837	SRS27620256	0.979	0.267	27.398	0.858	0.706	0.964	4795.59	46147	1045626.82	22
SRX31645999	ESC	mESC	NA	mESC	SRP658837	SRS27620257	0.979	0.265	27.883	0.861	0.699	0.965	4852.24	45868	1041475.63	19
SRX31718744	Testis	NA	testis	testis	SRP660463	SRS27687566	0.984	0.703	24.401	0.846	0.735	0.966	1180.61	50614	9473.99	2911
SRX31718745	Testis	NA	testis	testis	SRP660463	SRS27687568	0.984	0.701	22.186	0.836	0.740	0.965	1176.61	54300	9345.81	2898
SRX31718746	Testis	NA	testis	testis	SRP660463	SRS27687567	0.983	0.702	22.939	0.838	0.696	0.966	1210.04	44387	10094.81	2710
SRX31718747	Testis	NA	testis	testis	SRP660463	SRS27687569	0.982	0.709	23.192	0.834	0.751	0.966	1206.39	46700	10553.85	2928
SRX317868	ESC	embryonic stem cells	NA	ES cells	SRP026536	SRS454846	0.995	0.046	15.550	0.794	0.704	0.915	0.0	0	0.0	0
SRX317869	ESC	embryonic stem cells	NA	ES cells	SRP026536	SRS454847	0.996	0.045	13.800	0.786	0.727	0.913	0.0	0	0.0	0
SRX317870	ESC	embryonic stem cells	NA	ES cells	SRP026536	SRS454848	0.996	0.035	15.486	0.745	0.574	0.919	0.0	0	14485000.0	1
SRX317871	ESC	embryonic stem cells	NA	ES cells	SRP026536	SRS454849	0.996	0.026	6.095	0.753	0.843	0.901	0.0	0	0.0	0
SRX317872	ESC	embryonic stem cells	NA	ES cells	SRP026536	SRS454850	0.995	0.025	6.011	0.752	0.855	0.901	0.0	0	109676347.0	1
SRX317873	ESC	embryonic stem cells	NA	ES cells	SRP026536	SRS454851	0.996	0.025	16.650	0.736	0.667	0.918	0.0	0	14917000.0	2
SRX317874	ESC	embryonic stem cells	NA	ES cells	SRP026536	SRS454852	0.995	0.017	16.187	0.790	0.731	0.913	0.0	0	54702000.0	1
SRX317875	ESC	embryonic stem cells	NA	ES cells	SRP026536	SRS454853	0.996	0.015	15.852	0.785	0.745	0.911	0.0	0	49462814.0	1
SRX317876	ESC	embryonic stem cells	NA	ES cells	SRP026536	SRS454854	0.996	0.014	16.371	0.758	0.680	0.915	0.0	0	14485000.0	1
SRX317877	ESC	embryonic stem cells	NA	ES cells	SRP026536	SRS454855	0.994	0.558	12.599	0.770	0.751	0.912	1486.08	56467	20640.72	3328
SRX317878	ESC	embryonic stem cells	NA	ES cells	SRP026536	SRS454856	0.994	0.557	8.769	0.733	0.675	0.886	1722.13	48985	41947.55	1703
SRX317879	ESC	embryonic stem cells	NA	ES cells	SRP026536	SRS454857	0.994	0.644	16.586	0.722	0.774	0.919	1398.01	60118	12207.51	5444
SRX317880	ESC	embryonic stem cells	NA	ES cells	SRP026536	SRS454858	0.993	0.518	10.268	0.742	0.696	0.908	1811.98	48029	31253.19	2297
SRX317881	ESC	embryonic stem cells	NA	ES cells	SRP026536	SRS454859	0.994	0.506	8.518	0.679	0.647	0.881	2076.93	43001	40261.58	1750
SRX317882	ESC	embryonic stem cells	NA	ES cells	SRP026536	SRS454860	0.995	0.467	17.088	0.716	0.800	0.917	1626.34	51192	15342.81	3954
SRX317883	ESC	embryonic stem cells	NA	ES cells	SRP026536	SRS454861	0.995	0.507	18.201	0.781	0.619	0.915	1303.82	38105	11310.06	2490
SRX317884	ESC	embryonic stem cells	NA	ES cells	SRP026536	SRS454862	0.995	0.515	9.808	0.688	0.645	0.910	1517.25	33701	18053.1	1632
SRX31794513	Primary	primary cell	NA	primary cell	SRP661868	SRS27754226	0.981	0.564	30.559	0.818	0.501	0.959	8389.93	70467	739043.88	2062
SRX31794514	Primary	primary cell	NA	primary cell	SRP661868	SRS27754227	0.981	0.567	19.742	0.814	0.507	0.955	10539.68	50352	774583.59	1934
SRX31794515	Primary	primary cell	NA	primary cell	SRP661868	SRS27754229	0.981	0.556	21.802	0.808	0.465	0.956	10348.91	52145	779391.35	1941
SRX31794516	Primary	primary cell	NA	primary cell	SRP661868	SRS27754228	0.985	0.554	23.723	0.817	0.590	0.956	5719.19	96383	855366.27	1718
SRX31794517	Primary	primary cell	NA	primary cell	SRP661868	SRS27754230	0.985	0.555	19.662	0.821	0.443	0.952	7372.04	67840	862617.2	1685
SRX31794518	Primary	primary cell	NA	primary cell	SRP661868	SRS27754231	0.983	0.552	21.588	0.821	0.477	0.955	6474.77	79610	847643.77	1730
SRX31871181	Heart	NA	heart	heart	SRP664854	SRS27826890	0.982	0.715	23.132	0.846	0.660	0.966	1068.73	44175	11022.56	2062
SRX31871182	Heart	NA	heart	heart	SRP664854	SRS27826892	0.980	0.716	21.788	0.842	0.594	0.966	1082.72	44647	10639.23	2254
SRX31871183	Heart	NA	heart	heart	SRP664854	SRS27826891	0.981	0.710	20.684	0.850	0.584	0.965	1081.9	42771	10426.21	2420
SRX31871184	Heart	NA	heart	heart	SRP664854	SRS27826893	0.982	0.705	22.828	0.854	0.682	0.965	1066.83	43345	10478.22	2347
SRX31972350	Hippocampus Microglia	NA	hippocampus microglia	hippocampus microglia	SRP669130	SRS27916505	0.985	0.733	7.082	0.833	0.237	0.950	1295.92	38579	18194.36	622
SRX31972351	Hippocampus Microglia	NA	hippocampus microglia	hippocampus microglia	SRP669130	SRS27916506	0.985	0.737	7.330	0.839	0.297	0.951	1299.42	38398	17752.9	678
SRX31972352	Hippocampus Microglia	NA	hippocampus microglia	hippocampus microglia	SRP669130	SRS27916507	0.982	0.721	6.756	0.615	0.445	0.948	1319.09	37204	18160.11	650
SRX31972353	Hippocampus Microglia	NA	hippocampus microglia	hippocampus microglia	SRP669130	SRS27916508	0.983	0.733	8.629	0.687	0.455	0.952	1251.99	40223	15089.45	832
SRX32063111	Manual Dissected Cortical	Mixed	Manual dissected cortical tissue	adult kidney cortex	SRP674808	SRS27998799	0.984	0.714	3.991	0.819	0.480	0.907	1664.4	31938	41114.78	597
SRX32063112	Manual Dissected Cortical	Mixed	Manual dissected cortical tissue	adult kidney cortex	SRP674808	SRS27998800	0.981	0.707	4.102	0.817	0.423	0.911	1622.66	32551	35679.9	913
SRX32063113	Manual Dissected Cortical	Mixed	Manual dissected cortical tissue	adult kidney cortex	SRP674808	SRS27998801	0.985	0.712	3.797	0.815	0.457	0.901	1666.85	31709	44102.2	689
SRX32063114	Manual Dissected Cortical	Mixed	Manual dissected cortical tissue	adult kidney cortex	SRP674808	SRS27998802	0.982	0.707	4.505	0.812	0.469	0.918	1606.69	33079	38930.66	814
SRX32063115	Manual Dissected Cortical	Mixed	Manual dissected cortical tissue	adult kidney cortex	SRP674808	SRS27998803	0.982	0.714	3.787	0.814	0.472	0.903	1698.07	30987	49279.36	538
SRX3217261	Mbd3f/-cell line	NA	Mbd3f/-cell line	Mbd3f/-cell line, Mouse embryonic fibroblasts	SRP118911	SRS2542178	0.959	0.685	2.711	0.727	0.277	0.753	1730.56	22911	123874.48	95
SRX3217262	Mbd3f/-cell line	NA	Mbd3f/-cell line	Mbd3f/-cell line, Day1 post DOX induction	SRP118911	SRS2542179	0.974	0.671	3.465	0.710	0.280	0.796	1708.64	23667	80335.2	168
SRX3217263	Mbd3f/-cell line	NA	Mbd3f/-cell line	Mbd3f/-cell line, Day2 post DOX induction	SRP118911	SRS2542180	0.973	0.667	2.436	0.678	0.270	0.720	1914.78	21703	140120.21	96
SRX3217264	Mbd3f/-cell line	NA	Mbd3f/-cell line	Mbd3f/-cell line, Day3 post DOX induction	SRP118911	SRS2542181	0.979	0.668	3.549	0.667	0.427	0.796	1814.85	23030	112498.28	273
SRX3217265	Mbd3f/-cell line	NA	Mbd3f/-cell line	Mbd3f/-cell line, Day4 post DOX induction	SRP118911	SRS2542182	0.983	0.640	5.592	0.692	0.549	0.860	1725.05	26515	74510.96	415
SRX3217266	Mbd3f/-cell line	NA	Mbd3f/-cell line	Mbd3f/-cell line, Day5 post DOX induction	SRP118911	SRS2542183	0.981	0.599	5.276	0.682	0.569	0.849	1890.88	26809	52504.43	321
SRX3217267	Mbd3f/-cell line	NA	Mbd3f/-cell line	Mbd3f/-cell line, Day6 post DOX induction	SRP118911	SRS2542184	0.983	0.500	5.438	0.667	0.648	0.847	3377.31	23567	64868.18	458
SRX3217268	Mbd3f/-cell line	NA	Mbd3f/-cell line	Mbd3f/-cell line, Day7 post DOX induction	SRP118911	SRS2542185	0.982	0.419	5.777	0.601	0.470	0.845	6949.41	15997	159895.35	648
SRX3217269	Mbd3f/-cell line	NA	Mbd3f/-cell line	Mbd3f/-cell line, Day8 post DOX induction	SRP118911	SRS2542186	0.982	0.343	4.997	0.549	0.562	0.839	0.0	0	9932900.25	4
SRX3217270	Mbd3f/-cell line	NA	Mbd3f/-cell line	Mbd3f/-cell line, Established induced pluripotent stem cells	SRP118911	SRS2542187	0.981	0.437	6.839	0.623	0.582	0.873	3445.85	32822	95620.0	1019
SRX3217271	Gatad2a-/-cell line	NA	Gatad2a-/-cell line	Gatad2a-/-cell line, Mouse embryonic fibroblasts	SRP118911	SRS2542188	0.986	0.645	2.622	0.813	0.783	0.773	5108.28	24551	1364073.14	661
SRX3217272	Gatad2a-/-cell line	NA	Gatad2a-/-cell line	Gatad2a-/-cell line, Day2 post DOX induction	SRP118911	SRS2542189	0.983	0.634	2.354	0.796	0.347	0.747	4303.81	21716	1497553.59	575
SRX3217273	Gatad2a-/-cell line	NA	Gatad2a-/-cell line	Gatad2a-/-cell line, Day4 post DOX induction	SRP118911	SRS2542190	0.987	0.632	2.886	0.798	0.787	0.778	4477.54	22076	1423921.56	605
SRX3217274	Gatad2a-/-cell line	NA	Gatad2a-/-cell line	Gatad2a-/-cell line, Day6 post DOX induction	SRP118911	SRS2542191	0.982	0.471	2.534	0.616	0.542	0.772	6265.54	16698	292821.11	461
SRX3217275	Gatad2a-/-cell line	NA	Gatad2a-/-cell line	Gatad2a-/-cell line, Day8 post DOX induction	SRP118911	SRS2542194	0.981	0.377	2.454	0.629	0.461	0.773	0.0	0	1105963.79	332
SRX3217276	Gatad2a-/-cell line	NA	Gatad2a-/-cell line	Gatad2a-/-cell line, Established induced pluripotent stem cells	SRP118911	SRS2542193	0.984	0.508	2.100	0.779	0.740	0.711	5308.4	24624	653066.55	566
SRX3217277	WT cell line	NA	WT cell line	WT Mouse embryonic fibroblasts	SRP118911	SRS2542196	0.987	0.690	3.032	0.819	0.820	0.804	1692.78	23051	49920.54	99
SRX3217278	WT cell line	NA	WT cell line	WT cell line, Day4 post DOX induction	SRP118911	SRS2542197	0.987	0.668	2.583	0.811	0.721	0.765	1921.52	22857	92893.95	21
SRX3217280	WT cell line	NA	WT cell line	WT cell line, Established induced pluripotent stem cells	SRP118911	SRS2542200	0.985	0.548	2.645	0.792	0.767	0.770	3699.01	36226	516733.26	809
SRX3231475	Cortex	Microglial cells	Cortex	Microglial cells	SRP119143	SRS2555776	0.976	0.699	17.312	0.735	0.463	0.923	1052.48	39853	14021.5	793
SRX3231476	Cortex	Microglial cells	Cortex	ND1-transduced microglial cells	SRP119143	SRS2555777	0.983	0.689	20.049	0.738	0.504	0.925	1030.03	40250	9586.94	1391
SRX32348908	Tail	NA	tail	NA	SRP680495	SRS28261212	0.980	0.649	5.435	0.415	0.639	0.911	1490.71	31126	22420.36	462
SRX32348909	Tail	NA	tail	NA	SRP680495	SRS28261213	0.981	0.645	4.863	0.408	0.636	0.904	1530.67	31512	24984.59	362
SRX32348913	Tail	NA	tail	NA	SRP680495	SRS28261217	0.981	0.649	4.987	0.409	0.611	0.905	1471.23	33454	24654.99	389
SRX32348914	Tail	NA	tail	NA	SRP680495	SRS28261218	0.980	0.645	4.897	0.424	0.536	0.899	1510.66	32671	27487.33	447
SRX3239278	Cortex	NA	Cortex	Cortex	SRP116373	SRS2562569	0.987	0.727	2.397	0.783	0.869	0.816	1928.0	26626	40397.47	525
SRX3239279	Cortex	NA	Cortex	Cortex	SRP116373	SRS2562570	0.986	0.726	2.568	0.787	0.820	0.831	1787.81	29734	40895.82	554
SRX3239280	Hippocampus	NA	Hippocampus	Hippocampus	SRP116373	SRS2562571	0.989	0.728	3.662	0.821	0.903	0.887	1600.99	36530	33305.0	647
SRX3239281	Hippocampus	NA	Hippocampus	Hippocampus	SRP116373	SRS2562572	0.989	0.736	3.466	0.823	0.899	0.874	1683.64	33314	31256.17	738
SRX3239282	Hippocampus	NA	Hippocampus	Hippocampus	SRP116373	SRS2562574	0.988	0.740	3.587	0.831	0.885	0.877	1609.43	34668	26857.33	751
SRX3239283	Hippocampus	NA	Hippocampus	Hippocampus	SRP116373	SRS2562573	0.988	0.738	3.644	0.828	0.899	0.883	1566.73	36873	32569.74	660
SRX3239284	Hippocampus	NA	Hippocampus	Hippocampus	SRP116373	SRS2562576	0.988	0.742	3.696	0.820	0.885	0.879	1637.99	34395	34745.15	624
SRX3239285	Hippocampus	NA	Hippocampus	Hippocampus	SRP116373	SRS2562577	0.988	0.741	4.106	0.821	0.895	0.898	1484.28	37130	24070.36	996
SRX3239286	Hippocampus	NA	Hippocampus	Hippocampus	SRP116373	SRS2562575	0.988	0.739	3.890	0.825	0.893	0.889	1541.34	35138	25345.29	787
SRX3239288	Cortex	NA	Cortex	Cortex	SRP116373	SRS2562579	0.988	0.660	1.848	0.694	0.157	0.736	2010.24	25307	59789.58	373
SRX3242099	Cortical Excitatory Neurons	Cortical excitatory neurons	NA	Cortex	SRP119366	SRS2565131	0.962	0.769	23.157	0.779	0.597	0.946	1199.01	73786	23879.27	2508
SRX3267832	Spleen bulk B cells	Spleen bulk B cells	NA	mouse spleen B cells with the wild type KMT2D	SRP119705	SRS2580000	0.998	0.751	10.692	0.763	0.871	0.945	1052.29	43989	13407.44	1579
SRX3267833	Spleen bulk B cells	Spleen bulk B cells	NA	mouse spleen B cells with the heterozygous chr15: 98,835,228 A>T mutation in KMT2D (Ile5482Asn)	SRP119705	SRS2580001	0.997	0.747	14.402	0.761	0.825	0.949	1001.29	46189	13388.93	1624
SRX3267834	Spleen bulk B cells	Spleen bulk B cells	NA	mouse spleen B cells with the homozygous chr15: 98,835,228 A>T mutation in KMT2D (Ile5482Asn)	SRP119705	SRS2580002	0.998	0.716	11.268	0.763	0.870	0.943	1051.93	40406	12593.21	1597
SRX32750537	TSC	TSC	NA	B6	SRP688482	SRS28612131	0.996	0.594	2.943	0.879	0.641	0.862	12716.43	29890	873917.96	1023
SRX32750538	TSC	TSC	NA	F7	SRP688482	SRS28612132	0.995	0.578	2.727	0.873	0.658	0.849	13458.11	26506	914844.21	961
SRX32750539	TSC	TSC	NA	A2	SRP688482	SRS28612133	0.995	0.616	3.325	0.881	0.674	0.877	11890.97	33021	815266.21	1060
SRX32750540	TSC	TSC	NA	B8	SRP688482	SRS28612134	0.995	0.599	3.160	0.884	0.668	0.872	12161.7	31624	814806.19	1041
SRX32750541	D-Tsc	D-TSC	NA	B6	SRP688482	SRS28612135	0.996	0.483	3.187	0.874	0.666	0.879	16563.84	17799	973334.41	935
SRX32750542	D-Tsc	D-TSC	NA	F7	SRP688482	SRS28612136	0.996	0.501	4.023	0.879	0.698	0.902	14578.0	28789	742647.86	1208
SRX32750543	D-Tsc	D-TSC	NA	A2	SRP688482	SRS28612137	0.996	0.525	3.728	0.890	0.662	0.897	14034.81	27049	802648.1	1104
SRX32750544	D-Tsc	D-TSC	NA	B8	SRP688482	SRS28612138	0.996	0.523	3.132	0.879	0.654	0.876	14947.86	22870	894673.02	973
SRX32918562	Liver Metastatic Tumor	PD-1+CD8+ tumor-infiltrating lymphocytes	liver metastatic tumor	liver metastatic tumor	SRP691278	SRS28760780	0.988	0.741	8.227	0.693	0.153	0.956	1345.36	34201	13464.5	797
SRX32918563	Liver Metastatic Tumor	PD-1+CD8+ tumor-infiltrating lymphocytes	liver metastatic tumor	liver metastatic tumor	SRP691278	SRS28760781	0.983	0.792	4.723	0.670	0.167	0.930	1441.26	32962	21616.83	723
SRX32918564	Liver Metastatic Tumor	PD-1+CD8+ tumor-infiltrating lymphocytes	liver metastatic tumor	liver metastatic tumor	SRP691278	SRS28760782	0.988	0.692	7.851	0.661	0.162	0.954	1526.73	29768	12756.38	794
SRX32918565	Liver Metastatic Tumor	PD-1+CD8+ tumor-infiltrating lymphocytes	liver metastatic tumor	liver metastatic tumor	SRP691278	SRS28760783	0.982	0.800	6.346	0.656	0.173	0.947	1363.31	33873	18740.39	698
SRX32918566	Liver Metastatic Tumor	PD-1+CD8+ tumor-infiltrating lymphocytes	liver metastatic tumor	liver metastatic tumor	SRP691278	SRS28760784	0.984	0.826	7.984	0.673	0.159	0.955	1225.14	41169	13627.97	1299
SRX32918567	Liver Metastatic Tumor	PD-1+CD8+ tumor-infiltrating lymphocytes	liver metastatic tumor	liver metastatic tumor	SRP691278	SRS28760785	0.979	0.827	7.744	0.662	0.142	0.954	1264.8	40279	14456.89	1427
SRX33154112	Cerebellum	Cerebellar granule cell progenitors	Cerebellum	Cerebellum	SRP696030	SRS28969541	0.992	0.663	14.729	0.692	0.855	0.954	1001.56	74224	10068.86	2579
SRX33154113	Cerebellum	Cerebellar granule cell progenitors	Cerebellum	Cerebellum	SRP696030	SRS28969542	0.993	0.628	21.816	0.643	0.721	0.955	924.55	92966	11285.32	2779
SRX33154114	Cerebellum	Cerebellar granule cells	Cerebellum	Cerebellum	SRP696030	SRS28969544	0.990	0.678	15.081	0.652	0.829	0.956	1027.68	74640	11069.88	2667
SRX33154115	Cerebellum	Cerebellar granule cells	Cerebellum	Cerebellum	SRP696030	SRS28969543	0.991	0.621	9.701	0.669	0.764	0.947	1433.54	71070	29811.43	2435
SRX332323	Testis	Spermatogonia	Testis	Spermatogonia_Bisulfite-Seq	SRP113417	SRS467765	0.996	0.748	11.393	0.720	0.712	0.935	1405.84	58750	62694.92	1862
SRX332324	Testis	Spermatogonia	Testis	Spermatogonia_Bisulfite-Seq	SRP113417	SRS467766	0.996	0.748	10.780	0.716	0.718	0.933	1405.69	58500	59735.71	1922
SRX332325	Testis	Spermatogonia	Testis	Spermatogonia_Bisulfite-Seq	SRP113417	SRS467767	0.996	0.748	10.996	0.720	0.715	0.934	1411.65	58470	57892.51	2020
SRX332326	Testis	Spermatogonia	Testis	Spermatogonia_Bisulfite-Seq	SRP113417	SRS467768	0.996	0.748	10.959	0.720	0.715	0.934	1410.46	58474	56764.15	2099
SRX332327	Testis	Spermatocytes	Testis	Spermatocytes_Bisulfite-Seq	SRP113417	SRS467769	0.994	0.806	6.902	0.751	0.487	0.877	1543.59	56774	124397.59	1241
SRX332328	Testis	Spermatocytes	Testis	Spermatocytes_Bisulfite-Seq	SRP113417	SRS467770	0.994	0.800	6.466	0.735	0.504	0.872	1537.97	56062	123451.52	1238
SRX332329	Testis	Spermatocytes	Testis	Spermatocytes_Bisulfite-Seq	SRP113417	SRS467771	0.994	0.802	6.391	0.738	0.502	0.871	1541.94	56040	127916.65	1153
SRX332330	Testis	Spermatocytes	Testis	Spermatocytes_Bisulfite-Seq	SRP113417	SRS467772	0.994	0.802	6.314	0.739	0.503	0.869	1540.67	55999	122647.91	1238
SRX332331	Testis	Spermatids	Testis	Spermatids_Bisulfite-Seq	SRP113417	SRS467773	0.996	0.788	7.854	0.760	0.634	0.899	1477.13	58314	92992.59	1472
SRX332332	Testis	Spermatids	Testis	Spermatids_Bisulfite-Seq	SRP113417	SRS467774	0.996	0.787	7.335	0.746	0.636	0.894	1482.26	57861	92117.46	1469
SRX332333	Testis	Spermatids	Testis	Spermatids_Bisulfite-Seq	SRP113417	SRS467775	0.996	0.787	7.144	0.754	0.637	0.892	1485.5	57520	91508.08	1478
SRX332334	Testis	Spermatids	Testis	Spermatids_Bisulfite-Seq	SRP113417	SRS467776	0.996	0.787	7.237	0.753	0.637	0.893	1484.82	57476	91553.22	1465
SRX332335	Testis	Mature Sperm	Testis	Mature Sperm_Bisulfite-Seq	SRP113417	SRS467777	0.996	0.791	7.131	0.717	0.674	0.890	1563.75	61191	100231.88	1480
SRX332336	Testis	Mature Sperm	Testis	Mature Sperm_Bisulfite-Seq	SRP113417	SRS467778	0.996	0.794	7.536	0.716	0.669	0.895	1579.73	61586	102970.69	1446
SRX332337	Testis	Mature Sperm	Testis	Mature Sperm_Bisulfite-Seq	SRP113417	SRS467779	0.996	0.794	7.620	0.712	0.670	0.896	1578.37	61621	103837.69	1451
SRX332338	Testis	Mature Sperm	Testis	Mature Sperm_Bisulfite-Seq	SRP113417	SRS467780	0.996	0.793	7.536	0.715	0.670	0.896	1572.52	61715	110889.86	1333
SRX333384	Murine bone marrow derived primary HSCs	Murine bone marrow derived primary HSCs	NA	Dnmt3a knockout Hematopoietic Stem Cells	SRP028709	SRS468737	0.998	0.732	6.265	0.761	0.397	0.926	1228.0	55262	35155.89	1282
SRX333385	Murine bone marrow derived primary HSCs	Murine bone marrow derived primary HSCs	NA	Dnmt3a knockout Hematopoietic Stem Cells	SRP028709	SRS468738	0.998	0.732	6.269	0.759	0.398	0.926	1218.77	55699	37329.15	1088
SRX333387	Murine bone marrow derived primary HSCs	Murine bone marrow derived primary HSCs	NA	Dnmt3a knockout Hematopoietic Stem Cells	SRP028709	SRS468740	0.988	0.759	3.297	0.827	0.528	0.893	1537.77	41151	48324.24	1030
SRX333388	Murine bone marrow derived primary HSCs	Murine bone marrow derived primary HSCs	NA	Dnmt3a knockout Hematopoietic Stem Cells	SRP028709	SRS468741	0.988	0.759	3.419	0.826	0.515	0.898	1504.9	42274	42703.66	969
SRX333389	Murine bone marrow derived primary HSCs	Murine bone marrow derived primary HSCs	NA	Dnmt3a knockout Hematopoietic Stem Cells	SRP028709	SRS468742	0.988	0.759	3.212	0.827	0.535	0.889	1525.88	41881	52766.76	805
SRX333390	Murine bone marrow derived primary HSCs	Murine bone marrow derived primary HSCs	NA	Dnmt3a knockout Hematopoietic Stem Cells	SRP028709	SRS468743	0.988	0.759	2.964	0.825	0.562	0.877	1572.17	40590	52521.76	797
SRX333392	Murine bone marrow derived primary HSCs	Murine bone marrow derived primary HSCs	NA	12 month Hematopoietic Stem Cells	SRP028709	SRS468745	0.993	0.828	3.942	0.751	0.230	0.880	1221.97	38478	30935.25	598
SRX333393	Murine bone marrow derived primary HSCs	Murine bone marrow derived primary HSCs	NA	12 month Hematopoietic Stem Cells	SRP028709	SRS468746	0.993	0.828	3.928	0.749	0.229	0.880	1223.95	38412	32123.42	507
SRX333394	Murine bone marrow derived primary HSCs	Murine bone marrow derived primary HSCs	NA	12 month Hematopoietic Stem Cells	SRP028709	SRS468747	0.992	0.826	2.068	0.756	0.430	0.755	1376.71	32468	61032.28	318
SRX3347166	Liver	NA	NA	liver	SRP123210	SRS2647274	0.997	0.747	36.671	0.763	0.548	0.961	1034.23	62607	10159.45	3412
SRX3347167	Liver	NA	NA	liver	SRP123210	SRS2647275	0.996	0.753	32.308	0.790	0.654	0.959	1042.04	61880	10542.12	3179
SRX3347168	Liver	NA	NA	liver	SRP123210	SRS2647276	0.997	0.750	24.041	0.792	0.573	0.959	1087.13	54987	9670.07	3024
SRX3347169	Liver	NA	NA	liver	SRP123210	SRS2647277	0.997	0.737	36.819	0.772	0.588	0.954	1015.32	62041	9455.38	2801
SRX3347170	Liver	NA	NA	liver	SRP123210	SRS2647278	0.997	0.742	28.788	0.797	0.631	0.953	1019.26	61489	9517.05	2712
SRX3347171	Liver	NA	NA	liver	SRP123210	SRS2647279	0.995	0.736	35.088	0.797	0.679	0.953	1017.17	61455	9740.07	2571
SRX3347172	Liver	NA	NA	liver	SRP123210	SRS2647280	0.995	0.729	33.254	0.760	0.539	0.956	1197.5	61323	14795.27	3974
SRX3347173	Liver	NA	NA	liver	SRP123210	SRS2647281	0.996	0.736	29.153	0.776	0.626	0.955	1175.52	62092	14927.34	3694
SRX3347174	Liver	NA	NA	liver	SRP123210	SRS2647283	0.994	0.731	33.586	0.777	0.672	0.955	1171.33	61650	14220.12	4157
SRX3347175	Liver	NA	NA	liver	SRP123210	SRS2647282	0.996	0.726	36.426	0.761	0.642	0.949	1180.52	61835	15495.55	3580
SRX3347176	Liver	NA	NA	liver	SRP123210	SRS2647284	0.994	0.736	30.029	0.791	0.626	0.947	1247.74	59414	15857.96	3728
SRX3347177	Liver	NA	NA	liver	SRP123210	SRS2647287	0.996	0.734	22.778	0.790	0.528	0.946	1245.72	57736	15391.03	3549
SRX3347178	Liver	NA	NA	liver	SRP123210	SRS2647310	0.996	0.741	28.395	0.762	0.573	0.960	1066.79	56142	10264.85	3115
SRX3347179	Liver	NA	NA	liver	SRP123210	SRS2647285	0.994	0.740	27.245	0.784	0.541	0.961	1042.96	56593	10419.85	2900
SRX3347180	Liver	NA	NA	liver	SRP123210	SRS2647286	0.995	0.733	28.585	0.787	0.643	0.959	1026.35	58733	10189.5	2938
SRX3347181	Liver	NA	NA	liver	SRP123210	SRS2647288	0.996	0.739	37.610	0.769	0.682	0.954	1024.21	59026	9641.23	3136
SRX3347182	Liver	NA	NA	liver	SRP123210	SRS2647289	0.995	0.735	37.346	0.788	0.650	0.955	1021.41	59145	10017.54	3021
SRX3347183	Liver	NA	NA	liver	SRP123210	SRS2647290	0.995	0.730	35.751	0.792	0.728	0.953	1005.67	60407	10386.86	2738
SRX3347184	Liver	NA	NA	liver	SRP123210	SRS2647291	0.996	0.741	30.659	0.760	0.561	0.962	1020.22	59511	9690.94	3375
SRX3347185	Liver	NA	NA	liver	SRP123210	SRS2647294	0.995	0.741	30.172	0.789	0.645	0.958	1051.63	55615	10219.62	2957
SRX3347186	Liver	NA	NA	liver	SRP123210	SRS2647292	0.997	0.743	22.198	0.788	0.532	0.958	1098.49	52359	9473.36	3355
SRX3347187	Liver	NA	NA	liver	SRP123210	SRS2647293	0.996	0.735	34.340	0.761	0.456	0.955	1041.5	55868	9345.24	3038
SRX3347188	Liver	NA	NA	liver	SRP123210	SRS2647295	0.995	0.735	33.324	0.808	0.583	0.953	1035.34	56882	9928.71	2784
SRX3347189	Liver	NA	NA	liver	SRP123210	SRS2647296	0.997	0.739	26.849	0.799	0.576	0.952	1101.54	50867	9375.49	2810
SRX3361969	MEF	MEF	NA	mouse embryonic fibroblasts	SRP123612	SRS2660657	0.983	0.676	15.762	0.817	0.708	0.950	1167.23	42650	14207.93	1533
SRX3361970	Reprogramming Intermediate	Reprogramming intermediate	NA	sorted reprogramming intermediates	SRP123612	SRS2660659	0.980	0.651	5.564	0.706	0.190	0.930	1596.27	31248	27836.82	481
SRX3361971	Reprogramming Intermediate	Reprogramming intermediate	NA	sorted reprogramming intermediates	SRP123612	SRS2660658	0.979	0.631	9.407	0.721	0.143	0.945	1339.55	39378	17793.67	802
SRX3361972	Reprogramming Intermediate	Reprogramming intermediate	NA	sorted reprogramming intermediates	SRP123612	SRS2660661	0.981	0.642	12.595	0.790	0.695	0.948	1305.85	43343	14627.71	1696
SRX3361973	Reprogramming Intermediate	Reprogramming intermediate	NA	sorted reprogramming intermediates	SRP123612	SRS2660660	0.983	0.612	28.774	0.815	0.704	0.954	1263.53	56170	15694.65	1795
SRX3361974	iPSC	iPSC	NA	mouse iPSCs	SRP123612	SRS2660662	0.978	0.761	23.275	0.828	0.714	0.952	1279.19	48514	12871.56	5053
SRX33736603	Hepatocyte	NA	hepatocyte	NA	SRP706622	SRS29414467	0.983	0.759	21.723	0.863	0.684	0.967	969.35	68631	9435.56	3650
SRX33736604	Hepatocyte	NA	hepatocyte	NA	SRP706622	SRS29414467	0.983	0.732	21.520	0.850	0.654	0.968	1030.22	75007	11710.39	3971
SRX33736605	Hepatocyte	NA	hepatocyte	NA	SRP706622	SRS29414467	0.984	0.718	22.607	0.860	0.650	0.968	1039.35	77761	11702.16	4612
SRX33736606	Hepatocyte	NA	hepatocyte	NA	SRP706622	SRS29414467	0.983	0.755	24.660	0.848	0.618	0.968	1066.52	59597	9842.13	3224
SRX33736607	Hepatocyte	NA	hepatocyte	NA	SRP706622	SRS29414467	0.984	0.755	32.406	0.869	0.667	0.970	964.91	70103	10634.66	3464
SRX33736608	Hepatocyte	NA	hepatocyte	NA	SRP706622	SRS29414467	0.984	0.718	21.569	0.873	0.535	0.967	1108.01	68395	11352.08	4111
SRX33736609	Hepatocyte	NA	hepatocyte	NA	SRP706622	SRS29414467	0.984	0.732	21.606	0.845	0.678	0.968	1081.95	69459	11505.98	3968
SRX33736610	Hepatocyte	NA	hepatocyte	NA	SRP706622	SRS29414467	0.983	0.733	22.341	0.859	0.691	0.968	1081.77	71926	11735.12	4193
SRX33736611	Hepatocyte	NA	hepatocyte	NA	SRP706622	SRS29414467	0.984	0.723	22.921	0.838	0.551	0.968	1006.77	78290	11337.69	4423
SRX33736612	Hepatocyte	NA	hepatocyte	NA	SRP706622	SRS29414467	0.983	0.756	21.600	0.857	0.679	0.968	982.49	69226	9913.9	3735
SRX33736613	Hepatocyte	NA	hepatocyte	NA	SRP706622	SRS29414467	0.984	0.730	20.206	0.850	0.655	0.967	1062.41	73177	11577.87	4320
SRX33736614	Hepatocyte	NA	hepatocyte	NA	SRP706622	SRS29414467	0.982	0.736	18.652	0.834	0.560	0.966	1010.11	65793	9500.98	3662
SRX33736615	Hepatocyte	NA	hepatocyte	NA	SRP706622	SRS29414467	0.981	0.739	20.581	0.832	0.685	0.965	991.74	64986	9304.27	3439
SRX33736616	Hepatocyte	NA	hepatocyte	NA	SRP706622	SRS29414467	0.983	0.753	20.815	0.851	0.670	0.967	975.18	67077	9457.83	3583
SRX33736617	Hepatocyte	NA	hepatocyte	NA	SRP706622	SRS29414467	0.983	0.709	23.751	0.860	0.630	0.966	1025.13	74577	11424.83	4345
SRX33736618	Hepatocyte	NA	hepatocyte	NA	SRP706622	SRS29414467	0.982	0.743	24.706	0.814	0.564	0.967	976.31	67360	9574.52	3629
SRX33795283	Hippocampus	NA	Hippocampus	NA	SRP707578	SRS29459166	0.964	0.760	7.199	0.797	0.088	0.945	1361.45	38185	17426.4	1040
SRX33795284	Hippocampus	NA	Hippocampus	NA	SRP707578	SRS29459165	0.963	0.759	5.820	0.779	0.076	0.926	1447.52	36391	26188.57	554
SRX33795285	Hippocampus	NA	Hippocampus	NA	SRP707578	SRS29459168	0.962	0.753	4.626	0.777	0.054	0.862	1623.64	32513	31962.77	442
SRX33795286	Hippocampus	NA	Hippocampus	NA	SRP707578	SRS29459169	0.961	0.759	3.174	0.788	0.059	0.769	1766.77	28485	41809.07	365
SRX33795287	Hippocampus	NA	Hippocampus	NA	SRP707578	SRS29459171	0.962	0.752	4.965	0.755	0.067	0.878	1542.94	33424	28621.97	556
SRX34001793	ESC	embryonic stem cells	NA	E14Tg2a	SRP711564	SRS29633575	0.984	0.229	20.150	0.816	0.605	0.957	25027.95	6926	168246.29	2975
SRX34001794	Epiblast Like-Cells	epiblast like-cells	NA	E14Tg2a	SRP711564	SRS29633579	0.987	0.665	17.078	0.800	0.654	0.955	2565.8	39273	101464.01	4675
SRX34001795	Epiblast Like-Cells	epiblast like-cells	NA	E14Tg2a	SRP711564	SRS29633577	0.980	0.777	16.576	0.823	0.573	0.955	1791.06	35544	39229.63	4913
SRX34001796	Epiblast Like-Cells	epiblast like-cells	NA	E14Tg2a	SRP711564	SRS29633576	0.971	0.767	12.747	0.807	0.619	0.951	1554.03	36254	27158.83	2829
SRX3405601	ESC	NA	embryonic stem cells	ESC	SRP125227	SRS2702922	0.990	0.757	5.410	0.590	0.283	0.900	1453.39	26425	49533.31	1353
SRX3409975	P14 CD8 T cells	P14 CD8 T cells	NA	Nave WT P14 CD8 T cells	SRP125320	SRS2703052	0.983	0.793	12.293	0.638	0.956	0.927	972.46	55605	18770.88	1024
SRX3409976	Acute Terminal Effector P14	Acute Terminal Effector P14 cells	NA	Day 4.5_Acute WT Terminal Effector P14 cells	SRP125320	SRS2703053	0.986	0.715	6.039	0.365	0.925	0.843	1335.55	35020	27919.01	464
SRX3409977	Acute Terminal Effector P14	Acute Terminal Effector P14 cells	NA	Day 8_Acute WT Terminal Effector P14 cells	SRP125320	SRS2703054	0.986	0.698	12.828	0.444	0.929	0.883	1167.68	39816	18024.16	592
SRX3409978	Acute Memory Precursor P14	Acute Memory Precursor P14 cells	NA	Day 8_Acute WT Memory Precursor P14 cells	SRP125320	SRS2703055	0.986	0.721	12.173	0.532	0.940	0.881	1132.13	41535	18576.09	611
SRX3409979	Acute Memory Precursor P14	Acute Memory Precursor P14 cells	NA	Day 4.5_Acute WT Memory Precursor P14 cells	SRP125320	SRS2703056	0.987	0.723	10.442	0.367	0.918	0.881	1156.19	41712	19001.28	713
SRX3409980	Acute GP33-specific CD8 T cells	Acute GP33-specific CD8 T cells	NA	Day 8_Acute GP33-specific WT CD8 T cells	SRP125320	SRS2703057	0.986	0.699	16.583	0.677	0.957	0.931	1084.24	43592	11307.19	1378
SRX3409981	Acute GP33-specific CD8 T cells	Acute GP33-specific CD8 T cells	NA	Day 8_Acute GP33-specific Dnmt3a cKO CD8 T cells	SRP125320	SRS2703058	0.986	0.694	12.447	0.707	0.963	0.923	1192.86	44267	15711.66	1255
SRX3413834	Ebf1-deficient B cell progenitors	Ebf1-deficient B cell progenitors	NA	Ebf1-deficient B cell progenitors_0 hours	SRP125421	SRS2707017	0.994	0.816	14.420	0.562	0.796	0.952	1055.69	34815	7438.11	1981
SRX3413835	Ebf1-deficient B cell progenitors	Ebf1-deficient B cell progenitors	NA	Ebf1-deficient B cell progenitors_24 hours	SRP125421	SRS2707018	0.991	0.819	15.991	0.630	0.778	0.952	1048.94	35429	7142.96	2212
SRX3413836	Ebf1-deficient B cell progenitors	Ebf1-deficient B cell progenitors	NA	Ebf1-deficient B cell progenitors_72 hours	SRP125421	SRS2707019	0.993	0.817	18.152	0.620	0.794	0.955	1047.46	35536	7731.6	1850
SRX3413837	Ebf1-deficient B cell progenitors	Ebf1-deficient B cell progenitors	NA	Ebf1-deficient B cell progenitors_CD19+	SRP125421	SRS2707020	0.993	0.815	17.008	0.623	0.800	0.953	1053.41	35330	7971.82	1750
SRX3413838	Ebf1-deficient B cell progenitors	Ebf1-deficient B cell progenitors	NA	Ebf1-deficient B cell progenitors_0 hours	SRP125421	SRS2707021	0.994	0.816	17.356	0.613	0.801	0.953	1039.73	36381	7349.77	2060
SRX3413839	Ebf1-deficient B cell progenitors	Ebf1-deficient B cell progenitors	NA	Ebf1-deficient B cell progenitors_24 hours	SRP125421	SRS2707022	0.992	0.816	17.025	0.639	0.786	0.953	1038.54	36136	7244.48	2144
SRX3413840	Ebf1-deficient B cell progenitors	Ebf1-deficient B cell progenitors	NA	Ebf1-deficient B cell progenitors_72 hours	SRP125421	SRS2707023	0.992	0.816	15.703	0.602	0.798	0.951	1055.31	34648	7267.29	1943
SRX3413841	Ebf1-deficient B cell progenitors	Ebf1-deficient B cell progenitors	NA	Ebf1-deficient B cell progenitors_CD19+	SRP125421	SRS2707024	0.990	0.818	16.466	0.605	0.809	0.954	1059.68	34927	6686.78	2335
SRX3424796	Dentate Gyrus	NA	Dentate gyrus	Dentate gyrus, SHAM	SRP125690	SRS2716427	0.980	0.696	12.269	0.825	0.237	0.933	1278.3	46080	27724.05	1203
SRX3424797	Dentate Gyrus	NA	Dentate gyrus	Dentate gyrus, DBS	SRP125690	SRS2716428	0.979	0.703	12.635	0.814	0.231	0.938	1282.53	49295	21143.41	1750
SRX3424798	Dentate Gyrus	NA	Dentate gyrus	Dentate gyrus, SHAM	SRP125690	SRS2716429	0.978	0.699	9.760	0.794	0.213	0.926	1339.51	44408	25631.09	1253
SRX3424799	Dentate Gyrus	NA	Dentate gyrus	Dentate gyrus, DBS	SRP125690	SRS2716431	0.978	0.698	9.232	0.809	0.157	0.919	1345.17	40736	34222.76	804
SRX34365292	XO ESCs	XO embryonic stem cells	XO ESCs	XO ESCs	SRP718842	SRS29957472	0.973	0.803	9.049	0.837	0.599	0.941	1150.66	24652	10294.2	1007
SRX34365293	XO ESCs	XO embryonic stem cells	XO ESCs	XO ESCs	SRP718842	SRS29957473	0.974	0.800	6.966	0.837	0.626	0.934	1189.54	23613	14828.72	587
SRX34365294	XO ESCs	XO embryonic stem cells	XO ESCs	XO ESCs	SRP718842	SRS29957474	0.968	0.784	7.617	0.835	0.615	0.938	1249.78	31062	18545.81	902
SRX34365295	XO ESCs	XO embryonic stem cells	XO ESCs	XO ESCs	SRP718842	SRS29957475	0.968	0.787	8.436	0.836	0.601	0.940	1227.92	31558	17191.36	1100
SRX34365296	XO ESCs	XO embryonic stem cells	XO ESCs	XO ESCs	SRP718842	SRS29957476	0.981	0.633	8.168	0.834	0.596	0.939	1599.28	39010	24417.73	1426
SRX34365297	XO ESCs	XO embryonic stem cells	XO ESCs	XO ESCs	SRP718842	SRS29957477	0.981	0.632	15.275	0.833	0.563	0.948	1407.54	44933	11052.7	4164
SRX3475192	HSC	HSC	NA	HSC CFP Bright Pool 1	SRP126875	SRS2761570	0.976	0.759	8.558	0.792	0.373	0.890	1012.67	45530	16772.41	1049
SRX3475193	HSC	HSC	NA	HSC CFP Bright Pool 2	SRP126875	SRS2761568	0.977	0.756	8.070	0.778	0.335	0.890	1034.08	43997	16235.91	1085
SRX3475194	HSC	HSC	NA	HSC CFP Dim Pool 1	SRP126875	SRS2761571	0.976	0.769	8.077	0.785	0.354	0.889	1026.38	44214	16509.87	1137
SRX3475195	HSC	HSC	NA	HSC CFP Dim Pool 2	SRP126875	SRS2761569	0.975	0.764	7.378	0.773	0.343	0.887	1041.93	44112	22050.79	770
SRX347820	Splenic B cells	splenic B cells	NA	NA	SRP029721	SRS478599	0.996	0.729	16.282	0.691	0.413	0.814	926.93	51212	15736.84	927
SRX347821	Hematopoetic Stem Cell	hematopoetic stem cells	NA	NA	SRP029721	SRS478600	0.999	0.754	9.523	0.785	0.780	0.857	937.02	49121	22362.78	528
SRX347822	Hematopoetic Stem Cell	hematopoetic stem cells	NA	NA	SRP029721	SRS478601	0.999	0.722	4.199	0.762	0.845	0.776	1137.32	38012	45639.48	165
SRX3482878	ESC	mouse embryonic stem cells	NA	E14	SRP103077	SRS2768666	0.964	0.600	3.014	0.426	0.571	0.714	0.0	0	72540.26	775
SRX3482880	ESC	mouse embryonic stem cells	NA	E14	SRP103077	SRS2768668	0.964	0.588	2.964	0.429	0.597	0.729	0.0	0	66929.31	553
SRX348856	Murine bone marrow derived primary HSCs	Murine bone marrow derived primary HSCs	NA	Dnmt3ab knockout Hematopoietic Stem Cells	SRP029902	SRS479580	0.997	0.734	5.768	0.618	0.425	0.919	1225.34	54446	33265.08	1423
SRX348857	Murine bone marrow derived primary HSCs	Murine bone marrow derived primary HSCs	NA	Dnmt3ab knockout Hematopoietic Stem Cells	SRP029902	SRS479579	0.997	0.731	6.090	0.691	0.371	0.925	1185.87	56523	33580.07	1346
SRX348858	Murine bone marrow derived primary HSCs	Murine bone marrow derived primary HSCs	NA	Dnmt3ab knockout Hematopoietic Stem Cells	SRP029902	SRS479582	0.997	0.727	7.738	0.788	0.763	0.924	1086.7	61226	28804.57	1467
SRX348859	Murine bone marrow derived primary HSCs	Murine bone marrow derived primary HSCs	NA	Dnmt3ab knockout Hematopoietic Stem Cells	SRP029902	SRS479581	0.997	0.726	7.576	0.788	0.766	0.923	1099.64	60205	28261.82	1502
SRX3520183	Bone marrow LSK	Bone marrow LSK cells	NA	Bone marrow LSK cells	SRP127685	SRS2797032	0.997	0.828	17.223	0.964	0.919	0.952	907.88	61341	7240.53	3776
SRX3520184	Bone marrow LSK	Bone marrow LSK cells	NA	Bone marrow LSK cells	SRP127685	SRS2797034	0.997	0.821	16.341	0.967	0.921	0.952	911.82	58425	6929.63	3914
SRX3525254	T1 pre-HSC	T1 pre-HSC	NA	T1 pre-HSC	SRP127792	SRS2801398	0.989	0.638	2.186	0.532	0.659	0.713	1557.39	29890	111412.21	180
SRX3525255	T1 pre-HSC	T1 pre-HSC	NA	T1 pre-HSC	SRP127792	SRS2801400	0.989	0.641	2.133	0.539	0.702	0.714	1564.02	29948	118864.25	258
SRX3525256	T1 pre-HSC	T1 pre-HSC	NA	T1 pre-HSC	SRP127792	SRS2801399	0.989	0.637	2.233	0.513	0.649	0.716	1523.03	31254	127422.82	219
SRX3525257	T1 pre-HSC	T1 pre-HSC	NA	T1 pre-HSC	SRP127792	SRS2801401	0.989	0.635	2.466	0.530	0.718	0.738	1497.24	32176	100648.6	286
SRX3525258	T1 pre-HSC	T1 pre-HSC	NA	T1 pre-HSC	SRP127792	SRS2801402	0.989	0.633	2.576	0.548	0.643	0.747	1491.2	32094	102533.81	189
SRX363413	Immortalized mouse Tail Fibroblast	Immortalized mouse Tail Fibroblast	NA	NA	SRP028826	SRS490078	0.999	0.577	15.713	0.849	0.970	0.887	9853.41	53799	341236.05	3056
SRX3637315	bone marrow derived macropages (BMDM)	NA	bone marrow derived macropages (BMDM)	bone marrow derived macropages (BMDM)	SRP131922	SRS2903818	0.996	0.812	7.695	0.781	0.844	0.895	1119.73	41347	10986.89	1226
SRX3637504	bone marrow derived macropages (BMDM)	NA	bone marrow derived macropages (BMDM)	bone marrow derived macropages (BMDM)	SRP131922	SRS2904009	0.995	0.600	9.990	0.760	0.820	0.868	1558.33	30160	24650.67	415
SRX3645812	Cerebral Cortex	NA	Cerebral cortex	Cerebral cortex	SRP116554	SRS2910509	0.968	0.741	6.183	0.843	0.508	0.880	1297.81	32453	27027.26	565
SRX3645813	Cerebral Cortex	NA	Cerebral cortex	Cerebral cortex	SRP116554	SRS2910510	0.969	0.752	4.830	0.841	0.579	0.868	1345.46	30274	28791.96	474
SRX3645814	Cerebral Cortex	NA	Cerebral cortex	Cerebral cortex	SRP116554	SRS2910511	0.967	0.751	3.647	0.806	0.638	0.842	1398.56	29945	42721.33	314
SRX3645815	Cerebral Cortex	NA	Cerebral cortex	Cerebral cortex	SRP116554	SRS2910512	0.969	0.758	4.862	0.838	0.541	0.867	1324.64	29832	31000.18	364
SRX3645816	Cerebral Cortex	NA	Cerebral cortex	Cerebral cortex	SRP116554	SRS2910513	0.968	0.749	5.161	0.840	0.505	0.875	1331.17	29895	24377.03	548
SRX3645817	Cerebral Cortex	NA	Cerebral cortex	Cerebral cortex	SRP116554	SRS2910514	0.967	0.747	4.064	0.809	0.600	0.849	1390.18	31038	40369.75	358
SRX3645818	Cerebral Cortex	NA	Cerebral cortex	Cerebral cortex	SRP116554	SRS2910515	0.968	0.763	4.652	0.839	0.567	0.856	1343.88	27212	29802.12	317
SRX3645819	Cerebral Cortex	NA	Cerebral cortex	Cerebral cortex	SRP116554	SRS2910516	0.968	0.752	4.861	0.834	0.551	0.866	1356.47	30912	29346.54	539
SRX3645820	Cerebral Cortex	NA	Cerebral cortex	Cerebral cortex	SRP116554	SRS2910517	0.967	0.766	4.182	0.798	0.565	0.855	1361.21	27616	32689.66	393
SRX3645821	Cerebral Cortex	NA	Cerebral cortex	Cerebral cortex	SRP116554	SRS2910518	0.965	0.759	4.586	0.814	0.577	0.846	1365.55	27552	29697.13	374
SRX3645822	Cerebral Cortex	NA	Cerebral cortex	Cerebral cortex	SRP116554	SRS2910519	0.963	0.762	5.066	0.820	0.517	0.861	1332.46	29447	26560.97	499
SRX3645823	Cerebral Cortex	NA	Cerebral cortex	Cerebral cortex	SRP116554	SRS2910520	0.968	0.741	3.783	0.816	0.593	0.823	1391.17	30960	44192.64	316
SRX367046	Hematopoetic Stem Cell	hematopoetic stem cells	NA	NA	SRP029721	SRS478600	0.994	0.748	10.476	0.729	0.610	0.830	927.11	50580	18538.86	773
SRX3680608	ESC	Mouse embryonic stem cells	NA	Mouse embryonic stem cells	SRP132683	SRS2940745	0.994	0.615	5.421	0.705	0.892	0.860	1560.32	28464	37644.94	310
SRX3680609	ESC	Mouse embryonic stem cells	NA	Mouse embryonic stem cells	SRP132683	SRS2940744	0.995	0.621	5.952	0.748	0.896	0.880	1348.12	26788	29431.13	245
SRX370339	Splenic B cells	splenic B cells	NA	NA	SRP029721	SRS478091	0.997	0.750	8.743	0.743	0.598	0.799	1074.39	42732	23605.38	482
SRX370352	Splenic B cells	splenic B cells	NA	NA	SRP029721	SRS478091	0.999	0.751	5.082	0.716	0.809	0.792	1175.11	38355	27434.04	387
SRX370353	Splenic B cells	splenic B cells	NA	NA	SRP029721	SRS478091	0.999	0.740	8.134	0.735	0.766	0.868	1062.41	44866	18951.21	753
SRX3734848	Midgut Epithelial	Embryonic epithelial cells from the midgut	mouse midgut epithelial cells	mouse midgut epithelial cells	SRP133323	SRS2991849	0.955	0.765	4.624	0.630	0.148	0.800	1510.92	32890	61809.46	308
SRX3734849	Midgut Epithelial	Embryonic epithelial cells from the midgut	mouse midgut epithelial cells	mouse midgut epithelial cells	SRP133323	SRS2991850	0.980	0.695	4.848	0.649	0.236	0.835	1710.9	37668	36679.08	410
SRX3734850	Intestinal Villus	Adult Epithelial cells; proximal 1/3 of intestine	mouse intestinal villus cells	mouse intestinal villus cells	SRP133323	SRS2991851	0.982	0.721	13.342	0.702	0.644	0.945	1159.11	60116	15933.38	1373
SRX3734851	Intestinal Villus	Adult Epithelial cells; proximal 1/3 of intestine	mouse intestinal villus cells	mouse intestinal villus cells	SRP133323	SRS2991852	0.981	0.781	3.977	0.717	0.102	0.821	1336.28	30900	30388.59	244
SRX3746032	MEF	NA	MEFs	2i-MEFs_WT_WGBS	SRP133565	SRS3002458	0.994	0.652	4.120	0.752	0.799	0.881	1538.85	27507	32264.77	377
SRX3746033	MEF	NA	MEFs	3a KO_2i-MEFs_WGBS	SRP133565	SRS3002446	0.970	0.614	3.653	0.603	0.653	0.869	2403.02	26597	39049.5	384
SRX3746034	MEF	NA	MEFs	3b KO_2i-MEFs_WGBS	SRP133565	SRS3002447	0.993	0.574	4.515	0.759	0.706	0.894	3829.36	25380	260025.13	1196
SRX3752569	Embryonic Fibroblast	Mouse embryonic fibroblast	NA	MethylC-seq_MEF	SRP133698	SRS3008721	0.995	0.705	16.826	0.789	0.651	0.920	1127.28	37449	295000.08	2551
SRX3752570	Embryonic Fibroblast	Mouse embryonic fibroblast	NA	MethylC-seq_MEF	SRP133698	SRS3008722	0.995	0.725	15.974	0.804	0.626	0.918	1079.25	37006	34170.37	4314
SRX3752571	Direct reprogramming from fibroblast to neuron induced with Ascl1 for 2 days	Direct reprogramming from fibroblast to neuron induced with Ascl1 for 2 days	NA	MethylC-seq_Ascl1_2d	SRP133698	SRS3008723	0.994	0.713	16.480	0.754	0.728	0.921	1110.88	37689	64959.33	4997
SRX3752572	Direct reprogramming from fibroblast to neuron induced with Ascl1 for 2 days	Direct reprogramming from fibroblast to neuron induced with Ascl1 for 2 days	NA	MethylC-seq_Ascl1_2d	SRP133698	SRS3008724	0.994	0.764	14.141	0.758	0.349	0.918	1104.44	40030	10635.79	1424
SRX3752573	Direct reprogramming from fibroblast to neuron induced with Ascl1 for 5 days	Direct reprogramming from fibroblast to neuron induced with Ascl1 for 5 days	NA	MethylC-seq_Ascl1_5d	SRP133698	SRS3008725	0.993	0.753	14.752	0.802	0.712	0.920	1101.84	36087	16955.47	2295
SRX3752574	Direct reprogramming from fibroblast to neuron induced with Ascl1 for 5 days	Direct reprogramming from fibroblast to neuron induced with Ascl1 for 5 days	NA	MethylC-seq_Ascl1_5d	SRP133698	SRS3008726	0.995	0.737	14.286	0.798	0.481	0.921	1087.71	35937	18847.13	2650
SRX3752575	Direct reprogramming from fibroblast to neuron induced with Ascl1 for 22 days	Direct reprogramming from fibroblast to neuron induced with Ascl1 for 22 days	NA	MethylC-seq_Ascl1_22d	SRP133698	SRS3008727	0.993	0.781	11.805	0.793	0.183	0.928	1126.77	29786	88357.83	3826
SRX3752576	Direct reprogramming from fibroblast to neuron induced with Ascl1 for 22 days	Direct reprogramming from fibroblast to neuron induced with Ascl1 for 22 days	NA	MethylC-seq_Ascl1_22d	SRP133698	SRS3008729	0.993	0.771	9.082	0.793	0.114	0.925	1179.7	28500	153199.78	2496
SRX3752577	Direct reprogramming from fibroblast to neuron induced with BAM for 5 days	Direct reprogramming from fibroblast to neuron induced with BAM for 5 days	NA	MethylC-seq_BAM_5d	SRP133698	SRS3008728	0.995	0.738	16.321	0.788	0.374	0.931	1122.88	33263	122107.26	3753
SRX3752578	Direct reprogramming from fibroblast to neuron induced with BAM for 5 days	Direct reprogramming from fibroblast to neuron induced with BAM for 5 days	NA	MethylC-seq_BAM_5d	SRP133698	SRS3008730	0.994	0.742	32.972	0.827	0.783	0.937	1083.0	38533	78241.92	4654
SRX3752579	Direct reprogramming from fibroblast to neuron induced with BAM for 22 days	Direct reprogramming from fibroblast to neuron induced with BAM for 22 days	NA	MethylC-seq_BAM_22d	SRP133698	SRS3008732	0.988	0.824	10.704	0.761	0.122	0.915	1085.6	27361	13265.97	2410
SRX3752580	Direct reprogramming from fibroblast to neuron induced with BAM for 22 days	Direct reprogramming from fibroblast to neuron induced with BAM for 22 days	NA	MethylC-seq_BAM_22d	SRP133698	SRS3008731	0.990	0.791	11.796	0.819	0.406	0.918	1110.37	28399	14991.64	2030
SRX3752581	Neural Progenitor	Neural progenitor cells	NA	MethylC-seq_NPC_A	SRP133698	SRS3008733	0.997	0.761	12.584	0.840	0.847	0.928	1056.65	40581	16680.97	2712
SRX3752582	Neural Progenitor	Neural progenitor cells	NA	MethylC-seq_NPC_B	SRP133698	SRS3008734	0.997	0.761	11.461	0.828	0.859	0.928	1063.44	40152	15289.87	2545
SRX3752583	Neural progenitor cells differentiated for 7 days	Neural progenitor cells differentiated for 7 days	NA	MethylC-seq_NPC_7d	SRP133698	SRS3008735	0.996	0.795	14.098	0.834	0.797	0.930	1064.87	42202	25630.95	2973
SRX3752584	Neural progenitor cells differentiated for 7 days	Neural progenitor cells differentiated for 7 days	NA	MethylC-seq_NPC_7d	SRP133698	SRS3008737	0.996	0.795	14.296	0.823	0.818	0.930	1063.02	42267	29660.17	3269
SRX3752585	Neural progenitor cells differentiated for 14 days	Neural progenitor cells differentiated for 14 days	NA	MethylC-seq_NPC_14d	SRP133698	SRS3008736	0.995	0.801	13.222	0.813	0.824	0.930	1089.08	38519	39821.11	3255
SRX3752586	Neural progenitor cells differentiated for 21 days	Neural progenitor cells differentiated for 21 days	NA	MethylC-seq_NPC_21d	SRP133698	SRS3008738	0.993	0.809	13.187	0.824	0.681	0.930	1096.44	38585	31199.89	3382
SRX376931	Dentate Gyrus	NA	NA	Dentate gyrus	SRP032967	SRS502341	0.981	0.718	6.722	0.350	0.569	0.932	1351.36	51087	20195.44	1177
SRX376932	Dentate Gyrus	NA	NA	Dentate gyrus	SRP032967	SRS502347	0.991	0.721	30.553	0.652	0.715	0.958	1194.8	80405	11260.17	3204
SRX3791750	Brain	Vascular endothelial cells	Brain	P7 GFP-positive sorted cells from brain (vascular ECs)	SRP135700	SRS3044232	0.976	0.677	51.857	0.575	0.745	0.974	1049.32	75965	17926.66	3481
SRX3791751	Brain	Vascular endothelial cells	Brain	P7 GFP-positive sorted cells from brain (vascular ECs)	SRP135700	SRS3044223	0.976	0.674	51.450	0.583	0.704	0.975	1050.42	75929	17522.57	3379
SRX3791752	Liver	Vascular endothelial cells	Liver	P7 GFP-positive sorted cells from Liver (vascular ECs)	SRP135700	SRS3044224	0.974	0.628	53.453	0.577	0.763	0.975	1228.43	69451	19983.42	2797
SRX3791753	Liver	Vascular endothelial cells	Liver	P7 GFP-positive sorted cells from Liver (vascular ECs)	SRP135700	SRS3044225	0.973	0.628	44.450	0.567	0.810	0.973	1283.26	67404	20888.26	2930
SRX3791754	Lung	Vascular endothelial cells	Lung	P7 GFP-positive sorted cells from Lung (vascular ECs)	SRP135700	SRS3044226	0.935	0.636	28.390	0.418	0.692	0.935	1049.59	64841	14272.54	2340
SRX3791755	Lung	Vascular endothelial cells	Lung	P7 GFP-positive sorted cells from Lung (vascular ECs)	SRP135700	SRS3044233	0.975	0.648	53.625	0.578	0.738	0.974	1114.95	74353	18199.27	2994
SRX3791756	Kidney	Vascular endothelial cells	Kidney	P7 GFP-positive sorted cells from Kidney (vascular ECs)	SRP135700	SRS3044227	0.974	0.671	51.546	0.583	0.768	0.974	1088.76	72833	19510.25	3158
SRX3791757	Kidney	Vascular endothelial cells	Kidney	P7 GFP-positive sorted cells from Kidney (vascular ECs)	SRP135700	SRS3044228	0.975	0.667	52.483	0.577	0.720	0.975	1085.89	73172	18443.29	3411
SRX3827052	ESC	NA	mouse embryonic stem cells	embryonic stem cells	SRP136257	SRS3075534	0.990	0.706	6.595	0.724	0.756	0.881	1788.97	29558	24757.33	1628
SRX3827053	ESC	NA	mouse embryonic stem cells	embryonic stem cells	SRP136257	SRS3075535	0.989	0.622	6.511	0.723	0.710	0.865	2498.04	26243	48370.83	1588
SRX383019	HSC (LSK CD34-CD48-CD150+)	HSC (LSK, CD34-, CD48-, CD150+)	NA	primary murine hematopoietic stem cells	SRP033304	SRS507125	0.992	0.780	11.442	0.752	0.553	0.945	943.31	49996	10725.23	1800
SRX383020	HSC (LSK CD34-CD48-CD150+)	HSC (LSK, CD34-, CD48-, CD150+)	NA	primary murine hematopoietic stem cells	SRP033304	SRS507126	0.991	0.772	20.551	0.784	0.211	0.951	846.62	60384	6600.57	4008
SRX383021	HSC (LSK CD34-CD48-CD150+)	HSC (LSK, CD34-, CD48-, CD150+)	NA	primary murine hematopoietic stem cells	SRP033304	SRS507127	0.986	0.737	21.644	0.793	0.300	0.949	822.51	59908	6410.82	3622
SRX383022	MPP1 (LSK CD34+ CD48-CD150+)	MPP1 (LSK, CD34+, CD48-, CD150+)	NA	primary murine hematopoietic multipotent progenitor cells	SRP033304	SRS507128	0.992	0.768	17.260	0.758	0.699	0.948	855.73	59123	6710.57	3573
SRX383023	MPP1 (LSK CD34+ CD48-CD150+)	MPP1 (LSK, CD34+, CD48-, CD150+)	NA	primary murine hematopoietic multipotent progenitor cells	SRP033304	SRS507129	0.988	0.754	11.403	0.787	0.136	0.950	955.28	48938	11074.37	1530
SRX383024	MPP1 (LSK CD34+ CD48-CD150+)	MPP1 (LSK, CD34+, CD48-, CD150+)	NA	primary murine hematopoietic multipotent progenitor cells	SRP033304	SRS507130	0.989	0.737	13.962	0.782	0.210	0.945	906.96	51647	6310.69	3442
SRX383025	MPP2 (LSK CD34+ CD48+ CD150+)	MPP2 (LSK, CD34+, CD48+, CD150+)	NA	primary murine hematopoietic multipotent progenitor cells	SRP033304	SRS507131	0.982	0.780	9.084	0.794	0.120	0.942	1062.73	45685	12565.09	1432
SRX383026	MPP2 (LSK CD34+ CD48+ CD150+)	MPP2 (LSK, CD34+, CD48+, CD150+)	NA	primary murine hematopoietic multipotent progenitor cells	SRP033304	SRS507132	0.988	0.754	17.451	0.711	0.357	0.945	891.03	56535	6652.95	3651
SRX383027	MPP2 (LSK CD34+ CD48+ CD150+)	MPP2 (LSK, CD34+, CD48+, CD150+)	NA	primary murine hematopoietic multipotent progenitor cells	SRP033304	SRS507133	0.987	0.744	18.411	0.718	0.350	0.944	853.22	59642	6783.93	3575
SRX383028	MPP (LSK CD34+ CD48+ CD150-)	MPP (LSK, CD34+, CD48+, CD150-)	NA	primary murine hematopoietic multipotent progenitor cells	SRP033304	SRS507134	0.992	0.769	16.819	0.752	0.739	0.948	864.58	58480	6980.08	3335
SRX383029	MPP (LSK CD34+ CD48+ CD150-)	MPP (LSK, CD34+, CD48+, CD150-)	NA	primary murine hematopoietic multipotent progenitor cells	SRP033304	SRS507135	0.991	0.774	15.627	0.666	0.133	0.951	883.22	56695	7052.61	3256
SRX383030	MPP (LSK CD34+ CD48+ CD150-)	MPP (LSK, CD34+, CD48+, CD150-)	NA	primary murine hematopoietic multipotent progenitor cells	SRP033304	SRS507136	0.990	0.747	15.406	0.756	0.230	0.945	883.05	54728	6630.14	3362
SRX3844099	ESC	embryonic stem cells	NA	embryonic stem cells	SRP136419	SRS3089503	0.983	0.581	7.572	0.777	0.646	0.890	2273.72	34125	44013.65	1130
SRX3844100	ESC	embryonic stem cells	NA	embryonic stem cells	SRP136419	SRS3089506	0.983	0.581	6.739	0.774	0.712	0.886	2307.18	39789	55792.28	1298
SRX3844101	ESC	embryonic stem cells	NA	embryonic stem cells	SRP136419	SRS3089507	0.982	0.730	5.767	0.660	0.524	0.831	1532.15	27796	62144.77	523
SRX3844102	ESC	embryonic stem cells	NA	embryonic stem cells	SRP136419	SRS3089505	0.978	0.750	7.343	0.764	0.691	0.884	1391.42	34311	39294.13	925
SRX3845014	Blastocysts Generated With Somatic Nuclear Transffer	NA	mouse blastocysts generated with somatic nuclear transffer	NA	SRP130993	SRS3090109	0.989	0.169	7.809	0.836	0.287	0.892	0.0	0	0.0	0
SRX3845019	Blastocysts Generated With Somatic Nuclear Transffer	NA	mouse blastocysts generated with somatic nuclear transffer	NA	SRP130993	SRS3090129	0.989	0.141	7.738	0.840	0.273	0.890	1242218.0	1	88740171.0	1
SRX3846688	Oocytes	NA	NA	fully grown oocytes	SRP136449	SRS3090955	0.955	0.415	2.771	0.724	0.425	0.837	60822.83	6002	282528.2	4328
SRX3846689	Oocytes	NA	NA	fully grown oocytes	SRP136449	SRS3090956	0.952	0.382	2.591	0.725	0.458	0.825	41311.85	12747	266498.23	4570
SRX3846690	Oocytes	NA	NA	fully grown oocytes	SRP136449	SRS3090958	0.961	0.368	2.854	0.719	0.481	0.838	38874.15	14671	252553.01	4698
SRX3846691	Oocytes	NA	NA	fully grown oocytes	SRP136449	SRS3090957	0.958	0.389	2.674	0.722	0.496	0.829	43057.38	11662	252534.26	4653
SRX3846696	2-cell embryo	NA	NA	2-cell embryos	SRP136449	SRS3090963	0.973	0.405	2.134	0.632	0.248	0.787	100246.97	835	1059341.74	289
SRX3846697	2-cell embryo	NA	NA	2-cell embryos	SRP136449	SRS3090964	0.975	0.455	2.282	0.619	0.347	0.803	39233.61	4839	1762763.45	69
SRX3846698	2-cell embryo	NA	NA	2-cell embryos	SRP136449	SRS3090965	0.977	0.400	2.489	0.633	0.347	0.816	107500.7	1061	596946.52	996
SRX3846699	2-cell embryo	NA	NA	2-cell embryos	SRP136449	SRS3090967	0.975	0.394	2.192	0.622	0.279	0.792	116060.9	560	723882.33	684
SRX3846700	Blastocyst	NA	NA	blastocysts	SRP136449	SRS3090968	0.987	0.140	2.865	0.753	0.583	0.850	743112.0	1	109669764.0	1
SRX3846701	Blastocyst	NA	NA	blastocysts	SRP136449	SRS3090966	0.982	0.157	2.575	0.694	0.395	0.829	0.0	0	0.0	0
SRX3846702	Blastocyst	NA	NA	blastocysts	SRP136449	SRS3090969	0.986	0.125	3.073	0.763	0.595	0.859	913849.0	1	0.0	0
SRX3846703	Blastocyst	NA	NA	blastocysts	SRP136449	SRS3090970	0.982	0.162	3.419	0.752	0.579	0.870	1354762.0	1	109681671.0	1
SRX385225	Cardiac	NA	cardiac tissue	NA	SRP033288	SRS509379	0.993	0.654	10.493	0.813	0.716	0.955	1025.94	47320	18290.62	1321
SRX385226	Cardiac	NA	cardiac tissue	NA	SRP033288	SRS506973	0.990	0.663	10.476	0.824	0.747	0.955	1048.39	46689	17520.94	1398
SRX385227	Cardiac	NA	cardiac tissue	NA	SRP033288	SRS509378	0.993	0.657	9.726	0.825	0.733	0.953	1044.61	45910	15006.71	1376
SRX385228	Cardiac Myocyte	NA	cardiac myocyte	NA	SRP033288	SRS509380	0.995	0.668	11.673	0.858	0.127	0.954	971.58	54528	39544.05	2366
SRX385229	Cardiac Myocyte	NA	cardiac myocyte	NA	SRP033288	SRS509381	0.989	0.689	12.002	0.827	0.814	0.958	1014.87	55132	51136.36	2787
SRX385230	Cardiac	NA	cardiac tissue	NA	SRP033288	SRS509382	0.990	0.691	12.079	0.836	0.767	0.957	1005.78	55526	52379.61	2961
SRX385232	Cardiac	NA	cardiac tissue	NA	SRP033288	SRS509384	0.994	0.647	9.107	0.855	0.053	0.948	1081.9	47405	39638.66	1980
SRX385233	Cardiac	NA	cardiac tissue	NA	SRP033288	SRS509385	0.989	0.692	11.243	0.832	0.810	0.958	1019.26	55216	48899.86	2706
SRX385234	Cardiac	NA	cardiac tissue	NA	SRP033288	SRS509386	0.989	0.703	11.823	0.838	0.802	0.957	1014.93	54979	58840.15	2698
SRX3865644	E14 mouse ESCs	E14 mouse embryonic stem cells	NA	E14 mESC	SRP136786	SRS3108621	0.995	0.640	14.518	0.715	0.868	0.939	1327.0	45232	11652.77	4018
SRX3883741	ESC	ESCs	NA	Embryonic Stem Cells (ESCs)	SRP113186	SRS3123022	0.981	0.404	4.063	0.776	0.828	0.852	8617.76	15787	156395.25	618
SRX3883742	ESC	ESCs	NA	Embryonic Stem Cells (ESCs)	SRP113186	SRS3123026	0.981	0.406	6.006	0.795	0.731	0.885	6604.76	23131	119294.22	1086
SRX3883743	ESC	ESCs	NA	Embryonic Stem Cells (ESCs)	SRP113186	SRS3123023	0.982	0.298	3.957	0.779	0.766	0.849	523239.14	7	7337828.84	25
SRX3883744	ESC	ESCs	NA	Embryonic Stem Cells (ESCs)	SRP113186	SRS3123024	0.982	0.325	4.541	0.788	0.775	0.856	84773.68	978	604915.39	806
SRX3928856	Testis	NA	testis	NA	SRP139795	SRS3162381	0.997	0.809	5.050	0.737	0.240	0.915	1619.59	60897	118146.46	1470
SRX3928857	Testis	NA	testis	NA	SRP139795	SRS3162382	0.997	0.794	7.874	0.754	0.455	0.945	1585.78	65695	89817.68	1922
SRX3928858	Testis	NA	testis	NA	SRP139795	SRS3162384	0.996	0.712	6.658	0.746	0.467	0.937	1483.99	55341	70550.29	1676
SRX3928859	Testis	NA	testis	NA	SRP139795	SRS3162383	0.997	0.726	3.572	0.732	0.140	0.889	1648.11	52816	123764.77	1140
SRX3928860	Testis	NA	testis	NA	SRP139795	SRS3162385	0.997	0.760	5.876	0.773	0.305	0.932	1533.17	59027	109587.99	1378
SRX3928861	Testis	NA	testis	NA	SRP139795	SRS3162388	0.997	0.751	5.295	0.738	0.253	0.925	1550.77	57489	116388.53	1255
SRX3928862	Testis	NA	testis	NA	SRP139795	SRS3162386	0.996	0.790	3.880	0.785	0.133	0.903	1611.64	56535	152751.22	1090
SRX3928863	Testis	NA	testis	NA	SRP139795	SRS3162387	0.997	0.776	5.088	0.742	0.229	0.927	1545.53	53447	87064.9	1391
SRX3928864	Testis	NA	testis	NA	SRP139795	SRS3162389	0.997	0.655	3.618	0.817	0.108	0.889	1577.27	48365	82101.15	738
SRX3928865	Testis	NA	testis	NA	SRP139795	SRS3162390	0.997	0.701	5.681	0.748	0.309	0.927	1436.06	53915	50264.83	1511
SRX3928872	Testis	NA	testis	NA	SRP139795	SRS3162397	0.995	0.803	2.764	0.805	0.446	0.855	1622.6	54957	219803.87	786
SRX3928874	Testis	NA	testis	NA	SRP139795	SRS3162399	0.997	0.798	6.253	0.744	0.281	0.938	1630.27	64781	122851.07	1536
SRX3928875	Testis	NA	testis	NA	SRP139795	SRS3162400	0.995	0.795	2.443	0.820	0.262	0.833	1623.68	53661	292733.5	599
SRX4002448	MEF	NA	Mouse Embryonic Fibroblasts (MEFs)	NA	SRP142028	SRS3224382	0.998	0.645	19.870	0.725	0.782	0.954	9900.03	49638	560458.4	1904
SRX4002449	MEF	NA	Mouse Embryonic Fibroblasts (MEFs)	NA	SRP142028	SRS3224383	0.999	0.661	18.778	0.697	0.698	0.961	3276.1	41305	345830.52	2442
SRX403669	Murine bone marrow derived primary HSCs	Murine bone marrow derived primary HSCs	NA	Dnmt3a knockout Hematopoietic Stem Cells	SRP034857	SRS523388	0.999	0.781	3.630	0.769	0.844	1.000	1930.19	34965	113081.15	637
SRX403670	Murine bone marrow derived primary HSCs	Murine bone marrow derived primary HSCs	NA	Dnmt3a knockout Hematopoietic Stem Cells	SRP034857	SRS523389	0.998	0.766	5.687	0.845	0.120	1.000	248.57	27449	1033840.25	8
SRX403671	Murine bone marrow derived primary HSCs	Murine bone marrow derived primary HSCs	NA	24 month Hematopoietic Stem Cells	SRP034857	SRS523390	0.997	0.862	3.392	0.706	0.736	1.000	1490.99	28687	72480.2	395
SRX403672	Murine bone marrow derived primary HSCs	Murine bone marrow derived primary HSCs	NA	24 month Hematopoietic Stem Cells	SRP034857	SRS523391	0.995	0.841	4.625	0.732	0.220	1.000	270.55	17471	1571221.62	8
SRX4130367	Intermediate	Intermediate cells	NA	Reprogramming pZscan4-Emerald ESC derived XEN-like cells and FACS sorted pZscan4c-eme+ cells at stage II day 12	SRP149052	SRS3344678	0.987	0.036	21.872	0.818	0.478	0.959	215486.13	246	671158.48	352
SRX4130368	Intermediate	Intermediate cells	NA	Reprogramming pZscan4-Emerald ESC derived XEN-like cells and FACS sorted pZscan4c-eme-cells at stage II day 12	SRP149052	SRS3344679	0.987	0.047	21.352	0.824	0.429	0.959	154840.01	499	668601.96	320
SRX4130369	CiPSCs	CiPSCs	NA	CiPS cell line	SRP149052	SRS3344680	0.981	0.630	24.903	0.845	0.481	0.965	1241.65	48402	9090.87	3871
SRX4130370	XEN-like	XEN-like cells	NA	Establishment of purified XEN-like cell lines sing stage 1 medium (with VC6TFAE plus 20 ng/ml bFGF)	SRP149052	SRS3344681	0.987	0.523	21.715	0.847	0.433	0.965	7894.81	51539	242450.06	3321
SRX4277426	Embryonic Fibroblast Cell	NA	mouse embryonic fibroblast cell	mouse embryonic fibroblast cell	SRP151020	SRS3443514	0.981	0.653	6.471	0.718	0.563	0.895	1295.49	29243	21563.01	400
SRX4277427	Nuclear Transfer Embryo	NA	nuclear transfer embryo	nuclear transfer embryo	SRP151020	SRS3443515	0.980	0.522	3.868	0.672	0.355	0.859	8713.37	25690	247332.04	1513
SRX4277428	Nuclear Transfer Embryo	NA	nuclear transfer embryo	nuclear transfer embryo	SRP151020	SRS3443516	0.982	0.471	6.185	0.668	0.353	0.910	15213.38	21836	147731.94	2626
SRX4277429	Nuclear Transfer Embryo	NA	nuclear transfer embryo	nuclear transfer embryo	SRP151020	SRS3443517	0.983	0.506	6.192	0.684	0.309	0.902	11503.61	25235	179163.81	2141
SRX4277430	Sertoli	NA	sertoli cell	sertoli cell	SRP151020	SRS3443518	0.979	0.596	8.339	0.713	0.646	0.909	1355.2	36268	19839.19	414
SRX4277431	Nuclear Transfer Embryo	NA	nuclear transfer embryo	nuclear transfer embryo	SRP151020	SRS3443519	0.980	0.490	5.557	0.668	0.376	0.901	7147.22	29392	350360.33	1315
SRX4277432	Nuclear Transfer Embryo	NA	nuclear transfer embryo	nuclear transfer embryo	SRP151020	SRS3443520	0.981	0.387	5.081	0.675	0.353	0.891	36832.46	9290	294509.44	1645
SRX4277433	Nuclear Transfer Embryo	NA	nuclear transfer embryo	nuclear transfer embryo	SRP151020	SRS3443521	0.982	0.411	6.082	0.688	0.386	0.893	20084.92	17109	306583.34	1593
SRX4277434	Cumulus	NA	cumulus cell	cumulus cell	SRP151020	SRS3443523	0.980	0.598	6.188	0.725	0.627	0.884	1453.95	44136	26283.89	318
SRX4277435	Nuclear Transfer Embryo	NA	nuclear transfer embryo	nuclear transfer embryo	SRP151020	SRS3443522	0.980	0.483	9.672	0.668	0.430	0.930	8693.57	33734	225107.04	2474
SRX4277436	Nuclear Transfer Embryo	NA	nuclear transfer embryo	nuclear transfer embryo	SRP151020	SRS3443524	0.974	0.450	3.312	0.543	0.088	0.817	25643.76	15697	355089.25	1673
SRX4277437	Nuclear Transfer Embryo	NA	nuclear transfer embryo	nuclear transfer embryo	SRP151020	SRS3443526	0.974	0.442	3.078	0.585	0.073	0.790	25919.9	13946	400043.87	1472
SRX4277438	Nuclear Transfer Embryo	NA	nuclear transfer embryo	nuclear transfer embryo	SRP151020	SRS3443525	0.974	0.440	3.292	0.552	0.087	0.810	27295.93	14455	375859.83	1650
SRX4277439	Nuclear Transfer Embryo	NA	nuclear transfer embryo	nuclear transfer embryo	SRP151020	SRS3443527	0.970	0.477	2.991	0.516	0.068	0.762	14023.79	19945	668733.29	910
SRX4277440	Nuclear Transfer Embryo	NA	nuclear transfer embryo	nuclear transfer embryo	SRP151020	SRS3443529	0.975	0.474	3.241	0.578	0.071	0.795	15285.13	18659	475740.88	1088
SRX4277441	Nuclear Transfer Embryo	NA	nuclear transfer embryo	nuclear transfer embryo	SRP151020	SRS3443528	0.979	0.150	6.011	0.711	0.339	0.865	1038505.0	1	0.0	0
SRX4277442	Nuclear Transfer Embryo	NA	nuclear transfer embryo	nuclear transfer embryo	SRP151020	SRS3443530	0.983	0.166	8.172	0.711	0.568	0.908	1114413.0	3	15132039.5	2
SRX4277443	Nuclear Transfer Embryo	NA	nuclear transfer embryo	nuclear transfer embryo	SRP151020	SRS3443532	0.973	0.461	6.697	0.642	0.225	0.898	17583.41	20545	298588.85	1882
SRX4277444	Nuclear Transfer Embryo	NA	nuclear transfer embryo	nuclear transfer embryo	SRP151020	SRS3443531	0.973	0.409	6.803	0.672	0.153	0.908	27912.05	15791	242664.91	2333
SRX4277445	Nuclear Transfer Embryo	NA	nuclear transfer embryo	nuclear transfer embryo	SRP151020	SRS3443533	0.975	0.426	8.498	0.627	0.195	0.913	18716.82	21251	300927.49	1969
SRX4277446	Nuclear Transfer Embryo	NA	nuclear transfer embryo	nuclear transfer embryo	SRP151020	SRS3443534	0.978	0.413	9.465	0.674	0.235	0.930	8418.3	29708	259675.58	1985
SRX4277447	Nuclear Transfer Embryo	NA	nuclear transfer embryo	nuclear transfer embryo	SRP151020	SRS3443535	0.977	0.363	7.489	0.699	0.223	0.909	34245.44	11068	292285.53	1845
SRX4277448	Nuclear Transfer Embryo	NA	nuclear transfer embryo	nuclear transfer embryo	SRP151020	SRS3443536	0.979	0.359	8.370	0.693	0.308	0.916	24745.69	15020	265639.48	1863
SRX4284594	Embryo	NA	NA	Embryo	SRP151137	SRS3448752	0.975	0.435	4.223	0.507	0.846	0.704	2577.29	19897	108695.34	122
SRX4321177	J1 ESC	J1 ESC	NA	Embryonic stem cell (ESC)	SRP151590	SRS3483643	0.981	0.712	5.364	0.841	0.732	0.911	1785.23	35918	38978.55	1506
SRX4321178	J1 ESC	J1 ESC	NA	Embryonic stem cell (ESC)	SRP151590	SRS3483646	0.982	0.700	4.699	0.836	0.756	0.907	2141.18	36979	61336.28	1350
SRX4321179	J1 NSC	J1 NSC	NA	ES-derived Neural stem cell (NSC)	SRP151590	SRS3483644	0.984	0.769	11.900	0.823	0.779	0.947	2179.5	34574	148649.94	2321
SRX4321180	J1 NSC	J1 NSC	NA	ES-derived Neural stem cell (NSC)	SRP151590	SRS3483645	0.983	0.765	11.204	0.803	0.807	0.947	1709.88	35750	126064.36	2381
SRX4321181	J1 NSC	J1 NSC	NA	ES-derived Neural stem cell (NSC)	SRP151590	SRS3483647	0.984	0.728	8.563	0.826	0.801	0.938	2154.46	33219	159366.32	2332
SRX4321182	J1 NSC	J1 NSC	NA	ES-derived Neural stem cell (NSC)	SRP151590	SRS3483648	0.983	0.717	6.991	0.825	0.812	0.932	2517.48	30980	219309.65	1670
SRX4321183	J1 NSC	J1 NSC	NA	ES-derived Neural stem cell (NSC)	SRP151590	SRS3483649	0.982	0.720	9.438	0.795	0.821	0.942	1831.04	36027	142189.82	2409
SRX4321184	J1 NSC	J1 NSC	NA	ES-derived Neural stem cell (NSC)	SRP151590	SRS3483650	0.983	0.781	8.318	0.825	0.792	0.937	1769.34	27530	132555.13	1998
SRX4321185	J1 NSC	J1 NSC	NA	ES-derived Neural stem cell (NSC)	SRP151590	SRS3483652	0.982	0.768	10.963	0.801	0.828	0.946	1649.13	32403	80623.21	2592
SRX4321186	J1 NSC	J1 NSC	NA	ES-derived Neural stem cell (NSC)	SRP151590	SRS3483651	0.982	0.742	7.917	0.808	0.751	0.941	1620.55	32706	155478.07	1857
SRX4321187	J1 NSC	J1 NSC	NA	ES-derived Neural stem cell (NSC)	SRP151590	SRS3483653	0.982	0.736	11.026	0.801	0.813	0.946	1781.43	38561	129662.23	2405
SRX4321188	J1 NSC	J1 NSC	NA	ES-derived Neural stem cell (NSC)	SRP151590	SRS3483654	0.983	0.741	8.559	0.836	0.805	0.928	2261.68	35297	186067.48	1980
SRX4321189	J1 NSC	J1 NSC	NA	ES-derived Neural stem cell (NSC)	SRP151590	SRS3483655	0.982	0.755	9.461	0.798	0.823	0.938	1460.34	34584	82348.23	2464
SRX4329506	mESC-derived	mESC-derived cell	NA	PKO_13D_BS_seq_rep1	SRP151725	SRS3491547	0.992	0.576	2.613	0.644	0.825	0.759	2751.2	18357	118509.51	84
SRX4329513	ESC	mESC	NA	R-PKO_mES_BS_seq_rep1	SRP151725	SRS3491554	0.993	0.019	2.782	0.674	0.855	0.795	643208.5	4	3645699.83	59
SRX4329519	mESC-derived	mESC-derived cell	NA	TKO_13D_BS_seq	SRP151725	SRS3491560	0.973	0.532	4.842	0.705	0.442	0.705	1461.96	19735	48158.94	51
SRX4329520	ESC	mESC	NA	TKO_mES_BS_seq	SRP151725	SRS3491561	0.991	0.756	2.354	0.743	0.804	0.704	1534.03	24932	156008.58	170
SRX4329522	mESC-derived	mESC-derived cell	NA	WT_13D_BS_seq	SRP151725	SRS3491563	0.992	0.686	3.015	0.627	0.845	0.801	1528.74	21729	73051.67	155
SRX4329523	mESC-derived	mESC-derived cell	NA	WT_13D_BS_seq	SRP151725	SRS3491564	0.956	0.727	4.498	0.657	0.726	0.800	1259.35	21886	39126.25	261
SRX4329524	ESC	mESC	NA	WT_mES_BS_seq	SRP151725	SRS3491565	0.991	0.672	2.044	0.755	0.629	0.731	2487.5	28754	220295.87	361
SRX4403673	Brain Cortex	Homogenate	Brain cortex	NA	SRP154319	SRS3558179	0.939	0.716	13.794	0.765	0.701	0.932	1220.22	38705	14044.52	1832
SRX4403674	Brain Cortex	Homogenate	Brain cortex	NA	SRP154319	SRS3558178	0.986	0.701	17.585	0.791	0.775	0.928	1136.64	39084	13232.35	1916
SRX4403708	Brain Cortex	Homogenate	Brain cortex	NA	SRP154319	SRS3558180	0.986	0.686	18.422	0.787	0.768	0.922	1141.26	38209	13353.5	1849
SRX4403709	Brain Cortex	Homogenate	Brain cortex	NA	SRP154319	SRS3558181	0.942	0.720	14.986	0.788	0.749	0.936	1199.47	39182	13991.11	1866
SRX4452442	Fetal Liver	NA	NA	fetal liver	SRP154996	SRS3591116	0.989	0.572	1.804	0.833	0.892	0.700	2716.64	18247	114516.54	26
SRX4452443	Fetal Liver	NA	NA	fetal liver	SRP154996	SRS3591115	0.988	0.585	2.250	0.808	0.821	0.744	2516.71	19371	75770.06	109
SRX4452445	Fetal Liver	NA	NA	fetal liver	SRP154996	SRS3591117	0.988	0.565	2.007	0.819	0.866	0.715	2740.11	18329	82419.72	71
SRX4452448	Fetal Liver	NA	NA	fetal liver	SRP154996	SRS3591120	0.989	0.580	1.879	0.805	0.853	0.703	2685.35	18478	73606.4	81
SRX4452451	Fetal Liver	NA	NA	fetal liver	SRP154996	SRS3591123	0.987	0.577	2.143	0.782	0.805	0.729	2625.71	18486	73709.93	69
SRX4473931	Hypothalamus	NA	Hypothalamus	Hypothalamus	SRP155404	SRS3599280	0.973	0.735	3.012	0.799	0.868	0.831	1435.83	27253	40313.11	285
SRX4473932	Hypothalamus	NA	Hypothalamus	Hypothalamus	SRP155404	SRS3599281	0.973	0.736	3.319	0.802	0.865	0.843	1415.81	27238	36866.56	291
SRX4473933	Hypothalamus	NA	Hypothalamus	Hypothalamus	SRP155404	SRS3599282	0.972	0.727	3.186	0.806	0.815	0.837	1455.56	26948	36242.67	332
SRX4473935	Hypothalamus	NA	Hypothalamus	Hypothalamus	SRP155404	SRS3599284	0.978	0.702	1.690	0.781	0.899	0.710	1733.53	26654	91709.05	220
SRX4473936	Hypothalamus	NA	Hypothalamus	Hypothalamus	SRP155404	SRS3599285	0.981	0.713	1.935	0.811	0.896	0.746	1657.56	28082	70895.92	313
SRX4473937	Hypothalamus	NA	Hypothalamus	Hypothalamus	SRP155404	SRS3599287	0.982	0.704	2.795	0.791	0.905	0.816	1527.99	28661	53775.91	213
SRX4473938	Hypothalamus	NA	Hypothalamus	Hypothalamus	SRP155404	SRS3599286	0.982	0.713	3.029	0.799	0.887	0.832	1495.05	29189	47367.21	216
SRX4473939	Hypothalamus	NA	Hypothalamus	Hypothalamus	SRP155404	SRS3599288	0.982	0.712	3.087	0.802	0.891	0.831	1474.96	29258	46018.76	224
SRX4473940	Hypothalamus	NA	Hypothalamus	Hypothalamus	SRP155404	SRS3599289	0.978	0.719	3.099	0.783	0.908	0.830	1422.32	27913	48187.89	160
SRX4473941	Hypothalamus	NA	Hypothalamus	Hypothalamus	SRP155404	SRS3599291	0.975	0.736	3.656	0.802	0.891	0.854	1271.12	28050	38107.25	232
SRX4473942	Liver	NA	Liver	Liver	SRP155404	SRS3599290	0.983	0.689	1.993	0.836	0.590	0.710	1976.28	24401	59048.33	172
SRX4473943	Liver	NA	Liver	Liver	SRP155404	SRS3599292	0.983	0.708	1.919	0.832	0.784	0.712	1941.38	25295	62815.46	219
SRX4473945	Liver	NA	Liver	Liver	SRP155404	SRS3599294	0.984	0.680	1.898	0.824	0.776	0.708	2316.75	24743	114703.02	127
SRX4473953	Epiblast	NA	Epiblast	Epiblast	SRP155404	SRS3599313	0.971	0.755	2.078	0.742	0.530	0.725	1695.8	23349	68387.99	141
SRX4473954	Epiblast	NA	Epiblast	Epiblast	SRP155404	SRS3599302	0.965	0.758	2.127	0.732	0.385	0.700	1671.28	23352	72441.39	102
SRX4473962	Epiblast	NA	Epiblast	Epiblast	SRP155404	SRS3599312	0.971	0.733	2.363	0.759	0.541	0.754	1649.92	24838	66491.07	138
SRX4473964	Epiblast	NA	Epiblast	Epiblast	SRP155404	SRS3599311	0.969	0.744	2.112	0.749	0.495	0.710	1593.41	24756	72884.92	172
SRX4473971	Hypothalamus	NA	Hypothalamus	Hypothalamus	SRP155404	SRS3599322	0.983	0.681	2.093	0.748	0.956	0.723	1910.69	29984	110043.76	96
SRX4473973	Hypothalamus	NA	Hypothalamus	Hypothalamus	SRP155404	SRS3599321	0.973	0.708	2.145	0.756	0.954	0.736	1613.89	24456	53411.93	180
SRX4473974	Hypothalamus	NA	Hypothalamus	Hypothalamus	SRP155404	SRS3599323	0.973	0.714	2.379	0.762	0.951	0.758	1591.48	24638	50416.24	166
SRX4473975	Hypothalamus	NA	Hypothalamus	Hypothalamus	SRP155404	SRS3599325	0.980	0.687	3.041	0.756	0.951	0.801	1570.12	27719	47134.83	156
SRX4521696	Spleen bulk B cells	Spleen bulk B cells	NA	mouse spleen B cells with the wild type KMT2D	SRP119705	SRS3640045	0.996	0.761	24.101	0.754	0.759	0.968	918.64	61688	9615.05	3493
SRX4521697	Spleen bulk B cells	Spleen bulk B cells	NA	mouse spleen B cells with the heterozygous chr15: 98,835,228 A>T mutation in KMT2D (Ile5482Asn)	SRP119705	SRS3640046	0.994	0.779	18.146	0.765	0.557	0.967	937.33	57095	9457.11	3140
SRX4521698	Spleen bulk B cells	Spleen bulk B cells	NA	mouse spleen B cells with the homozygous chr15: 98,835,228 A>T mutation in KMT2D (Ile5482Asn)	SRP119705	SRS3640044	0.996	0.765	21.570	0.767	0.674	0.967	918.48	55484	8736.89	3052
SRX4521699	blood (B cell-depleted)	blood (B cell-depleted)	NA	blood (B cell-depleted) from the wild type KMT2D mice	SRP119705	SRS3640047	0.996	0.767	9.055	0.768	0.629	0.949	1081.11	46348	14318.86	1607
SRX4521700	blood (B cell-depleted)	blood (B cell-depleted)	NA	blood (B cell-depleted) from mice with the heterozygous chr15: 98,835,228 A>T mutation in KMT2D (Ile5482Asn)	SRP119705	SRS3640048	0.997	0.763	7.363	0.815	0.627	0.938	1109.82	43361	19025.75	1210
SRX4521701	blood (B cell-depleted)	blood (B cell-depleted)	NA	blood (B cell-depleted) from mice with the homozygous chr15: 98,835,228 A>T mutation in KMT2D (Ile5482Asn)	SRP119705	SRS3640049	0.996	0.768	10.586	0.800	0.547	0.949	1079.68	45041	15102.01	1945
SRX4521702	ESC	NA	Embryonic stem cells	mouse ESCs with the wild type KMT2C/D	SRP156779	SRS3640050	0.995	0.356	12.287	0.741	0.484	0.953	6192.54	38701	156220.9	2863
SRX4521703	ESC	NA	Embryonic stem cells	mouse ESCs with a point mutation in the catalytic SET domain (dCD) of KMT2C and KMT2D	SRP156779	SRS3640052	0.994	0.431	16.113	0.730	0.510	0.957	1671.19	37300	37623.79	1709
SRX4521704	ESC	NA	Embryonic stem cells	mouse ESCs with a complete loss of KMT2C/D (dKO)	SRP156779	SRS3640051	0.996	0.383	13.583	0.741	0.468	0.956	8068.57	31434	210294.49	2736
SRX4579181	C3H embryo-derived mesenchymal progenitor	C3H embryo-derived mesenchymal progenitor cells	NA	C3H10T1/2 cells	SRP158409	SRS3693614	0.995	0.569	14.816	0.743	0.604	0.924	12533.49	41927	527371.16	2066
SRX4579182	C3H embryo-derived mesenchymal progenitor	C3H embryo-derived mesenchymal progenitor cells	NA	C3H10T1/2 cells	SRP158409	SRS3693615	0.994	0.494	12.958	0.701	0.462	0.920	15973.98	20073	659064.79	1565
SRX4590082	Inner Cell Mass	NA	NA	embryo (inner cell mass)	SRP117079	SRS3698375	0.992	0.587	30.101	0.702	0.907	0.959	1636.87	59926	16456.49	4755
SRX4590083	Inner Cell Mass	NA	NA	embryo (inner cell mass)	SRP117079	SRS3698376	0.992	0.556	35.151	0.692	0.795	0.960	1586.43	64656	16106.61	5086
SRX4616070	Endocrine Enrichment	endocrine enrichment	NA	pancreas	SRP158977	SRS3719062	0.944	0.681	4.302	0.219	0.555	0.909	1768.64	31861	32609.1	620
SRX4616071	Endocrine Enrichment	endocrine enrichment	NA	pancreas	SRP158977	SRS3719063	0.937	0.689	2.889	0.223	0.349	0.859	2088.79	23828	39765.17	490
SRX4626254	ESC	mouse ESC line	NA	F123 embryonic stem cells	SRP159191	SRS3727788	0.965	0.667	3.665	0.735	0.913	0.888	1828.89	24573	41840.44	683
SRX4626255	ESC	mouse ESC line	NA	F123 embryonic stem cells	SRP159191	SRS3727789	0.984	0.649	9.264	0.653	0.782	0.932	1270.36	30806	14983.74	1394
SRX4644279	Brain	dLGN (dorsolateral geniculate nucleus)	brain	dLGN from P6 WT mouse	SRP159665	SRS3742349	0.984	0.760	16.558	0.667	0.371	0.925	1317.43	45927	17062.12	1400
SRX4644280	Brain	dLGN (dorsolateral geniculate nucleus)	brain	dLGN from P23 WT mouse	SRP159665	SRS3742348	0.973	0.771	20.451	0.693	0.429	0.933	1247.67	40348	22003.91	1757
SRX4644281	Brain	dLGN (dorsolateral geniculate nucleus)	brain	dLGN from P6 Math5-KO mouse	SRP159665	SRS3742350	0.986	0.782	18.152	0.679	0.378	0.937	1221.88	57689	14222.23	1627
SRX4644282	Brain	dLGN (dorsolateral geniculate nucleus)	brain	dLGN from P23 Math5-KO mouse	SRP159665	SRS3742351	0.972	0.799	16.241	0.683	0.387	0.935	1225.94	44956	17667.87	1539
SRX4659081	Wild Type Mouse Stem Cell	NA	NA	wild type mouse stem cells	SRP160386	SRS3754303	0.993	0.458	24.262	0.638	0.687	0.958	2784.98	54370	51221.43	5960
SRX4659082	Wild Type Mouse Stem Cell	NA	NA	wild type mouse stem cells	SRP160386	SRS3754308	0.992	0.424	25.560	0.635	0.686	0.958	2741.22	51939	41938.54	5876
SRX4659083	Tet1 D2018A mutant knock in mouse stem cell	NA	NA	Tet1 D2018A mutant knock in mouse stem cells	SRP160386	SRS3754305	0.993	0.260	22.205	0.631	0.674	0.957	10947.22	35321	163533.84	4111
SRX4659084	Tet1 D2018A mutant knock in mouse stem cell	NA	NA	Tet1 D2018A mutant knock in mouse stem cells	SRP160386	SRS3754304	0.993	0.335	19.568	0.617	0.698	0.956	5600.1	42948	105711.82	4609
SRX4671433	Day 12 naivex2 mCherry+/GFP+	NA	NA	Day 12 naivex2 mCherry+/GFP+	SRP161525	SRS3766181	0.993	0.280	12.065	0.666	0.698	0.960	6462.98	33578	1859889.26	407
SRX4671434	Day 12 naivex2 mCherry+/GFP-	NA	NA	Day 12 naivex2 mCherry+/GFP-	SRP161525	SRS3766179	0.993	0.356	10.942	0.649	0.693	0.959	2826.89	42454	85583.87	2482
SRX4671435	Day 14 naivex2 mCherry+/GFP+	NA	NA	Day 14 naivex2 mCherry+/GFP+	SRP161525	SRS3766180	0.993	0.325	10.230	0.657	0.755	0.956	3564.96	40618	1776643.61	402
SRX4671436	Embryo	NA	NA	Day 0 mouse embryonic fibroblasts	SRP161525	SRS3766183	0.994	0.669	10.679	0.628	0.757	0.956	1064.74	40846	12302.89	1058
SRX4671437	Day 10 totalx2 mCherry+/GFP+	NA	NA	Day 10 totalx2 mCherry+/GFP+	SRP161525	SRS3766182	0.993	0.413	10.428	0.661	0.671	0.950	2108.86	41075	48770.75	1955
SRX4671438	Day 10 totalx2 mCherry+/GFP-	NA	NA	Day 10 totalx2 mCherry+/GFP-	SRP161525	SRS3766184	0.994	0.551	11.845	0.670	0.783	0.957	1305.14	47293	14897.95	1424
SRX4671439	iPSC	NA	NA	TET1 KO iPSC clonal line, experiment 1	SRP161525	SRS3766185	0.991	0.629	11.581	0.618	0.827	0.959	1561.5	58520	33348.08	4450
SRX4671440	iPSC	NA	NA	wild-type iPSC clonal line, experiment 1	SRP161525	SRS3766187	0.991	0.491	10.493	0.638	0.817	0.956	1909.72	55728	46572.1	3538
SRX4671441	iPSC	NA	NA	wild-type iPSC clonal line, experiment 2	SRP161525	SRS3766186	0.992	0.463	2.049	0.653	0.858	0.782	9693.57	16170	529840.67	728
SRX4671442	iPSC	NA	NA	TET1 KO iPSC clonal line, experiment 2	SRP161525	SRS3766189	0.990	0.569	1.610	0.621	0.791	0.706	5160.72	25219	429177.21	654
SRX4672693	Inner Cell Mass	NA	inner cell mass	Embyonic Stem Cells	SRP081133	SRS3767275	0.987	0.490	4.988	0.755	0.389	0.882	9435.13	17967	374519.32	1292
SRX4672694	Inner Cell Mass	NA	inner cell mass	Embyonic Stem Cells	SRP081133	SRS3767276	0.986	0.686	3.868	0.739	0.384	0.838	2644.88	27744	79539.19	1305
SRX4703403	ESC	Embryonic stem cell	NA	Embryonic stem cell	SRP162035	SRS3797465	0.998	0.454	3.443	0.700	0.681	0.853	8134.52	15248	125313.32	749
SRX4703404	ESC	Embryonic stem cell	NA	Embryonic stem cell	SRP162035	SRS3797467	0.997	0.444	3.824	0.692	0.661	0.886	7507.27	17193	117153.17	863
SRX4703405	ESC	Embryonic stem cell	NA	Embryonic stem cell	SRP162035	SRS3797469	0.998	0.434	4.290	0.723	0.667	0.910	6335.7	21397	119943.5	951
SRX4703406	ESC	Embryonic stem cell	NA	Embryonic stem cell	SRP162035	SRS3797470	0.995	0.639	3.804	0.650	0.672	0.899	1966.18	39858	56273.8	1235
SRX4703407	ESC	Embryonic stem cell	NA	Embryonic stem cell	SRP162035	SRS3797466	0.995	0.642	3.931	0.679	0.638	0.902	2003.09	38302	47739.23	1273
SRX4703408	ESC	Embryonic stem cell	NA	Embryonic stem cell	SRP162035	SRS3797471	0.995	0.637	3.925	0.685	0.675	0.904	1931.44	40233	45581.93	1401
SRX4703409	ESC	Embryonic stem cell	NA	Embryonic stem cell	SRP162035	SRS3797472	0.996	0.630	3.580	0.717	0.677	0.890	2239.26	39187	55079.64	1287
SRX4703410	ESC	Embryonic stem cell	NA	Embryonic stem cell	SRP162035	SRS3797468	0.996	0.615	4.098	0.718	0.636	0.910	2056.14	41254	42934.99	1475
SRX4703411	ESC	Embryonic stem cell	NA	Embryonic stem cell	SRP162035	SRS3797473	0.996	0.638	4.447	0.731	0.658	0.909	1980.31	43335	34760.65	1698
SRX4703412	Epiblast Stem Cell	Epiblast stem cell	NA	Epiblast stem cell	SRP162035	SRS3797474	0.995	0.763	4.315	0.732	0.641	0.893	1422.57	23627	25023.68	695
SRX4703413	Epiblast Stem Cell	Epiblast stem cell	NA	Epiblast stem cell	SRP162035	SRS3797476	0.994	0.751	4.079	0.672	0.653	0.898	1405.86	23949	30056.79	519
SRX4703414	Epiblast Stem Cell	Epiblast stem cell	NA	Epiblast stem cell	SRP162035	SRS3797475	0.994	0.750	3.799	0.710	0.644	0.894	1423.72	23456	29344.58	474
SRX470512	Germ	NA	Germ cells	NA	SRP037785	SRS557654	0.992	0.792	1.934	0.631	0.883	0.742	1606.0	49743	396479.68	421
SRX470552	Germ	NA	Germ cells	NA	SRP037785	SRS557654	0.992	0.779	8.539	0.676	0.675	0.936	1540.75	66713	87559.31	1818
SRX470575	Germ	NA	Germ cells	NA	SRP037785	SRS557662	0.987	0.724	8.855	0.701	0.883	0.929	1761.06	68829	94273.09	1884
SRX470596	Germ	NA	Germ cells	NA	SRP037785	SRS557662	0.991	0.706	4.658	0.732	0.447	0.917	1882.8	65567	156534.75	1286
SRX472602	Germ	NA	Germ cells	NA	SRP037785	SRS557705	0.988	0.044	1.856	0.521	0.190	0.734	675608.0	1	3406047.86	79
SRX4746202	retinal pigment epithelium (RPE)	NA	retinal pigment epithelium (RPE)	RPE	SRP162771	SRS3826501	0.994	0.766	18.598	0.841	0.661	0.960	1061.47	55862	9004.51	3429
SRX4746203	retinal pigment epithelium (RPE)	NA	retinal pigment epithelium (RPE)	RPE	SRP162771	SRS3826502	0.994	0.771	19.373	0.844	0.659	0.962	1048.38	58848	9448.17	3385
SRX4791910	Testis	NA	testis	Germline stem cells	SRP163215	SRS3871100	0.993	0.678	11.761	0.802	0.410	0.914	1294.3	61828	34486.74	2677
SRX4791911	Testis	NA	testis	Germline stem cells	SRP163215	SRS3871101	0.993	0.687	6.411	0.801	0.511	0.899	1447.65	56172	85185.13	1509
SRX4791912	Testis	NA	testis	Germline stem cells	SRP163215	SRS3871102	0.993	0.690	12.304	0.804	0.411	0.915	1228.1	55094	16513.38	1904
SRX4791913	Testis	NA	testis	Germline stem cells	SRP163215	SRS3871103	0.994	0.704	6.190	0.810	0.522	0.896	1381.86	45791	26712.07	937
SRX482055	ESC	embryonic stem cells	NA	ESC E14	SRP039504	SRS566636	0.960	0.921	7.164	0.740	0.084	0.791	785.73	11328	482563.79	563
SRX4899477	Epiblast-like	Epiblast-like Cell	NA	Epiblast-like Cell	SRP165997	SRS3946001	0.970	0.788	20.185	0.802	0.408	0.938	1319.57	32286	29088.7	2328
SRX4967228	MEF	MEFs	NA	female clonal MEFs	SRP167689	SRS4006689	0.983	0.615	38.747	0.779	0.494	0.950	8334.31	60539	236064.77	3423
SRX4967229	MEF	MEFs	NA	female clonal MEFs	SRP167689	SRS4006688	0.988	0.570	14.003	0.805	0.588	0.943	11655.77	49005	284466.05	3433
SRX4968739	Brain	NA	brain	Brain	SRP167718	SRS4008166	0.983	0.720	10.077	0.733	0.807	0.954	1235.18	37456	13575.49	1511
SRX4968740	Brain	NA	brain	Brain	SRP167718	SRS4008167	0.981	0.719	10.324	0.721	0.760	0.956	1223.39	40707	13802.2	1828
SRX4968741	Brain	NA	brain	Brain	SRP167718	SRS4008171	0.983	0.717	10.150	0.745	0.760	0.955	1234.37	38227	13071.89	1599
SRX4968742	Brain	NA	brain	Brain	SRP167718	SRS4008168	0.984	0.717	10.707	0.716	0.775	0.957	1225.96	37842	13338.33	1609
SRX4968743	Brain	NA	brain	Brain	SRP167718	SRS4008169	0.983	0.728	9.032	0.829	0.762	0.953	1256.59	37019	13723.01	1601
SRX4968744	Brain	NA	brain	Brain	SRP167718	SRS4008170	0.984	0.726	7.679	0.819	0.706	0.947	1284.4	36002	12800.88	1638
SRX4985943	Spleen	NA	spleen	MEL cell line	SRP156136	SRS4022980	0.997	0.689	17.350	0.802	0.635	0.925	7088.17	43823	748628.73	1393
SRX4998181	Retina	Glast+ cells	retina	Glast+ cells from P28 retinas	SRP168345	SRS4033083	0.995	0.781	15.807	0.800	0.520	0.938	1054.68	57421	10450.2	3075
SRX4998182	Retina	Glast+ cells	retina	Glast+ cells from P28 retinas	SRP168345	SRS4033084	0.996	0.793	17.118	0.851	0.485	0.938	1058.99	60890	10248.54	3290
SRX5000902	Neuron	Neuron	NA	Microdissected ARH	SRP168393	SRS4035620	0.973	0.741	3.545	0.540	0.118	0.844	1527.92	26793	31121.98	362
SRX5000903	Neuron	Neuron	NA	Microdissected ARH	SRP168393	SRS4035621	0.972	0.744	3.489	0.564	0.093	0.843	1554.1	25414	26985.41	343
SRX5000904	Neuron	Neuron	NA	Microdissected ARH	SRP168393	SRS4035622	0.976	0.733	2.368	0.591	0.083	0.723	1725.67	22902	36177.02	234
SRX5000906	Neuron	Neuron	NA	Microdissected ARH	SRP168393	SRS4035624	0.973	0.739	3.360	0.543	0.116	0.846	1551.48	26193	26907.49	447
SRX5000907	Neuron	Neuron	NA	Microdissected ARH	SRP168393	SRS4035625	0.977	0.759	4.548	0.681	0.120	0.903	1401.45	29470	24828.77	396
SRX5000908	Neuron	Neuron	NA	Microdissected ARH	SRP168393	SRS4035626	0.977	0.770	5.572	0.660	0.167	0.928	1344.25	30096	19872.04	634
SRX5000909	Neuron	Neuron	NA	Microdissected ARH	SRP168393	SRS4035627	0.977	0.765	5.269	0.654	0.181	0.924	1321.34	30661	18024.02	588
SRX5000910	Neuron	Neuron	NA	Microdissected ARH	SRP168393	SRS4035628	0.974	0.776	3.581	0.677	0.120	0.859	1494.86	27385	29364.31	306
SRX5001417	Embryonic Heart	NA	embryonic heart	mouse embryo heart E12.5 day	SRP168427	SRS4036133	0.985	0.714	8.011	0.655	0.380	0.932	1341.92	30116	11732.84	1107
SRX501919	Visceral Yolk Sac Endoderm	NA	visceral yolk sac endoderm	VYS endoderm	SRP040627	SRS582951	0.993	0.297	3.315	0.411	0.578	0.710	0.0	0	1259954.95	786
SRX5053930	Female Pronucleus	NA	female pronucleus	pronucleus	SRP170065	SRS4071031	0.958	0.572	2.823	0.499	0.357	0.765	7501.55	30722	222134.45	553
SRX5053932	Male Pronucleus	NA	male pronucleus	pronucleus	SRP170065	SRS4071033	0.952	0.589	3.041	0.495	0.362	0.776	3210.14	35064	237522.54	484
SRX5053933	Male Pronucleus	NA	male pronucleus	pronucleus	SRP170065	SRS4071034	0.942	0.479	3.260	0.559	0.402	0.792	6321.02	18184	306128.2	317
SRX5053934	Female Pronucleus	NA	female pronucleus	pronucleus	SRP170065	SRS4071035	0.961	0.301	2.658	0.472	0.273	0.746	57343.54	2322	450580.95	1780
SRX5053935	Female Pronucleus	NA	female pronucleus	pronucleus	SRP170065	SRS4071036	0.971	0.272	3.397	0.443	0.432	0.761	73972.74	971	830613.73	452
SRX5053936	Male Pronucleus	NA	male pronucleus	pronucleus	SRP170065	SRS4071037	0.962	0.527	3.247	0.455	0.488	0.813	2670.19	35983	138702.6	425
SRX5053937	Male Pronucleus	NA	male pronucleus	pronucleus	SRP170065	SRS4071038	0.965	0.450	4.666	0.513	0.572	0.832	2337.06	39564	95142.67	341
SRX5053938	Oocyte	NA	oocyte	oocyte	SRP170065	SRS4071039	0.926	0.648	4.130	0.582	0.453	0.854	6327.28	43140	206068.73	937
SRX5053939	Oocyte	NA	oocyte	oocyte	SRP170065	SRS4071040	0.924	0.646	3.524	0.579	0.473	0.826	6307.63	41275	280497.32	421
SRX5053940	Oocyte	NA	oocyte	oocyte	SRP170065	SRS4071041	0.929	0.372	3.628	0.559	0.417	0.822	35520.74	12861	275930.48	4201
SRX5053941	Oocyte	NA	oocyte	oocyte	SRP170065	SRS4071042	0.936	0.348	4.068	0.550	0.489	0.819	40964.64	9963	332057.54	3550
SRX5079977	Adult Healthy Liver	NA	Adult healthy liver	FACS sorted cells from adult liver	SRP171165	SRS4092980	0.987	0.761	5.125	0.796	0.385	0.922	1334.23	39487	19663.71	657
SRX5079978	Adult Healthy Liver	NA	Adult healthy liver	FACS sorted cells from adult liver	SRP171165	SRS4092981	0.991	0.750	6.162	0.785	0.258	0.935	1256.4	41839	18208.28	656
SRX5079979	Adult DDC damaged liver	NA	Adult DDC damaged liver	FACS sorted cells from adult liver	SRP171165	SRS4092982	0.989	0.763	4.260	0.816	0.225	0.906	1449.45	34221	20865.91	664
SRX5079980	Adult DDC damaged liver	NA	Adult DDC damaged liver	FACS sorted cells from adult liver	SRP171165	SRS4092983	0.987	0.765	4.780	0.803	0.134	0.897	1406.1	37336	23661.69	639
SRX5079981	Adult DDC damaged liver	NA	Adult DDC damaged liver	FACS sorted cells from adult liver	SRP171165	SRS4092984	0.988	0.750	7.447	0.785	0.298	0.948	1184.27	44768	13600.32	998
SRX5079982	Adult DDC damaged liver	NA	Adult DDC damaged liver	FACS sorted cells from adult liver	SRP171165	SRS4092985	0.990	0.738	4.912	0.770	0.428	0.925	1330.97	38953	22557.18	576
SRX5102884	Frontal Cortex	NA	Frontal cortex	Frontal cortex	SRP172778	SRS4113088	0.957	0.742	2.482	0.847	0.794	0.818	1758.86	31517	94797.3	360
SRX5102885	Frontal Cortex	NA	Frontal cortex	Frontal cortex	SRP172778	SRS4113089	0.944	0.719	2.107	0.694	0.592	0.776	1839.4	27930	97497.72	260
SRX5124084	Embryonic Fibroblasts	mouse embryonic fibroblasts	NA	mouse embryonic fibroblasts	SRP173239	SRS4137397	0.999	0.711	12.893	0.807	0.738	0.903	1151.13	33361	18718.85	2433
SRX5124085	ESC	mouse embryonic stem cells	NA	mouse embryonic stem cells	SRP173239	SRS4137399	0.998	0.700	12.164	0.825	0.712	0.906	1411.07	47189	12403.28	4445
SRX5146778	Whole Striatum	inhibitory neurons	whole striatum	MeCP2 cKO mouse #1	SRP173926	SRS4174149	0.966	0.753	50.781	0.576	0.711	0.980	1268.2	66058	13548.32	5000
SRX5146779	Whole Striatum	inhibitory neurons	whole striatum	MeCP2 cKO mouse #2	SRP173926	SRS4174150	0.967	0.749	48.941	0.581	0.767	0.980	1222.36	71359	13645.36	5002
SRX5146780	Whole Striatum	inhibitory neurons	whole striatum	Dnmt3a cKO mouse #1	SRP173926	SRS4174148	0.982	0.669	49.252	0.571	0.795	0.980	1248.47	100849	14039.25	3626
SRX5146781	Whole Striatum	inhibitory neurons	whole striatum	Dnmt3a cKO mouse #2	SRP173926	SRS4174151	0.981	0.672	47.742	0.567	0.777	0.979	1299.43	97349	14283.51	4027
SRX5146782	Whole Striatum	inhibitory neurons	whole striatum	Wild-type mouse #1	SRP173926	SRS4174152	0.966	0.753	51.090	0.588	0.790	0.981	1289.34	66134	13961.66	4963
SRX5146783	Whole Striatum	inhibitory neurons	whole striatum	Wild-type mouse #2	SRP173926	SRS4174153	0.966	0.753	50.607	0.595	0.806	0.980	1262.64	70389	14128.1	5425
SRX5171451	Extra-embryonic ectoderm	NA	Extra-embryonic ectoderm	Extra-embryonic ectoderm	SRP174096	SRS4179073	0.977	0.467	1.947	0.590	0.567	0.708	5670.14	12648	3552023.19	245
SRX5171452	Extra-embryonic ectoderm	NA	Extra-embryonic ectoderm	Extra-embryonic ectoderm	SRP174096	SRS4179074	0.977	0.463	2.426	0.545	0.769	0.773	6474.0	12316	2888856.31	323
SRX5175267	Brain Cortex	Homogenate	Brain cortex	NA	SRP174255	SRS4182687	0.986	0.697	2.528	0.796	0.777	0.762	1591.76	29433	51586.66	380
SRX5175268	Brain Cortex	Homogenate	Brain cortex	NA	SRP174255	SRS4182687	0.986	0.693	3.138	0.797	0.776	0.802	1514.79	30649	43844.74	463
SRX5175275	Brain Cortex	Homogenate	Brain cortex	NA	SRP174255	SRS4182687	0.986	0.691	3.121	0.796	0.778	0.802	1530.74	30295	45446.41	408
SRX5175288	Brain Cortex	Homogenate	Brain cortex	NA	SRP174255	SRS4182689	0.986	0.686	3.387	0.795	0.795	0.799	1500.66	30526	32601.17	593
SRX5175289	Brain Cortex	Homogenate	Brain cortex	NA	SRP174255	SRS4182689	0.986	0.698	3.258	0.801	0.786	0.794	1484.26	30536	41302.53	418
SRX5175290	Brain Cortex	Homogenate	Brain cortex	NA	SRP174255	SRS4182689	0.986	0.700	3.296	0.801	0.783	0.796	1508.89	29984	41349.08	433
SRX5175291	Brain Cortex	Homogenate	Brain cortex	NA	SRP174255	SRS4182689	0.986	0.688	2.644	0.801	0.796	0.754	1596.58	29041	49939.28	371
SRX5175292	Brain Cortex	Homogenate	Brain cortex	NA	SRP174255	SRS4182689	0.986	0.684	3.291	0.802	0.794	0.795	1500.09	30791	35309.61	489
SRX5175293	Brain Cortex	Homogenate	Brain cortex	NA	SRP174255	SRS4182689	0.986	0.683	3.275	0.801	0.795	0.794	1525.51	29952	34815.74	501
SRX5175294	Brain Cortex	Homogenate	Brain cortex	NA	SRP174255	SRS4182688	0.949	0.726	2.288	0.806	0.820	0.789	1695.58	28262	56684.55	484
SRX5175295	Brain Cortex	Homogenate	Brain cortex	NA	SRP174255	SRS4182690	0.943	0.725	1.963	0.806	0.792	0.729	1730.06	27008	79867.61	218
SRX5175297	Brain Cortex	Homogenate	Brain cortex	NA	SRP174255	SRS4182687	0.986	0.707	3.182	0.796	0.768	0.805	1509.73	30354	41706.12	426
SRX5175298	Brain Cortex	Homogenate	Brain cortex	NA	SRP174255	SRS4182687	0.986	0.705	3.150	0.797	0.770	0.804	1531.36	29692	38463.36	521
SRX5175299	Brain Cortex	Homogenate	Brain cortex	NA	SRP174255	SRS4182687	0.986	0.695	3.228	0.789	0.777	0.807	1531.53	29888	36905.26	554
SRX5175300	Brain Cortex	Homogenate	Brain cortex	NA	SRP174255	SRS4182688	0.949	0.725	2.302	0.811	0.820	0.790	1707.73	27945	56767.08	447
SRX5175301	Brain Cortex	Homogenate	Brain cortex	NA	SRP174255	SRS4182688	0.949	0.725	2.306	0.810	0.820	0.790	1740.34	27150	54433.15	553
SRX5175302	Brain Cortex	Homogenate	Brain cortex	NA	SRP174255	SRS4182688	0.948	0.725	2.301	0.811	0.820	0.790	1721.13	27794	56462.55	441
SRX5175303	Brain Cortex	Homogenate	Brain cortex	NA	SRP174255	SRS4182688	0.949	0.725	2.314	0.811	0.820	0.791	1731.33	27522	59784.09	406
SRX5175304	Brain Cortex	Homogenate	Brain cortex	NA	SRP174255	SRS4182688	0.949	0.724	2.292	0.810	0.820	0.789	1733.28	27675	59125.33	427
SRX5175305	Brain Cortex	Homogenate	Brain cortex	NA	SRP174255	SRS4182688	0.949	0.724	2.265	0.810	0.820	0.786	1739.13	27367	55827.73	492
SRX5175306	Brain Cortex	Homogenate	Brain cortex	NA	SRP174255	SRS4182688	0.949	0.721	2.069	0.803	0.825	0.765	1760.37	27237	62060.69	464
SRX5175319	Brain Cortex	Homogenate	Brain cortex	NA	SRP174255	SRS4182690	0.946	0.715	1.811	0.794	0.803	0.708	1786.21	26280	78471.81	329
SRX5175322	Brain Cortex	Homogenate	Brain cortex	NA	SRP174255	SRS4182690	0.946	0.715	2.104	0.795	0.800	0.746	1684.54	28540	63559.9	348
SRX5180222	Testis	NA	testis	NA	SRP139795	SRS4187107	0.997	0.804	3.807	0.801	0.065	0.891	1637.3	58617	158336.27	1137
SRX5180495	Hepatocytes	NA	Hepatocytes	Hepatocytes, Foxa1L/L;2L/L	SRP174491	SRS4187380	0.992	0.745	18.875	0.823	0.615	0.922	945.76	64805	9935.53	3147
SRX5180496	Hepatocytes	NA	Hepatocytes	Hepatocytes, Foxa1L/L;2L/L	SRP174491	SRS4187381	0.992	0.742	21.659	0.837	0.605	0.924	938.85	64069	9485.65	3161
SRX5180497	Hepatocytes	NA	Hepatocytes	Hepatocytes, Foxa1L/L;2L/L Alfp Cre	SRP174491	SRS4187382	0.992	0.752	19.873	0.829	0.637	0.918	973.78	63571	13988.66	3694
SRX5180498	Hepatocytes	NA	Hepatocytes	Hepatocytes, Foxa1L/L;2L/L Alfp Cre	SRP174491	SRS4187383	0.993	0.756	19.659	0.832	0.640	0.918	955.56	64096	13115.33	3729
SRX5180499	Hepatocytes	NA	Hepatocytes	Hepatocytes, Foxa1L/L;2L/L AAV Cre	SRP174491	SRS4187384	0.993	0.748	21.387	0.828	0.634	0.924	914.02	69054	9646.64	3535
SRX5180500	Hepatocytes	NA	Hepatocytes	Hepatocytes, Foxa1L/L;2L/L AAV Cre	SRP174491	SRS4187385	0.993	0.748	21.895	0.829	0.678	0.923	927.22	68707	10260.23	3365
SRX5188424	Epiblast Stem Cells (EpiSCs)	Epiblast Stem Cells (EpiSCs)	NA	Epiblast Stem cells	SRP174666	SRS4194742	0.995	0.798	11.572	0.796	0.833	0.940	1123.91	24232	11652.65	1042
SRX520379	ESC	NA	NA	ES cells	SRP041257	SRS593936	0.983	0.288	4.814	0.570	0.931	0.908	0.0	0	0.0	0
SRX520407	ESC	NA	NA	ES cells	SRP041257	SRS593964	0.981	0.641	6.043	0.625	0.900	0.919	1430.89	31969	34476.78	922
SRX5212828	DRG sensory neuron	NA	NA	DRG sensory neuron	SRP176417	SRS4216906	0.969	0.499	3.105	0.548	0.914	0.722	2277.29	23578	88630.66	107
SRX5212829	DRG sensory neuron	NA	NA	DRG sensory neuron	SRP176417	SRS4216907	0.958	0.499	2.945	0.555	0.822	0.715	2439.23	31599	170100.13	449
SRX5212832	DRG sensory neuron	NA	NA	DRG sensory neuron	SRP176417	SRS4216910	0.971	0.507	3.656	0.559	0.912	0.775	2229.28	24384	64585.91	125
SRX5212833	DRG sensory neuron	NA	NA	DRG sensory neuron	SRP176417	SRS4216911	0.975	0.488	3.249	0.595	0.932	0.754	2327.02	23986	57675.24	119
SRX5212834	DRG sensory neuron	NA	NA	DRG sensory neuron	SRP176417	SRS4216912	0.963	0.510	4.226	0.554	0.807	0.804	2351.11	26928	71081.74	124
SRX5212835	DRG sensory neuron	NA	NA	DRG sensory neuron	SRP176417	SRS4216913	0.960	0.510	2.546	0.581	0.903	0.700	2273.98	26539	112559.19	342
SRX5212836	DRG sensory neuron	NA	NA	DRG sensory neuron	SRP176417	SRS4216914	0.961	0.488	4.040	0.559	0.819	0.782	2398.04	26654	76212.03	237
SRX523863	Cell Line	NA	NA	ESC	SRP041376	SRS595875	0.994	0.681	8.739	0.529	0.911	0.941	1538.61	44844	33187.26	2677
SRX523865	Cell Line	NA	NA	ESC	SRP041376	SRS595877	0.993	0.630	9.872	0.815	0.915	0.944	1357.95	32266	18937.45	2313
SRX5318477	Colon Epithelial	colon epithelial cells	NA	CNV_colon epithel	SRP183094	SRS4314324	0.999	0.685	19.337	0.837	0.906	0.951	985.8	73288	9231.64	2421
SRX5318478	Colon Epithelial	colon epithelial cells	NA	CNV_colon epithel	SRP183094	SRS4314325	0.999	0.685	19.813	0.830	0.918	0.951	990.57	73441	9284.09	2459
SRX5318479	Colon Epithelial	colon epithelial cells	NA	CNV_DSS_colon epithel	SRP183094	SRS4314326	0.993	0.650	23.622	0.816	0.834	0.955	1105.12	63299	10049.32	1869
SRX5318480	Colon Epithelial	colon epithelial cells	NA	CNV_DSS_colon epithel	SRP183094	SRS4314327	0.999	0.649	17.067	0.813	0.914	0.951	1138.72	57501	10123.27	1707
SRX5318481	Colon Epithelial	colon epithelial cells	NA	GF_colon epithel	SRP183094	SRS4314328	0.999	0.700	8.528	0.753	0.897	0.942	1093.06	61275	13304.58	1432
SRX5318482	Colon Epithelial	colon epithelial cells	NA	GF_colon epithel	SRP183094	SRS4314329	0.999	0.676	9.867	0.768	0.868	0.943	1074.92	60386	12194.57	1491
SRX5318483	Colon Epithelial	colon epithelial cells	NA	GF_DSS_colon epithel	SRP183094	SRS4314330	0.995	0.687	21.551	0.719	0.783	0.956	978.07	73311	8561.79	2928
SRX5318484	Colon Epithelial	colon epithelial cells	NA	GF_DSS_colon epithel	SRP183094	SRS4314331	0.995	0.692	18.506	0.558	0.798	0.954	972.58	71261	8688.63	2613
SRX5347774	ESC	Embryonic stem cells	NA	Embryonic stem cells	SRP184524	SRS4341104	0.982	0.587	2.745	0.843	0.465	0.848	3731.99	24058	121203.32	603
SRX5347775	ESC	Embryonic stem cells	NA	Embryonic stem cells	SRP184524	SRS4341105	0.982	0.588	2.474	0.844	0.482	0.828	3880.31	23467	143622.39	540
SRX5347776	ESC	Embryonic stem cells	NA	Embryonic stem cells	SRP184524	SRS4341103	0.982	0.469	2.366	0.839	0.475	0.818	6805.91	11942	355226.25	648
SRX5347777	ESC	Embryonic stem cells	NA	Embryonic stem cells	SRP184524	SRS4341106	0.981	0.470	2.740	0.841	0.464	0.847	6081.08	15077	348592.91	683
SRX5347778	ESC	Embryonic stem cells	NA	Embryonic stem cells	SRP184524	SRS4341107	0.981	0.596	2.614	0.841	0.486	0.837	3504.97	25053	136708.39	568
SRX5347779	ESC	Embryonic stem cells	NA	Embryonic stem cells	SRP184524	SRS4341108	0.981	0.598	2.737	0.840	0.475	0.846	3437.55	25194	121137.68	739
SRX5347780	ESC	Embryonic stem cells	NA	Embryonic stem cells	SRP184524	SRS4341109	0.981	0.432	5.838	0.844	0.760	0.923	3636.81	25806	101518.64	702
SRX5347781	ESC	Embryonic stem cells	NA	Embryonic stem cells	SRP184524	SRS4341110	0.981	0.430	5.122	0.845	0.765	0.916	4300.38	22801	120349.92	697
SRX535245	ESC	embryonic stem cells	NA	embryonic stem cells	SRP041760	SRS603865	0.998	0.069	5.992	0.665	0.363	0.922	1354581.0	1	0.0	0
SRX535247	ESC	embryonic stem cells	NA	embryonic stem cells	SRP041760	SRS603867	0.999	0.027	2.320	0.690	0.567	0.791	1061161.0	1	118816618.0	1
SRX535248	ESC	embryonic stem cells	NA	embryonic stem cells	SRP041760	SRS603868	0.999	0.027	4.771	0.640	0.315	0.905	1354581.0	1	0.0	0
SRX5369659	ESC	Embryonic stem cells	NA	Embryonic stem cells	SRP185723	SRS4359914	0.968	0.743	37.153	0.822	0.610	0.955	1726.89	54260	29531.85	5795
SRX5369660	ESC	Embryonic stem cells	NA	Embryonic stem cells	SRP185723	SRS4359915	0.969	0.738	34.469	0.821	0.574	0.954	1727.42	53629	29128.71	5507
SRX5369661	ESC	Embryonic stem cells	NA	Embryonic stem cells	SRP185723	SRS4359916	0.969	0.738	33.634	0.822	0.482	0.953	1725.6	53414	27970.24	5618
SRX5369662	ESC	Embryonic stem cells	NA	Embryonic stem cells	SRP185723	SRS4359917	0.968	0.730	33.308	0.822	0.535	0.953	1621.94	53247	20812.62	4791
SRX5369663	ESC	Embryonic stem cells	NA	Embryonic stem cells	SRP185723	SRS4359918	0.969	0.701	34.199	0.822	0.576	0.951	1817.06	51254	27478.09	5917
SRX5369664	ESC	Embryonic stem cells	NA	Embryonic stem cells	SRP185723	SRS4359919	0.970	0.737	36.820	0.822	0.648	0.954	1577.75	51465	18673.48	4937
SRX5369961	Retina	NA	retina	whole retinal cell populations	SRP185738	SRS4360215	0.998	0.824	12.836	0.800	0.635	0.912	1197.51	43877	7101.69	3633
SRX5369962	Retina	NA	retina	whole retinal cell populations	SRP185738	SRS4360216	0.998	0.808	18.045	0.842	0.713	0.948	1028.86	55696	7737.77	3481
SRX5369963	Retina	NA	retina	Notch1+ cells (RPCs) isolated from developing retinas	SRP185738	SRS4360217	0.998	0.777	14.425	0.844	0.714	0.929	1056.38	55954	7680.34	2823
SRX5369964	Retina	NA	retina	Notch1+ cells (RPCs) isolated from developing retinas	SRP185738	SRS4360218	0.998	0.776	13.216	0.844	0.717	0.922	1086.49	54725	8606.13	2237
SRX5369965	Retina	NA	retina	RGCs isolated from P14 retinas	SRP185738	SRS4360219	0.996	0.781	14.191	0.844	0.716	0.943	1114.43	57787	9658.08	2800
SRX539951	Colon	NA	NA	colon epithel	SRP041847	SRS605044	0.990	0.694	4.708	0.777	0.145	0.902	1572.89	41742	27000.03	466
SRX539952	Colon	NA	NA	colon epithel	SRP041847	SRS605043	0.999	0.663	4.032	0.751	0.122	0.898	1942.76	29755	31937.59	146
SRX539953	Colon	NA	NA	colon epithel	SRP041847	SRS605045	0.999	0.688	8.536	0.767	0.886	0.943	1214.48	56190	12480.4	1602
SRX539954	Colon	NA	NA	colon epithel	SRP041847	SRS605046	0.991	0.669	2.659	0.753	0.082	0.809	2300.09	26566	49323.21	182
SRX539955	Colon	NA	NA	colon epithel	SRP041847	SRS605048	0.999	0.673	3.031	0.731	0.127	0.855	2029.62	26345	34133.33	166
SRX539956	Colon	NA	NA	colon epithel	SRP041847	SRS605047	0.998	0.678	3.977	0.631	0.283	0.893	1842.57	30255	21238.35	426
SRX539957	Colon	NA	NA	colon epithel	SRP041847	SRS605050	0.989	0.673	2.111	0.746	0.062	0.727	2474.95	24306	78983.84	69
SRX539959	Colon	NA	NA	colon epithel	SRP041847	SRS605051	0.999	0.674	4.854	0.725	0.328	0.911	1728.91	35311	23647.62	343
SRX5411066	Nucleus Accumbens	NA	Nucleus accumbens	Nucleus accumbens	SRP186631	SRS4393095	0.971	0.763	18.720	0.765	0.324	0.948	1100.03	42218	14519.6	1634
SRX5411067	Nucleus Accumbens	NA	Nucleus accumbens	Nucleus accumbens	SRP186631	SRS4393096	0.970	0.763	15.223	0.753	0.171	0.950	1143.4	37304	13636.21	1531
SRX5411068	Nucleus Accumbens	NA	Nucleus accumbens	Nucleus accumbens	SRP186631	SRS4393097	0.969	0.761	13.192	0.790	0.148	0.942	1171.95	35482	16639.96	1241
SRX5411069	Nucleus Accumbens	NA	Nucleus accumbens	Nucleus accumbens	SRP186631	SRS4393098	0.966	0.765	5.942	0.734	0.105	0.837	1315.45	32257	29085.47	409
SRX5411070	Nucleus Accumbens	NA	Nucleus accumbens	Nucleus accumbens	SRP186631	SRS4393099	0.965	0.756	5.755	0.786	0.064	0.859	1309.66	32385	30241.8	378
SRX5411071	Nucleus Accumbens	NA	Nucleus accumbens	Nucleus accumbens	SRP186631	SRS4393100	0.969	0.768	28.520	0.724	0.404	0.952	1047.96	48244	9902.47	2773
SRX5411072	Nucleus Accumbens	NA	Nucleus accumbens	Nucleus accumbens	SRP186631	SRS4393101	0.969	0.765	24.485	0.711	0.473	0.948	1071.61	46510	14550.89	1871
SRX5411073	Nucleus Accumbens	NA	Nucleus accumbens	Nucleus accumbens	SRP186631	SRS4393102	0.969	0.770	18.745	0.769	0.216	0.947	1104.85	37100	12092.6	1656
SRX5411074	Nucleus Accumbens	NA	Nucleus accumbens	Nucleus accumbens	SRP186631	SRS4393103	0.971	0.750	18.974	0.752	0.276	0.948	1106.77	40795	12322.54	1715
SRX5415754	Hippocampus	NA	Hippocampus	NA	SRP186720	SRS4396577	0.978	0.730	9.590	0.835	0.835	0.948	1196.72	47619	23604.48	859
SRX5415755	Hippocampus	NA	Hippocampus	NA	SRP186720	SRS4396578	0.978	0.726	8.402	0.771	0.847	0.944	1240.0	44150	18663.66	1203
SRX5415756	Hippocampus	NA	Hippocampus	NA	SRP186720	SRS4396579	0.979	0.725	11.872	0.857	0.857	0.946	1194.63	48806	15575.74	1571
SRX5415757	Hippocampus	NA	Hippocampus	NA	SRP186720	SRS4396580	0.977	0.724	10.412	0.857	0.832	0.948	1180.95	48927	20698.65	1068
SRX5415758	Hippocampus	NA	Hippocampus	NA	SRP186720	SRS4396581	0.982	0.739	10.564	0.830	0.882	0.947	1202.34	49227	15460.25	1565
SRX5415759	Hippocampus	NA	Hippocampus	NA	SRP186720	SRS4396582	0.980	0.746	9.980	0.837	0.872	0.945	1217.24	45833	14914.2	1472
SRX5415760	Hippocampus	NA	Hippocampus	NA	SRP186720	SRS4396583	0.980	0.727	11.764	0.840	0.824	0.951	1183.27	50864	15943.26	1619
SRX5415761	Hippocampus	NA	Hippocampus	NA	SRP186720	SRS4396584	0.977	0.729	10.605	0.807	0.823	0.945	1226.74	49485	15776.83	1903
SRX5415762	Hippocampus	NA	Hippocampus	NA	SRP186720	SRS4396585	0.980	0.733	11.166	0.849	0.856	0.949	1189.08	51066	14974.52	1809
SRX5415763	Hippocampus	NA	Hippocampus	NA	SRP186720	SRS4396586	0.978	0.729	8.938	0.832	0.831	0.940	1226.0	44565	19244.46	1057
SRX5415770	Hippocampus	NA	Hippocampus	NA	SRP186720	SRS4396593	0.978	0.711	13.400	0.849	0.848	0.930	1168.74	46347	24640.5	901
SRX5415771	Hippocampus	NA	Hippocampus	NA	SRP186720	SRS4396594	0.980	0.705	12.465	0.855	0.852	0.934	1160.11	45465	23287.73	973
SRX542443	MII oocyte	MII oocyte	NA	MII oocytes	SRP041083	SRS606803	0.974	0.532	12.550	0.763	0.136	0.949	60324.61	7432	226544.54	4957
SRX542444	Sperm	sperm	NA	sperm	SRP041083	SRS606804	0.994	0.740	48.280	0.825	0.763	0.953	1854.25	79719	35975.3	6070
SRX542445	2-cell embryo	2-cell embryo	NA	2-cell embryos	SRP041083	SRS606805	0.986	0.451	24.544	0.814	0.166	0.958	31037.7	18377	279342.33	2177
SRX542446	4-cell embryo	4-cell embryo	NA	4-cell embryos	SRP041083	SRS606806	0.987	0.382	17.081	0.779	0.098	0.956	19806.15	30726	208739.79	3138
SRX542447	Inner Cell Mass	Inner cell mass	NA	E3.5 inner cell mass	SRP041083	SRS606807	0.990	0.211	15.252	0.825	0.139	0.955	17612.7	31225	96338.22	5360
SRX542448	E6.5 embryo	E6.5 embryo	NA	E6.5 embryos	SRP041083	SRS606808	0.991	0.593	38.541	0.835	0.586	0.958	1156.11	30370	9111.43	1646
SRX542449	E7.5 embryo	E7.5 embryo	NA	E7.5 embryos	SRP041083	SRS606809	0.993	0.708	33.654	0.825	0.820	0.957	1109.25	37741	7655.69	3093
SRX542450	E13.5 female PGC	E13.5 female PGC	NA	E13.5 female PGCs	SRP041083	SRS606810	0.990	0.062	12.444	0.829	0.183	0.949	293321.69	681	882904.39	757
SRX542451	E13.5 male PGC	E13.5 male PGC	NA	E13.5 male PGCs	SRP041083	SRS606811	0.990	0.081	15.301	0.813	0.269	0.957	461213.67	143	1718995.83	223
SRX5447657	ESCs (mESC)	mouse embryonic stem cells (mESC)	NA	Control mESC	SRP187205	SRS4424551	0.996	0.515	26.808	0.561	0.781	0.950	1496.27	49938	12854.49	3997
SRX5447658	ESCs (mESC)	mouse embryonic stem cells (mESC)	NA	Control mESC	SRP187205	SRS4424552	0.995	0.701	25.331	0.663	0.763	0.951	1420.03	61335	14868.6	5788
SRX5447659	ESCs (mESC)	mouse embryonic stem cells (mESC)	NA	Gadd45 TKO mESC	SRP187205	SRS4424553	0.995	0.730	23.772	0.665	0.749	0.949	1412.98	57930	15804.38	6180
SRX5447660	ESCs (mESC)	mouse embryonic stem cells (mESC)	NA	Gadd45 TKO mESC	SRP187205	SRS4424554	0.995	0.730	25.073	0.661	0.788	0.950	1458.3	60946	16419.63	6639
SRX5508338	Brain	NA	NA	Forebrain tissue	SRP188205	SRS4476367	0.986	0.755	2.146	0.753	0.870	0.797	1814.87	25207	44244.76	379
SRX5508339	Brain	NA	NA	Forebrain tissue	SRP188205	SRS4476368	0.985	0.756	2.040	0.753	0.876	0.783	1866.43	25160	48282.69	304
SRX5508340	Brain	NA	NA	Forebrain tissue	SRP188205	SRS4476369	0.986	0.755	1.989	0.775	0.890	0.772	1786.26	26958	41525.71	482
SRX5508341	Brain	NA	NA	Forebrain tissue	SRP188205	SRS4476370	0.987	0.755	2.487	0.775	0.879	0.829	1763.57	26068	36170.35	479
SRX5508342	Brain	NA	NA	Forebrain tissue	SRP188205	SRS4476371	0.985	0.755	2.163	0.765	0.882	0.798	1844.01	24748	43367.62	437
SRX5508343	Brain	NA	NA	Forebrain tissue	SRP188205	SRS4476372	0.986	0.759	2.353	0.765	0.883	0.818	1755.73	27150	37836.67	497
SRX5508344	Brain	NA	NA	Forebrain tissue	SRP188205	SRS4476373	0.987	0.622	1.717	0.723	0.605	0.748	3623.82	22947	127964.21	556
SRX5508345	Brain	NA	NA	Forebrain tissue	SRP188205	SRS4476374	0.986	0.623	1.877	0.730	0.712	0.770	3637.94	23647	122598.25	713
SRX5508346	Brain	NA	NA	Forebrain tissue	SRP188205	SRS4476375	0.987	0.627	1.939	0.762	0.712	0.777	3540.51	22578	91596.39	870
SRX5508347	Brain	NA	NA	Forebrain tissue	SRP188205	SRS4476376	0.988	0.628	2.159	0.763	0.751	0.806	3309.19	24687	84764.61	785
SRX5508348	Brain	NA	NA	Forebrain tissue	SRP188205	SRS4476377	0.986	0.618	2.012	0.736	0.712	0.789	3639.31	23693	116502.61	805
SRX5508349	Brain	NA	NA	Forebrain tissue	SRP188205	SRS4476378	0.987	0.627	2.355	0.745	0.790	0.826	3281.69	25077	82177.78	976
SRX5516756	ESC	mESC	NA	PKO_Con_HBS_seq_rep1	SRP151725	SRS4484200	0.994	0.502	9.624	0.198	0.738	0.918	4351.92	26241	121413.71	2170
SRX5516757	ESC	mESC	NA	PKO_Con_HBS_seq_rep2	SRP151725	SRS4484201	0.993	0.509	5.488	0.213	0.794	0.885	5340.56	19102	197872.75	1380
SRX5516758	ESC	mESC	NA	SKO_Con_HBS_seq_rep1	SRP151725	SRS4484202	0.994	0.558	11.115	0.205	0.723	0.924	3650.83	26618	43578.24	2731
SRX5516759	ESC	mESC	NA	SKO_Con_HBS_seq_rep2	SRP151725	SRS4484203	0.992	0.575	17.440	0.264	0.785	0.931	3182.29	30384	45934.32	2728
SRX5516760	ESC	mESC	NA	SKO_Nocodazole_HBS_seq_rep1	SRP151725	SRS4484204	0.994	0.559	9.187	0.196	0.675	0.921	3696.1	26189	45303.19	2568
SRX5516761	ESC	mESC	NA	SKO_Nocodazole_HBS_seq_rep2	SRP151725	SRS4484205	0.993	0.572	13.880	0.245	0.818	0.929	3352.25	29188	48782.94	2932
SRX5516762	ESC	mESC	NA	PKO_Nocodazole_HBS_seq_rep1	SRP151725	SRS4484206	0.993	0.524	7.177	0.212	0.741	0.912	4872.9	24671	136923.73	2021
SRX5516763	ESC	mESC	NA	PKO_Nocodazole_HBS_seq_rep2	SRP151725	SRS4484207	0.991	0.532	9.971	0.265	0.815	0.925	3611.6	29198	81989.08	2899
SRX5516764	ESC	mESC	NA	R-PKO_Con_HBS_seq_rep1	SRP151725	SRS4484208	0.995	0.027	8.914	0.188	0.734	0.912	291538.72	369	1753533.23	149
SRX5516765	ESC	mESC	NA	R-PKO_Nocodazole_HBS_seq_rep1	SRP151725	SRS4484209	0.995	0.025	10.810	0.170	0.599	0.924	158278.85	1810	806967.63	641
SRX5516766	ESC	mESC	NA	mESC	SRP151725	SRS4484210	0.993	0.587	9.193	0.205	0.749	0.918	1729.8	39629	42994.8	1578
SRX5516767	ESC	mESC	NA	mESC	SRP151725	SRS4484211	0.993	0.593	8.099	0.230	0.802	0.916	1792.27	37994	38642.8	1782
SRX5516768	ESC	mESC	NA	mESC	SRP151725	SRS4484212	0.992	0.600	6.541	0.203	0.734	0.906	2123.3	35192	52254.04	2151
SRX5516769	ESC	mESC	NA	mESC	SRP151725	SRS4484213	0.986	0.605	7.488	0.236	0.805	0.914	1917.46	36436	48825.38	2149
SRX554968	Wild Type	NA	NA	Wild type	SRP042360	SRS622265	0.951	0.797	15.280	0.811	0.567	0.919	1726.06	65180	44921.13	3981
SRX554969	DNMT3 A/A	NA	NA	DNMT3 A/A	SRP042360	SRS622266	0.985	0.668	11.611	0.791	0.633	0.916	3096.56	67138	144999.67	3254
SRX555621	Embryo	NA	NA	E10.5 embryo rep1	SRP042409	SRS622711	0.998	0.684	18.442	0.783	0.767	0.895	1157.67	35682	14679.69	1694
SRX555622	Embryo	NA	NA	E10.5 embryo rep2	SRP042409	SRS622713	0.998	0.696	17.556	0.794	0.791	0.908	1154.49	35452	14758.01	1836
SRX555623	Embryo	NA	NA	E10.5 embryo rep1	SRP042409	SRS622712	0.998	0.708	16.325	0.771	0.718	0.891	1157.42	33661	18820.34	1147
SRX555624	Embryo	NA	NA	E10.5 embryo rep2	SRP042409	SRS622715	0.998	0.714	16.989	0.800	0.797	0.910	1145.43	34969	15186.47	1679
SRX555625	Liver	NA	NA	E14.5 liver rep1	SRP042409	SRS622716	0.998	0.543	36.569	0.789	0.765	0.941	1134.45	40151	12583.2	1633
SRX555626	Liver	NA	NA	E14.5 liver rep2	SRP042409	SRS622714	0.999	0.564	36.424	0.796	0.779	0.936	1103.27	41400	11306.93	1816
SRX555627	Liver	NA	NA	E14.5 liver rep1	SRP042409	SRS622717	0.999	0.580	32.342	0.789	0.742	0.937	1121.04	37336	11970.66	1636
SRX555628	Liver	NA	NA	E14.5 liver rep2	SRP042409	SRS622718	0.999	0.570	34.094	0.798	0.735	0.935	1145.34	39436	11937.65	1597
SRX555629	Liver	NA	NA	E18.5 liver rep1	SRP042409	SRS622719	0.998	0.594	18.032	0.775	0.747	0.915	1150.53	29948	14062.27	1093
SRX555630	Liver	NA	NA	E18.5 liver rep2	SRP042409	SRS622720	0.998	0.597	17.622	0.786	0.774	0.915	1150.41	30263	14522.33	1062
SRX555631	Liver	NA	NA	E18.5 liver rep1	SRP042409	SRS622721	0.998	0.633	18.187	0.785	0.777	0.920	1123.16	31296	13943.73	1288
SRX555632	Liver	NA	NA	E18.5 liver rep2	SRP042409	SRS622722	0.998	0.595	18.207	0.775	0.743	0.909	1142.77	29653	13947.86	1056
SRX5562323	Lymph Nodes	CD4+ T cells	lymph nodes	CD4+ T cells	SRP188734	SRS4525865	0.987	0.815	19.035	0.839	0.465	0.964	991.18	55897	7414.1	3893
SRX5562324	Lymph Nodes	CD4+ T cells	lymph nodes	CD4+ T cells	SRP188734	SRS4525866	0.987	0.285	17.326	0.848	0.437	0.961	165575.9	21	5716508.0	18
SRX5657609	C57BL/6 x 129S4/SvJae F1 embryo-derived ESCs	C57BL/6 x 129S4/SvJae F1 embryo-derived embryonic stem cells	NA	Mouse embryonic stem cells	SRP158409	SRS4602136	0.989	0.772	22.761	0.756	0.718	0.967	1231.6	42431	9629.17	4585
SRX5657610	C57BL/6 x 129S4/SvJae F1 embryo-derived ESCs	C57BL/6 x 129S4/SvJae F1 embryo-derived embryonic stem cells	NA	Mouse embryonic stem cells	SRP158409	SRS4602137	0.991	0.608	23.408	0.766	0.706	0.964	1564.35	54025	10720.49	4312
SRX5664980	Flow Cytometry Sorted Astrocytes	Flow cytometry sorted astrocytes	NA	WT_astrocytes	SRP191868	SRS4608216	0.969	0.672	3.121	0.503	0.813	0.827	1634.81	27828	44703.66	161
SRX5664982	Flow Cytometry Sorted Astrocytes	Flow cytometry sorted astrocytes	NA	EAE_astrocytes	SRP191868	SRS4608217	0.967	0.667	3.253	0.514	0.872	0.832	1597.62	28581	39158.14	199
SRX5664985	Flow Cytometry Sorted Astrocytes	Flow cytometry sorted astrocytes	NA	KO_astrocytes	SRP191868	SRS4608219	0.970	0.674	2.655	0.474	0.830	0.811	1729.52	27244	40471.17	242
SRX5664986	Flow Cytometry Sorted Astrocytes	Flow cytometry sorted astrocytes	NA	KO_astrocytes	SRP191868	SRS4608220	0.969	0.674	2.921	0.482	0.840	0.820	1615.73	27194	44754.47	158
SRX5664987	Flow Cytometry Sorted Astrocytes	Flow cytometry sorted astrocytes	NA	KO_astrocytes	SRP191868	SRS4608222	0.969	0.675	2.909	0.496	0.816	0.819	1644.99	27053	40543.27	245
SRX5671113	Bone Marrow	Hematopoietic stem and progenitor cells (HSPCs)	Bone marrow	Bone marrow	SRP192143	SRS4613945	0.996	0.839	15.209	0.851	0.354	0.949	965.18	58236	7881.69	3298
SRX5671114	Bone Marrow	Hematopoietic stem and progenitor cells (HSPCs)	Bone marrow	Bone marrow	SRP192143	SRS4613946	0.996	0.812	16.882	0.870	0.459	0.948	997.33	58283	8014.44	3363
SRX5671115	Bone Marrow	Hematopoietic stem and progenitor cells (HSPCs)	Bone marrow	Bone marrow	SRP192143	SRS4613947	0.996	0.831	18.539	0.865	0.498	0.956	982.65	58203	7657.84	3663
SRX5671116	Spleen	C-Kit+ cells	Spleen	Spleen	SRP192143	SRS4613948	0.996	0.811	19.223	0.865	0.529	0.958	906.64	56235	8508.87	1436
SRX5717165	E6.5 extraembryonic ectoderm	NA	E6.5 extraembryonic ectoderm	E6.5 extraembryonic ectoderm	SRP193267	SRS4655595	0.969	0.481	16.558	0.680	0.937	0.930	10598.73	31241	875702.96	1102
SRX5717166	E6.5 extraembryonic ectoderm	NA	E6.5 extraembryonic ectoderm	E6.5 extraembryonic ectoderm	SRP193267	SRS4655596	0.970	0.392	19.165	0.687	0.912	0.927	30294.03	8236	942840.52	1327
SRX5760474	mES	NA	mES	NA	SRP178652	SRS4695461	0.995	0.293	15.941	0.756	0.629	0.939	9172.02	30273	177084.69	2986
SRX5760475	mES	NA	mES	NA	SRP178652	SRS4695460	0.995	0.295	15.977	0.764	0.629	0.940	9106.41	31545	185603.74	2831
SRX5760476	mES	NA	mES	NA	SRP178652	SRS4695462	0.995	0.370	16.149	0.765	0.633	0.934	4909.61	42380	118136.28	3220
SRX5760477	mES	NA	mES	NA	SRP178652	SRS4695463	0.994	0.366	16.305	0.753	0.626	0.936	4938.95	40894	123704.59	2966
SRX5760478	mES	NA	mES	NA	SRP178652	SRS4695464	0.994	0.607	18.461	0.789	0.578	0.935	1486.43	52370	26515.05	3299
SRX5760479	mES	NA	mES	NA	SRP178652	SRS4695465	0.995	0.609	17.839	0.779	0.624	0.937	1477.39	53171	26266.47	3567
SRX5781490	Spleen	CD4+CD25-Teff cells	Spleen	CD4+CD25-Teff cells	SRP194541	SRS4714333	0.992	0.796	16.859	0.684	0.177	0.944	1309.55	50969	16555.6	4263
SRX5781491	Spleen	CD4+CD25hi Treg cells	Spleen	CD4+CD25hi Treg cells	SRP194541	SRS4714334	0.992	0.784	12.667	0.677	0.194	0.940	1393.7	42765	15487.21	3777
SRX5781492	Spleen	CD4+CD25-Teff cells	Spleen	CD4+CD25-Teff cells	SRP194541	SRS4714335	0.992	0.765	13.816	0.691	0.224	0.942	1399.38	41744	15026.15	3515
SRX5781493	Spleen	CD4+CD25hi Treg cells	Spleen	CD4+CD25hi Treg cells	SRP194541	SRS4714336	0.992	0.761	10.997	0.674	0.130	0.936	1406.35	38199	22938.11	2236
SRX5795080	Whole Embryos	whole embryos	NA	WGBS_WT_Rep1_E8.5 whole embryos	SRP195507	SRS4726455	0.974	0.819	15.536	0.839	0.698	0.956	1208.33	39644	7974.97	4256
SRX5795081	Whole Embryos	whole embryos	NA	WGBS_D1KO_Rep1_E8.5 whole embryos	SRP195507	SRS4726456	0.977	0.204	14.667	0.834	0.600	0.958	8607.21	21168	10788081.0	1
SRX5795082	Whole Embryos	whole embryos	NA	WGBS_DKO_Rep1_E8.5 whole embryos	SRP195507	SRS4726457	0.977	0.183	14.275	0.829	0.579	0.957	31845.82	17360	132618.11	4213
SRX5883324	P14 T-cells	P14 T-cells	NA	WtTim3Minus	SRP199205	SRS4805878	0.975	0.646	3.463	0.172	0.680	0.850	2029.87	26408	37279.4	128
SRX5883325	P14 T-cells	P14 T-cells	NA	TOXkoTim3Minus	SRP199205	SRS4805879	0.986	0.699	7.413	0.229	0.784	0.929	1317.73	36318	18932.33	554
SRX5883326	P14 T-cells	P14 T-cells	NA	WtTim3Plus	SRP199205	SRS4805880	0.986	0.626	6.671	0.235	0.793	0.925	1593.24	32229	21785.81	382
SRX5883327	P14 T-cells	P14 T-cells	NA	TOXkoTim3Plus	SRP199205	SRS4805881	0.988	0.712	5.095	0.216	0.772	0.909	1476.72	32051	21835.24	441
SRX610350	Embryonic Fibroblasts	Mouse embryonic fibroblasts	NA	Mouse embryonic fibroblasts	SRP043370	SRS641364	0.999	0.626	7.103	0.736	0.853	0.936	5355.57	40899	597132.6	1366
SRX610351	Embryonic Fibroblasts	Mouse embryonic fibroblasts	NA	Mouse embryonic fibroblasts	SRP043370	SRS641365	0.999	0.626	9.154	0.736	0.827	0.943	4895.87	45227	579588.74	1451
SRX610352	Embryonic Fibroblasts	Mouse embryonic fibroblasts	NA	Mouse embryonic fibroblasts	SRP043370	SRS641366	0.998	0.693	6.361	0.729	0.868	0.928	1802.36	28072	418031.32	1511
SRX610353	Embryonic Fibroblasts	Mouse embryonic fibroblasts	NA	Mouse embryonic fibroblasts	SRP043370	SRS641367	0.998	0.695	10.019	0.715	0.829	0.940	1695.76	31412	316207.87	1977
SRX610354	Embryonic Fibroblasts	Mouse embryonic fibroblasts	NA	Mouse embryonic fibroblasts	SRP043370	SRS641368	0.999	0.673	8.790	0.826	0.882	0.935	4408.17	40387	510829.03	1555
SRX6384104	Bone Marrow	NA	Bone marrow	Bone marrow	SRP212622	SRS5043622	0.988	0.469	12.971	0.545	0.611	0.940	25895.65	7763	744488.2	1732
SRX6384105	Bone Marrow	NA	Bone marrow	Bone marrow	SRP212622	SRS5043623	0.985	0.407	12.869	0.439	0.551	0.918	33843.82	4774	804948.1	1487
SRX6384106	Bone Marrow	NA	Bone marrow	Bone marrow	SRP212622	SRS5043624	0.988	0.470	10.724	0.538	0.502	0.935	29773.27	5419	1001107.14	1279
SRX6387661	E7.5 embryo	NA	E7.5 embryo	Early embryo	SRP212761	SRS5047152	0.965	0.591	10.284	0.507	0.426	0.914	1426.94	28367	18594.87	697
SRX6433584	Bone Marrow	NA	bone marrow	NA	SRP201955	SRS4997533	0.985	0.760	8.700	0.842	0.685	0.936	1198.84	44080	20070.17	1971
SRX6433585	Bone Marrow	NA	bone marrow	NA	SRP201955	SRS4997532	0.985	0.756	13.388	0.847	0.615	0.942	1173.05	51704	14020.33	3017
SRX6433586	Bone Marrow	NA	bone marrow	NA	SRP201955	SRS4997534	0.985	0.761	2.756	0.842	0.699	0.855	1575.4	29507	57527.16	444
SRX6433587	Bone Marrow	NA	bone marrow	NA	SRP201955	SRS4997535	0.985	0.761	8.389	0.843	0.680	0.935	1203.88	43680	19359.45	2160
SRX6433588	Bone Marrow	NA	bone marrow	NA	SRP201955	SRS4997528	0.985	0.760	5.653	0.845	0.735	0.924	1302.86	37996	35937.59	982
SRX6433589	Bone Marrow	NA	bone marrow	NA	SRP201955	SRS4997529	0.985	0.759	3.503	0.842	0.695	0.890	1515.69	30699	51911.73	494
SRX6433590	Bone Marrow	NA	bone marrow	NA	SRP201955	SRS4997530	0.985	0.758	8.349	0.845	0.693	0.935	1208.04	43240	20932.28	1769
SRX6433591	Bone Marrow	NA	bone marrow	NA	SRP201955	SRS4997531	0.985	0.759	2.125	0.845	0.712	0.801	1709.4	26050	78077.94	324
SRX6433592	Bone Marrow	NA	bone marrow	NA	SRP201955	SRS4997526	0.985	0.761	9.005	0.838	0.686	0.936	1194.91	44580	20823.59	1875
SRX6433593	Bone Marrow	NA	bone marrow	NA	SRP201955	SRS4997527	0.985	0.763	8.646	0.845	0.722	0.936	1208.37	43768	19994.79	2077
SRX6433596	Bone Marrow	NA	bone marrow	NA	SRP201955	SRS4997524	0.985	0.758	10.471	0.848	0.545	0.938	1199.93	46219	23145.87	1740
SRX6433597	Bone Marrow	NA	bone marrow	NA	SRP201955	SRS4997525	0.985	0.760	11.556	0.843	0.647	0.940	1205.42	47586	22561.12	1975
SRX6433598	Bone Marrow	NA	bone marrow	NA	SRP201955	SRS4997521	0.985	0.761	5.357	0.846	0.627	0.923	1315.9	37935	37720.93	946
SRX6441521	Kidney	NA	kidney	Cdh16+ cells from kidney	SRP214596	SRS5095504	0.982	0.734	27.115	0.867	0.679	0.963	1064.84	46075	9504.01	2454
SRX6441522	Kidney	NA	kidney	Cdh16+ cells from kidney	SRP214596	SRS5095505	0.984	0.708	27.032	0.860	0.634	0.965	1047.08	52053	9618.53	2462
SRX6455425	iNKT	iNKT	NA	Spleen	SRP215028	SRS5112810	0.998	0.745	4.505	0.783	0.809	0.895	4546.5	28327	1718901.64	676
SRX6455426	iNKT	iNKT	NA	Spleen	SRP215028	SRS5112816	0.998	0.759	6.970	0.801	0.847	0.929	3689.68	29442	1496477.73	781
SRX6589850	Rod Photoreceptors	NA	Rod photoreceptors	Rod photoreceptors	SRP216390	SRS5155243	0.982	0.801	10.654	0.820	0.844	0.950	1106.74	49341	14643.37	1484
SRX6589851	Rod Photoreceptors	NA	Rod photoreceptors	Rod photoreceptors	SRP216390	SRS5155244	0.974	0.805	11.435	0.827	0.848	0.951	1145.72	50146	15273.03	1682
SRX6589852	Rod Photoreceptors	NA	Rod photoreceptors	Rod photoreceptors	SRP216390	SRS5155245	0.981	0.799	11.875	0.824	0.846	0.952	1092.64	50787	14601.28	1783
SRX6589853	Rod Photoreceptors	NA	Rod photoreceptors	Rod photoreceptors	SRP216390	SRS5155246	0.978	0.787	13.267	0.816	0.848	0.953	1090.97	55889	10010.3	3073
SRX6589854	Rod Photoreceptors	NA	Rod photoreceptors	Rod photoreceptors	SRP216390	SRS5155247	0.980	0.787	10.217	0.818	0.845	0.950	1148.85	50476	15888.82	1497
SRX6589855	Rod Photoreceptors	NA	Rod photoreceptors	Rod photoreceptors	SRP216390	SRS5155248	0.981	0.794	11.533	0.836	0.860	0.951	1108.64	50844	14277.52	1609
SRX6589856	Rod Photoreceptors	NA	Rod photoreceptors	Rod photoreceptors	SRP216390	SRS5155249	0.978	0.798	9.842	0.818	0.846	0.950	1142.69	47701	13914.74	1730
SRX6589857	Rod Photoreceptors	NA	Rod photoreceptors	Rod photoreceptors	SRP216390	SRS5155250	0.978	0.798	10.635	0.821	0.845	0.951	1131.77	48898	15647.78	1552
SRX6589858	Rod Photoreceptors	NA	Rod photoreceptors	Rod photoreceptors	SRP216390	SRS5155251	0.981	0.804	9.604	0.815	0.837	0.948	1147.49	47267	14030.11	1622
SRX6589859	Rod Photoreceptors	NA	Rod photoreceptors	Rod photoreceptors	SRP216390	SRS5155252	0.981	0.792	10.500	0.824	0.851	0.951	1109.48	49825	14926.34	1445
SRX6589860	Rod Photoreceptors	NA	Rod photoreceptors	Rod photoreceptors	SRP216390	SRS5155253	0.981	0.794	10.241	0.824	0.850	0.949	1119.93	49026	13933.82	1585
SRX665150	Induced Pluripotent Stem Cell	Induced pluripotent stem cells	NA	BC_2 OKSM	SRP045054	SRS669985	0.994	0.708	9.150	0.848	0.882	0.904	1523.72	62428	27336.37	4117
SRX665151	Induced Pluripotent Stem Cell	Induced pluripotent stem cells	NA	KH2 OKSM	SRP045054	SRS669986	0.994	0.675	9.317	0.848	0.879	0.906	1488.54	59410	27832.95	3839
SRX665152	ESC	Embryonic stem cells	NA	KH2 ESC	SRP045054	SRS669987	0.994	0.724	11.556	0.862	0.866	0.905	1345.55	55129	12227.6	4968
SRX665153	Induced Pluripotent Stem Cell	Induced pluripotent stem cells	NA	Nanog-GFP OKSM	SRP045054	SRS669988	0.995	0.560	9.366	0.833	0.863	0.900	1714.65	58642	31857.18	3504
SRX665154	ESC	Embryonic stem cells	NA	Nanog-GFP ESCs	SRP045054	SRS669989	0.995	0.739	9.363	0.838	0.870	0.906	1360.73	51297	18325.64	3277
SRX665155	Induced Pluripotent Stem Cell	Induced pluripotent stem cells	NA	Nanog-GFP SNEL	SRP045054	SRS669990	0.995	0.739	9.812	0.839	0.872	0.898	1368.82	52781	20249.28	2961
SRX665156	Induced Pluripotent Stem Cell	Induced pluripotent stem cells	NA	Nanog-GFP SNEL	SRP045054	SRS669991	0.995	0.696	9.141	0.831	0.865	0.898	1504.05	48921	20473.74	2986
SRX665157	ESC	Embryonic stem cells	NA	Oct4-GFP ESCs	SRP045054	SRS669992	0.995	0.664	9.482	0.836	0.866	0.906	1552.37	54444	23457.53	3132
SRX665158	Induced Pluripotent Stem Cell	Induced pluripotent stem cells	NA	Oct4-GFP OKSM	SRP045054	SRS669993	0.994	0.342	9.542	0.832	0.866	0.897	3131.93	41611	149501.95	1548
SRX665159	Induced Pluripotent Stem Cell	Induced pluripotent stem cells	NA	Oct4-GFP SNEL	SRP045054	SRS669994	0.994	0.659	9.464	0.840	0.871	0.900	1526.1	53377	23280.28	2986
SRX667512	Cell Line	NA	cell line	CCE-ES cell line	SRP040524	SRS604686	0.991	0.613	12.837	0.762	0.721	0.902	1539.82	47045	14586.42	4036
SRX667513	MEF	NA	primary MEFs	Lsh KO MEFs	SRP040524	SRS604688	0.994	0.522	17.420	0.765	0.729	0.913	7187.63	45868	545553.06	1789
SRX667514	MEF	NA	primary MEFs	WT MEFs	SRP040524	SRS604689	0.995	0.790	13.900	0.782	0.699	0.904	1250.43	41147	11715.09	2852
SRX668157	Liver	NA	Liver	Liver	SRP045179	SRS672646	0.999	0.718	12.491	0.762	0.851	0.937	1147.33	37550	7792.47	2467
SRX668158	Liver	NA	Liver	Liver	SRP045179	SRS672647	0.998	0.716	12.733	0.758	0.845	0.943	1099.86	38306	7283.74	2527
SRX668159	Liver	NA	Liver	Liver	SRP045179	SRS672649	0.999	0.713	12.777	0.762	0.881	0.942	1155.45	36202	8625.21	2199
SRX6689014	ES	Mouse ES cells	NA	Mouse ES cells	SRP217940	SRS5246674	0.988	0.574	8.799	0.791	0.885	0.923	1520.66	34489	24520.03	1057
SRX6689015	ES	Mouse ES cells	NA	Mouse ES cells	SRP217940	SRS5246675	0.988	0.648	9.252	0.803	0.880	0.926	1533.62	34269	29449.58	1875
SRX6689016	ES	Mouse ES cells	NA	Mouse ES cells	SRP217940	SRS5246676	0.990	0.592	8.882	0.800	0.901	0.924	1614.43	31794	28757.48	1188
SRX6689017	ES	Mouse ES cells	NA	Mouse ES cells	SRP217940	SRS5246677	0.990	0.538	9.086	0.769	0.880	0.929	1517.73	26088	27872.61	331
SRX6762228	Liver	NA	liver	mouse liver	SRP219391	SRS5310741	0.981	0.723	12.133	0.759	0.357	0.946	1273.23	36411	8524.36	2162
SRX6762229	Liver	NA	liver	mouse liver	SRP219391	SRS5310742	0.981	0.733	11.376	0.757	0.302	0.944	1300.5	35450	8246.87	2207
SRX6762230	Liver	NA	liver	mouse liver	SRP219391	SRS5310743	0.980	0.727	7.895	0.772	0.629	0.939	1381.58	32504	11669.73	1050
SRX6762231	Liver	NA	liver	mouse liver	SRP219391	SRS5310744	0.982	0.719	9.521	0.729	0.306	0.940	1344.33	34113	14055.88	921
SRX6762232	Liver	NA	liver	mouse liver	SRP219391	SRS5310745	0.981	0.713	10.313	0.732	0.365	0.941	1341.68	34263	8284.66	2134
SRX6762233	Liver	NA	liver	mouse liver	SRP219391	SRS5310746	0.980	0.735	7.845	0.776	0.673	0.937	1400.46	33093	13011.06	902
SRX6762235	Liver	NA	liver	mouse liver	SRP219391	SRS5310748	0.981	0.751	9.533	0.784	0.654	0.943	1350.6	37863	12639.96	1499
SRX6762236	Liver	NA	liver	mouse liver	SRP219391	SRS5310749	0.981	0.709	9.816	0.749	0.180	0.944	1389.99	34743	14417.32	1352
SRX6762237	Liver	NA	liver	mouse liver	SRP219391	SRS5310750	0.985	0.704	4.341	0.431	0.157	0.749	1925.6	23311	25905.61	527
SRX6762238	Liver	NA	liver	mouse liver	SRP219391	SRS5310751	0.985	0.709	3.482	0.403	0.176	0.719	1981.26	21962	28213.52	485
SRX6762239	Liver	NA	liver	mouse liver	SRP219391	SRS5310752	0.981	0.749	9.239	0.813	0.577	0.940	1403.24	35765	12400.06	1521
SRX6762240	Liver	NA	liver	mouse liver	SRP219391	SRS5310753	0.984	0.697	3.724	0.435	0.150	0.716	1991.74	22422	31977.68	446
SRX6762241	Liver	NA	liver	mouse liver	SRP219391	SRS5310754	0.985	0.693	4.486	0.408	0.111	0.742	1926.49	23560	28839.3	427
SRX6762242	Liver	NA	liver	mouse liver	SRP219391	SRS5310755	0.980	0.752	9.641	0.813	0.696	0.943	1358.21	38812	13280.28	1549
SRX6762243	Liver	NA	liver	mouse liver	SRP219391	SRS5310756	0.980	0.748	10.057	0.799	0.646	0.945	1355.32	37530	11945.17	1557
SRX6762244	Liver	NA	liver	mouse liver	SRP219391	SRS5310757	0.982	0.727	15.839	0.753	0.359	0.947	1312.55	39732	9168.18	2683
SRX6762245	Liver	NA	liver	mouse liver	SRP219391	SRS5310758	0.982	0.676	6.651	0.379	0.365	0.785	1798.99	27207	19380.16	965
SRX6762246	Liver	NA	liver	mouse liver	SRP219391	SRS5310759	0.983	0.710	9.309	0.409	0.490	0.853	1636.76	30457	13684.05	1466
SRX6762247	Liver	NA	liver	mouse liver	SRP219391	SRS5310760	0.982	0.692	6.694	0.400	0.444	0.758	1967.22	22191	20492.07	776
SRX6762248	Liver	NA	liver	mouse liver	SRP219391	SRS5310761	0.982	0.700	9.436	0.413	0.477	0.848	1660.25	31735	15062.01	1368
SRX6762249	Liver	NA	liver	mouse liver	SRP219391	SRS5310762	0.984	0.722	9.475	0.507	0.289	0.887	1589.75	32453	14071.17	1385
SRX6762250	Liver	NA	liver	mouse liver	SRP219391	SRS5310763	0.984	0.714	7.732	0.460	0.249	0.840	1665.16	27420	14610.26	964
SRX6762251	Liver	NA	liver	mouse liver	SRP219391	SRS5310764	0.983	0.723	10.309	0.441	0.253	0.873	1610.81	31657	15228.2	1189
SRX6762252	Liver	NA	liver	mouse liver	SRP219391	SRS5310765	0.984	0.726	10.571	0.466	0.269	0.859	1567.67	32452	13725.55	1380
SRX6762253	Liver	NA	liver	mouse liver	SRP219391	SRS5310766	0.984	0.717	7.029	0.447	0.258	0.804	1697.04	28278	19454.2	893
SRX6762254	Liver	NA	liver	mouse liver	SRP219391	SRS5310767	0.984	0.716	9.950	0.439	0.254	0.851	1628.93	29117	16693.32	981
SRX6762255	Liver	NA	liver	mouse liver	SRP219391	SRS5310768	0.984	0.714	5.062	0.415	0.138	0.751	1932.0	24270	27636.03	576
SRX6762256	Liver	NA	liver	mouse liver	SRP219391	SRS5310769	0.984	0.703	4.826	0.400	0.150	0.796	1877.36	25014	22023.94	782
SRX6762257	Liver	NA	liver	mouse liver	SRP219391	SRS5310770	0.981	0.726	9.330	0.795	0.652	0.948	1342.82	33884	12668.7	1107
SRX6762258	Liver	NA	liver	mouse liver	SRP219391	SRS5310771	0.981	0.730	9.033	0.798	0.630	0.947	1365.89	33083	12305.16	1128
SRX6762259	Liver	NA	liver	mouse liver	SRP219391	SRS5310772	0.980	0.736	9.395	0.777	0.600	0.948	1360.8	33624	12479.31	1201
SRX6762260	Liver	NA	liver	mouse liver	SRP219391	SRS5310773	0.980	0.745	6.837	0.764	0.733	0.939	1408.37	33025	15030.26	969
SRX6762261	Liver	NA	liver	mouse liver	SRP219391	SRS5310774	0.980	0.733	6.998	0.777	0.734	0.937	1428.55	32478	13648.02	888
SRX6762262	Liver	NA	liver	mouse liver	SRP219391	SRS5310775	0.980	0.730	7.572	0.735	0.665	0.943	1411.95	31046	13248.2	935
SRX6762263	Liver	NA	liver	mouse liver	SRP219391	SRS5310776	0.980	0.735	10.949	0.811	0.719	0.952	1279.23	36801	12433.06	1289
SRX6762264	Liver	NA	liver	mouse liver	SRP219391	SRS5310777	0.980	0.756	9.072	0.799	0.624	0.948	1372.75	39370	13929.28	1680
SRX6762265	Liver	NA	liver	mouse liver	SRP219391	SRS5310778	0.980	0.750	10.332	0.807	0.726	0.951	1327.01	40843	14342.36	1631
SRX6762266	Liver	NA	liver	mouse liver	SRP219391	SRS5310779	0.980	0.732	9.658	0.792	0.748	0.950	1341.97	39619	13756.05	1358
SRX6762267	Liver	NA	liver	mouse liver	SRP219391	SRS5310780	0.980	0.739	10.447	0.780	0.714	0.952	1320.87	39905	14535.57	1328
SRX6762268	Liver	NA	liver	mouse liver	SRP219391	SRS5310781	0.980	0.753	9.597	0.799	0.711	0.949	1355.93	40120	15137.63	1427
SRX6836167	proximal Epiblast	NA	proximal Epiblast	proximal Epiblast	SRP221485	SRS5377857	0.983	0.729	22.642	0.845	0.329	0.963	1097.46	37809	8817.41	2515
SRX6836168	Extraembryonic Ectoderm	NA	Extraembryonic Ectoderm	Extraembryonic Ectoderm	SRP221485	SRS5377858	0.987	0.468	24.452	0.822	0.330	0.963	16753.35	20733	868618.04	1139
SRX6836169	proximal Epiblast	NA	proximal Epiblast	proximal Epiblast	SRP221485	SRS5377859	0.981	0.701	27.569	0.837	0.451	0.964	1110.7	33529	8376.6	2200
SRX6836170	Extraembryonic Ectoderm	NA	Extraembryonic Ectoderm	Extraembryonic Ectoderm	SRP221485	SRS5377860	0.987	0.441	22.490	0.797	0.317	0.962	19822.83	16055	785903.53	1250
SRX6836171	SRS5377861	NA	NA	NA	SRP221485	SRS5377861	0.983	0.318	32.989	0.859	0.315	0.966	1714.97	34292	1313020.6	364
SRX6836172	SRS5377862	NA	NA	NA	SRP221485	SRS5377862	0.988	0.143	27.887	0.852	0.236	0.965	38571.78	5194	828502.02	1327
SRX6836173	SRS5377863	NA	NA	NA	SRP221485	SRS5377863	0.984	0.705	28.473	0.854	0.517	0.963	1209.32	43713	10826.57	3785
SRX6836174	SRS5377864	NA	NA	NA	SRP221485	SRS5377864	0.988	0.407	23.837	0.804	0.373	0.962	15797.66	15153	1823477.3	176
SRX6836175	proximal Epiblast	NA	proximal Epiblast	proximal Epiblast	SRP221485	SRS5377865	0.987	0.645	21.883	0.850	0.450	0.961	1184.48	43309	13552.64	3085
SRX6836176	Extraembryonic Ectoderm	NA	Extraembryonic Ectoderm	Extraembryonic Ectoderm	SRP221485	SRS5377866	0.989	0.299	19.564	0.814	0.381	0.960	38023.75	13254	355930.59	3994
SRX6836177	proximal Epiblast	NA	proximal Epiblast	proximal Epiblast	SRP221485	SRS5377867	0.983	0.676	14.825	0.774	0.286	0.958	1173.62	36027	9232.55	1830
SRX6836178	Extraembryonic Ectoderm	NA	Extraembryonic Ectoderm	Extraembryonic Ectoderm	SRP221485	SRS5377868	0.987	0.418	17.488	0.783	0.361	0.959	51092.7	5443	466819.63	2979
SRX6836179	proximal Epiblast	NA	proximal Epiblast	proximal Epiblast	SRP221485	SRS5377869	0.983	0.732	21.115	0.841	0.361	0.961	1164.74	38692	8698.86	3427
SRX6836180	Extraembryonic Ectoderm	NA	Extraembryonic Ectoderm	Extraembryonic Ectoderm	SRP221485	SRS5377870	0.988	0.492	20.792	0.815	0.354	0.962	15056.6	23282	901562.29	895
SRX6836181	proximal Epiblast	NA	proximal Epiblast	proximal Epiblast	SRP221485	SRS5377871	0.983	0.737	28.973	0.858	0.290	0.964	1148.27	42381	11075.44	3436
SRX6836182	Extraembryonic Ectoderm	NA	Extraembryonic Ectoderm	Extraembryonic Ectoderm	SRP221485	SRS5377872	0.987	0.428	26.339	0.844	0.221	0.964	38462.98	6826	650140.54	1915
SRX6836183	Extraembryonic Ectoderm	NA	Extraembryonic Ectoderm	Extraembryonic Ectoderm	SRP221485	SRS5377873	0.988	0.463	25.188	0.815	0.387	0.963	20120.72	16857	815191.83	1385
SRX6836184	Extraembryonic Ectoderm	NA	Extraembryonic Ectoderm	Extraembryonic Ectoderm	SRP221485	SRS5377874	0.987	0.486	33.988	0.825	0.390	0.965	15659.91	23489	793898.44	1265
SRX6836185	proximal Epiblast	NA	proximal Epiblast	proximal Epiblast	SRP221485	SRS5377875	0.983	0.717	47.159	0.839	0.523	0.967	1084.83	43704	8816.05	3318
SRX6836186	proximal Epiblast	NA	proximal Epiblast	proximal Epiblast	SRP221485	SRS5377876	0.983	0.726	35.562	0.842	0.603	0.965	1089.63	42206	9148.48	2468
SRX6836187	Extraembryonic Ectoderm	NA	Extraembryonic Ectoderm	Extraembryonic Ectoderm	SRP221485	SRS5377877	0.987	0.475	27.046	0.795	0.430	0.964	11725.72	42743	476742.02	2203
SRX6836188	Extraembryonic Ectoderm	NA	Extraembryonic Ectoderm	Extraembryonic Ectoderm	SRP221485	SRS5377878	0.987	0.458	29.713	0.799	0.360	0.964	12822.59	42231	479146.16	2279
SRX6836189	proximal Epiblast	NA	proximal Epiblast	proximal Epiblast	SRP221485	SRS5377879	0.983	0.692	15.548	0.805	0.336	0.958	1108.02	34771	8649.07	1871
SRX6836190	Extraembryonic Ectoderm	NA	Extraembryonic Ectoderm	Extraembryonic Ectoderm	SRP221485	SRS5377880	0.987	0.445	26.738	0.832	0.309	0.964	16077.62	25547	601427.9	1757
SRX6836202	proximal Epiblast	NA	proximal Epiblast	proximal Epiblast	SRP221485	SRS5377892	0.982	0.757	50.558	0.858	0.444	0.967	1150.82	45719	9233.22	4098
SRX6836203	proximal Epiblast	NA	proximal Epiblast	proximal Epiblast	SRP221485	SRS5377893	0.983	0.762	45.211	0.861	0.479	0.967	1145.59	46451	9669.04	3971
SRX685763	SSEA1+ primordial germ	SSEA1+ primordial germ cells	NA	primordial germ cells	SRP045747	SRS688614	0.986	0.126	8.940	0.763	0.530	0.915	0.0	0	7121318.0	1
SRX685764	SSEA1+ primordial germ	SSEA1+ primordial germ cells	NA	primordial germ cells	SRP045747	SRS688615	0.985	0.252	8.138	0.760	0.517	0.913	1354762.0	1	3207596.45	157
SRX6862892	Primary B cells	Primary B cells	NA	control B cells	SRP222128	SRS5400636	0.973	0.749	15.900	0.345	0.601	0.958	911.65	57979	12434.39	1510
SRX6862893	Primary B cells	Primary B cells	NA	control B cells	SRP222128	SRS5400637	0.964	0.746	12.621	0.344	0.596	0.955	946.83	54605	12664.13	1364
SRX6862894	Primary B cells	Primary B cells	NA	Tet2/Tet3-deficient B cells	SRP222128	SRS5400638	0.969	0.734	14.809	0.340	0.601	0.957	961.74	47440	11094.1	1357
SRX6862895	Primary B cells	Primary B cells	NA	Tet2/Tet3-deficient B cells	SRP222128	SRS5400639	0.964	0.754	11.832	0.309	0.604	0.955	1021.39	45478	11308.85	1398
SRX6867935	Epiblast	NA	Epiblast	Epiblast	SRP174096	SRS5405368	0.984	0.653	8.578	0.635	0.915	0.927	1353.94	26488	16386.73	778
SRX6867936	Epiblast	NA	Epiblast	Epiblast	SRP174096	SRS5405369	0.984	0.632	5.889	0.624	0.892	0.912	1455.04	24638	21402.65	475
SRX6867937	Extra-embryonic ectoderm	NA	Extra-embryonic ectoderm	Extra-embryonic ectoderm	SRP174096	SRS5405370	0.986	0.531	14.921	0.632	0.898	0.945	1234.24	23981	491330.29	1513
SRX6867938	Extra-embryonic ectoderm	NA	Extra-embryonic ectoderm	Extra-embryonic ectoderm	SRP174096	SRS5405371	0.987	0.513	12.590	0.441	0.864	0.946	1367.77	23417	452469.31	1565
SRX6867939	Epiblast	NA	Epiblast	Epiblast	SRP174096	SRS5405372	0.984	0.653	4.993	0.610	0.868	0.900	1563.95	23724	22785.15	451
SRX6867940	Epiblast	NA	Epiblast	Epiblast	SRP174096	SRS5405373	0.983	0.667	6.538	0.611	0.891	0.920	1454.13	25068	22153.76	502
SRX6867941	Extra-embryonic ectoderm	NA	Extra-embryonic ectoderm	Extra-embryonic ectoderm	SRP174096	SRS5405374	0.987	0.501	9.606	0.643	0.622	0.936	4796.51	27884	733580.64	1175
SRX6867942	Extra-embryonic ectoderm	NA	Extra-embryonic ectoderm	Extra-embryonic ectoderm	SRP174096	SRS5405375	0.985	0.531	11.573	0.605	0.849	0.947	1933.45	23929	504929.06	1515
SRX6874358	Testis	undifferentiated spermatogonia cells	testis	testis	SRP222566	SRS5410264	0.982	0.644	3.263	0.533	0.652	0.853	1728.78	32243	41878.64	258
SRX6874359	Testis	differentiated spermatogonia cells	testis	testis	SRP222566	SRS5410265	0.978	0.710	3.610	0.524	0.810	0.836	1589.79	50142	210959.42	608
SRX6874360	Testis	pachytene spermatocytes	testis	testis	SRP222566	SRS5410266	0.982	0.748	4.147	0.507	0.785	0.876	1623.02	57148	230218.1	782
SRX6874361	Testis	round spermatids	testis	testis	SRP222566	SRS5410267	0.982	0.756	3.790	0.500	0.816	0.876	1641.04	56768	271547.04	643
SRX688595	Spermatogonia (Thy1+)	Spermatogonia (Thy1+)	NA	Testis	SRP113417	SRS691165	0.991	0.786	2.440	0.707	0.729	0.776	1505.62	39793	151590.71	562
SRX688596	Spermatogonia (Thy1+)	Spermatogonia (Thy1+)	NA	Testis	SRP113417	SRS691166	0.986	0.767	4.542	0.785	0.807	0.886	1462.7	40444	65439.57	840
SRX6911613	dsRed+ sorted fibroblasts (control infection)	dsRed+ sorted fibroblasts (control infection)	NA	neonatal mouse heart	SRP223436	SRS5443315	0.984	0.704	7.516	0.714	0.644	0.937	1272.39	33710	25499.59	649
SRX6911614	dsRed+ sorted fibroblasts (control infection)	dsRed+ sorted fibroblasts (control infection)	NA	neonatal mouse heart	SRP223436	SRS5443316	0.984	0.699	9.149	0.724	0.632	0.940	1205.49	37102	19577.46	1194
SRX6911615	dsRed+ sorted fibroblasts (control infection)	dsRed+ sorted fibroblasts (control infection)	NA	neonatal mouse heart	SRP223436	SRS5443317	0.986	0.693	6.793	0.727	0.686	0.934	1268.91	35365	24779.86	705
SRX6911616	alphaMHC-GFP+ sorted induced cardiomyocytes	alphaMHC-GFP+ sorted induced cardiomyocytes	NA	neonatal mouse heart	SRP223436	SRS5443318	0.976	0.695	14.148	0.577	0.481	0.945	1163.35	43952	19551.05	2402
SRX6911617	alphaMHC-GFP+ sorted induced cardiomyocytes	alphaMHC-GFP+ sorted induced cardiomyocytes	NA	neonatal mouse heart	SRP223436	SRS5443319	0.975	0.702	15.884	0.608	0.579	0.945	1136.81	43236	14158.71	2155
SRX6911618	alphaMHC-GFP+ sorted induced cardiomyocytes	alphaMHC-GFP+ sorted induced cardiomyocytes	NA	neonatal mouse heart	SRP223436	SRS5443320	0.976	0.698	18.563	0.648	0.672	0.948	1116.38	45795	17932.46	1963
SRX6911619	alphaMHC-GFP+ sorted induced cardiomyocytes	alphaMHC-GFP+ sorted induced cardiomyocytes	NA	neonatal mouse heart	SRP223436	SRS5443321	0.982	0.694	7.098	0.734	0.591	0.936	1314.43	34534	43849.54	1511
SRX6911620	alphaMHC-GFP+ sorted induced cardiomyocytes	alphaMHC-GFP+ sorted induced cardiomyocytes	NA	neonatal mouse heart	SRP223436	SRS5443322	0.986	0.738	7.465	0.728	0.612	0.936	1243.96	33675	22118.2	807
SRX6911621	alphaMHC-GFP+ sorted induced cardiomyocytes	alphaMHC-GFP+ sorted induced cardiomyocytes	NA	neonatal mouse heart	SRP223436	SRS5443323	0.985	0.735	8.250	0.726	0.638	0.937	1205.52	34876	16992.03	1065
SRX6915226	ESC	Embryonic stem cell	NA	Embryonic stem cell	SRP223513	SRS5446291	0.966	0.361	12.260	0.605	0.846	0.913	2097.51	29120	1848645.89	379
SRX6915227	ESC	Embryonic stem cell	NA	Embryonic stem cell	SRP223513	SRS5446292	0.963	0.364	9.764	0.574	0.862	0.889	3088.38	23497	3385712.05	76
SRX6915228	ESC	Embryonic stem cell	NA	Embryonic stem cell	SRP223513	SRS5446293	0.991	0.362	5.213	0.716	0.791	0.838	4383.71	19814	7684927.67	3
SRX6915229	ESC	Embryonic stem cell	NA	Embryonic stem cell	SRP223513	SRS5446294	0.986	0.677	5.716	0.522	0.761	0.856	1585.87	36715	30341.8	1093
SRX701302	ESC	embryonic stem cells	NA	ES cells	SRP047165	SRS701376	0.985	0.618	15.422	0.669	0.544	0.931	1257.61	41762	15202.25	1936
SRX701303	ESC	embryonic stem cells	NA	ES cells	SRP047165	SRS701377	0.990	0.165	19.235	0.780	0.799	0.930	838820.0	1	0.0	0
SRX701304	ESC	embryonic stem cells	NA	ES cells	SRP047165	SRS701378	0.994	0.148	7.635	0.758	0.673	0.905	838820.0	1	12454167.0	1
SRX701305	ESC	embryonic stem cells	NA	ES cells	SRP047165	SRS701379	0.995	0.007	11.219	0.778	0.362	0.919	0.0	0	27367397.4	5
SRX7028585	Inner Cell Mass	embryonic stem cell	inner cell mass	EdU labeled WT mouse ES cells with chasing 0 min	SRP198282	SRS5548949	0.987	0.657	2.517	0.710	0.629	0.815	2186.52	27035	88870.79	443
SRX708450	ES	ES cell	NA	ES cells	SRP047397	SRS707517	0.990	0.329	14.758	0.708	0.266	0.929	4970.01	27225	88281.55	2945
SRX7119052	Cerebellum	NA	cerebellum	7w_cerebellum_wgbs	SRP229336	SRS5629193	0.980	0.726	9.313	0.872	0.720	0.952	1109.99	58867	18465.91	1930
SRX7119056	Cerebellum	NA	cerebellum	7w_cerebellum_wgbs	SRP229336	SRS5629197	0.979	0.735	15.753	0.873	0.686	0.958	1023.23	67678	12960.62	3153
SRX7119060	Cerebellum	NA	cerebellum	79w_cerebellum_wgbs	SRP229336	SRS5629201	0.979	0.748	16.129	0.878	0.704	0.959	979.52	70169	13148.71	3450
SRX7119064	Cerebellum	NA	cerebellum	79w_cerebellum_wgbs	SRP229336	SRS5629205	0.979	0.748	17.040	0.866	0.675	0.960	965.48	72386	12519.53	3280
SRX7119068	Cortex	NA	cortex	7w_cortex_wgbs	SRP229336	SRS5629209	0.971	0.754	10.433	0.840	0.722	0.955	1238.96	38172	14193.28	1555
SRX7119070	Cortex	NA	cortex	7w_cortex_wgbs	SRP229336	SRS5629211	0.970	0.748	15.383	0.820	0.721	0.959	1194.46	40380	9384.36	3201
SRX7119072	Cortex	NA	cortex	79w_cortex_wgbs	SRP229336	SRS5629213	0.971	0.752	15.805	0.819	0.724	0.960	1176.9	42691	9357.38	3852
SRX7119074	Cortex	NA	cortex	79w_cortex_wgbs	SRP229336	SRS5629215	0.971	0.756	15.957	0.821	0.695	0.960	1171.93	41575	8835.42	3710
SRX7119806	Cultured Hippocampal Neurons	NA	Cultured Hippocampal Neurons	Cultured Hippocampal Neurons	SRP229373	SRS5629923	0.982	0.821	13.168	0.742	0.256	0.957	1205.15	49165	9518.8	2695
SRX7119807	Cultured Hippocampal Neurons	NA	Cultured Hippocampal Neurons	Cultured Hippocampal Neurons	SRP229373	SRS5629924	0.982	0.814	11.194	0.749	0.294	0.956	1208.59	48560	16036.69	1475
SRX7119808	Cultured Hippocampal Neurons	NA	Cultured Hippocampal Neurons	Cultured Hippocampal Neurons	SRP229373	SRS5629925	0.982	0.814	20.284	0.813	0.399	0.964	1146.27	58542	10398.0	2782
SRX7119809	Cultured Hippocampal Neurons	NA	Cultured Hippocampal Neurons	Cultured Hippocampal Neurons	SRP229373	SRS5629926	0.981	0.825	21.083	0.791	0.327	0.963	1167.77	56225	10004.36	3165
SRX7119810	Cultured Hippocampal Neurons	NA	Cultured Hippocampal Neurons	Cultured Hippocampal Neurons	SRP229373	SRS5629927	0.981	0.812	14.314	0.808	0.390	0.960	1193.52	54735	10532.4	2621
SRX7119811	Cultured Hippocampal Neurons	NA	Cultured Hippocampal Neurons	Cultured Hippocampal Neurons	SRP229373	SRS5629928	0.981	0.808	16.660	0.805	0.389	0.961	1178.82	58940	10250.49	2965
SRX7119812	Cultured Hippocampal Neurons	NA	Cultured Hippocampal Neurons	Cultured Hippocampal Neurons	SRP229373	SRS5629929	0.982	0.816	11.288	0.748	0.316	0.956	1208.35	48785	15484.82	1650
SRX7119813	Cultured Hippocampal Neurons	NA	Cultured Hippocampal Neurons	Cultured Hippocampal Neurons	SRP229373	SRS5629930	0.983	0.820	21.040	0.766	0.291	0.964	1145.47	56967	10177.71	3009
SRX7119814	Cultured Hippocampal Neurons	NA	Cultured Hippocampal Neurons	Cultured Hippocampal Neurons	SRP229373	SRS5629931	0.982	0.815	15.948	0.751	0.312	0.962	1182.26	53062	10216.44	2845
SRX7119815	Cultured Hippocampal Neurons	NA	Cultured Hippocampal Neurons	Cultured Hippocampal Neurons	SRP229373	SRS5629932	0.982	0.822	17.084	0.780	0.340	0.963	1183.23	53114	9644.24	3282
SRX7119816	Cultured Hippocampal Neurons	NA	Cultured Hippocampal Neurons	Cultured Hippocampal Neurons	SRP229373	SRS5629933	0.981	0.822	14.797	0.750	0.284	0.959	1211.35	52765	10255.06	2947
SRX7119817	Cultured Hippocampal Neurons	NA	Cultured Hippocampal Neurons	Cultured Hippocampal Neurons	SRP229373	SRS5629934	0.981	0.815	11.729	0.755	0.290	0.956	1225.29	50780	16223.49	1567
SRX7130623	ESC	Embryonic stem cell	NA	blASCs.WGBS	SRP162035	SRS5639967	0.996	0.553	5.429	0.681	0.754	0.874	2726.52	35231	28011.14	1634
SRX7130624	ESC	Embryonic stem cell	NA	blASCs.WGBS	SRP162035	SRS5639968	0.987	0.545	7.143	0.687	0.768	0.920	1932.27	46394	27184.35	2039
SRX7130625	ESC	Embryonic stem cell	NA	blASCs.WGBS	SRP162035	SRS5639969	0.982	0.573	5.131	0.636	0.786	0.856	2666.35	33335	40689.85	1240
SRX7130626	ESC	Embryonic stem cell	NA	asESCs.WGBS	SRP162035	SRS5639970	0.997	0.283	3.467	0.679	0.666	0.887	937677.33	3	0.0	0
SRX7130627	ESC	Embryonic stem cell	NA	asESCs.WGBS	SRP162035	SRS5639971	0.997	0.282	3.507	0.674	0.664	0.890	1261085.0	1	15077797.0	2
SRX7130628	ESC	Embryonic stem cell	NA	asESCs.WGBS	SRP162035	SRS5639972	0.997	0.283	3.186	0.655	0.665	0.874	938662.5	2	0.0	0
SRX7131275	Brain	NA	NA	Brain	SRP229636	SRS5640619	0.989	0.634	1.511	0.807	0.645	0.711	3563.82	22377	159496.88	689
SRX7131284	Brain	NA	NA	Brain	SRP229636	SRS5640628	0.987	0.627	1.953	0.811	0.633	0.784	3616.47	24102	141954.23	885
SRX7157455	Germ	germ cells	NA	male germ cells	SRP230210	SRS5664441	0.952	0.738	4.062	0.774	0.675	0.906	1580.72	55764	114183.21	1100
SRX7157456	Germ	germ cells	NA	male germ cells	SRP230210	SRS5664442	0.936	0.747	3.233	0.771	0.600	0.877	1616.28	55476	185853.76	847
SRX7157457	Germ	germ cells	NA	male germ cells	SRP230210	SRS5664443	0.952	0.733	4.857	0.780	0.724	0.918	1576.78	69367	130922.33	1116
SRX7157459	Germ	germ cells	NA	male germ cells	SRP230210	SRS5664445	0.945	0.741	3.014	0.769	0.631	0.867	1639.64	52049	164588.18	793
SRX7157460	Germ	germ cells	NA	male germ cells	SRP230210	SRS5664446	0.950	0.719	3.124	0.762	0.626	0.876	1690.26	48258	158537.32	794
SRX7176059	CA1 Hippocampal Tissue	NA	CA1 Hippocampal Tissue	CA1 Hippocampus	SRP230428	SRS5682940	0.979	0.793	17.584	0.428	0.605	0.955	1178.15	48256	9592.39	3272
SRX7176060	CA1 Hippocampal Tissue	NA	CA1 Hippocampal Tissue	CA1 Hippocampus	SRP230428	SRS5682941	0.979	0.789	19.419	0.441	0.652	0.956	1179.49	48158	9499.93	3459
SRX7176061	CA1 Hippocampal Tissue	NA	CA1 Hippocampal Tissue	CA1 Hippocampus	SRP230428	SRS5682942	0.980	0.790	16.601	0.425	0.544	0.955	1191.62	48832	10066.51	3037
SRX7176062	CA1 Hippocampal Tissue	NA	CA1 Hippocampal Tissue	CA1 Hippocampus	SRP230428	SRS5682943	0.979	0.789	19.315	0.439	0.594	0.958	1170.64	48972	10091.06	3045
SRX7223737	ESC	NA	NA	mouse ESCs	SRP139083	SRS5724922	0.984	0.431	7.377	0.760	0.321	0.815	4947.99	19275	336552.28	1325
SRX7223741	ESC	NA	NA	mouse ESCs	SRP139083	SRS5724926	0.981	0.351	1.836	0.389	0.720	0.736	797860.0	1	885831.02	586
SRX7223742	ESC	NA	NA	mouse ESCs	SRP139083	SRS5724927	0.982	0.360	1.835	0.447	0.640	0.727	795055.0	1	832790.84	631
SRX7223743	ESC	NA	NA	mouse ESCs	SRP139083	SRS5724928	0.982	0.358	1.920	0.368	0.691	0.737	663781.0	1	818882.82	667
SRX7237384	Spleen And Lymph Nodes	NA	Spleen and lymph nodes	RA-VC-1-16_S2	SRP233665	SRS5737084	0.996	0.788	10.303	0.751	0.830	0.947	1111.44	43143	11506.28	1625
SRX7237385	Spleen And Lymph Nodes	NA	Spleen and lymph nodes	RA-VC-3-5_S4	SRP233665	SRS5737085	0.996	0.798	10.127	0.760	0.819	0.945	1130.18	42232	10868.88	1860
SRX7237386	Spleen And Lymph Nodes	NA	Spleen and lymph nodes	TGF-1-16_S1	SRP233665	SRS5737086	0.996	0.794	11.435	0.764	0.836	0.949	1119.4	39747	7123.41	2581
SRX7237387	Spleen And Lymph Nodes	NA	Spleen and lymph nodes	TGF-3-5_S3	SRP233665	SRS5737087	0.996	0.797	11.133	0.760	0.823	0.948	1108.61	40966	11153.89	1437
SRX7237388	Spleen And Lymph Nodes	NA	Spleen and lymph nodes	dko-2_S5	SRP233665	SRS5737088	0.996	0.790	10.479	0.439	0.890	0.945	1107.97	35458	10470.34	1200
SRX7237389	Spleen And Lymph Nodes	NA	Spleen and lymph nodes	dko-3_S6	SRP233665	SRS5737089	0.996	0.792	11.370	0.441	0.889	0.947	1101.12	36083	6870.19	2135
SRX7237390	Spleen And Lymph Nodes	NA	Spleen and lymph nodes	naive-2_S1	SRP233665	SRS5737090	0.996	0.805	7.870	0.437	0.882	0.941	1090.73	46023	12326.47	1640
SRX7237391	Spleen And Lymph Nodes	NA	Spleen and lymph nodes	naive-3_S2	SRP233665	SRS5737091	0.996	0.803	7.933	0.436	0.883	0.941	1078.53	46297	12448.57	1563
SRX7237392	Spleen And Lymph Nodes	NA	Spleen and lymph nodes	Treg-2_S3	SRP233665	SRS5737092	0.996	0.799	7.723	0.439	0.881	0.940	1151.94	42384	12253.66	1560
SRX7237393	Spleen And Lymph Nodes	NA	Spleen and lymph nodes	Treg-3_S4	SRP233665	SRS5737093	0.996	0.794	8.273	0.439	0.881	0.942	1123.25	43291	12149.19	1550
SRX7254976	Sperm	sperm	NA	YF F0 sperm-1	SRP234410	SRS5752514	0.984	0.816	9.473	0.736	0.253	0.946	1617.53	55652	74554.47	2287
SRX7254977	Sperm	sperm	NA	YF F0 sperm-2	SRP234410	SRS5752515	0.984	0.817	8.288	0.727	0.224	0.933	1694.84	57659	120088.05	1565
SRX7254978	Sperm	sperm	NA	YF F0 sperm-3	SRP234410	SRS5752516	0.984	0.822	10.016	0.739	0.307	0.938	1410.4	45209	68192.27	2159
SRX7254979	Sperm	sperm	NA	VOF F0 sperm-1	SRP234410	SRS5752517	0.985	0.824	9.545	0.739	0.336	0.942	1544.47	54477	62465.7	2331
SRX7254980	Sperm	sperm	NA	VOF F0 sperm-2	SRP234410	SRS5752518	0.984	0.820	10.226	0.726	0.319	0.949	1617.34	54439	73034.31	2265
SRX7282980	Brain (Frontal Cortex)	excitatory pyramidal neurons	brain (frontal cortex)	Excitatory pyramidal neurons from frontal cortex of control mice	SRP234989	SRS5776797	0.977	0.793	34.081	0.779	0.803	0.965	1388.33	77813	16030.75	5526
SRX7282981	Brain (Frontal Cortex)	excitatory pyramidal neurons	brain (frontal cortex)	Excitatory pyramidal neurons from frontal cortex of control mice	SRP234989	SRS5776798	0.977	0.793	33.886	0.783	0.825	0.965	1390.93	78496	16581.05	5239
SRX7282982	Brain (Frontal Cortex)	excitatory pyramidal neurons	brain (frontal cortex)	Excitatory pyramidal neurons from frontal cortex of Dnmt3a cKO mice	SRP234989	SRS5776799	0.995	0.684	35.110	0.785	0.820	0.965	1355.05	122542	17740.24	4966
SRX7282983	Brain (Frontal Cortex)	excitatory pyramidal neurons	brain (frontal cortex)	Excitatory pyramidal neurons from frontal cortex of Dnmt3a cKO mice	SRP234989	SRS5776800	0.995	0.689	34.661	0.782	0.821	0.965	1352.89	122233	18174.35	4570
SRX7351051	Embryo	NA	NA	BD_2C_Dnmt3aMatWT_DNAme	SRP237267	SRS5810557	0.980	0.357	4.135	0.611	0.292	0.888	94795.16	1340	571439.74	517
SRX7351052	Embryo	NA	NA	BD_2C_Dnmt3aMatWT_DNAme	SRP237267	SRS5810565	0.980	0.364	2.244	0.580	0.479	0.802	152335.21	62	1196430.49	90
SRX7351053	Embryo	NA	NA	BD_2C_Dnmt3aMatKO_DNAme	SRP237267	SRS5810558	0.986	0.214	3.240	0.564	0.208	0.862	838820.0	1	0.0	0
SRX7351054	Embryo	NA	NA	BD_2C_Dnmt3aMatKO_DNAme	SRP237267	SRS5810566	0.986	0.190	1.677	0.522	0.368	0.732	710810.0	1	0.0	0
SRX7351067	Blastocyst	NA	NA	BB_androgenetic_blasto_DNAme	SRP237267	SRS5810572	0.982	0.166	2.639	0.640	0.633	0.828	838820.0	1	0.0	0
SRX7351068	Blastocyst	NA	NA	BB_androgenetic_blasto_DNAme	SRP237267	SRS5810574	0.990	0.161	2.573	0.701	0.707	0.827	898327.5	2	105180890.0	1
SRX7483736	ESC	Embryonic stem cell	NA	Embryonic stem cell	SRP239190	SRS5926430	0.989	0.695	3.719	0.698	0.689	0.893	1518.48	24206	38157.92	550
SRX7483737	ESC	Embryonic stem cell	NA	Embryonic stem cell	SRP239190	SRS5926434	0.989	0.699	3.905	0.674	0.681	0.894	1527.58	24316	33333.53	604
SRX7483738	ESC	Embryonic stem cell	NA	Embryonic stem cell	SRP239190	SRS5926431	0.989	0.695	4.037	0.691	0.683	0.901	1467.39	24756	32344.63	579
SRX7488524	Lin-Bone Marrow Progenitors	lin-bone marrow progenitors	NA	lin-bone marrow progenitors	SRP239280	SRS5930674	0.987	0.705	5.698	0.818	0.587	0.821	1294.0	32616	37363.21	323
SRX7488525	Lin-Bone Marrow Progenitors	lin-bone marrow progenitors	NA	lin-bone marrow progenitors	SRP239280	SRS5930675	0.987	0.708	5.546	0.823	0.543	0.815	1307.02	33334	43286.4	203
SRX7488526	Lin-Bone Marrow Progenitors	lin-bone marrow progenitors	NA	lin-bone marrow progenitors	SRP239280	SRS5930676	0.987	0.710	5.564	0.825	0.504	0.817	1298.68	33950	46358.7	183
SRX7488527	Lin-Bone Marrow Progenitors	lin-bone marrow progenitors	NA	lin-bone marrow progenitors	SRP239280	SRS5930677	0.988	0.535	5.602	0.821	0.547	0.828	2982.59	26247	83109.24	272
SRX7488528	Lin-Bone Marrow Progenitors	lin-bone marrow progenitors	NA	lin-bone marrow progenitors	SRP239280	SRS5930678	0.988	0.561	5.824	0.812	0.515	0.843	2586.92	28694	56968.26	266
SRX7488529	Lin-Bone Marrow Progenitors	lin-bone marrow progenitors	NA	lin-bone marrow progenitors	SRP239280	SRS5930679	0.988	0.578	6.900	0.821	0.546	0.853	2158.94	32761	50292.25	283
SRX749886	Spermatogonia	Spermatogonia	NA	Testis	SRP049223	SRS735767	0.995	0.731	28.544	0.807	0.529	0.958	1029.54	57867	8107.05	3090
SRX749887	Spermatogonia	Spermatogonia	NA	Testis	SRP049223	SRS735768	0.980	0.745	17.026	0.615	0.521	0.951	1414.98	46116	29302.72	2555
SRX749890	Spermatogonia	Spermatogonia	NA	Testis	SRP049223	SRS735771	0.985	0.716	9.923	0.763	0.691	0.939	1359.64	30679	17724.54	953
SRX749891	Spermatogonia	Spermatogonia	NA	Testis	SRP049223	SRS735772	0.984	0.733	10.415	0.759	0.627	0.939	1481.62	53944	54524.69	1831
SRX749892	Spermatogonia	Spermatogonia	NA	Testis	SRP049223	SRS735773	0.987	0.753	6.977	0.775	0.786	0.928	1513.77	52772	72915.26	1588
SRX749893	Spermatogonia	Spermatogonia	NA	Testis	SRP049223	SRS735774	0.988	0.721	7.007	0.780	0.823	0.924	1469.84	55027	58012.83	1696
SRX7512748	ESC	Embryonic stem cells	NA	ESCs	SRP239769	SRS5952529	0.968	0.300	11.419	0.310	0.684	0.955	8272.12	30945	155315.42	2773
SRX7512749	ESC	Embryonic stem cells	NA	ESCs	SRP239769	SRS5952530	0.964	0.262	10.070	0.314	0.676	0.954	10013.18	19249	196450.81	2002
SRX7512750	Non-growing directly induced oocyte-like	Non-growing directly induced oocyte-like cells	NA	non-growing DIOLs	SRP239769	SRS5952531	0.987	0.288	10.891	0.636	0.478	0.958	10196.92	26202	158462.33	3033
SRX7512751	Non-growing directly induced oocyte-like	Non-growing directly induced oocyte-like cells	NA	non-growing DIOLs	SRP239769	SRS5952532	0.986	0.286	9.450	0.614	0.465	0.956	11416.64	20610	224492.77	2145
SRX7512752	Fully-grown directly induced oocyte-like	Fully-grown directly induced oocyte-like cells	NA	fully-grown DIOLs	SRP239769	SRS5952533	0.974	0.524	14.204	0.665	0.272	0.961	28085.24	13788	355718.69	2266
SRX7512753	Fully-grown directly induced oocyte-like	Fully-grown directly induced oocyte-like cells	NA	fully-grown DIOLs	SRP239769	SRS5952534	0.973	0.508	14.398	0.661	0.244	0.961	33893.49	11948	292331.62	3148
SRX757066	Brain (Neocortex)	excitatory pyramidal neurons	brain (neocortex)	Excitatory pyramidal neurons from mouse neocortex	SRP049674	SRS742263	0.976	0.802	13.506	0.800	0.832	0.920	1335.12	78011	19964.0	4686
SRX757067	Brain (Neocortex)	excitatory pyramidal neurons	brain (neocortex)	Excitatory pyramidal neurons from mouse neocortex	SRP049674	SRS742265	0.975	0.804	12.768	0.796	0.814	0.919	1350.28	77018	18848.87	5112
SRX757068	Brain (Neocortex)	parvalbumin-positive (PV) inhibitory neurons	brain (neocortex)	Parvalbumin-positive inhibitory neurons from mouse neocortex	SRP049674	SRS742266	0.966	0.824	16.423	0.801	0.645	0.922	1215.47	71332	21783.83	5038
SRX757069	Brain (Neocortex)	parvalbumin-positive (PV) inhibitory neurons	brain (neocortex)	Parvalbumin-positive inhibitory neurons from mouse neocortex	SRP049674	SRS742264	0.967	0.823	17.188	0.816	0.792	0.922	1253.2	71338	21750.73	5241
SRX757070	Brain (Neocortex)	vasoactive intestinal peptide-positive (VIP) inhibitory neurons	brain (neocortex)	Vasoactive intestinal peptide-positive inhibitory neurons from mouse neocortex	SRP049674	SRS742267	0.974	0.823	14.363	0.715	0.774	0.922	1110.73	65077	13311.14	3755
SRX757071	Brain (Neocortex)	vasoactive intestinal peptide-positive (VIP) inhibitory neurons	brain (neocortex)	Vasoactive intestinal peptide-positive inhibitory neurons from mouse neocortex	SRP049674	SRS742268	0.974	0.821	17.730	0.704	0.676	0.924	1115.74	68194	13928.5	4128
SRX757467	Cell Line	NA	NA	4T1 Mammary Cancer Cell Line	SRP049697	SRS742649	0.994	0.658	7.313	0.615	0.847	0.905	9472.14	38027	785206.69	1174
SRX757468	Cell Line	NA	NA	4T1 Mammary Cancer Cell Line	SRP049697	SRS742650	0.994	0.661	7.287	0.629	0.845	0.905	9406.1	38376	800339.93	1146
SRX757469	Cell Line	NA	NA	4T1 Mammary Cancer Cell Line	SRP049697	SRS742651	0.994	0.673	5.678	0.758	0.818	0.884	9839.34	35559	1050836.63	940
SRX757470	Cell Line	NA	NA	4T1 Mammary Cancer Cell Line	SRP049697	SRS742652	0.994	0.673	5.809	0.758	0.817	0.886	9792.08	36111	1009365.27	984
SRX757471	Cell Line	NA	NA	4T1 Mammary Cancer Cell Line	SRP049697	SRS742653	0.995	0.668	5.433	0.767	0.843	0.882	9825.73	32383	1223508.43	856
SRX757472	Cell Line	NA	NA	4T1 Mammary Cancer Cell Line	SRP049697	SRS742654	0.995	0.668	5.361	0.768	0.844	0.880	9831.68	32949	1253266.45	830
SRX757473	Cell Line	NA	NA	4T1 Mammary Cancer Cell Line	SRP049697	SRS742655	0.995	0.603	7.619	0.638	0.882	0.908	14136.97	26466	990253.88	1118
SRX757474	Cell Line	NA	NA	4T1 Mammary Cancer Cell Line	SRP049697	SRS742656	0.995	0.599	7.295	0.568	0.889	0.906	14543.06	25717	1003514.48	1105
SRX757475	Cell Line	NA	NA	4T1 Mammary Cancer Cell Line	SRP049697	SRS742657	0.994	0.670	5.993	0.778	0.847	0.890	10112.2	35434	1038099.8	978
SRX757476	Cell Line	NA	NA	4T1 Mammary Cancer Cell Line	SRP049697	SRS742658	0.994	0.669	6.006	0.766	0.849	0.892	10150.16	35705	1030421.87	990
SRX757477	Cell Line	NA	NA	4T1 Mammary Cancer Cell Line	SRP049697	SRS742659	0.994	0.624	7.468	0.656	0.822	0.906	11836.32	30874	1057260.78	1020
SRX757478	Cell Line	NA	NA	4T1 Mammary Cancer Cell Line	SRP049697	SRS742660	0.994	0.626	7.550	0.628	0.825	0.906	11744.7	30992	957971.39	1104
SRX757479	Cell Line	NA	NA	4T1 Mammary Cancer Cell Line	SRP049697	SRS742661	0.994	0.655	5.725	0.774	0.866	0.892	10533.23	34683	1125572.53	922
SRX757480	Cell Line	NA	NA	4T1 Mammary Cancer Cell Line	SRP049697	SRS742662	0.994	0.655	5.695	0.780	0.865	0.890	10507.31	34551	1119705.4	929
SRX7576006	Islet	NA	NA	islet	SRP242576	SRS6010446	0.993	0.721	4.601	0.687	0.247	0.826	1843.13	23446	34216.39	1028
SRX7576008	Islet	NA	NA	islet	SRP242576	SRS6010448	0.994	0.712	4.542	0.686	0.252	0.795	1994.92	23202	37794.88	854
SRX7576009	Islet	NA	NA	islet	SRP242576	SRS6010449	0.993	0.712	4.204	0.706	0.196	0.786	2122.4	21805	38771.45	975
SRX7576010	Islet	NA	NA	islet	SRP242576	SRS6010450	0.993	0.704	4.603	0.709	0.201	0.831	1951.45	23979	41220.9	966
SRX7576011	Islet	NA	NA	islet	SRP242576	SRS6010451	0.993	0.700	3.609	0.698	0.127	0.735	2382.8	20362	69211.84	517
SRX7576013	Islet	NA	NA	islet	SRP242576	SRS6010453	0.993	0.714	5.023	0.722	0.213	0.853	1793.89	26082	30841.66	1054
SRX7576014	Islet	NA	NA	islet	SRP242576	SRS6010454	0.993	0.710	4.557	0.710	0.209	0.835	1919.7	24782	41480.67	910
SRX7578538	CD4+ T cells	NA	CD4+ T cells	Vehicle-Naive	SRP242612	SRS6012738	0.982	0.787	9.390	0.756	0.686	0.940	1098.55	46094	16746.83	1087
SRX7578539	CD4+ T cells	NA	CD4+ T cells	TCDD-Naive	SRP242612	SRS6012739	0.981	0.786	8.788	0.751	0.677	0.937	1109.05	45598	16064.39	1185
SRX7578540	CD4+ T cells	NA	CD4+ T cells	Vehicle-Naive	SRP242612	SRS6012740	0.982	0.788	8.847	0.737	0.708	0.937	1105.43	45333	15359.12	1311
SRX7578541	CD4+ T cells	NA	CD4+ T cells	TCDD-Naive	SRP242612	SRS6012742	0.982	0.786	8.845	0.764	0.707	0.937	1099.97	46632	15685.07	1289
SRX7578542	CD4+ T cells	NA	CD4+ T cells	Vehicle-Naive	SRP242612	SRS6012741	0.982	0.788	9.771	0.775	0.695	0.940	1085.19	47338	15631.72	1300
SRX7578543	CD4+ T cells	NA	CD4+ T cells	TCDD-Naive	SRP242612	SRS6012743	0.983	0.785	9.460	0.777	0.726	0.939	1095.05	46411	16106.6	1185
SRX7578544	CD4+ T cells	NA	CD4+ T cells	Vehicle-Infected	SRP242612	SRS6012744	0.984	0.776	10.464	0.781	0.733	0.942	1078.43	45545	15199.5	1155
SRX7578545	CD4+ T cells	NA	CD4+ T cells	TCDD-Infected	SRP242612	SRS6012745	0.982	0.772	8.139	0.712	0.572	0.923	1151.0	41079	18711.43	870
SRX7578546	CD4+ T cells	NA	CD4+ T cells	Vehicle-Infected	SRP242612	SRS6012746	0.981	0.779	10.323	0.765	0.647	0.942	1090.4	45074	15463.33	1135
SRX7578547	CD4+ T cells	NA	CD4+ T cells	TCDD-Infected	SRP242612	SRS6012747	0.983	0.772	11.241	0.781	0.703	0.943	1090.31	44271	15157.26	1150
SRX7578548	CD4+ T cells	NA	CD4+ T cells	Vehicle-Infected	SRP242612	SRS6012748	0.983	0.777	11.162	0.779	0.713	0.944	1073.84	46622	15313.04	1242
SRX7578549	CD4+ T cells	NA	CD4+ T cells	TCDD-Infected	SRP242612	SRS6012749	0.982	0.778	9.988	0.754	0.585	0.934	1097.55	44220	15883.77	1048
SRX760028	ESC	embryonic stem cells	NA	embryonic stem cells	SRP041760	SRS744664	0.995	0.061	5.031	0.554	0.227	0.845	949990.5	2	78020058.33	3
SRX760451	Placenta	NA	placenta	placenta	SRP049936	SRS745059	0.996	0.521	4.623	0.747	0.893	0.861	3694.8	21040	1182204.9	727
SRX761306	Sorted Germ	NA	sorted germ cells	E16.5 sorted germ cells	SRP049965	SRS745842	0.971	0.551	11.881	0.740	0.296	0.918	4585.0	88136	370460.25	1788
SRX761307	Sorted Germ	NA	sorted germ cells	E16.5 sorted germ cells	SRP049965	SRS745843	0.972	0.533	11.156	0.735	0.363	0.917	4598.14	89993	363262.11	1824
SRX761308	Sorted Germ	NA	sorted germ cells	P2.5 sorted germ cells	SRP049965	SRS745844	0.951	0.751	11.924	0.703	0.557	0.916	1576.47	79480	73066.8	3154
SRX761309	Sorted Germ	NA	sorted germ cells	P2.5 sorted germ cells	SRP049965	SRS745845	0.945	0.752	11.665	0.723	0.565	0.916	1721.55	86678	72171.11	3201
SRX761310	Sorted Germ	NA	sorted germ cells	P10.5 sorted germ cells	SRP049965	SRS745846	0.992	0.764	10.852	0.729	0.615	0.909	1558.11	69968	52618.56	3079
SRX761311	Sorted Germ	NA	sorted germ cells	P10.5 sorted germ cells	SRP049965	SRS745847	0.993	0.770	7.815	0.721	0.592	0.905	1510.45	73587	56047.41	2995
SRX7627255	Liver	NA	Liver	NA	SRP244650	SRS6059074	0.996	0.684	29.912	0.807	0.815	0.960	1043.83	61403	10516.81	2953
SRX7627256	Testes	NA	Testes	NA	SRP244650	SRS6058879	0.997	0.700	26.481	0.826	0.805	0.959	1636.17	59996	33087.47	3959
SRX7627257	Liver	NA	Liver	NA	SRP244650	SRS6059075	0.996	0.723	22.001	0.781	0.659	0.959	1266.04	51788	12090.63	3064
SRX7627258	Testes	NA	Testes	NA	SRP244650	SRS6058880	0.998	0.688	29.903	0.815	0.816	0.960	1723.63	66833	35837.39	3995
SRX7627259	Liver	NA	Liver	NA	SRP244650	SRS6058881	0.996	0.676	26.217	0.771	0.784	0.958	1147.11	54370	9840.8	3281
SRX7627260	Testes	NA	Testes	NA	SRP244650	SRS6058882	0.997	0.645	26.597	0.828	0.864	0.958	1171.4	63647	10087.66	2764
SRX7627261	Liver	NA	Liver	NA	SRP244650	SRS6059076	0.998	0.706	26.498	0.818	0.799	0.959	1069.41	58460	10322.91	3075
SRX7627262	Testes	NA	Testes	NA	SRP244650	SRS6058883	0.998	0.715	26.415	0.802	0.819	0.959	1897.12	76315	43306.69	4479
SRX7627263	Liver	NA	Liver	NA	SRP244650	SRS6059077	0.997	0.683	26.658	0.796	0.828	0.959	1044.42	58302	11017.67	2723
SRX7627264	Testes	NA	Testes	NA	SRP244650	SRS6058884	0.998	0.738	24.796	0.823	0.797	0.959	1873.67	76023	41546.13	4652
SRX7627265	Liver	NA	Liver	NA	SRP244650	SRS6058885	0.997	0.672	30.073	0.796	0.847	0.959	1069.52	61032	10096.64	3328
SRX7627266	Testes	NA	Testes	NA	SRP244650	SRS6058886	0.997	0.648	27.586	0.823	0.854	0.959	1180.42	66708	10319.21	2690
SRX7627267	Liver	NA	Liver	NA	SRP244650	SRS6058887	0.997	0.710	22.699	0.807	0.744	0.958	1166.14	50701	11427.86	2895
SRX7627268	Testes	NA	Testes	NA	SRP244650	SRS6058888	0.996	0.742	26.081	0.787	0.826	0.959	1939.4	70136	46172.65	4139
SRX7627269	Liver	NA	Liver	NA	SRP244650	SRS6058889	0.997	0.689	28.512	0.780	0.872	0.959	1069.17	60041	10678.41	2797
SRX7627270	Testes	NA	Testes	NA	SRP244650	SRS6058890	0.997	0.682	34.237	0.829	0.750	0.961	1257.88	61604	11362.58	2368
SRX7627271	Liver	NA	Liver	NA	SRP244650	SRS6058891	0.998	0.684	26.662	0.803	0.816	0.959	1014.23	59702	10006.88	2989
SRX7627272	Testes	NA	Testes	NA	SRP244650	SRS6058892	0.997	0.675	37.684	0.817	0.862	0.961	1634.96	63607	32197.82	4106
SRX7642850	ESC	NA	NA	mouse ESCs	SRP139083	SRS6072859	0.977	0.380	2.277	0.798	0.661	0.763	0.0	0	899083.18	637
SRX7654252	CD8+ intratumoral T cells (in vivo FACS purified cells)	CD8+ intratumoral T cells (in vivo FACS purified cells)	NA	CD8+ T cells	SRP246238	SRS6083658	0.984	0.739	2.083	0.791	0.509	0.762	1693.59	26027	61070.22	147
SRX7654253	CD8+ intratumoral T cells (in vivo FACS purified cells)	CD8+ intratumoral T cells (in vivo FACS purified cells)	NA	CD8+ T cells	SRP246238	SRS6083660	0.985	0.749	2.139	0.784	0.518	0.769	1647.47	26880	59506.21	138
SRX7654254	CD8+ intratumoral T cells (in vivo FACS purified cells)	CD8+ intratumoral T cells (in vivo FACS purified cells)	NA	CD8+ T cells	SRP246238	SRS6083661	0.986	0.734	2.122	0.785	0.519	0.770	1749.41	25611	59000.62	127
SRX7654255	CD8+ intratumoral T cells (in vivo FACS purified cells)	CD8+ intratumoral T cells (in vivo FACS purified cells)	NA	CD8+ T cells	SRP246238	SRS6083663	0.986	0.734	2.228	0.788	0.463	0.775	1702.02	26708	58034.46	134
SRX7654257	CD8+ intratumoral T cells (in vivo FACS purified cells)	CD8+ intratumoral T cells (in vivo FACS purified cells)	NA	CD8+ T cells	SRP246238	SRS6083662	0.986	0.725	1.712	0.772	0.346	0.706	1830.73	24328	76019.28	86
SRX765919	E5.75 derived EpiSCs	E5.75 derived EpiSCs	NA	Epiblast stem cells	SRP050145	SRS750196	0.991	0.868	20.885	0.828	0.675	0.917	1203.21	35231	16279.03	4297
SRX765920	E5.75 derived EpiSCs	E5.75 derived EpiSCs	NA	Epiblast stem cells	SRP050145	SRS750197	0.991	0.872	16.805	0.816	0.636	0.915	1206.6	34109	15003.11	4328
SRX765921	E5.75 derived rsEpiSCs	E5.75 derived rsEpiSCs	NA	Region selective epiblast stem cells	SRP050145	SRS750198	0.989	0.874	18.679	0.835	0.696	0.917	1148.81	30440	21856.3	4349
SRX765922	E5.75 derived rsEpiSCs	E5.75 derived rsEpiSCs	NA	Region selective epiblast stem cells	SRP050145	SRS750199	0.991	0.874	19.500	0.816	0.726	0.916	1137.84	29965	23968.71	4232
SRX7660889	Spleen	CD11b+Gr1+	Spleen	Myeloid-derived suppressor cells from AT3 tumor-bearing mice	SRP246664	SRS6089428	0.998	0.777	9.312	0.794	0.465	0.926	1169.85	43640	10833.36	1560
SRX7660890	Spleen	CD11b+Gr1+	Spleen	Myeloid-derived suppressor cells from AT3 tumor-bearing mice	SRP246664	SRS6089429	0.998	0.773	9.383	0.783	0.416	0.898	1312.68	36969	11973.96	1163
SRX7667880	Tetramer+ CD8 T cells	NA	Tetramer+ CD8 T cells	Pancreatic Tetramer+	SRP246939	SRS6096057	0.993	0.705	2.387	0.106	0.471	0.789	2171.73	23535	81960.76	243
SRX7667881	Tetramer+ CD8 T cells	NA	Tetramer+ CD8 T cells	Splenic Tetramer+	SRP246939	SRS6096058	0.995	0.703	11.805	0.227	0.721	0.938	1554.0	37504	15698.02	2414
SRX7667882	Tetramer+ CD8 T cells	NA	Tetramer+ CD8 T cells	Splenic Tetramer+	SRP246939	SRS6096059	0.994	0.729	5.065	0.136	0.551	0.908	1723.94	30260	38486.24	881
SRX7667883	Tetramer+ CD8 T cells	NA	Tetramer+ CD8 T cells	Splenic Tetramer+	SRP246939	SRS6096060	0.995	0.737	3.887	0.185	0.097	0.876	1789.37	27249	43390.5	648
SRX7677808	granulocytic myeloid-derived suppressor cells (G-MDSCs)	granulocytic myeloid-derived suppressor cells (G-MDSCs)	NA	mice with tumor challenge (Hepa1-6)	SRP247347	SRS6105167	0.992	0.700	4.211	0.549	0.879	0.874	1318.69	39369	41691.11	484
SRX7677809	granulocytic myeloid-derived suppressor cells (G-MDSCs)	granulocytic myeloid-derived suppressor cells (G-MDSCs)	NA	mice with tumor challenge (Hepa1-6)	SRP247347	SRS6105168	0.992	0.705	10.323	0.553	0.818	0.946	1023.01	55010	18833.52	1711
SRX7677810	granulocytic myeloid-derived suppressor cells (G-MDSCs)	granulocytic myeloid-derived suppressor cells (G-MDSCs)	NA	mice with tumor challenge (Hepa1-6)	SRP247347	SRS6105169	0.996	0.702	31.899	0.732	0.698	0.964	806.58	62744	8728.6	2834
SRX7677811	granulocytic myeloid-derived suppressor cells (G-MDSCs)	granulocytic myeloid-derived suppressor cells (G-MDSCs)	NA	mice with tumor challenge (Hepa1-6)	SRP247347	SRS6105170	0.996	0.700	31.343	0.731	0.663	0.965	805.24	63780	9310.07	2519
SRX7677812	granulocytic myeloid-derived suppressor cells (G-MDSCs)	granulocytic myeloid-derived suppressor cells (G-MDSCs)	NA	mice with tumor challenge (Hepa1-6)	SRP247347	SRS6105171	0.995	0.697	17.849	0.652	0.777	0.959	851.49	67744	10052.56	2858
SRX7677813	granulocytic myeloid-derived suppressor cells (G-MDSCs)	granulocytic myeloid-derived suppressor cells (G-MDSCs)	NA	mice with tumor challenge (Hepa1-6)	SRP247347	SRS6105172	0.994	0.678	16.409	0.614	0.665	0.953	875.32	66960	10089.13	3255
SRX7677814	granulocytic myeloid-derived suppressor cells (G-MDSCs)	granulocytic myeloid-derived suppressor cells (G-MDSCs)	NA	mice with tumor challenge (Hepa1-6)	SRP247347	SRS6105173	0.996	0.713	31.500	0.738	0.633	0.966	795.44	63046	8511.0	2886
SRX7677815	granulocytic myeloid-derived suppressor cells (G-MDSCs)	granulocytic myeloid-derived suppressor cells (G-MDSCs)	NA	mice with tumor challenge (Hepa1-6)	SRP247347	SRS6105174	0.995	0.713	30.471	0.732	0.684	0.965	798.37	63208	8685.64	2767
SRX7777046	ESC	ES Cells	NA	W796A-rep2	SRP250290	SRS6196012	0.916	0.706	2.030	0.721	0.176	0.721	1508.11	24810	121201.73	348
SRX7777058	ESC	ES Cells	NA	W464A_W465A_W796A-rep2	SRP250290	SRS6196029	0.925	0.255	1.750	0.719	0.175	0.707	247133.0	1	118814548.0	1
SRX7800408	MEF	NA	NA	MEFs	SRP133565	SRS6215285	0.993	0.669	3.476	0.657	0.455	0.827	1803.61	24273	62831.14	109
SRX7800409	MEF	NA	NA	MEFs	SRP133565	SRS6215286	0.993	0.614	4.174	0.656	0.487	0.857	2003.17	29514	39792.68	438
SRX7800410	MEF	NA	NA	MEFs	SRP133565	SRS6215287	0.993	0.590	3.458	0.660	0.454	0.835	3349.43	21394	216083.6	668
SRX7800448	ESC	embryonic stem cell	NA	embryonic stem cell	SRP189864	SRS6215315	0.976	0.112	1.870	0.739	0.675	0.701	611036.0	1	118814646.0	1
SRX7828070	EpiSCs	EpiSCs	NA	EpiSCs	SRP186642	SRS6239169	0.992	0.806	16.064	0.839	0.954	0.953	1114.04	40796	10867.47	3894
SRX7828071	EpiSCs	EpiSCs	NA	EpiSCs	SRP186642	SRS6239170	0.995	0.765	7.078	0.834	0.955	0.939	1258.74	64683	33838.68	2560
SRX7828072	ESC	ESCs	NA	ESCs	SRP186642	SRS6239171	0.996	0.418	7.794	0.823	0.960	0.942	3604.84	55587	117111.9	2477
SRX7828317	Wild-type naive CD4 T cells	Wild-type naive CD4 T cells	NA	Wild-type naive CD4 T cells	SRP251304	SRS6239416	0.980	0.789	21.705	0.371	0.849	0.951	918.21	60422	12690.63	1810
SRX7828318	Wild-type naive CD4 T cells	Wild-type naive CD4 T cells	NA	Wild-type naive CD4 T cells	SRP251304	SRS6239417	0.975	0.792	22.530	0.474	0.889	0.956	921.7	63406	8085.39	3874
SRX7828319	Wild-type regulatory T cells	Wild-type regulatory T cells	NA	Wild-type regulatory T cells	SRP251304	SRS6239418	0.973	0.781	12.775	0.549	0.915	0.934	1089.01	45731	16501.35	981
SRX7828320	Wild-type regulatory T cells	Wild-type regulatory T cells	NA	Wild-type regulatory T cells	SRP251304	SRS6239419	0.972	0.793	19.002	0.462	0.891	0.955	976.65	55716	12674.07	1714
SRX7828321	Wild-type CD4 effector T cells	Wild-type CD4 effector T cells	NA	Wild-type CD4 effector T cells	SRP251304	SRS6239420	0.980	0.762	19.744	0.401	0.862	0.950	1015.45	46456	11476.39	1444
SRX7828322	Wild-type CD4 effector T cells	Wild-type CD4 effector T cells	NA	Wild-type CD4 effector T cells	SRP251304	SRS6239421	0.974	0.762	18.921	0.495	0.900	0.953	1003.43	48629	11715.67	1435
SRX7828323	In vitro induced wild-type regulatory T cells (control)	In vitro induced wild-type regulatory T cells (control)	NA	In vitro induced wild-type regulatory T cells (control)	SRP251304	SRS6239422	0.980	0.804	11.562	0.480	0.903	0.937	1098.57	42925	14651.55	1109
SRX7828324	In vitro induced wild-type regulatory T cells (control)	In vitro induced wild-type regulatory T cells (control)	NA	In vitro induced wild-type regulatory T cells (control)	SRP251304	SRS6239423	0.972	0.786	20.423	0.409	0.864	0.954	962.94	53820	11688.52	1675
SRX7828325	In vitro induced wild-type regulatory T cells (ascorbic acid treated)	In vitro induced wild-type regulatory T cells (ascorbic acid treated)	NA	In vitro induced wild-type regulatory T cells (ascorbic acid treated)	SRP251304	SRS6239424	0.979	0.784	11.896	0.510	0.912	0.928	1109.43	45522	15189.44	1344
SRX7828326	In vitro induced wild-type regulatory T cells (ascorbic acid treated)	In vitro induced wild-type regulatory T cells (ascorbic acid treated)	NA	In vitro induced wild-type regulatory T cells (ascorbic acid treated)	SRP251304	SRS6239425	0.975	0.766	22.306	0.470	0.889	0.953	955.0	57896	13138.98	1605
SRX7890098	proximal Epiblast	NA	proximal Epiblast	proximal Epiblast	SRP221485	SRS6299359	0.978	0.285	29.959	0.862	0.754	0.960	3365.16	34351	1243851.18	34
SRX7890099	Extraembryonic Ectoderm	NA	Extraembryonic Ectoderm	Extraembryonic Ectoderm	SRP221485	SRS6299360	0.983	0.106	25.566	0.854	0.700	0.959	101897.38	471	923538.12	1304
SRX7890100	proximal Epiblast	NA	proximal Epiblast	proximal Epiblast	SRP221485	SRS6299361	0.980	0.722	21.442	0.866	0.657	0.960	1279.36	43878	11768.98	4511
SRX7890101	Extraembryonic Ectoderm	NA	Extraembryonic Ectoderm	Extraembryonic Ectoderm	SRP221485	SRS6299362	0.984	0.413	18.398	0.855	0.633	0.959	20446.46	11182	1606834.04	237
SRX7890102	proximal Epiblast	NA	proximal Epiblast	proximal Epiblast	SRP221485	SRS6299363	0.985	0.240	23.044	0.861	0.649	0.960	72941.17	4170	835630.64	278
SRX7890103	Extraembryonic Ectoderm	NA	Extraembryonic Ectoderm	Extraembryonic Ectoderm	SRP221485	SRS6299364	0.985	0.114	16.870	0.852	0.588	0.958	519123.75	4	1333337.05	56
SRX7895648	Liver	NA	liver	liver	SRP252412	SRS6304216	0.998	0.733	27.382	0.830	0.424	0.957	1100.86	41144	8324.46	2474
SRX7895649	Liver	NA	liver	liver	SRP252412	SRS6304217	0.997	0.740	26.320	0.830	0.371	0.957	1099.08	43250	8526.05	2459
SRX7895650	Liver	NA	liver	liver	SRP252412	SRS6304218	0.996	0.740	43.274	0.842	0.397	0.970	1027.43	59887	10472.21	3059
SRX7895651	Liver	NA	liver	liver	SRP252412	SRS6304219	0.996	0.748	38.187	0.839	0.499	0.969	1066.82	56745	10212.86	3111
SRX8003623	Oocyte	NA	NA	D257A treated oocyte	SRP254051	SRS6377601	0.931	0.346	3.221	0.630	0.389	0.783	37202.93	9980	320067.92	3368
SRX8003624	Oocyte	NA	NA	D257A treated oocyte	SRP254051	SRS6377602	0.927	0.348	2.557	0.470	0.447	0.733	38023.38	7594	395930.27	2564
SRX8003625	Oocyte	NA	NA	D257A treated oocyte	SRP254051	SRS6377603	0.930	0.342	3.244	0.629	0.439	0.787	41389.26	8531	338260.62	3286
SRX8003626	Oocyte	NA	NA	Wild Type Oocyte	SRP254051	SRS6377604	0.920	0.387	3.266	0.664	0.346	0.787	43955.47	7059	354176.19	3160
SRX8003627	Oocyte	NA	NA	Wild Type Oocyte	SRP254051	SRS6377605	0.925	0.407	3.428	0.658	0.450	0.803	54646.36	4540	341286.91	3168
SRX8003628	Oocyte	NA	NA	Wild Type Oocyte	SRP254051	SRS6377606	0.917	0.369	3.491	0.558	0.547	0.808	36989.48	11622	294676.74	3816
SRX8042052	Cortex	NA	Cortex	Cortex	SRP254904	SRS6413722	0.990	0.706	8.859	0.759	0.473	0.958	1260.13	42278	12820.66	1964
SRX8042053	Cortex	NA	Cortex	Cortex	SRP254904	SRS6413729	0.984	0.727	6.571	0.733	0.315	0.949	1323.3	34539	16616.05	1050
SRX8042198	Cortex	NA	Cortex	Cortex	SRP254904	SRS6413868	0.986	0.696	8.280	0.724	0.673	0.956	1200.22	38115	12295.79	1788
SRX8042199	Cortex	NA	Cortex	Cortex	SRP254904	SRS6413869	0.989	0.674	10.797	0.713	0.650	0.960	1189.17	44302	13020.55	1947
SRX8062898	Embryo	NA	NA	e16.5 prospermatogonia	SRP255391	SRS6431319	0.985	0.255	13.581	0.389	0.433	0.968	7263.93	62224	252632.83	2697
SRX8062899	Embryo	NA	NA	e16.5 prospermatogonia	SRP255391	SRS6431320	0.983	0.292	16.534	0.431	0.427	0.970	6503.72	68849	155238.24	4034
SRX8062900	Sperm	NA	NA	p0 prospermatogonia	SRP255391	SRS6431321	0.938	0.692	9.641	0.416	0.124	0.959	2166.52	73988	108618.12	2578
SRX8062901	Sperm	NA	NA	p0 prospermatogonia	SRP255391	SRS6431322	0.940	0.643	8.461	0.391	0.088	0.950	2239.49	65173	207094.67	1399
SRX8062902	Embryo	NA	NA	e16.5 prospermatogonia	SRP255391	SRS6431323	0.981	0.339	14.883	0.406	0.425	0.968	7017.31	81479	313032.38	2563
SRX8062903	Embryo	NA	NA	e16.5 prospermatogonia	SRP255391	SRS6431324	0.985	0.257	12.810	0.361	0.503	0.966	8814.41	63770	281678.8	2907
SRX8062904	Embryo	NA	NA	e16.5 prospermatogonia	SRP255391	SRS6431325	0.987	0.144	18.076	0.442	0.485	0.971	27993.07	24827	218557.13	5761
SRX8062905	Embryo	NA	NA	e16.5 prospermatogonia	SRP255391	SRS6431326	0.988	0.115	15.568	0.402	0.510	0.968	37813.45	17742	219933.19	6135
SRX8062906	Sperm	NA	NA	p0 prospermatogonia	SRP255391	SRS6431327	0.926	0.689	9.679	0.401	0.142	0.960	2146.56	81040	151277.84	1963
SRX8062907	Sperm	NA	NA	p0 prospermatogonia	SRP255391	SRS6431328	0.953	0.484	8.610	0.397	0.108	0.953	7373.97	56442	503316.82	1410
SRX8144285	Bone Marrow	NA	bone marrow	mouse bone marrow	SRP257580	SRS6507153	0.927	0.744	10.776	0.225	0.869	0.920	931.84	48677	16685.65	933
SRX8149314	Whole Embryos	NA	NA	E8.5 whole embryos	SRP257737	SRS6511949	0.982	0.811	14.200	0.854	0.606	0.947	1232.08	39913	9473.69	4319
SRX8149315	Whole Embryos	NA	NA	E8.5 whole embryos	SRP257737	SRS6511950	0.983	0.815	16.171	0.846	0.719	0.949	1233.6	41564	11036.17	4345
SRX8151452	MII oocytes	MII oocytes	NA	normal oocytes	SRP257778	SRS6514071	0.957	0.317	3.420	0.602	0.479	0.811	39550.0	10902	302044.58	3712
SRX8151453	MII oocytes	MII oocytes	NA	normal oocytes	SRP257778	SRS6514072	0.955	0.323	3.516	0.576	0.534	0.827	39202.37	12027	275039.64	4082
SRX8151454	MII oocytes	MII oocytes	NA	normal oocytes	SRP257778	SRS6514073	0.957	0.317	3.559	0.567	0.509	0.824	40463.15	11429	278661.58	4148
SRX8151455	MII oocytes	MII oocytes	NA	Shmt2 knockdown oocytes	SRP257778	SRS6514074	0.953	0.325	3.325	0.575	0.503	0.808	40078.34	10604	296655.78	3775
SRX8151456	MII oocytes	MII oocytes	NA	Shmt2 knockdown oocytes	SRP257778	SRS6514075	0.954	0.321	3.319	0.548	0.557	0.811	39698.41	10890	292391.1	3850
SRX8151457	MII oocytes	MII oocytes	NA	Shmt2 knockdown oocytes	SRP257778	SRS6514076	0.957	0.320	2.613	0.449	0.521	0.763	41309.04	8187	347647.71	3004
SRX8171333	ESC	NA	NA	mESC	SRP151725	SRS6531569	0.993	0.437	54.644	0.131	0.728	0.942	2958.82	45437	52107.23	3822
SRX8171334	ESC	NA	NA	mESC	SRP151725	SRS6531570	0.993	0.446	55.328	0.131	0.717	0.942	2939.69	48339	52433.17	3925
SRX8171335	ESC	NA	NA	mESC	SRP151725	SRS6531571	0.993	0.456	51.245	0.149	0.708	0.942	3031.56	50819	60752.9	3659
SRX8171336	ESC	NA	NA	mESC	SRP151725	SRS6531572	0.993	0.436	125.953	0.167	0.627	0.949	2830.81	48270	0.0	0
SRX8171337	ESC	NA	NA	mESC	SRP151725	SRS6531573	0.992	0.448	114.023	0.156	0.653	0.948	2801.31	50086	0.0	0
SRX8171338	ESC	NA	NA	mESC	SRP151725	SRS6531574	0.992	0.481	109.764	0.158	0.572	0.948	2655.36	54147	0.0	0
SRX8171339	ESC	NA	NA	mESC	SRP151725	SRS6531575	0.993	0.503	106.398	0.188	0.600	0.949	2214.93	50016	0.0	0
SRX8171340	ESC	NA	NA	mESC	SRP151725	SRS6531576	0.992	0.493	108.202	0.189	0.608	0.949	2377.17	50939	0.0	0
SRX8171341	ESC	NA	NA	mESC	SRP151725	SRS6531577	0.991	0.468	105.740	0.189	0.600	0.949	2925.17	52659	0.0	0
SRX8173482	Sperm	NA	Sperm	Sperm	SRP258361	SRS6533687	0.992	0.806	6.526	0.736	0.700	0.906	1428.23	55082	60908.35	2253
SRX8173483	Sperm	NA	Sperm	Sperm	SRP258361	SRS6533688	0.992	0.783	7.191	0.709	0.766	0.921	1366.42	55562	56553.1	1973
SRX8173484	Sperm	NA	Sperm	Sperm	SRP258361	SRS6533689	0.992	0.778	7.034	0.758	0.764	0.917	1413.87	58714	66452.87	1965
SRX8173485	Sperm	NA	Sperm	Sperm	SRP258361	SRS6533690	0.992	0.797	8.399	0.747	0.729	0.919	1428.72	57237	38869.6	2743
SRX8173486	Sperm	NA	Sperm	Sperm	SRP258361	SRS6533691	0.995	0.798	6.632	0.572	0.583	0.876	1520.06	49479	42808.16	1978
SRX8173487	Sperm	NA	Sperm	Sperm	SRP258361	SRS6533692	0.991	0.777	8.796	0.639	0.393	0.922	1547.2	56987	36621.55	2733
SRX8174680	E17 hippocampus	Cultured hippocampal neurons (10DIV)	E17 hippocampus	Treatment: tetrodotoxin	SRP258472	SRS6534748	0.981	0.714	10.456	0.718	0.612	0.919	1167.68	54879	13482.28	1546
SRX8174681	E17 hippocampus	Cultured hippocampal neurons (10DIV)	E17 hippocampus	Treatment: non	SRP258472	SRS6534749	0.981	0.712	9.986	0.719	0.605	0.918	1173.92	54652	18372.85	983
SRX8174682	E17 hippocampus	Cultured hippocampal neurons (10DIV)	E17 hippocampus	Treatment: bicuculline/4-aminopyridine 3hrs	SRP258472	SRS6534750	0.979	0.708	11.003	0.716	0.606	0.920	1156.1	56275	14304.66	1335
SRX8337790	B1	NA	NA	B1 cells	SRP261467	SRS6656295	0.973	0.673	9.233	0.633	0.659	0.899	1247.03	48785	25886.36	1030
SRX8337791	B1	NA	NA	B1 cells	SRP261467	SRS6656296	0.971	0.714	8.307	0.774	0.568	0.892	1185.26	42473	19429.45	821
SRX8337792	B2	NA	NA	B2 cells	SRP261467	SRS6656297	0.974	0.744	9.003	0.562	0.693	0.894	1035.19	46537	20280.06	672
SRX8337793	B2	NA	NA	B2 cells	SRP261467	SRS6656298	0.978	0.694	6.728	0.743	0.744	0.891	1384.6	43590	23682.39	1327
SRX8337794	proB1	NA	NA	proB1 cells	SRP261467	SRS6656299	0.976	0.728	6.777	0.781	0.648	0.878	1165.29	37324	24886.03	531
SRX8337795	proB2	NA	NA	proB2 cells	SRP261467	SRS6656300	0.976	0.743	9.941	0.781	0.582	0.897	1015.44	46149	16779.39	1152
SRX8339978	Cortex	NA	Cortex	15wk_CTX_SSTcre_Dnmt3aWT_Sun1IP_BS	SRP261529	SRS6658435	0.970	0.829	6.101	0.742	0.812	0.919	1320.79	43438	29685.13	1427
SRX8339979	Cortex	NA	Cortex	15wk_CTX_SSTcre_Dnmt3aKO_Sun1IP_BS	SRP261529	SRS6658436	0.982	0.804	6.609	0.748	0.764	0.916	1372.7	49143	19741.52	2026
SRX8339980	Cortex	NA	Cortex	13wk_CTX_VIPcre_Dnmt3aWT_Sun1IP_BS	SRP261529	SRS6658437	0.977	0.819	7.523	0.726	0.763	0.926	1212.0	50989	18815.23	1974
SRX8339981	Cortex	NA	Cortex	13wk_CTX_VIPcre_Dnmt3aKO_Sun1IP_BS	SRP261529	SRS6658438	0.986	0.779	4.733	0.714	0.746	0.897	1485.93	48880	28296.12	1238
SRX8339986	Cortex	NA	Cortex	1wk_CTX_SSTcre_Sun1IP_BS	SRP261529	SRS6658443	0.985	0.769	9.317	0.716	0.762	0.940	1232.81	52307	13311.54	1624
SRX8339987	Cortex	NA	Cortex	1wk_CTX_SSTcre_Sun1IP_BS	SRP261529	SRS6658444	0.985	0.770	7.641	0.735	0.801	0.934	1293.84	46916	13736.03	1472
SRX8339988	Cortex	NA	Cortex	1wk_CTX_VIPcre_Sun1IP_BS	SRP261529	SRS6658445	0.982	0.739	7.429	0.702	0.399	0.921	1462.51	34394	13733.29	1077
SRX8339989	Cortex	NA	Cortex	1wk_CTX_VIPcre_Sun1IP_BS	SRP261529	SRS6658446	0.983	0.749	7.550	0.657	0.454	0.916	1432.28	36644	13336.81	1250
SRX8339990	Cortex	NA	Cortex	P10_CTX_VIPcre_Sun1IP_BS	SRP261529	SRS6658448	0.991	0.788	3.283	0.709	0.590	0.816	1684.63	39631	39198.44	438
SRX8339992	Cortex	NA	Cortex	P10_CTX_SSTcre_Sun1IP_BS	SRP261529	SRS6658449	0.991	0.760	10.967	0.766	0.827	0.945	1146.8	53740	13403.53	1527
SRX8339993	Cortex	NA	Cortex	P13_CTX_SSTcre_Sun1IP_BS	SRP261529	SRS6658450	0.981	0.819	2.772	0.695	0.410	0.747	1794.31	29109	48186.49	569
SRX8339994	Cortex	NA	Cortex	P13_CTX_SSTcre_Sun1IP_BS	SRP261529	SRS6658451	0.981	0.820	3.324	0.704	0.489	0.787	1661.31	34405	35181.34	862
SRX8339996	Cortex	NA	Cortex	P13_CTX_VIPcre_Sun1IP_BS	SRP261529	SRS6658454	0.988	0.801	2.447	0.676	0.345	0.718	1931.63	30052	49893.47	556
SRX8339997	Cortex	NA	Cortex	3wk_CTX_VIPcre_Sun1IP_BS	SRP261529	SRS6658453	0.970	0.808	12.699	0.759	0.784	0.947	1151.87	56284	11750.28	4316
SRX8339998	Cortex	NA	Cortex	8wk_CTX_SSTcre_Sun1IP_BS	SRP261529	SRS6658455	0.969	0.822	8.950	0.773	0.835	0.941	1187.43	49743	18187.35	2220
SRX8339999	Cortex	NA	Cortex	8wk_CTX_SSTcre_Sun1IP_BS	SRP261529	SRS6658456	0.969	0.823	9.082	0.756	0.833	0.941	1188.1	50242	19001.04	2376
SRX8357965	Whole Embryos	NA	whole embryos	E8.5 whole embryos	SRP195507	SRS6674064	0.964	0.792	13.002	0.803	0.518	0.947	1251.55	38061	13089.18	2145
SRX8357966	Whole Embryos	NA	whole embryos	E8.5 whole embryos	SRP195507	SRS6674065	0.956	0.218	12.666	0.757	0.476	0.946	8050.8	24376	0.0	0
SRX8357967	Whole Embryos	NA	whole embryos	E8.5 whole embryos	SRP195507	SRS6674066	0.977	0.210	15.100	0.810	0.594	0.949	18712.17	32544	84367.81	6205
SRX8419456	Peritoneal Macrophages	NA	NA	Peritoneal macrophages	SRP265159	SRS6731000	0.980	0.824	10.458	0.593	0.429	0.945	1138.61	50990	8525.42	2668
SRX8419457	Peritoneal Macrophages	NA	NA	Peritoneal macrophages	SRP265159	SRS6731001	0.976	0.828	10.125	0.615	0.392	0.939	1176.97	48401	8184.51	2861
SRX8419458	Peritoneal Macrophages	NA	NA	Peritoneal macrophages	SRP265159	SRS6731002	0.975	0.818	9.451	0.547	0.435	0.937	1195.24	46640	13961.82	1478
SRX8423770	ESC	NA	NA	Mouse ESC	SRP265261	SRS6735201	0.984	0.055	14.422	0.709	0.484	0.922	296974.15	233	868408.79	429
SRX8423771	E9.5 PGC	NA	NA	Mouse E9.5 PGC	SRP265261	SRS6735202	0.985	0.048	12.940	0.716	0.538	0.921	226539.86	843	845032.69	378
SRX843311	ESC	NA	NA	R1 mouse embryonic stem cells	SRP052235	SRS819469	0.959	0.630	6.577	0.696	0.658	0.900	1794.64	39008	54014.05	1593
SRX843312	ESC	NA	NA	R1 mouse embryonic stem cells	SRP052235	SRS819470	0.962	0.631	7.765	0.723	0.641	0.913	1726.72	40127	47113.77	1723
SRX8450083	Tumor	NA	NA	Mouse tumor	SRP265512	SRS6752284	0.997	0.591	1.849	0.777	0.304	0.733	2300.24	20708	60783.54	192
SRX8494513	ESC	embryonic stem cells	NA	Mouse Embryonic Stem Cells	SRP266415	SRS6793463	0.985	0.166	5.000	0.740	0.484	0.809	838798.0	1	15675566.0	4
SRX8509739	Blastocyst	NA	blastocyst	haploid_androgenote_blastocyst_1	SRP266608	SRS6808366	0.978	0.275	2.253	0.771	0.577	0.752	796219.0	1	0.0	0
SRX8509741	Blastocyst	NA	blastocyst	diploid_ICSI_blastocyst_1	SRP266608	SRS6808368	0.979	0.280	1.790	0.785	0.585	0.700	770947.0	1	155404307.5	2
SRX8509744	Blastocyst	NA	blastocyst	haploid_parthenogenote_blastocyst_2	SRP266608	SRS6808371	0.979	0.282	1.776	0.771	0.599	0.702	335460.0	2	615221.83	1004
SRX8509745	ESC	NA	embryonic stem cell	haploid_androgenote_ESC_129_A11	SRP266608	SRS6808372	0.985	0.326	2.634	0.799	0.655	0.801	838820.0	1	0.0	0
SRX8509746	ESC	NA	embryonic stem cell	haploid_androgenote_ESC_129_A7	SRP266608	SRS6808374	0.986	0.212	2.912	0.818	0.644	0.808	892577.0	2	109674642.0	1
SRX8509747	ESC	NA	embryonic stem cell	haploid_parthenogenote_ESC_129_Rex1::GFP	SRP266608	SRS6808373	0.985	0.359	3.084	0.815	0.675	0.825	599926.0	1	520450.7	565
SRX8509748	ESC	NA	embryonic stem cell	diploid_ESC_Mekl_2_C_ER_female	SRP266608	SRS6808375	0.985	0.361	2.840	0.835	0.598	0.826	874369.5	4	4100857.26	76
SRX8509749	Kidney	NA	kidney	nu_nu_kidney	SRP266608	SRS6808376	0.985	0.712	2.498	0.820	0.641	0.795	1621.24	25911	57300.8	229
SRX8509750	ESC	NA	embryonic stem cell	haploid_parthenogenote_ESC_129_P1	SRP266608	SRS6808377	0.985	0.463	2.573	0.818	0.650	0.794	5513.07	17073	265930.79	475
SRX8509751	ESC	NA	embryonic stem cell	diploid_ESC_Rex1:GFPd2_female	SRP266608	SRS6808378	0.985	0.594	2.773	0.816	0.604	0.805	3364.35	26285	258538.06	833
SRX8509752	ESC	NA	embryonic stem cell	diploid_ESC_129/B6_F1_hybrid_female	SRP266608	SRS6808379	0.985	0.717	2.849	0.828	0.645	0.819	1899.7	36399	75439.9	931
SRX8509753	ESC	NA	embryonic stem cell	diploid_ESC_129_male	SRP266608	SRS6808380	0.985	0.550	2.850	0.810	0.667	0.818	4276.22	23945	185172.15	617
SRX8509754	ESC	NA	embryonic stem cell	haploid_parthenogenote_ESC_129_dtTomato_T8	SRP266608	SRS6808381	0.984	0.477	3.278	0.810	0.638	0.835	4937.55	19359	103998.91	510
SRX852183	Hematopoetic Stem Cell	hematopoetic stem cells	NA	NA	SRP029721	SRS478601	0.991	0.724	10.482	0.718	0.614	0.842	915.12	51451	18811.34	771
SRX8575801	Skeletal Muscle Stem Cell	Skeletal muscle stem cells	NA	Skeletal muscle stem cells	SRP267895	SRS6867717	0.996	0.570	7.127	0.685	0.776	0.852	1372.81	41224	27297.15	215
SRX8575802	Skeletal Muscle Stem Cell	Skeletal muscle stem cells	NA	Skeletal muscle stem cells	SRP267895	SRS6867718	0.994	0.559	7.204	0.773	0.748	0.838	1404.68	41283	24302.58	318
SRX8575803	Skeletal Muscle Stem Cell	Skeletal muscle stem cells	NA	Skeletal muscle stem cells	SRP267895	SRS6867719	0.996	0.552	11.633	0.784	0.726	0.882	1184.56	50195	18421.25	468
SRX8575804	Skeletal Muscle Stem Cell	Skeletal muscle stem cells	NA	Skeletal muscle stem cells	SRP267895	SRS6867720	0.995	0.579	8.541	0.792	0.571	0.878	1289.54	45431	22757.64	337
SRX8575805	Skeletal Muscle Stem Cell	Skeletal muscle stem cells	NA	Skeletal muscle stem cells	SRP267895	SRS6867721	0.996	0.580	8.800	0.789	0.712	0.870	1270.67	44890	24320.75	272
SRX8575806	Skeletal Muscle Stem Cell	Skeletal muscle stem cells	NA	Skeletal muscle stem cells	SRP267895	SRS6867722	0.994	0.568	9.568	0.774	0.742	0.867	1245.28	47551	22998.28	304
SRX8575807	Skeletal Muscle Stem Cell	Skeletal muscle stem cells	NA	Skeletal muscle stem cells	SRP267895	SRS6867723	0.995	0.566	10.700	0.789	0.730	0.880	1222.79	47705	20218.94	359
SRX8575808	Skeletal Muscle Stem Cell	Skeletal muscle stem cells	NA	Skeletal muscle stem cells	SRP267895	SRS6867724	0.995	0.585	9.991	0.801	0.543	0.886	1226.44	49585	21614.0	318
SRX8582063	Breast Tumor	NA	Breast tumor	4T1 Breast tumor	SRP267967	SRS6873836	0.994	0.659	14.070	0.614	0.817	0.925	7817.0	45986	611210.38	1470
SRX8582064	Breast Tumor	NA	Breast tumor	4T1 Breast tumor	SRP267967	SRS6873837	0.994	0.672	10.906	0.734	0.780	0.912	8755.56	42537	688718.96	1420
SRX8582065	Breast Tumor	NA	Breast tumor	4T1 Breast tumor	SRP267967	SRS6873838	0.995	0.667	10.306	0.750	0.803	0.911	9092.76	38356	955208.67	1103
SRX8582066	Breast Tumor	NA	Breast tumor	4T1 Breast tumor	SRP267967	SRS6873839	0.995	0.600	14.380	0.595	0.853	0.925	11598.84	36589	774528.41	1444
SRX8582067	Breast Tumor	NA	Breast tumor	4T1 Breast tumor	SRP267967	SRS6873840	0.994	0.623	14.329	0.635	0.779	0.925	9560.36	40008	727178.29	1454
SRX8582068	Breast Tumor	NA	Breast tumor	4T1 Breast tumor	SRP267967	SRS6873841	0.994	0.654	10.925	0.756	0.830	0.915	9487.05	42112	711052.39	1453
SRX8582069	Breast Tumor	NA	Breast tumor	4T1 Breast tumor	SRP267967	SRS6873842	0.994	0.668	11.424	0.749	0.810	0.916	8929.48	42371	698444.43	1458
SRX8601086	Inner Cell Mass	embryonic stem cell	inner cell mass	EdU labeled WT mouse ES cells with chasing 2 hours	SRP198282	SRS6898636	0.988	0.650	2.780	0.628	0.670	0.822	2118.13	27040	95443.72	300
SRX8694214	Masseter	NA	Masseter	Masseter muscle tissue replicate 1	SRP270999	SRS6972820	0.974	0.674	6.314	0.335	0.692	0.949	1258.19	33329	20584.21	410
SRX8694215	Masseter	NA	Masseter	Masseter muscle tissue replicate 2	SRP270999	SRS6972821	0.970	0.663	6.943	0.336	0.693	0.948	1253.45	33616	21485.34	371
SRX8694216	Masseter	NA	Masseter	Masseter muscle tissue replicate 3	SRP270999	SRS6972822	0.976	0.666	7.975	0.340	0.681	0.957	1198.61	35709	19004.07	443
SRX8694217	Tibialis Anterior	NA	Tibialis anterior	Tibialis anterior muscle tissue replicate 1	SRP270999	SRS6972823	0.975	0.673	7.231	0.338	0.704	0.955	1244.59	32557	15365.65	640
SRX8694218	Tibialis Anterior	NA	Tibialis anterior	Tibialis anterior muscle tissue replicate 2	SRP270999	SRS6972824	0.979	0.673	7.936	0.334	0.697	0.958	1206.86	33182	15712.51	612
SRX8694219	Tibialis Anterior	NA	Tibialis anterior	Tibialis anterior muscle tissue replicate 3	SRP270999	SRS6972825	0.980	0.677	9.102	0.336	0.704	0.962	1174.48	34981	18562.02	482
SRX8694220	Masseter	NA	Masseter	Masseter satellite cells replicate 1	SRP270999	SRS6972826	0.985	0.610	10.856	0.318	0.781	0.964	1272.06	53655	20535.6	483
SRX8694221	Masseter	NA	Masseter	Masseter satellite cells replicate 2	SRP270999	SRS6972827	0.972	0.598	6.427	0.363	0.730	0.944	1636.59	40026	33852.72	175
SRX8694222	Masseter	NA	Masseter	Masseter satellite cells replicate 3	SRP270999	SRS6972828	0.986	0.612	9.345	0.316	0.751	0.962	1306.28	52125	27657.06	358
SRX8694223	Tibialis Anterior	NA	Tibialis anterior	Tibialis anterior satellite cells replicate 1	SRP270999	SRS6972829	0.980	0.604	6.698	0.342	0.795	0.951	1513.49	39185	26027.2	247
SRX8694224	Tibialis Anterior	NA	Tibialis anterior	Tibialis anterior satellite cells replicate 2	SRP270999	SRS6972830	0.982	0.599	7.311	0.323	0.788	0.947	1534.32	39801	23701.15	328
SRX8694225	Tibialis Anterior	NA	Tibialis anterior	Tibialis anterior satellite cells replicate 3	SRP270999	SRS6972831	0.976	0.606	5.038	0.344	0.785	0.937	1701.77	34903	27165.48	266
SRX8698347	Adipose	adipose progenitors	adipose	CD137+ adipocyte progenitor subgroup with DEX treatment	SRP271091	SRS6976197	0.993	0.786	7.231	0.748	0.400	0.917	1393.3	30653	10760.94	1285
SRX8698348	Adipose	adipose progenitors	adipose	PDGFRa+ adipocyte progenitor subgroup with DEX treatment	SRP271091	SRS6976198	0.993	0.772	10.733	0.751	0.385	0.947	1148.38	50225	12240.11	1095
SRX8714251	Lymph Node	NA	lymph node	peripheral T-cell lymphoma	SRP271469	SRS6990056	0.993	0.725	19.703	0.716	0.549	0.934	1721.47	38489	16536.25	2549
SRX8714252	Lymph Node	NA	lymph node	peripheral T-cell lymphoma	SRP271469	SRS6990057	0.997	0.730	7.715	0.706	0.417	0.894	1822.5	30447	19191.71	1868
SRX8714256	Lymph Node	NA	lymph node	peripheral T-cell lymphoma	SRP271469	SRS6990061	0.997	0.715	9.443	0.724	0.392	0.891	2328.68	29398	22926.0	1885
SRX8718107	MethylC fPSCs P10	NA	NA	MethylC_fPSCs_P10	SRP271532	SRS6993707	0.991	0.855	7.672	0.742	0.531	0.913	1638.5	29344	31489.67	3439
SRX8718108	MethylC fPSCs P10	NA	NA	MethylC_fPSCs_P10	SRP271532	SRS6993708	0.990	0.846	3.684	0.722	0.436	0.815	1648.88	22635	69183.57	1585
SRX8734913	Lymph Node	NA	lymph node	MYC-induced lymphoma sample	SRP271992	SRS7008186	0.998	0.703	12.501	0.741	0.619	0.924	1680.63	33875	24097.79	1606
SRX8734914	Lymph Node	NA	lymph node	MYC-induced lymphoma sample	SRP271992	SRS7008187	0.998	0.672	13.896	0.749	0.602	0.923	1803.03	37306	14712.29	2325
SRX8734915	Lymph Node	NA	lymph node	MYC-induced lymphoma sample	SRP271992	SRS7008188	0.998	0.673	13.863	0.741	0.606	0.922	1837.71	34751	15807.78	2102
SRX8734916	Lymph Node	NA	lymph node	MYC-induced lymphoma sample	SRP271992	SRS7008189	0.998	0.669	12.457	0.727	0.569	0.914	1832.69	34549	23968.67	1336
SRX8734917	Lymph Node	NA	lymph node	MYC-induced lymphoma sample	SRP271992	SRS7008190	0.998	0.683	15.429	0.729	0.598	0.932	1778.53	35891	19389.33	2688
SRX8734918	Lymph Node	NA	lymph node	MYC-induced lymphoma sample	SRP271992	SRS7008191	0.998	0.690	13.158	0.733	0.600	0.927	1750.98	35757	20678.82	2582
SRX878146	ESC	NA	NA	mouse embryonic stem cells	SRP049191	SRS846043	0.990	0.927	13.387	0.872	0.810	0.926	1885.62	11079	115512.96	1920
SRX878147	ESC	NA	NA	mouse embryonic stem cells	SRP049191	SRS846042	0.994	0.926	12.231	0.827	0.846	0.923	828.56	22012	144890.4	2316
SRX878216	Placenta	NA	NA	placenta	SRP049936	SRS846113	0.986	0.480	2.515	0.824	0.811	0.789	3768.94	16568	1919488.94	395
SRX8783686	Lung	airway macrophages	lung	airway macrophages	SRP272852	SRS7052421	0.992	0.705	9.238	0.756	0.266	0.946	1136.54	43553	12473.83	1192
SRX8783687	Lung	airway macrophages	lung	airway macrophages	SRP272852	SRS7052422	0.989	0.696	15.231	0.691	0.539	0.950	985.33	52649	7463.87	2797
SRX8783688	Lung	airway macrophages	lung	airway macrophages	SRP272852	SRS7052423	0.990	0.712	8.679	0.796	0.686	0.944	1124.05	42921	12708.6	1123
SRX8783689	Lung	airway macrophages	lung	airway macrophages	SRP272852	SRS7052424	0.993	0.713	15.278	0.796	0.604	0.953	1002.68	51872	8018.2	2711
SRX8783690	Lung	airway macrophages	lung	airway macrophages	SRP272852	SRS7052425	0.991	0.709	16.350	0.726	0.552	0.951	974.05	54210	7476.84	3084
SRX8783691	Lung	airway macrophages	lung	airway macrophages	SRP272852	SRS7052426	0.986	0.743	9.931	0.818	0.678	0.949	1108.84	48312	12202.47	1525
SRX8783692	Lung	airway macrophages	lung	airway macrophages	SRP272852	SRS7052427	0.983	0.714	6.349	0.789	0.520	0.939	1259.81	39909	15787.56	1027
SRX8785803	ESC	NA	NA	Embryonic Stem Cells (ESCs)	SRP273163	SRS7054435	0.991	0.545	2.622	0.703	0.277	0.733	3039.57	28628	246501.12	345
SRX8785804	ESC	NA	NA	Embryonic Stem Cells (ESCs)	SRP273163	SRS7054436	0.994	0.349	10.028	0.757	0.191	0.930	8764.98	20306	394282.54	953
SRX8827385	Apoptosis-poised (AP) germ	Apoptosis-poised (AP) germ cell	NA	male germ cells	SRP273620	SRS7092040	0.984	0.043	5.112	0.532	0.866	0.875	725462.83	12	1492875.64	325
SRX8827386	Apoptosis-poised (AP) germ	Apoptosis-poised (AP) germ cell	NA	male germ cells	SRP273620	SRS7092041	0.986	0.044	5.431	0.551	0.766	0.886	679377.05	19	1687597.67	241
SRX8827387	Male-differentiated (MD) germ	Male-differentiated (MD) germ cell	NA	male germ cells	SRP273620	SRS7092042	0.983	0.038	5.635	0.566	0.676	0.886	513898.06	89	1232696.38	348
SRX8827388	Male-differentiated (MD) germ	Male-differentiated (MD) germ cell	NA	male germ cells	SRP273620	SRS7092043	0.984	0.037	3.629	0.549	0.862	0.835	710084.71	7	1677666.78	185
SRX8827389	Apoptosis-poised (AP) germ	Apoptosis-poised (AP) germ cell	NA	male germ cells	SRP273620	SRS7092044	0.981	0.038	6.994	0.359	0.505	0.888	665065.06	35	1280878.21	392
SRX8827390	Apoptosis-poised (AP) germ	Apoptosis-poised (AP) germ cell	NA	male germ cells	SRP273620	SRS7092045	0.983	0.040	7.520	0.398	0.409	0.898	559548.3	69	1256946.2	372
SRX8827391	Male-differentiated (MD) germ	Male-differentiated (MD) germ cell	NA	male germ cells	SRP273620	SRS7092046	0.981	0.034	6.711	0.406	0.370	0.888	436065.8	202	974562.49	596
SRX8827392	Male-differentiated (MD) germ	Male-differentiated (MD) germ cell	NA	male germ cells	SRP273620	SRS7092047	0.981	0.032	9.984	0.384	0.392	0.911	272581.12	881	789631.07	749
SRX883256	Trophoblast	NA	trophoblast	Ectoplacental cone	SRP055147	SRS850464	0.985	0.352	4.067	0.626	0.578	0.829	77059.28	185	2948357.23	231
SRX883257	Trophoblast	NA	trophoblast	Ectoplacental cone	SRP055147	SRS850463	0.983	0.305	4.732	0.604	0.792	0.856	188365.67	3	2457823.55	247
SRX883258	Trophoblast	NA	trophoblast	Ectoplacental cone	SRP055147	SRS850461	0.979	0.265	3.557	0.630	0.856	0.769	0.0	0	3728911.0	116
SRX883260	Trophoblast	NA	trophoblast	Ectoplacental cone	SRP055147	SRS850459	0.976	0.252	3.168	0.609	0.515	0.775	795055.0	1	2795671.58	303
SRX883261	Trophoblast	NA	trophoblast	Ectoplacental cone	SRP055147	SRS850460	0.976	0.098	3.113	0.657	0.753	0.706	814421.0	1	20622703.0	10
SRX883262	Trophoblast	NA	trophoblast	Ectoplacental cone	SRP055147	SRS850457	0.980	0.129	3.543	0.647	0.874	0.753	857099.0	2	16454230.0	1
SRX883263	Trophoblast	NA	trophoblast	Ectoplacental cone	SRP055147	SRS850458	0.981	0.111	3.149	0.669	0.885	0.741	663781.0	1	0.0	0
SRX8976300	Embryo	NA	NA	embryo	SRP278195	SRS7231561	0.986	0.757	17.741	0.740	0.000	0.939	1292.5	44291	12883.48	4355
SRX8976301	Embryo	NA	NA	embryo	SRP278195	SRS7231562	0.986	0.773	17.447	0.725	0.000	0.936	1312.49	42771	13958.34	5043
SRX905335	Embryo	NA	NA	Mouse embryonic fibroblasts	SRP043370	SRS866181	0.999	0.647	8.926	0.802	0.898	0.932	8893.45	47098	604548.55	1523
SRX9084787	Fetal Brain	NA	Fetal brain	Fetal brain	SRP280273	SRS7330985	0.997	0.728	4.153	0.817	0.944	0.875	1560.72	35419	25358.76	774
SRX9084788	Placenta	NA	Placenta	Placenta	SRP280273	SRS7330986	0.997	0.413	5.134	0.820	0.945	0.901	26166.99	3071	952346.77	1033
SRX9084789	Fetal Brain	NA	Fetal brain	Fetal brain	SRP280273	SRS7330987	0.997	0.727	4.495	0.816	0.946	0.885	1503.95	36980	26718.2	908
SRX9084790	Placenta	NA	Placenta	Placenta	SRP280273	SRS7330988	0.997	0.405	4.146	0.808	0.931	0.881	36192.67	483	1410776.94	684
SRX9099837	EPS	EPS cells	NA	EPS-shCtrl-WGBSseq	SRP281855	SRS7344112	0.994	0.729	18.932	0.826	0.538	0.962	1287.45	52566	14494.56	4489
SRX9099838	EPS	EPS cells	NA	EPS-shCtrl-WGBSseq	SRP281855	SRS7344113	0.992	0.733	15.926	0.832	0.592	0.961	1269.64	49036	10943.31	3859
SRX9099839	EPS	EPS cells	NA	EPS-shYy1-WGBSseq	SRP281855	SRS7344114	0.993	0.401	18.718	0.816	0.571	0.962	4743.55	50938	141214.86	4109
SRX9099840	EPS	EPS cells	NA	EPS-shYy1-WGBSseq	SRP281855	SRS7344115	0.995	0.368	18.693	0.821	0.523	0.962	3788.19	47284	132287.77	3888
SRX9105158	Sperm	NA	Sperm	NA	SRP282002	SRS7348718	0.994	0.818	28.019	0.832	0.476	0.966	2445.3	81496	57706.56	4524
SRX9105159	Sperm	NA	Sperm	NA	SRP282002	SRS7348719	0.996	0.811	24.039	0.755	0.395	0.966	2341.68	77615	54123.26	4280
SRX9105160	Sperm	NA	Sperm	NA	SRP282002	SRS7348722	0.994	0.814	25.457	0.856	0.601	0.964	2378.56	78859	55089.19	4486
SRX9105161	Sperm	NA	Sperm	NA	SRP282002	SRS7348723	0.994	0.816	27.878	0.696	0.500	0.965	2506.74	80453	61031.79	4397
SRX9105162	Sperm	NA	Sperm	NA	SRP282002	SRS7348724	0.995	0.805	20.473	0.859	0.474	0.965	1744.55	74012	45241.67	3961
SRX9105163	Sperm	NA	Sperm	NA	SRP282002	SRS7348725	0.995	0.794	19.217	0.863	0.398	0.964	1802.3	75574	50927.46	3757
SRX9105164	Sperm	NA	Sperm	NA	SRP282002	SRS7348726	0.994	0.795	20.568	0.849	0.317	0.965	1837.9	80033	54219.71	3809
SRX9105165	Sperm	NA	Sperm	NA	SRP282002	SRS7348727	0.995	0.792	19.810	0.858	0.426	0.960	1906.84	78375	46897.0	4747
SRX9105166	Sperm	NA	Sperm	NA	SRP282002	SRS7348728	0.995	0.795	20.788	0.864	0.479	0.961	1723.8	80034	44322.1	4367
SRX9105167	Sperm	NA	Sperm	NA	SRP282002	SRS7348729	0.995	0.788	19.134	0.858	0.436	0.962	1776.64	76450	47482.82	4242
SRX9105168	Sperm	NA	Sperm	NA	SRP282002	SRS7348720	0.995	0.811	25.076	0.823	0.372	0.965	2309.41	78726	54213.49	4431
SRX9105169	Sperm	NA	Sperm	NA	SRP282002	SRS7348730	0.995	0.812	24.912	0.843	0.525	0.964	1708.9	75368	41311.85	4287
SRX9105170	Sperm	NA	Sperm	NA	SRP282002	SRS7348731	0.995	0.813	21.977	0.841	0.401	0.965	1705.78	75769	44423.5	4007
SRX9105171	Sperm	NA	Sperm	NA	SRP282002	SRS7348732	0.994	0.818	22.303	0.849	0.490	0.965	1723.77	75544	46725.65	4034
SRX9105172	Sperm	NA	Sperm	NA	SRP282002	SRS7348733	0.994	0.799	21.529	0.843	0.494	0.963	1715.33	79380	42348.19	4942
SRX9105173	Sperm	NA	Sperm	NA	SRP282002	SRS7348734	0.995	0.794	19.363	0.864	0.413	0.962	1780.68	78428	47702.35	4430
SRX9105174	Sperm	NA	Sperm	NA	SRP282002	SRS7348735	0.995	0.803	20.644	0.857	0.490	0.961	1769.69	77140	48114.25	4520
SRX9105175	Sperm	NA	Sperm	NA	SRP282002	SRS7348721	0.996	0.809	22.224	0.841	0.432	0.964	2456.24	80942	60926.0	4378
SRX9107939	Cortex	NA	Cortex	Cortex	SRP282126	SRS7351356	0.985	0.735	3.317	0.794	0.888	0.881	1628.48	31684	42527.37	526
SRX9107940	Cortex	NA	Cortex	Cortex	SRP282126	SRS7351357	0.969	0.734	3.167	0.797	0.891	0.876	1751.63	30719	58713.81	676
SRX9107941	Cortex	NA	Cortex	Cortex	SRP282126	SRS7351358	0.981	0.737	3.025	0.795	0.886	0.870	1755.29	28774	44211.25	732
SRX9107942	Cortex	NA	Cortex	Cortex	SRP282126	SRS7351359	0.972	0.731	3.023	0.790	0.886	0.871	1747.67	31433	48739.31	913
SRX9107943	Cortex	NA	Cortex	Cortex	SRP282126	SRS7351360	0.982	0.736	2.744	0.796	0.889	0.852	1842.41	28292	53025.78	517
SRX9107944	Cortex	NA	Cortex	Cortex	SRP282126	SRS7351361	0.974	0.739	3.156	0.792	0.877	0.875	1717.09	30823	49283.14	906
SRX9107945	Cortex	NA	Cortex	Cortex	SRP282126	SRS7351362	0.985	0.733	2.813	0.789	0.887	0.858	1771.88	29583	45697.8	573
SRX9107946	Cortex	NA	Cortex	Cortex	SRP282126	SRS7351363	0.979	0.730	2.809	0.799	0.901	0.859	1811.7	30842	56632.08	646
SRX9107947	Cortex	NA	Cortex	Cortex	SRP282126	SRS7351364	0.985	0.749	2.002	0.774	0.936	0.755	1806.85	27466	53433.28	361
SRX9107948	Cortex	NA	Cortex	Cortex	SRP282126	SRS7351365	0.985	0.747	1.860	0.755	0.941	0.744	2040.48	23304	57155.78	380
SRX9107949	Cortex	NA	Cortex	Cortex	SRP282126	SRS7351366	0.973	0.779	1.671	0.749	0.933	0.701	1718.9	22930	53198.2	335
SRX9142684	Cortex	NA	Cortex	Cortex	SRP254904	SRS7383988	0.989	0.732	7.424	0.810	0.632	0.927	1317.8	41488	13959.37	1812
SRX9142685	Cortex	NA	Cortex	Cortex	SRP254904	SRS7383989	0.982	0.761	7.914	0.815	0.480	0.928	1249.06	38064	13673.57	1639
SRX9142686	Cortex	NA	Cortex	Cortex	SRP254904	SRS7383990	0.992	0.720	2.385	0.793	0.629	0.812	1924.81	30359	50289.46	390
SRX9142687	Cortex	NA	Cortex	Cortex	SRP254904	SRS7383991	0.987	0.749	2.384	0.793	0.642	0.808	1708.96	29480	33386.22	648
SRX9152018	FACS sorted regulatory T cells (CD4+GFP+)	FACS sorted regulatory T cells (CD4+GFP+)	NA	Regulatory T cells were sorted by GFP expression from mixed bone marrow chimeric mice generated with bone marrows from male donors of CD45.1 wild-type mice and CD45.2 mice of indicated genotypes	SRP283863	SRS7392031	0.996	0.796	38.507	0.617	0.953	0.962	957.31	62445	8713.83	3042
SRX9152019	FACS sorted regulatory T cells (CD4+GFP+)	FACS sorted regulatory T cells (CD4+GFP+)	NA	Regulatory T cells were sorted by GFP expression from mixed bone marrow chimeric mice generated with bone marrows from male donors of CD45.1 wild-type mice and CD45.2 mice of indicated genotypes	SRP283863	SRS7392032	0.996	0.800	38.667	0.624	0.954	0.961	970.13	63186	8724.72	3279
SRX9152020	FACS sorted regulatory T cells (CD4+GFP+)	FACS sorted regulatory T cells (CD4+GFP+)	NA	Regulatory T cells were sorted by GFP expression from mixed bone marrow chimeric mice generated with bone marrows from male donors of CD45.1 wild-type mice and CD45.2 mice of indicated genotypes	SRP283863	SRS7392033	0.996	0.801	35.820	0.646	0.958	0.961	965.78	62957	8487.37	3516
SRX9152021	FACS sorted regulatory T cells (CD4+GFP+)	FACS sorted regulatory T cells (CD4+GFP+)	NA	Regulatory T cells were sorted by GFP expression from mixed bone marrow chimeric mice generated with bone marrows from male donors of CD45.1 wild-type mice and CD45.2 mice of indicated genotypes	SRP283863	SRS7392034	0.996	0.803	35.904	0.645	0.958	0.961	974.1	63312	8597.43	3508
SRX9152022	FACS sorted regulatory T cells (CD4+GFP+)	FACS sorted regulatory T cells (CD4+GFP+)	NA	Regulatory T cells were sorted by GFP expression from mixed bone marrow chimeric mice generated with bone marrows from male donors of CD45.1 wild-type mice and CD45.2 mice of indicated genotypes	SRP283863	SRS7392035	0.996	0.790	38.137	0.591	0.948	0.962	949.33	61197	8101.62	3358
SRX9152023	FACS sorted regulatory T cells (CD4+GFP+)	FACS sorted regulatory T cells (CD4+GFP+)	NA	Regulatory T cells were sorted by GFP expression from mixed bone marrow chimeric mice generated with bone marrows from male donors of CD45.1 wild-type mice and CD45.2 mice of indicated genotypes	SRP283863	SRS7392036	0.996	0.785	29.418	0.562	0.942	0.959	950.59	60711	8470.07	3130
SRX9152024	FACS sorted regulatory T cells (CD4+GFP+)	FACS sorted regulatory T cells (CD4+GFP+)	NA	Regulatory T cells were sorted by GFP expression from mixed bone marrow chimeric mice generated with bone marrows from male donors of CD45.1 wild-type mice and CD45.2 mice of indicated genotypes	SRP283863	SRS7392037	0.996	0.819	17.152	0.373	0.888	0.956	1007.53	57098	8602.84	3325
SRX9152025	FACS sorted regulatory T cells (CD4+GFP+)	FACS sorted regulatory T cells (CD4+GFP+)	NA	Regulatory T cells were sorted by GFP expression from mixed bone marrow chimeric mice generated with bone marrows from male donors of CD45.1 wild-type mice and CD45.2 mice of indicated genotypes	SRP283863	SRS7392038	0.996	0.811	25.472	0.587	0.949	0.959	981.03	62564	8407.45	3854
SRX9179158	ESC	mESC	NA	J1 mESC	SRP285138	SRS7416380	0.985	0.012	26.900	0.840	0.717	0.955	901816.2	15	6244987.72	50
SRX9179159	ESC	mESC	NA	J1 mESC	SRP285138	SRS7416381	0.987	0.012	26.869	0.840	0.705	0.956	1192093.6	5	7179184.26	23
SRX9179160	ESC	mESC	NA	J1 mESC	SRP285138	SRS7416382	0.990	0.015	28.658	0.827	0.564	0.959	937218.75	8	12065552.33	3
SRX9179161	ESC	mESC	NA	J1 mESC	SRP285138	SRS7416383	0.984	0.059	26.250	0.836	0.726	0.956	1127231.33	3	11486329.12	16
SRX9179163	ESC	mESC	NA	J1 mESC	SRP285138	SRS7416385	0.986	0.010	6.801	0.834	0.684	0.918	1063781.0	6	14261448.72	18
SRX9179164	ESC	mESC	NA	KH2 mESC	SRP285138	SRS7416386	0.984	0.017	20.148	0.839	0.642	0.960	1293114.0	3	10953549.0	8
SRX9179165	ESC	mESC	NA	KH2 mESC	SRP285138	SRS7416387	0.984	0.059	17.842	0.839	0.632	0.959	903413.0	3	15638251.0	1
SRX9179166	ESC	mESC	NA	KH2 mESC	SRP285138	SRS7416388	0.984	0.023	21.070	0.840	0.631	0.960	1218074.0	3	12777599.0	3
SRX9179167	E3.5 Blastocyst	E3.5 Blastocyst	NA	E3.5 Blastocyst	SRP285138	SRS7416390	0.983	0.132	17.424	0.813	0.225	0.954	85439.77	1452	0.0	0
SRX9179168	E3.5 Blastocyst	E3.5 Blastocyst	NA	E3.5 Blastocyst	SRP285138	SRS7416389	0.983	0.145	15.658	0.811	0.427	0.952	101993.32	613	0.0	0
SRX9179169	E3.5 Blastocyst	E3.5 Blastocyst	NA	E3.5 Blastocyst	SRP285138	SRS7416392	0.983	0.180	13.528	0.832	0.579	0.952	27780.13	16010	580461.41	100
SRX9179170	E3.5 Blastocyst	E3.5 Blastocyst	NA	E3.5 Blastocyst	SRP285138	SRS7416391	0.983	0.154	12.932	0.833	0.606	0.950	45138.88	7381	0.0	0
SRX9179171	E3.5 Blastocyst	E3.5 Blastocyst	NA	E3.5 Blastocyst	SRP285138	SRS7416393	0.982	0.147	15.512	0.789	0.498	0.952	41420.41	9831	496001.4	198
SRX9179172	E3.5 Blastocyst	E3.5 Blastocyst	NA	E3.5 Blastocyst	SRP285138	SRS7416394	0.984	0.121	19.371	0.817	0.410	0.956	47866.1	7143	231011.51	1235
SRX9179173	E3.5 Blastocyst	E3.5 Blastocyst	NA	E3.5 Blastocyst	SRP285138	SRS7416396	0.983	0.113	20.715	0.812	0.292	0.957	33419.3	14269	617999.56	59
SRX9179174	E6.5 Epiblast	E6.5 Epiblast	NA	E6.5 Epiblast	SRP285138	SRS7416395	0.983	0.145	17.917	0.819	0.600	0.954	0.0	0	3260261.5	2
SRX9201991	Hindlimb Skeletal Muscle	mouse satellite cells derived myoblasts	hindlimb skeletal muscle	WT primary myoblasts	SRP285604	SRS7437062	0.973	0.683	13.904	0.759	0.677	0.939	1346.52	50951	18238.16	1570
SRX9201992	Hindlimb Skeletal Muscle	mouse satellite cells derived myoblasts	hindlimb skeletal muscle	Tet2 KO primary myoblasts	SRP285604	SRS7437063	0.975	0.698	19.943	0.805	0.561	0.958	1173.15	57349	25232.45	3020
SRX9235833	Epididymal Adipose	adipocytes	epididymal adipose tissue	adipocytes	SRP286191	SRS7469166	0.978	0.679	26.753	0.732	0.607	0.958	1025.64	47161	8766.95	1951
SRX9235834	Epididymal Adipose	adipocytes	epididymal adipose tissue	adipocytes	SRP286191	SRS7469167	0.979	0.692	25.393	0.739	0.558	0.959	1031.15	46914	8447.27	2022
SRX9245395	E14	NA	NA	E14	SRP286409	SRS7478081	0.994	0.633	17.764	0.830	0.691	0.953	1562.42	56953	24296.09	3910
SRX9245396	E14	NA	NA	E14	SRP286409	SRS7478082	0.994	0.652	15.481	0.829	0.686	0.955	1530.6	54076	15197.08	5318
SRX9245397	E14	NA	NA	E14	SRP286409	SRS7478083	0.995	0.146	6.683	0.816	0.611	0.940	1354762.0	1	3288627.7	23
SRX9245398	E14	NA	NA	E14	SRP286409	SRS7478084	0.995	0.142	5.420	0.788	0.683	0.935	0.0	0	0.0	0
SRX9317309	ESC	embryonic stem cells	NA	Mouse Embryonic Stem Cells	SRP266415	SRS7541902	0.993	0.049	3.554	0.738	0.743	0.792	795055.0	1	109670883.0	1
SRX9317310	ESC	embryonic stem cells	NA	Mouse Embryonic Stem Cells	SRP266415	SRS7541903	0.987	0.184	4.138	0.762	0.552	0.823	0.0	0	0.0	0
SRX9317311	ESC	embryonic stem cells	NA	Mouse Embryonic Stem Cells	SRP266415	SRS7541904	0.983	0.177	5.090	0.726	0.585	0.827	838820.0	1	9468566.84	19
SRX9317312	ESC	embryonic stem cells	NA	Mouse Embryonic Stem Cells	SRP266415	SRS7541905	0.994	0.171	2.982	0.666	0.720	0.793	796219.0	1	20104997.0	1
SRX9317313	ESC	embryonic stem cells	NA	Mouse Embryonic Stem Cells	SRP266415	SRS7541906	0.995	0.146	2.180	0.673	0.764	0.726	755307.0	1	16761854.2	5
SRX9333782	CD43-B cells	CD43-B cells	NA	CD43-B cells	SRP288034	SRS7559261	0.994	0.788	7.817	0.811	0.780	0.938	1046.03	47121	14723.37	1246
SRX9333783	CD43-B cells	CD43-B cells	NA	CD43-B cells	SRP288034	SRS7559263	0.996	0.786	6.487	0.820	0.791	0.932	1088.83	46758	22211.96	914
SRX9333784	CD43-B cells	CD43-B cells	NA	CD43-B cells	SRP288034	SRS7559262	0.997	0.780	8.412	0.820	0.779	0.938	1055.28	49260	15767.72	1459
SRX9333785	CD43-B cells	CD43-B cells	NA	CD43-B cells	SRP288034	SRS7559265	0.996	0.787	8.971	0.805	0.780	0.940	1014.72	48731	15313.43	1179
SRX9333786	CD4+CD62L+ T cells	CD4+CD62L+ T cells	NA	CD4+CD62L+ T cells	SRP288034	SRS7559264	0.998	0.780	8.946	0.826	0.772	0.939	1041.74	50067	16299.67	1364
SRX9333787	CD4+CD62L+ T cells	CD4+CD62L+ T cells	NA	CD4+CD62L+ T cells	SRP288034	SRS7559266	0.998	0.781	8.318	0.822	0.770	0.937	1043.87	49507	17030.99	1185
SRX9333788	CD4+CD62L+ T cells	CD4+CD62L+ T cells	NA	CD4+CD62L+ T cells	SRP288034	SRS7559268	0.999	0.771	8.599	0.828	0.761	0.937	1134.53	51677	19473.42	1912
SRX9333789	CD4+CD62L+ T cells	CD4+CD62L+ T cells	NA	CD4+CD62L+ T cells	SRP288034	SRS7559267	0.999	0.772	8.489	0.827	0.763	0.937	1131.98	51421	18805.5	2057
SRX9333790	CD43-B cells	CD43-B cells	NA	CD43-B cells	SRP288034	SRS7559269	0.996	0.779	7.783	0.800	0.819	0.941	1025.43	47489	14082.48	1317
SRX9333791	CD43-B cells	CD43-B cells	NA	CD43-B cells	SRP288034	SRS7559271	0.998	0.776	8.486	0.810	0.813	0.942	1031.13	49754	15480.61	1402
SRX9333792	CD43-B cells	CD43-B cells	NA	CD43-B cells	SRP288034	SRS7559272	0.985	0.787	6.795	0.807	0.802	0.938	1067.92	45843	20994.73	800
SRX9333793	CD43-B cells	CD43-B cells	NA	CD43-B cells	SRP288034	SRS7559273	0.996	0.796	7.120	0.809	0.769	0.936	1078.25	47714	15929.04	1309
SRX9333794	CD4+CD62L+ T cells	CD4+CD62L+ T cells	NA	CD4+CD62L+ T cells	SRP288034	SRS7559270	0.997	0.781	8.251	0.818	0.781	0.942	1037.22	49296	16279.87	1279
SRX9333795	CD4+CD62L+ T cells	CD4+CD62L+ T cells	NA	CD4+CD62L+ T cells	SRP288034	SRS7559274	0.998	0.781	8.542	0.816	0.782	0.942	1025.52	49949	16384.03	1280
SRX9333796	CD4+CD62L+ T cells	CD4+CD62L+ T cells	NA	CD4+CD62L+ T cells	SRP288034	SRS7559276	0.998	0.772	8.170	0.820	0.760	0.941	1126.41	51122	19010.82	1908
SRX9333797	CD4+CD62L+ T cells	CD4+CD62L+ T cells	NA	CD4+CD62L+ T cells	SRP288034	SRS7559275	0.999	0.774	8.587	0.820	0.767	0.943	1115.98	52037	19271.05	1919
SRX9339986	Circulating Tumor	NA	circulating tumor cell	NA	SRP288067	SRS7561814	0.987	0.595	12.939	0.700	0.425	0.926	11524.81	26659	1196791.15	953
SRX9339987	Circulating Tumor	NA	circulating tumor cell	NA	SRP288067	SRS7561813	0.988	0.608	14.414	0.698	0.427	0.928	11350.72	31013	908839.86	1301
SRX9339988	Circulating Tumor	NA	circulating tumor cell	NA	SRP288067	SRS7561816	0.989	0.605	18.841	0.702	0.453	0.935	10274.89	40913	750217.41	1522
SRX9339989	Fat Pad Xenograft	NA	fat pad xenograft	NA	SRP288067	SRS7561815	0.989	0.617	16.744	0.706	0.448	0.932	10321.16	38086	789048.33	1427
SRX9339990	Fat Pad Xenograft	NA	fat pad xenograft	NA	SRP288067	SRS7561817	0.988	0.627	16.036	0.702	0.449	0.931	10304.74	36957	830070.07	1368
SRX9339991	Fat Pad Xenograft	NA	fat pad xenograft	NA	SRP288067	SRS7561818	0.987	0.611	14.458	0.695	0.457	0.928	11423.94	36325	773816.52	1486
SRX9339992	Mammary Gland	NA	mammary gland	NA	SRP288067	SRS7561820	0.988	0.671	14.040	0.702	0.539	0.927	9738.73	41378	805957.21	1391
SRX9339993	Lung Metastasis	NA	lung metastasis	NA	SRP288067	SRS7561819	0.988	0.623	17.311	0.699	0.442	0.934	9335.15	39975	828649.65	1341
SRX9339994	Lung Metastasis	NA	lung metastasis	NA	SRP288067	SRS7561821	0.988	0.603	15.721	0.699	0.452	0.932	11096.69	33585	899044.53	1321
SRX9339995	Lung Metastasis	NA	lung metastasis	NA	SRP288067	SRS7561822	0.987	0.616	14.614	0.699	0.458	0.930	10081.79	36906	790766.38	1403
SRX9379284	ES-derived cardiomyocytes	ES-derived cardiomyocytes	NA	cardiomyocytes	SRP289560	SRS7611274	0.903	0.824	13.983	0.461	0.536	0.913	1260.61	31923	43962.96	2798
SRX9381750	Embryo	fibroblast	embryo	Cell line	SRP289001	SRS7602170	0.994	0.567	14.965	0.737	0.600	0.925	12249.09	42940	531914.15	2051
SRX9381751	Embryo	fibroblast	embryo	Cell line	SRP289001	SRS7602171	0.995	0.540	15.740	0.725	0.601	0.933	10806.09	40450	447350.61	2173
SRX9405835	Forebrain	NA	forebrain	E13.5 forebrain	SRP174993	SRS7623275	0.986	0.816	14.992	0.834	0.592	0.951	1201.73	53685	8373.22	3367
SRX9449072	Skin	NA	skin	NA	SRP291379	SRS7662156	0.985	0.717	27.811	0.911	0.638	0.958	1013.63	89524	10143.54	3188
SRX9449073	Skin	NA	skin	NA	SRP291379	SRS7662159	0.985	0.709	9.831	0.918	0.824	0.945	1273.35	63433	16364.26	1301
SRX9449074	Skin	NA	skin	NA	SRP291379	SRS7662157	0.984	0.728	9.417	0.888	0.758	0.947	1207.77	68070	15070.98	1648
SRX9449075	Skin	NA	skin	NA	SRP291379	SRS7662158	0.985	0.674	29.675	0.908	0.617	0.959	1138.27	111433	17132.23	5260
SRX9449076	Skin	NA	skin	NA	SRP291379	SRS7662160	0.986	0.661	10.205	0.921	0.815	0.947	1527.38	81669	31269.39	3248
SRX9449077	Skin	NA	skin	NA	SRP291379	SRS7662162	0.983	0.636	10.179	0.938	0.773	0.942	1636.97	78783	34751.36	3374
SRX9449078	Skin	NA	skin	NA	SRP291379	SRS7662161	0.983	0.690	7.735	0.866	0.706	0.949	1596.63	72473	42314.92	2577
SRX9449079	Skin	NA	skin	NA	SRP291379	SRS7662163	0.982	0.687	6.907	0.868	0.722	0.943	1663.98	67329	43561.21	2367
SRX9449080	Skin	NA	skin	NA	SRP291379	SRS7662164	0.983	0.710	8.250	0.917	0.831	0.943	1356.33	65723	19267.13	1666
SRX9449081	Skin	NA	skin	NA	SRP291379	SRS7662165	0.983	0.698	8.463	0.919	0.816	0.943	1364.4	65960	18805.47	1851
SRX9449082	Skin	NA	skin	NA	SRP291379	SRS7662167	0.985	0.679	10.239	0.924	0.820	0.946	1335.85	69820	18371.46	1653
SRX9449083	Skin	NA	skin	NA	SRP291379	SRS7662166	0.982	0.705	12.292	0.878	0.771	0.955	1176.13	74537	18929.25	1726
SRX9449084	Skin	NA	skin	NA	SRP291379	SRS7662169	0.984	0.713	10.583	0.928	0.789	0.943	1267.14	66713	16251.45	1741
SRX9449085	Skin	NA	skin	NA	SRP291379	SRS7662168	0.982	0.709	5.913	0.870	0.740	0.938	1512.63	52220	24208.12	1283
SRX9449086	Skin	NA	skin	NA	SRP291379	SRS7662170	0.985	0.713	11.089	0.915	0.729	0.949	1212.43	71606	18859.62	1770
SRX9449087	Skin	NA	skin	NA	SRP291379	SRS7662171	0.981	0.663	8.317	0.880	0.750	0.944	1672.93	72143	32641.16	3272
SRX9449088	Skin	NA	skin	NA	SRP291379	SRS7662172	0.982	0.675	7.013	0.868	0.798	0.939	1801.65	62849	44570.36	2329
SRX9449089	Skin	NA	skin	NA	SRP291379	SRS7662173	0.982	0.679	7.884	0.867	0.795	0.943	1678.33	67495	31545.46	2730
SRX9449091	Skin	NA	skin	NA	SRP291379	SRS7662175	0.982	0.728	8.201	0.870	0.705	0.948	1280.02	62283	22824.61	1046
SRX9449093	Skin	NA	skin	NA	SRP291379	SRS7662177	0.984	0.723	11.481	0.880	0.736	0.955	1199.94	67705	16424.51	1711
SRX9449094	Skin	NA	skin	NA	SRP291379	SRS7662178	0.985	0.711	13.519	0.896	0.706	0.949	1173.08	71248	10772.61	3089
SRX9449095	Skin	NA	skin	NA	SRP291379	SRS7662180	0.984	0.720	7.994	0.922	0.644	0.944	1293.47	62456	23658.95	1161
SRX9449096	Skin	NA	skin	NA	SRP291379	SRS7662179	0.984	0.708	11.337	0.891	0.674	0.948	1218.81	70337	18983.46	1841
SRX9449097	Skin	NA	skin	NA	SRP291379	SRS7662181	0.984	0.724	11.882	0.886	0.733	0.951	1181.56	71033	16128.93	1761
SRX9489442	Heart	Endothelial cell	heart	NA	SRP292265	SRS7698326	0.994	0.670	2.257	0.814	0.609	0.814	1984.56	28447	46329.63	244
SRX9489443	Heart	Endothelial cell	heart	NA	SRP292265	SRS7698327	0.994	0.664	1.615	0.810	0.594	0.723	2231.08	24639	73452.12	142
SRX9489444	Heart	Fibroblast	heart	NA	SRP292265	SRS7698328	0.984	0.618	2.982	0.497	0.143	0.820	2277.9	24176	43567.98	159
SRX9489445	Heart	Fibroblast	heart	NA	SRP292265	SRS7698329	0.987	0.619	5.964	0.628	0.235	0.931	1367.63	42277	17529.5	628
SRX9489446	Heart	Fibroblast	heart	NA	SRP292265	SRS7698330	0.984	0.621	3.473	0.487	0.125	0.858	1969.2	28021	30856.86	281
SRX9489448	Heart	Fibroblast	heart	NA	SRP292265	SRS7698332	0.992	0.645	15.306	0.794	0.432	0.960	987.02	66075	9219.34	1685
SRX9489456	Heart	Macrophage	heart	NA	SRP292265	SRS7698340	0.989	0.707	1.643	0.744	0.478	0.730	1887.86	24848	61792.14	110
SRX9489493	Heart	Cardiac myocyte	heart	NA	SRP292265	SRS7698322	0.987	0.642	7.105	0.594	0.439	0.938	1275.51	32579	17225.69	803
SRX9489494	Heart	Cardiac myocyte	heart	NA	SRP292265	SRS7698346	0.990	0.690	8.943	0.756	0.268	0.952	1129.32	43336	42604.23	1875
SRX9489495	Heart	Cardiac myocyte	heart	NA	SRP292265	SRS7698323	0.987	0.654	7.386	0.597	0.459	0.941	1273.17	37301	23825.01	1079
SRX9489496	Heart	Cardiac myocyte	heart	NA	SRP292265	SRS7698354	0.989	0.687	11.059	0.755	0.465	0.955	1028.15	49533	32340.62	2478
SRX9489497	Heart	Cardiac myocyte	heart	NA	SRP292265	SRS7698361	0.988	0.667	10.492	0.689	0.558	0.947	1158.65	37211	17542.61	1199
SRX9489498	Heart	Cardiac myocyte	heart	NA	SRP292265	SRS7698364	0.991	0.689	10.245	0.768	0.307	0.956	1070.72	46497	30915.95	2395
SRX9489499	Heart	Cardiac myocyte	heart	NA	SRP292265	SRS7698331	0.990	0.682	6.819	0.751	0.359	0.945	1193.23	41827	35389.85	1694
SRX9489500	Heart	Endothelial cell	heart	NA	SRP292265	SRS7698342	0.994	0.667	2.024	0.809	0.341	0.775	2211.15	25602	46495.18	221
SRX9489502	Heart	Endothelial cell	heart	NA	SRP292265	SRS7698343	0.993	0.666	2.156	0.802	0.571	0.799	2064.94	27050	52429.66	164
SRX9489503	Heart	Endothelial cell	heart	NA	SRP292265	SRS7698324	0.994	0.670	1.989	0.809	0.612	0.781	2089.35	27078	61548.46	129
SRX9489504	Heart	Endothelial cell	heart	NA	SRP292265	SRS7698325	0.994	0.670	2.159	0.816	0.688	0.808	2048.31	27481	47276.53	215
SRX9489505	Heart	Endothelial cell	heart	NA	SRP292265	SRS7698344	0.994	0.667	1.900	0.812	0.603	0.769	2141.6	25297	56424.95	146
SRX9489506	Heart	Endothelial cell	heart	NA	SRP292265	SRS7698345	0.994	0.673	2.136	0.808	0.617	0.799	2063.64	26163	52716.41	141
SRX9505885	Spleen	B cells	Spleen	Spleen	SRP292587	SRS7714519	0.998	0.791	6.584	0.793	0.843	0.942	1070.61	44909	14228.29	1251
SRX9505886	Spleen	B cells	Spleen	Spleen	SRP292587	SRS7714520	0.998	0.795	4.412	0.794	0.834	0.921	1234.95	37986	22363.42	641
SRX9505887	Spleen	B cells	Spleen	Spleen	SRP292587	SRS7714521	0.998	0.749	11.006	0.786	0.847	0.951	1083.38	36894	13726.43	653
SRX9505888	Spleen	B cells	Spleen	Spleen	SRP292587	SRS7714522	0.997	0.750	6.351	0.802	0.863	0.938	1212.02	30858	15497.93	454
SRX9515755	Lung	NA	Lung	replicates: PRM_rep1	SRP292755	SRS7723628	0.985	0.501	25.583	0.555	0.479	0.965	6555.95	47112	271956.82	2529
SRX9515756	Lung	NA	Lung	replicates: PRM_rep2	SRP292755	SRS7723627	0.991	0.540	26.920	0.804	0.563	0.962	12195.51	24082	1732680.21	406
SRX9515757	Lung	NA	Lung	replicates: PRMK_rep1	SRP292755	SRS7723629	0.993	0.545	17.634	0.850	0.520	0.964	10509.21	60017	293331.56	3478
SRX9515758	Lung	NA	Lung	replicates: PRMK_rep2	SRP292755	SRS7723630	0.991	0.534	18.539	0.816	0.533	0.959	16990.92	15943	1558614.49	597
SRX9520821	Brain	NA	brain	baseline	SRP292910	SRS7728036	0.978	0.714	31.873	0.801	0.816	0.952	1290.17	100236	15923.23	3918
SRX9520822	Brain	NA	brain	baseline	SRP292910	SRS7728037	0.978	0.703	32.272	0.796	0.852	0.950	1194.98	106980	14715.7	4133
SRX9520823	Brain	NA	brain	baseline	SRP292910	SRS7728038	0.978	0.707	34.508	0.778	0.835	0.952	1222.79	105975	14986.86	4167
SRX9520824	Brain	NA	brain	baseline	SRP292910	SRS7728039	0.979	0.689	36.587	0.785	0.829	0.951	1192.73	112233	14866.92	4428
SRX9520825	Brain	NA	brain	baseline	SRP292910	SRS7728040	0.981	0.700	31.328	0.679	0.791	0.950	1217.58	106752	15089.44	4336
SRX9520826	Brain	NA	brain	baseline	SRP292910	SRS7728041	0.976	0.687	34.587	0.752	0.598	0.955	1176.41	109745	14911.76	3443
SRX9582452	NIH-3T3	NA	NA	NIH-3T3 cells	SRP294136	SRS7786356	0.997	0.581	14.332	0.812	0.613	0.950	12061.54	57276	427507.37	2890
SRX9582453	NIH-3T3	NA	NA	NIH-3T3 cells	SRP294136	SRS7786355	0.997	0.572	14.088	0.801	0.620	0.950	12189.17	57435	441434.95	2843
SRX9582454	NIH-3T3	NA	NA	NIH-3T3 cells	SRP294136	SRS7786357	0.997	0.584	14.757	0.811	0.629	0.948	11746.91	58826	426662.2	2865
SRX9582455	NIH-3T3	NA	NA	NIH-3T3 cells	SRP294136	SRS7786358	0.997	0.610	17.249	0.807	0.613	0.950	11431.62	59316	454108.89	2760
SRX9582456	NIH-3T3	NA	NA	NIH-3T3 cells	SRP294136	SRS7786359	0.997	0.621	15.810	0.807	0.645	0.948	11509.86	56929	455730.97	2694
SRX9582457	NIH-3T3	NA	NA	NIH-3T3 cells	SRP294136	SRS7786360	0.997	0.605	15.624	0.798	0.617	0.949	11909.19	55416	454853.5	2731
SRX9582458	NIH-3T3	NA	NA	NIH-3T3 cells	SRP294136	SRS7786361	0.997	0.595	14.390	0.805	0.635	0.948	12244.08	54352	475864.55	2696
SRX9582459	NIH-3T3	NA	NA	NIH-3T3 cells	SRP294136	SRS7786362	0.997	0.592	16.464	0.796	0.625	0.949	11810.15	56829	468770.71	2725
SRX9582460	NIH-3T3	NA	NA	NIH-3T3 cells	SRP294136	SRS7786363	0.997	0.592	18.173	0.807	0.586	0.950	11252.54	61103	458427.78	2821
SRX9582461	NIH-3T3	NA	NA	NIH-3T3 cells	SRP294136	SRS7786364	0.997	0.564	15.111	0.818	0.635	0.949	11931.55	53492	401833.23	2939
SRX9582462	NIH-3T3	NA	NA	NIH-3T3 cells	SRP294136	SRS7786365	0.997	0.565	21.714	0.814	0.575	0.952	10567.99	64461	385826.22	3111
SRX9582463	NIH-3T3	NA	NA	NIH-3T3 cells	SRP294136	SRS7786366	0.997	0.565	16.129	0.819	0.624	0.950	11739.05	55322	389783.85	3036
SRX9582464	NIH-3T3	NA	NA	NIH-3T3 cells	SRP294136	SRS7786369	0.997	0.563	16.619	0.814	0.630	0.950	11588.02	56428	394163.21	3036
SRX9582465	NIH-3T3	NA	NA	NIH-3T3 cells	SRP294136	SRS7786368	0.997	0.565	11.839	0.817	0.640	0.946	12971.81	47486	548028.13	2206
SRX9582466	NIH-3T3	NA	NA	NIH-3T3 cells	SRP294136	SRS7786367	0.997	0.563	13.972	0.815	0.620	0.948	12342.42	50999	398580.97	2978
SRX9635693	Prospermatogonia (Oct4-GFP positive cells sorted by FACS)	Prospermatogonia (Oct4-GFP positive cells sorted by FACS)	NA	Prospermatogonia E18.5	SRP296451	SRS7835683	0.939	0.680	25.439	0.834	0.683	0.962	2743.12	93922	120244.23	3792
SRX9635694	Prospermatogonia (Oct4-GFP positive cells sorted by FACS)	Prospermatogonia (Oct4-GFP positive cells sorted by FACS)	NA	Prospermatogonia E18.5	SRP296451	SRS7835684	0.944	0.650	27.375	0.833	0.665	0.964	3454.84	97288	125922.1	3749
SRX9635695	Prospermatogonia (Oct4-GFP positive cells sorted by FACS)	Prospermatogonia (Oct4-GFP positive cells sorted by FACS)	NA	Prospermatogonia E18.5	SRP296451	SRS7835685	0.983	0.198	27.907	0.836	0.657	0.964	19187.22	5339	0.0	0
SRX9635696	Prospermatogonia (Oct4-GFP positive cells sorted by FACS)	Prospermatogonia (Oct4-GFP positive cells sorted by FACS)	NA	Prospermatogonia E18.5	SRP296451	SRS7835686	0.981	0.214	31.840	0.837	0.641	0.964	270163.41	17	1111919.75	4
SRX9656628	Whole Embryo	NA	whole embryo	embryo	SRP297323	SRS7855735	0.982	0.687	6.429	0.465	0.863	0.927	1429.46	26354	20175.93	650
SRX9656629	Whole Embryo	NA	whole embryo	embryo	SRP297323	SRS7855736	0.982	0.700	12.123	0.482	0.814	0.956	1249.14	30124	15905.36	912
SRX9656630	Whole Embryo	NA	whole embryo	embryo	SRP297323	SRS7855737	0.982	0.670	9.223	0.417	0.735	0.942	1368.3	26689	19383.99	644
SRX9656631	Whole Embryo	NA	whole embryo	embryo	SRP297323	SRS7855738	0.982	0.660	8.309	0.423	0.732	0.941	1411.06	25545	22906.31	464
SRX9656632	Whole Embryo	NA	whole embryo	embryo	SRP297323	SRS7855739	0.981	0.171	8.041	0.412	0.798	0.936	0.0	0	0.0	0
SRX9656633	Whole Embryo	NA	whole embryo	embryo	SRP297323	SRS7855740	0.982	0.181	7.479	0.382	0.794	0.936	0.0	0	13423444.5	2
SRX9656634	Whole Embryo	NA	whole embryo	embryo	SRP297323	SRS7855741	0.982	0.169	7.147	0.422	0.812	0.932	0.0	0	0.0	0
SRX9656635	Whole Embryo	NA	whole embryo	embryo	SRP297323	SRS7855742	0.982	0.186	8.860	0.410	0.827	0.939	0.0	0	0.0	0
SRX9656636	Whole Embryo	NA	whole embryo	embryo	SRP297323	SRS7855743	0.985	0.151	7.451	0.385	0.854	0.934	872918.0	1	967986.25	194
SRX9656637	Whole Embryo	NA	whole embryo	embryo	SRP297323	SRS7855744	0.985	0.153	6.499	0.365	0.862	0.929	0.0	0	1584037.52	67
SRX9656638	Whole Embryo	NA	whole embryo	embryo	SRP297323	SRS7855745	0.985	0.131	7.778	0.439	0.847	0.937	0.0	0	885116.38	249
SRX9656639	Whole Embryo	NA	whole embryo	embryo	SRP297323	SRS7855746	0.986	0.119	7.551	0.465	0.824	0.934	0.0	0	419229.27	1040
SRX9656640	Whole Embryo	NA	whole embryo	embryo	SRP297323	SRS7855747	0.987	0.011	6.584	0.450	0.854	0.934	1260766.0	1	24910366.5	4
SRX9656641	Whole Embryo	NA	whole embryo	embryo	SRP297323	SRS7855748	0.987	0.011	7.412	0.481	0.826	0.940	0.0	0	21015496.5	2
SRX9656642	Whole Embryo	NA	whole embryo	embryo	SRP297323	SRS7855749	0.986	0.011	7.576	0.472	0.757	0.940	1135964.6	5	17067491.0	3
SRX9656643	Whole Embryo	NA	whole embryo	embryo	SRP297323	SRS7855750	0.987	0.011	6.216	0.373	0.730	0.927	1157249.5	2	16324363.33	3
SRX9656644	Whole Embryo	NA	whole embryo	embryo	SRP297323	SRS7855751	0.987	0.012	8.385	0.460	0.710	0.941	1173479.0	2	18264321.75	4
SRX9656645	Whole Embryo	NA	whole embryo	embryo	SRP297323	SRS7855752	0.986	0.011	8.636	0.477	0.619	0.941	964234.33	6	15626703.25	4
SRX9656646	Whole Embryo	NA	whole embryo	embryo	SRP297323	SRS7855753	0.986	0.013	7.012	0.489	0.486	0.931	1049444.67	3	19501486.0	1
SRX9656647	Whole Embryo	NA	whole embryo	embryo	SRP297323	SRS7855754	0.986	0.013	7.650	0.486	0.683	0.941	1260680.0	1	30474555.0	3
SRX9656648	Whole Embryo	NA	whole embryo	embryo	SRP297323	SRS7855755	0.986	0.169	8.816	0.473	0.774	0.947	0.0	0	906729.98	87
SRX9656649	Whole Embryo	NA	whole embryo	embryo	SRP297323	SRS7855756	0.986	0.185	13.082	0.476	0.714	0.952	45032.32	8923	255529.37	1270
SRX9656650	Whole Embryo	NA	whole embryo	embryo	SRP297323	SRS7855757	0.986	0.140	10.317	0.458	0.689	0.952	201313.86	146	489986.17	345
SRX9656651	Whole Embryo	NA	whole embryo	embryo	SRP297323	SRS7855758	0.986	0.217	10.687	0.481	0.729	0.953	78300.38	1887	407545.68	513
SRX9656652	Whole Embryo	NA	whole embryo	embryo	SRP297323	SRS7855759	0.985	0.162	9.279	0.479	0.825	0.948	0.0	0	0.0	0
SRX9656653	Whole Embryo	NA	whole embryo	embryo	SRP297323	SRS7855760	0.984	0.184	9.156	0.469	0.825	0.948	0.0	0	88740171.0	1
SRX9656654	Whole Embryo	NA	whole embryo	embryo	SRP297323	SRS7855762	0.984	0.176	9.137	0.489	0.835	0.946	0.0	0	29170011.0	1
SRX9656655	Whole Embryo	NA	whole embryo	embryo	SRP297323	SRS7855761	0.984	0.185	9.009	0.497	0.836	0.943	0.0	0	109679335.0	1
SRX9656656	Whole Embryo	NA	whole embryo	embryo	SRP297323	SRS7855763	0.987	0.145	7.905	0.457	0.838	0.941	604495.0	2	890135.73	117
SRX9656657	Whole Embryo	NA	whole embryo	embryo	SRP297323	SRS7855764	0.987	0.201	7.371	0.488	0.821	0.938	156615.61	206	264685.38	1099
SRX9656658	Whole Embryo	NA	whole embryo	embryo	SRP297323	SRS7855766	0.986	0.117	6.371	0.460	0.819	0.930	0.0	0	910131.53	175
SRX9656659	Whole Embryo	NA	whole embryo	embryo	SRP297323	SRS7855765	0.986	0.262	7.280	0.460	0.754	0.936	74913.15	1388	310664.68	804
SRX9656660	Extraembryonic Ectoderm	NA	extraembryonic ectoderm	embryo	SRP297323	SRS7855767	0.988	0.453	7.979	0.483	0.748	0.939	10594.69	21878	1343041.96	661
SRX9656661	Extraembryonic Ectoderm	NA	extraembryonic ectoderm	embryo	SRP297323	SRS7855768	0.988	0.479	5.601	0.526	0.756	0.921	10107.47	18597	1293117.41	739
SRX9656662	Extraembryonic Ectoderm	NA	extraembryonic ectoderm	embryo	SRP297323	SRS7855769	0.988	0.504	6.353	0.518	0.742	0.931	8018.88	24601	1210800.41	779
SRX9656663	Extraembryonic Ectoderm	NA	extraembryonic ectoderm	embryo	SRP297323	SRS7855770	0.987	0.126	7.366	0.475	0.784	0.936	0.0	0	2115541.95	469
SRX9656664	Extraembryonic Ectoderm	NA	extraembryonic ectoderm	embryo	SRP297323	SRS7855771	0.984	0.183	5.803	0.462	0.831	0.918	0.0	0	99764785.0	1
SRX9656665	Extraembryonic Ectoderm	NA	extraembryonic ectoderm	embryo	SRP297323	SRS7855772	0.985	0.176	7.069	0.482	0.805	0.933	0.0	0	109674207.0	1
SRX9656666	Extraembryonic Ectoderm	NA	extraembryonic ectoderm	embryo	SRP297323	SRS7855773	0.989	0.152	8.810	0.495	0.754	0.946	0.0	0	1793484.49	43
SRX9656667	Extraembryonic Ectoderm	NA	extraembryonic ectoderm	embryo	SRP297323	SRS7855774	0.990	0.162	8.796	0.507	0.748	0.946	0.0	0	1308611.15	27
SRX9656668	Extraembryonic Ectoderm	NA	extraembryonic ectoderm	embryo	SRP297323	SRS7855775	0.990	0.166	7.720	0.470	0.764	0.940	0.0	0	1149749.52	64
SRX9656669	Extraembryonic Ectoderm	NA	extraembryonic ectoderm	embryo	SRP297323	SRS7855776	0.989	0.017	6.287	0.461	0.760	0.931	1261144.0	1	58462243.0	1
SRX9656670	Extraembryonic Ectoderm	NA	extraembryonic ectoderm	embryo	SRP297323	SRS7855778	0.995	0.006	6.402	0.634	0.528	0.897	1260680.0	1	56288552.5	2
SRX9656671	Extraembryonic Ectoderm	NA	extraembryonic ectoderm	embryo	SRP297323	SRS7855777	0.996	0.010	6.291	0.602	0.531	0.906	1261144.0	1	0.0	0
SRX9656672	Epiblast	NA	epiblast	embryo	SRP297323	SRS7855779	0.983	0.708	8.344	0.509	0.698	0.946	1294.13	30923	19169.38	848
SRX9656673	Epiblast	NA	epiblast	embryo	SRP297323	SRS7855780	0.983	0.674	7.571	0.494	0.753	0.938	1367.7	27544	22582.22	507
SRX9656674	Epiblast	NA	epiblast	embryo	SRP297323	SRS7855781	0.983	0.702	7.212	0.514	0.721	0.938	1344.49	29009	22236.93	580
SRX9656675	Epiblast	NA	epiblast	embryo	SRP297323	SRS7855782	0.984	0.240	5.545	0.476	0.782	0.921	838820.0	1	0.0	0
SRX9656676	Epiblast	NA	epiblast	embryo	SRP297323	SRS7855783	0.985	0.285	8.941	0.565	0.694	0.946	4172.49	22199	6127290.67	6
SRX9656677	Epiblast	NA	epiblast	embryo	SRP297323	SRS7855784	0.984	0.248	7.858	0.499	0.754	0.941	0.0	0	0.0	0
SRX9656678	Epiblast	NA	epiblast	embryo	SRP297323	SRS7855785	0.989	0.193	5.478	0.518	0.783	0.919	0.0	0	1045606.35	179
SRX9656679	Epiblast	NA	epiblast	embryo	SRP297323	SRS7855786	0.989	0.214	7.248	0.449	0.773	0.938	307298.09	11	708911.65	234
SRX9656680	Epiblast	NA	epiblast	embryo	SRP297323	SRS7855787	0.990	0.214	7.089	0.478	0.781	0.935	252741.67	15	438887.81	706
SRX9656681	Epiblast	NA	epiblast	embryo	SRP297323	SRS7855788	0.990	0.011	6.630	0.454	0.738	0.938	1260955.0	1	31838842.5	2
SRX9656682	Epiblast	NA	epiblast	embryo	SRP297323	SRS7855789	0.990	0.010	6.067	0.513	0.771	0.931	0.0	0	60322840.5	2
SRX9656683	Epiblast	NA	epiblast	embryo	SRP297323	SRS7855790	0.989	0.013	6.845	0.463	0.717	0.939	1486016.0	1	0.0	0
SRX9656684	Extraembryonic Ectoderm	NA	extraembryonic ectoderm	embryo	SRP297323	SRS7855791	0.987	0.566	6.879	0.473	0.785	0.929	1601.18	22701	285000.31	1648
SRX9656685	Extraembryonic Ectoderm	NA	extraembryonic ectoderm	embryo	SRP297323	SRS7855793	0.987	0.585	7.204	0.498	0.785	0.932	1490.8	23404	31299.02	284
SRX9656686	Extraembryonic Ectoderm	NA	extraembryonic ectoderm	embryo	SRP297323	SRS7855792	0.988	0.598	8.841	0.491	0.765	0.944	1337.51	24331	22051.02	373
SRX9656687	Extraembryonic Ectoderm	NA	extraembryonic ectoderm	embryo	SRP297323	SRS7855795	0.987	0.108	8.824	0.467	0.778	0.944	0.0	0	0.0	0
SRX9656688	Extraembryonic Ectoderm	NA	extraembryonic ectoderm	embryo	SRP297323	SRS7855794	0.987	0.108	6.858	0.438	0.775	0.935	0.0	0	16902004.0	1
SRX9656689	Extraembryonic Ectoderm	NA	extraembryonic ectoderm	embryo	SRP297323	SRS7855796	0.988	0.119	8.655	0.431	0.744	0.942	0.0	0	102269197.0	2
SRX9656690	Extraembryonic Ectoderm	NA	extraembryonic ectoderm	embryo	SRP297323	SRS7855797	0.989	0.130	5.656	0.451	0.787	0.922	0.0	0	1866768.65	34
SRX9656691	Extraembryonic Ectoderm	NA	extraembryonic ectoderm	embryo	SRP297323	SRS7855798	0.989	0.095	6.180	0.440	0.799	0.927	0.0	0	1411162.96	203
SRX9656692	Extraembryonic Ectoderm	NA	extraembryonic ectoderm	embryo	SRP297323	SRS7855799	0.990	0.209	7.567	0.455	0.716	0.941	0.0	0	1154796.87	15
SRX9656693	Extraembryonic Ectoderm	NA	extraembryonic ectoderm	embryo	SRP297323	SRS7855800	0.995	0.009	7.496	0.563	0.637	0.925	1038505.0	1	68297209.33	3
SRX9656694	Extraembryonic Ectoderm	NA	extraembryonic ectoderm	embryo	SRP297323	SRS7855801	0.996	0.014	8.526	0.597	0.388	0.925	0.0	0	56257707.5	2
SRX9656695	Extraembryonic Ectoderm	NA	extraembryonic ectoderm	embryo	SRP297323	SRS7855802	0.996	0.007	6.807	0.594	0.551	0.918	1354762.0	1	73952321.0	3
SRX9656696	Epiblast	NA	epiblast	embryo	SRP297323	SRS7855803	0.985	0.734	7.609	0.538	0.722	0.941	1286.32	31360	20445.03	831
SRX9656697	Epiblast	NA	epiblast	embryo	SRP297323	SRS7855804	0.984	0.737	6.189	0.530	0.715	0.926	1348.07	29358	25378.04	737
SRX9656698	Epiblast	NA	epiblast	embryo	SRP297323	SRS7855805	0.986	0.730	7.124	0.473	0.741	0.939	1295.77	31145	21873.07	869
SRX9656699	Epiblast	NA	epiblast	embryo	SRP297323	SRS7855806	0.986	0.198	8.217	0.462	0.769	0.940	0.0	0	0.0	0
SRX9656700	Epiblast	NA	epiblast	embryo	SRP297323	SRS7855807	0.985	0.213	6.284	0.477	0.790	0.930	0.0	0	0.0	0
SRX9656701	Epiblast	NA	epiblast	embryo	SRP297323	SRS7855808	0.984	0.216	5.841	0.457	0.799	0.924	0.0	0	0.0	0
SRX9656702	Epiblast	NA	epiblast	embryo	SRP297323	SRS7855809	0.989	0.185	7.029	0.451	0.760	0.936	482403.5	4	563788.32	637
SRX9656703	Epiblast	NA	epiblast	embryo	SRP297323	SRS7855810	0.988	0.131	6.747	0.428	0.775	0.932	0.0	0	1220564.87	246
SRX9656704	Epiblast	NA	epiblast	embryo	SRP297323	SRS7855811	0.988	0.281	5.773	0.426	0.813	0.924	332017.5	2	803214.53	201
SRX9656705	Epiblast	NA	epiblast	embryo	SRP297323	SRS7855812	0.996	0.007	7.269	0.621	0.548	0.906	1038505.0	1	78978391.33	9
SRX9656706	Epiblast	NA	epiblast	embryo	SRP297323	SRS7855813	0.996	0.013	7.059	0.591	0.671	0.916	1354762.0	1	61484832.33	3
SRX9656707	Epiblast	NA	epiblast	embryo	SRP297323	SRS7855814	0.996	0.007	7.536	0.604	0.612	0.920	1354762.0	1	71093336.0	5
SRX9684292	Small Intestinal Epithelium Derived Organoids	NA	NA	small intestinal epithelium derived organoids	SRP297921	SRS7882023	0.976	0.596	15.552	0.707	0.880	0.953	8384.56	47384	475154.43	2220
SRX9684293	Small Intestinal Epithelium Derived Organoids	NA	NA	small intestinal epithelium derived organoids	SRP297921	SRS7882024	0.979	0.605	15.579	0.700	0.882	0.953	6574.31	43539	553553.33	1897
SRX9684294	Small Intestinal Epithelium Derived Organoids	NA	NA	small intestinal epithelium derived organoids	SRP297921	SRS7882025	0.982	0.616	16.660	0.714	0.894	0.953	4239.12	42809	601771.72	1739
SRX9684295	Small Intestinal Epithelium Derived Organoids	NA	NA	small intestinal epithelium derived organoids	SRP297921	SRS7882026	0.981	0.647	16.428	0.704	0.874	0.953	2380.78	37217	806872.04	1221
SRX9684296	Small Intestinal Epithelium Derived Organoids	NA	NA	small intestinal epithelium derived organoids	SRP297921	SRS7882027	0.979	0.666	16.734	0.706	0.873	0.953	1945.9	39395	64813.39	6725
SRX9684297	Small Intestinal Epithelium Derived Organoids	NA	NA	small intestinal epithelium derived organoids	SRP297921	SRS7882028	0.979	0.655	14.096	0.663	0.893	0.952	1998.06	38168	65032.49	6509
SRX973446	Mammary Gland	basal differentiated	Mammary gland	Nulliparous mammary cells	SRP056705	SRS888696	0.990	0.662	17.182	0.675	0.467	0.937	1043.23	74844	11745.91	1743
SRX973447	Mammary Gland	basal mammary stem cells	Mammary gland	Nulliparous mammary cells	SRP056705	SRS888695	0.988	0.620	10.979	0.500	0.398	0.924	1361.56	38805	9555.29	1843
SRX973448	Mammary Gland	basal progenitor	Mammary gland	Nulliparous mammary cells	SRP056705	SRS888694	0.988	0.660	18.204	0.530	0.748	0.936	1152.37	43943	10383.19	2089
SRX973449	Mammary Gland	luminal alveolar	Mammary gland	Nulliparous mammary cells	SRP056705	SRS888693	0.987	0.723	10.921	0.698	0.246	0.929	1248.16	57630	19875.62	1643
SRX973450	Mammary Gland	luminal ductal	Mammary gland	Nulliparous mammary cells	SRP056705	SRS888692	0.990	0.720	13.760	0.754	0.330	0.929	1213.17	57093	12441.83	2513
SRX973451	Mammary Gland	luminal progenitor	Mammary gland	Nulliparous mammary cells	SRP056705	SRS888705	0.986	0.704	19.698	0.624	0.838	0.929	1112.98	71513	11774.94	2624
SRX973452	Mammary Gland	basal differentiated	Mammary gland	Parous mammary cells	SRP056705	SRS888703	0.990	0.694	7.805	0.740	0.264	0.926	1288.04	60831	20110.91	1291
SRX973453	Mammary Gland	basal mammary stem cells	Mammary gland	Parous mammary cells	SRP056705	SRS888702	0.985	0.710	5.272	0.632	0.411	0.898	1665.92	39406	21058.34	831
SRX973454	Mammary Gland	basal progenitor	Mammary gland	Parous mammary cells	SRP056705	SRS888700	0.988	0.640	20.308	0.637	0.774	0.937	1032.33	77921	11058.59	1876
SRX973455	Mammary Gland	luminal alveolar	Mammary gland	Parous mammary cells	SRP056705	SRS888704	0.988	0.695	11.712	0.700	0.657	0.931	1226.31	69343	19311.92	1825
SRX973456	Mammary Gland	luminal ductal	Mammary gland	Parous mammary cells	SRP056705	SRS888701	0.988	0.691	11.829	0.649	0.525	0.929	1212.37	68838	19698.1	1679
SRX973457	Mammary Gland	luminal progenitor	Mammary gland	Parous mammary cells	SRP056705	SRS888699	0.991	0.698	12.832	0.695	0.340	0.936	1225.45	71137	14001.84	2653
SRX973458	Mammary Gland	luminal total	Mammary gland	Nulliparous mammary cells	SRP056705	SRS888697	0.984	0.552	4.861	0.349	0.635	0.871	2353.73	29477	31553.45	606
SRX973459	Mammary Gland	luminal total	Mammary gland	Parous mammary cells	SRP056705	SRS888698	0.991	0.602	7.717	0.461	0.447	0.916	1560.44	43561	15949.01	1131
SRX9765295	MDPs	MDPs	NA	MDPs	SRP299927	SRS7953557	0.989	0.759	19.735	0.775	0.278	0.955	847.32	63177	7093.9	3800
SRX9765296	MDPs	MDPs	NA	MDPs	SRP299927	SRS7953558	0.989	0.760	13.243	0.776	0.161	0.953	910.71	55066	12061.83	1621
SRX9765297	Monocytes	Monocytes	NA	Monocytes	SRP299927	SRS7953559	0.993	0.714	3.524	0.809	0.048	0.784	1608.68	29263	29780.15	301
SRX9765298	Monocytes	Monocytes	NA	Monocytes	SRP299927	SRS7953560	0.993	0.720	5.299	0.808	0.074	0.899	1313.42	36729	21198.73	452
SRX9765299	Monocytes	Monocytes	NA	Monocytes	SRP299927	SRS7953561	0.993	0.719	4.316	0.828	0.068	0.883	1403.79	34541	24223.21	476
SRX9765300	cMoPs	cMoPs	NA	cMoPs	SRP299927	SRS7953562	0.991	0.749	15.784	0.805	0.210	0.955	880.79	60365	7220.12	3454
SRX9765301	cMoPs	cMoPs	NA	cMoPs	SRP299927	SRS7953563	0.989	0.743	12.357	0.791	0.150	0.952	935.61	54790	13641.74	1258
SRX9765302	CDPs	CDPs	NA	CDPs	SRP299927	SRS7953564	0.985	0.764	11.597	0.786	0.134	0.952	970.9	50807	11712.49	1569
SRX9765303	CDPs	CDPs	NA	CDPs	SRP299927	SRS7953565	0.991	0.766	21.111	0.795	0.274	0.957	839.04	65139	7635.41	3240
SRX9765304	CDPs	CDPs	NA	CDPs	SRP299927	SRS7953566	0.992	0.770	18.553	0.800	0.233	0.956	852.42	62719	7516.8	3230
SRX9765305	CDPs	CDPs	NA	CDPs	SRP299927	SRS7953567	0.989	0.761	13.445	0.785	0.154	0.953	916.39	55029	11453.4	1728
SRX9765306	pDCs	pDCs	NA	pDCs	SRP299927	SRS7953568	0.994	0.786	15.895	0.824	0.260	0.954	904.44	58044	7239.91	2862
SRX9765307	pDCs	pDCs	NA	pDCs	SRP299927	SRS7953569	0.993	0.749	13.051	0.808	0.230	0.960	923.13	53224	11504.53	1337
SRX9765308	pDCs	pDCs	NA	pDCs	SRP299927	SRS7953570	0.994	0.747	16.654	0.800	0.238	0.955	857.92	59928	7221.14	2899
SRX9765309	cDC CD11b+	cDC CD11b+	NA	cDC CD11b+	SRP299927	SRS7953571	0.994	0.781	12.905	0.813	0.284	0.943	1043.84	50722	7040.84	3006
SRX9765310	cDC CD11b+	cDC CD11b+	NA	cDC CD11b+	SRP299927	SRS7953572	0.993	0.731	6.906	0.816	0.091	0.940	1121.99	41894	16588.1	631
SRX9765311	cDC CD11b+	cDC CD11b+	NA	cDC CD11b+	SRP299927	SRS7953573	0.993	0.747	12.466	0.797	0.166	0.953	957.78	52161	7941.11	2374
SRX9765312	cDC CD8a+	cDC CD8a+	NA	cDC CD8a+	SRP299927	SRS7953574	0.994	0.770	13.726	0.812	0.267	0.951	979.44	55859	7541.43	3441
SRX9765313	cDC CD8a+	cDC CD8a+	NA	cDC CD8a+	SRP299927	SRS7953575	0.993	0.746	10.164	0.811	0.165	0.956	995.24	51511	11506.79	1645
SRX9765314	cDC CD8a+	cDC CD8a+	NA	cDC CD8a+	SRP299927	SRS7953576	0.994	0.743	19.327	0.795	0.281	0.957	872.18	65066	8123.86	2978
SRX9768030	M2 oocyte	M2 oocyte	NA	young oocyte	SRP300044	SRS7956140	0.924	0.382	3.052	0.574	0.393	0.743	32367.08	9736	448287.54	2467
SRX9768031	M2 oocyte	M2 oocyte	NA	young oocyte	SRP300044	SRS7956141	0.935	0.356	3.112	0.564	0.457	0.759	34367.24	10166	423982.4	2681
SRX9768032	M2 oocyte	M2 oocyte	NA	aged oocyte	SRP300044	SRS7956142	0.934	0.373	3.060	0.571	0.421	0.755	35265.81	8978	416183.18	2641
SRX9768033	M2 oocyte	M2 oocyte	NA	aged oocyte	SRP300044	SRS7956143	0.929	0.375	3.064	0.583	0.394	0.751	30961.48	11257	384459.62	2729
SRX9768034	M2 oocyte	M2 oocyte	NA	aged oocyte	SRP300044	SRS7956144	0.929	0.370	3.170	0.585	0.381	0.759	30368.35	11903	377175.66	2812
SRX9768035	M2 oocyte	M2 oocyte	NA	rapa-treated aged oocyte	SRP300044	SRS7956145	0.928	0.360	2.843	0.569	0.377	0.728	31580.5	9955	435685.82	2307
SRX9768036	M2 oocyte	M2 oocyte	NA	rapa-treated aged oocyte	SRP300044	SRS7956146	0.924	0.381	2.974	0.570	0.416	0.746	29803.97	11946	381901.09	2680
SRX9768038	M2 oocyte	M2 oocyte	NA	oocyte from young mother	SRP300044	SRS7956148	0.930	0.385	3.243	0.608	0.408	0.763	32502.76	11095	409860.61	2539
SRX9768041	M2 oocyte	M2 oocyte	NA	oocyte from aged mother	SRP300044	SRS7956151	0.968	0.611	3.209	0.577	0.670	0.813	2253.53	24551	85388.62	236
SRX9768042	M2 oocyte	M2 oocyte	NA	oocyte from aged mother	SRP300044	SRS7956152	0.930	0.373	3.015	0.606	0.397	0.736	29618.0	11563	434009.22	2345
SRX9768044	M2 oocyte	M2 oocyte	NA	oocyte from rapa-treated mother	SRP300044	SRS7956154	0.923	0.383	2.834	0.612	0.391	0.722	27105.86	12786	433136.43	2271
SRX9768045	M2 oocyte	M2 oocyte	NA	oocyte from YF1	SRP300044	SRS7956165	0.929	0.379	2.517	0.550	0.324	0.709	29388.05	9962	464389.1	2105
SRX9768046	M2 oocyte	M2 oocyte	NA	oocyte from YF1	SRP300044	SRS7956155	0.929	0.379	2.793	0.612	0.338	0.744	32458.96	10358	421501.54	2536
SRX9768047	M2 oocyte	M2 oocyte	NA	oocyte from YF1	SRP300044	SRS7956156	0.924	0.401	2.494	0.577	0.309	0.712	34074.88	6946	482577.03	2140
SRX9768048	M2 oocyte	M2 oocyte	NA	oocyte from OF1	SRP300044	SRS7956157	0.922	0.392	2.652	0.585	0.325	0.729	35263.3	8169	472369.48	2301
SRX9768050	M2 oocyte	M2 oocyte	NA	oocyte from ORaF1	SRP300044	SRS7956159	0.929	0.423	2.878	0.610	0.383	0.758	41882.33	6196	439125.24	2319
SRX9768051	M2 oocyte	M2 oocyte	NA	oocyte from ORaF1	SRP300044	SRS7956160	0.959	0.521	2.746	0.543	0.352	0.760	6253.35	21513	2233265.9	86
SRX9768052	Sperm	sperm	NA	sperm from aged mother	SRP300044	SRS7956161	0.990	0.653	3.263	0.561	0.617	0.809	1535.16	53090	229255.89	520
SRX9768053	Sperm	sperm	NA	sperm from aged mother	SRP300044	SRS7956162	0.990	0.679	3.646	0.558	0.636	0.847	1521.74	54535	239126.74	536
SRX9768054	Sperm	sperm	NA	sperm from aged mother	SRP300044	SRS7956163	0.991	0.683	3.707	0.561	0.681	0.851	1494.15	53914	203777.39	622
SRX9768055	Sperm	sperm	NA	sperm from rapa-treated mother	SRP300044	SRS7956164	0.990	0.662	3.489	0.533	0.666	0.825	1505.79	52017	203807.52	682
SRX9768056	Sperm	sperm	NA	sperm from rapa-treated mother	SRP300044	SRS7956166	0.991	0.677	2.594	0.534	0.493	0.780	1561.58	50413	279688.04	515
SRX9768057	Sperm	sperm	NA	sperm from rapa-treated mother	SRP300044	SRS7956167	0.991	0.671	3.592	0.608	0.622	0.834	1501.23	51027	173675.02	530
SRX9768058	Sperm	sperm	NA	sperm from young mother	SRP300044	SRS7956168	0.989	0.704	3.860	0.503	0.713	0.871	1480.41	52332	214807.05	632
SRX9768059	Sperm	sperm	NA	sperm from young mother	SRP300044	SRS7956169	0.989	0.693	3.823	0.440	0.705	0.869	1485.09	53856	182089.82	545
SRX9768060	Sperm	sperm	NA	sperm from young mother	SRP300044	SRS7956171	0.989	0.694	4.125	0.455	0.697	0.879	1475.17	54095	193375.8	690
SRX9768061	Sperm	sperm	NA	sperm from OF1	SRP300044	SRS7956170	0.988	0.686	3.589	0.448	0.619	0.858	1523.03	47173	124040.52	623
SRX9768062	Sperm	sperm	NA	sperm from OF1	SRP300044	SRS7956172	0.988	0.691	3.586	0.611	0.550	0.851	1491.83	48014	133848.19	615
SRX9768063	Sperm	sperm	NA	sperm from OF1	SRP300044	SRS7956173	0.989	0.695	3.835	0.571	0.573	0.860	1495.49	51684	155891.68	685
SRX9768064	Sperm	sperm	NA	sperm from ORaF1	SRP300044	SRS7956175	0.988	0.697	3.978	0.437	0.705	0.873	1444.72	52553	137490.63	638
SRX9768065	Sperm	sperm	NA	sperm from ORaF1	SRP300044	SRS7956174	0.989	0.690	4.130	0.574	0.681	0.871	1482.06	53921	197162.45	762
SRX9768066	Sperm	sperm	NA	sperm from ORaF1	SRP300044	SRS7956176	0.990	0.708	3.760	0.502	0.720	0.866	1470.55	51125	126170.55	651
SRX9768067	Hippocampus	hippocampus	NA	hippocampus from young mother	SRP300044	SRS7956177	0.984	0.773	13.268	0.737	0.505	0.933	1417.14	47087	14771.43	3869
SRX9768068	Hippocampus	hippocampus	NA	hippocampus from young mother	SRP300044	SRS7956179	0.985	0.779	11.786	0.729	0.483	0.920	1490.67	43888	14575.84	3530
SRX9768069	Hippocampus	hippocampus	NA	hippocampus from young mother	SRP300044	SRS7956178	0.987	0.770	13.496	0.758	0.544	0.934	1451.54	49417	16112.0	3368
SRX9768071	Hippocampus	hippocampus	NA	hippocampus from aged mother	SRP300044	SRS7956181	0.986	0.778	9.520	0.709	0.401	0.903	1556.57	40139	24742.46	1974
SRX9768072	Hippocampus	hippocampus	NA	hippocampus from aged mother	SRP300044	SRS7956182	0.983	0.786	8.938	0.690	0.370	0.887	1609.69	37835	23936.44	2210
SRX9768073	Hippocampus	hippocampus	NA	hippocampus from aged mother	SRP300044	SRS7956183	0.984	0.791	7.357	0.669	0.303	0.806	1828.2	29427	33283.59	1415
SRX9768074	Hippocampus	hippocampus	NA	hippocampus from rapa-treated mother	SRP300044	SRS7956184	0.981	0.790	10.453	0.721	0.452	0.895	1552.15	39483	24925.31	2120
SRX9768075	Hippocampus	hippocampus	NA	hippocampus from rapa-treated mother	SRP300044	SRS7956185	0.976	0.783	7.067	0.687	0.264	0.855	1670.84	34818	37846.47	1531
SRX9768076	Hippocampus	hippocampus	NA	hippocampus from rapa-treated mother	SRP300044	SRS7956186	0.975	0.803	10.654	0.712	0.415	0.915	1425.31	33075	25397.31	2399
SRX9770554	Adipose Tissue	adipose progenitors	adipose tissue	CD137+ adipocyte progenitor subgroup with DEX treatment	SRP300086	SRS7958351	0.983	0.731	21.416	0.863	0.645	0.963	1020.85	58804	8770.7	1952
SRX9770555	Adipose Tissue	adipose progenitors	adipose tissue	PDGFRa+ adipocyte progenitor subgroup with DEX treatment	SRP300086	SRS7958352	0.982	0.719	22.054	0.868	0.637	0.964	975.91	67155	8112.0	1909
SRX9781810	E14	NA	NA	E14	SRP286409	SRS7969119	0.994	0.629	4.394	0.711	0.666	0.907	1965.39	37562	62030.55	1114
SRX9784404	Cerebral Cortex	NA	Cerebral cortex	Cerebral cortex	SRP300442	SRS7971636	0.988	0.748	6.222	0.845	0.691	0.956	1299.53	34740	15015.58	1333
SRX9784405	Cerebral Cortex	NA	Cerebral cortex	Cerebral cortex	SRP300442	SRS7971637	0.988	0.748	12.234	0.853	0.708	0.959	1185.45	41470	8349.32	3421
SRX9784406	Cerebral Cortex	NA	Cerebral cortex	Cerebral cortex	SRP300442	SRS7971638	0.997	0.685	15.337	0.843	0.683	0.969	1329.47	68671	11843.06	3746
SRX9784407	Cerebral Cortex	NA	Cerebral cortex	Cerebral cortex	SRP300442	SRS7971639	0.997	0.686	14.575	0.854	0.694	0.960	1337.82	67986	12044.8	3730
SRX9784408	Cerebral Cortex	NA	Cerebral cortex	Cerebral cortex	SRP300442	SRS7971640	0.988	0.741	18.012	0.846	0.664	0.970	1182.27	44842	8977.56	3702
SRX9784409	Cerebral Cortex	NA	Cerebral cortex	Cerebral cortex	SRP300442	SRS7971641	0.988	0.741	15.555	0.853	0.692	0.960	1197.5	43953	8589.3	3659
SRX9784410	Cerebral Cortex	NA	Cerebral cortex	Cerebral cortex	SRP300442	SRS7971642	0.994	0.726	19.410	0.845	0.698	0.971	1184.02	53187	9761.55	3137
SRX9784411	Cerebral Cortex	NA	Cerebral cortex	Cerebral cortex	SRP300442	SRS7971643	0.995	0.722	15.706	0.854	0.700	0.960	1206.35	50998	9057.11	3356
SRX9856631	Adipose	NA	adipose	adipose	SRP301916	SRS8037731	0.996	0.745	13.119	0.834	0.490	0.952	1131.51	39523	7668.5	2612
SRX9856632	Adipose	NA	adipose	adipose	SRP301916	SRS8037732	0.997	0.730	8.817	0.834	0.468	0.944	1256.34	37983	11618.3	1592
SRX9856633	Adipose	NA	adipose	adipose	SRP301916	SRS8037733	0.996	0.763	12.452	0.839	0.468	0.953	1120.69	37017	11133.24	1494
SRX9856634	Adipose	NA	adipose	adipose	SRP301916	SRS8037734	0.997	0.693	14.074	0.848	0.396	0.953	1128.28	44566	12464.08	1403
SRX9866651	Germ	Germ cell	NA	female germ cells	SRP302177	SRS8046344	0.977	0.031	9.446	0.486	0.553	0.895	254525.94	894	715033.91	782
SRX9866652	Germ	Germ cell	NA	female germ cells	SRP302177	SRS8046345	0.979	0.030	14.993	0.470	0.498	0.927	206064.43	1857	631798.96	991
SRX9866653	Germ	Germ cell	NA	female germ cells	SRP302177	SRS8046347	0.974	0.029	12.605	0.388	0.511	0.914	237797.87	1057	651447.19	918
SRX9866654	Germ	Germ cell	NA	female germ cells	SRP302177	SRS8046346	0.979	0.034	12.138	0.429	0.505	0.919	178697.39	2555	544952.62	1160
SRX9866655	Germ	Germ cell	NA	female germ cells	SRP302177	SRS8046348	0.980	0.030	10.328	0.441	0.649	0.915	211871.75	1761	621992.92	942
SRX9866656	Germ	Germ cell	NA	female germ cells	SRP302177	SRS8046349	0.981	0.036	12.750	0.461	0.399	0.921	246799.18	1136	714615.55	808
SRX9866657	Germ	Germ cell	NA	female germ cells	SRP302177	SRS8046350	0.981	0.030	8.541	0.490	0.601	0.900	298374.43	592	702626.33	884
SRX9868035	Gastric	NA	gastric tissue	stomach	SRP302195	SRS8047630	0.996	0.724	19.985	0.828	0.789	0.952	1089.68	49422	8044.67	2378
SRX9868036	Gastric	NA	gastric tissue	stomach	SRP302195	SRS8047631	0.996	0.730	20.333	0.823	0.781	0.959	1080.35	47348	9143.33	1939
SRX9868037	Gastric	NA	gastric tissue	stomach	SRP302195	SRS8047632	0.996	0.730	19.689	0.819	0.786	0.951	1107.4	49804	8141.99	2412
SRX9868038	Gastric	NA	gastric tissue	stomach	SRP302195	SRS8047633	0.996	0.718	20.597	0.818	0.788	0.959	1079.51	45900	8788.13	2023
SRX9868039	Gastric	NA	gastric tissue	stomach	SRP302195	SRS8047634	0.996	0.720	19.691	0.819	0.784	0.958	1112.62	50792	8682.2	2367
SRX9868040	Gastric	NA	gastric tissue	stomach	SRP302195	SRS8047635	0.996	0.716	20.503	0.820	0.788	0.958	1113.8	49422	8802.98	2236
SRX9895187	Total Embryo	NA	total embryo	E13.5 total embryo	SRP302337	SRS8074366	0.941	0.634	4.360	0.558	0.618	0.876	1620.02	25549	20775.18	524
SRX9895188	Total Embryo	NA	total embryo	E13.5 total embryo	SRP302337	SRS8074367	0.960	0.661	8.697	0.651	0.578	0.918	1340.43	28930	17925.58	818
SRX9895189	Total Embryo	NA	total embryo	E13.5 total embryo	SRP302337	SRS8074368	0.947	0.664	5.512	0.581	0.600	0.897	1510.05	27786	20275.13	591
SRX9895190	Total Embryo	NA	total embryo	E13.5 total embryo	SRP302337	SRS8074369	0.961	0.673	8.089	0.651	0.560	0.918	1372.06	29063	18449.0	800
SRX9895191	Total Embryo	NA	total embryo	E13.5 total embryo	SRP302337	SRS8074370	0.978	0.701	12.479	0.702	0.703	0.928	1199.63	40513	14475.83	1768
SRX9895192	Total Embryo	NA	total embryo	E13.5 total embryo	SRP302337	SRS8074371	0.968	0.718	7.552	0.691	0.653	0.916	1342.09	35119	19300.71	1106
SRX9895193	Total Embryo	NA	total embryo	E13.5 total embryo	SRP302337	SRS8074372	0.980	0.629	9.131	0.733	0.566	0.926	1352.85	28449	14934.45	1000
SRX9895194	Total Embryo	NA	total embryo	E13.5 total embryo	SRP302337	SRS8074373	0.973	0.694	8.220	0.683	0.628	0.922	1336.18	32721	20241.7	927
SRX9895195	Total Embryo	NA	total embryo	E13.5 total embryo	SRP302337	SRS8074374	0.980	0.679	11.213	0.694	0.703	0.923	1203.81	41033	15317.13	1469
SRX9895196	Total Embryo	NA	total embryo	E13.5 total embryo	SRP302337	SRS8074375	0.972	0.731	8.800	0.703	0.566	0.922	1308.79	35442	16210.9	1519
SRX9895197	Total Embryo	NA	total embryo	E13.5 total embryo	SRP302337	SRS8074376	0.976	0.699	10.465	0.626	0.728	0.926	1210.78	42475	16068.56	1681
SRX9895198	Total Embryo	NA	total embryo	E13.5 total embryo	SRP302337	SRS8074377	0.962	0.677	9.176	0.679	0.585	0.921	1331.42	30399	18588.52	840
SRX9982612	Brain (Frontal Cortex)	excitatory pyramidal neurons	brain (frontal cortex)	Excitatory pyramidal neurons from frontal cortex of control mice	SRP234989	SRS8157811	0.992	0.727	29.186	0.680	0.840	0.977	1035.9	96182	10329.52	3487
SRX9982613	Brain (Frontal Cortex)	excitatory pyramidal neurons	brain (frontal cortex)	Excitatory pyramidal neurons from frontal cortex of control mice	SRP234989	SRS8157813	0.993	0.727	24.251	0.695	0.836	0.976	1019.7	92080	9874.04	3544
SRX9982614	Brain (Frontal Cortex)	excitatory pyramidal neurons	brain (frontal cortex)	Excitatory pyramidal neurons from frontal cortex of control mice	SRP234989	SRS8157817	0.992	0.722	31.299	0.690	0.848	0.977	1035.81	96699	10473.96	3453
SRX9982615	Brain (Frontal Cortex)	excitatory pyramidal neurons	brain (frontal cortex)	Excitatory pyramidal neurons from frontal cortex of control mice	SRP234989	SRS8157815	0.993	0.726	29.906	0.684	0.836	0.977	1040.7	93949	10383.32	3419
SRX9982616	Brain (Frontal Cortex)	excitatory pyramidal neurons	brain (frontal cortex)	Excitatory pyramidal neurons from frontal cortex of control mice	SRP234989	SRS8157818	0.991	0.719	25.528	0.664	0.848	0.976	1042.5	94955	10351.73	3464
SRX9982617	Brain (Frontal Cortex)	excitatory pyramidal neurons	brain (frontal cortex)	Excitatory pyramidal neurons from frontal cortex of control mice	SRP234989	SRS8157819	0.992	0.719	28.705	0.670	0.849	0.977	1048.69	95003	10271.61	3566
SRX9982618	Brain (Frontal Cortex)	excitatory pyramidal neurons	brain (frontal cortex)	Excitatory pyramidal neurons from frontal cortex of Dnmt3a cKO mice	SRP234989	SRS8157821	0.992	0.726	27.229	0.685	0.832	0.976	1021.38	97200	9939.34	4005
SRX9982619	Brain (Frontal Cortex)	excitatory pyramidal neurons	brain (frontal cortex)	Excitatory pyramidal neurons from frontal cortex of Dnmt3a cKO mice	SRP234989	SRS8157820	0.992	0.722	32.304	0.694	0.841	0.977	1032.95	97551	10409.27	3376
